dam_id,dam_name,state_dam,dam_lat,dam_lon,site_no,station_nm,lat,lon,dist_km,begin,end,span_yr,n_daily
80,Detroit,Oregon,44.719354,-122.247917,14179000,"BREITENBUSH R ABV FRENCH CR NR DETROIT, OR.",44.75262179,-122.1289648,10.1,1950-12-21,2026-09-28,76,22062
100,Hills Creek,Oregon,43.708548,-122.421703,14148000,"MF WILLAMETTE RIVER BLW N FORK, NR OAKRIDGE, OR.",43.80123517,-122.5608879,15.2,1950-09-21,2026-09-28,76,18685
94,Lookout Point,Oregon,43.913909,-122.750316,14148000,"MF WILLAMETTE RIVER BLW N FORK, NR OAKRIDGE, OR.",43.80123517,-122.5608879,19.69,1950-09-21,2026-09-28,76,18685
92,Fall Creek,Oregon,43.944837,-122.7552,14148000,"MF WILLAMETTE RIVER BLW N FORK, NR OAKRIDGE, OR.",43.80123517,-122.5608879,22.31,1950-09-21,2026-09-28,76,18685
93,Dexter,Oregon,43.922071,-122.805208,14148000,"MF WILLAMETTE RIVER BLW N FORK, NR OAKRIDGE, OR.",43.80123517,-122.5608879,23.75,1950-09-21,2026-09-28,76,18685
92,Fall Creek,Oregon,43.944837,-122.7552,14151000,"FALL CREEK BLW WINBERRY CREEK, NEAR FALL CREEK, OR",43.94429299,-122.774794,1.57,1951-10-01,2026-09-28,75,25179
93,Dexter,Oregon,43.922071,-122.805208,14151000,"FALL CREEK BLW WINBERRY CREEK, NEAR FALL CREEK, OR",43.94429299,-122.774794,3.47,1951-10-01,2026-09-28,75,25179
94,Lookout Point,Oregon,43.913909,-122.750316,14151000,"FALL CREEK BLW WINBERRY CREEK, NEAR FALL CREEK, OR",43.94429299,-122.774794,3.91,1951-10-01,2026-09-28,75,25179
80,Detroit,Oregon,44.719354,-122.247917,14178000,"NO SANTIAM R BLW BOULDER CRK, NR DETROIT, OR",44.7067885,-122.1011859,11.68,1951-04-25,2026-09-28,75,22610
97,Dorena,Oregon,43.78714,-122.954278,14151000,"FALL CREEK BLW WINBERRY CREEK, NEAR FALL CREEK, OR",43.94429299,-122.774794,22.64,1951-10-01,2026-09-28,75,25179
80,Detroit,Oregon,44.719354,-122.247917,14181500,"NORTH SANTIAM RIVER AT NIAGARA, OR",44.75377778,-122.2974444,5.47,1953-01-12,2026-09-28,73,25080
93,Dexter,Oregon,43.922071,-122.805208,14152000,"MIDDLE FORK WILLAMETTE RIVER AT JASPER, OR",43.99818166,-122.9059126,11.69,1953-10-02,2026-09-28,73,20625
92,Fall Creek,Oregon,43.944837,-122.7552,14152000,"MIDDLE FORK WILLAMETTE RIVER AT JASPER, OR",43.99818166,-122.9059126,13.44,1953-10-02,2026-09-28,73,20625
94,Lookout Point,Oregon,43.913909,-122.750316,14152000,"MIDDLE FORK WILLAMETTE RIVER AT JASPER, OR",43.99818166,-122.9059126,15.59,1953-10-02,2026-09-28,73,20625
97,Dorena,Oregon,43.78714,-122.954278,14152000,"MIDDLE FORK WILLAMETTE RIVER AT JASPER, OR",43.99818166,-122.9059126,23.78,1953-10-02,2026-09-28,73,20625
89,Cougar,Oregon,44.126141,-122.240036,14159500,"SOUTH FORK MCKENZIE RIVER NEAR RAINBOW, OR",44.13595817,-122.248391,1.28,1955-07-15,2026-09-28,71,24435
93,Dexter,Oregon,43.922071,-122.805208,14150000,"MIDDLE FORK WILLAMETTE RIVER NEAR DEXTER, OR",43.9456815,-122.8372967,3.67,1955-08-24,2026-09-28,71,23689
92,Fall Creek,Oregon,43.944837,-122.7552,14150000,"MIDDLE FORK WILLAMETTE RIVER NEAR DEXTER, OR",43.9456815,-122.8372967,6.57,1955-08-24,2026-09-28,71,23689
88,Blue River Dam,Oregon,44.17358,-122.328125,14159500,"SOUTH FORK MCKENZIE RIVER NEAR RAINBOW, OR",44.13595817,-122.248391,7.61,1955-07-15,2026-09-28,71,24435
94,Lookout Point,Oregon,43.913909,-122.750316,14150000,"MIDDLE FORK WILLAMETTE RIVER NEAR DEXTER, OR",43.9456815,-122.8372967,7.81,1955-08-24,2026-09-28,71,23689
97,Dorena,Oregon,43.78714,-122.954278,14150000,"MIDDLE FORK WILLAMETTE RIVER NEAR DEXTER, OR",43.9456815,-122.8372967,19.97,1955-08-24,2026-09-28,71,23689
100,Hills Creek,Oregon,43.708548,-122.421703,14145500,"MF WILLAMETTE RIVER ABV SALT CRK, NEAR OAKRIDGE,OR",43.72095655,-122.4378256,1.89,1960-10-01,2026-09-28,66,19326
88,Blue River Dam,Oregon,44.17358,-122.328125,14162500,"MCKENZIE RIVER NEAR VIDA, OR",44.1248487,-122.47062,12.59,1961-06-09,2026-09-28,65,17951
89,Cougar,Oregon,44.126141,-122.240036,14162500,"MCKENZIE RIVER NEAR VIDA, OR",44.1248487,-122.47062,18.41,1961-06-09,2026-09-28,65,17951
90,Fern Ridge,Oregon,44.117518,-123.296875,14166000,"WILLAMETTE RIVER AT HARRISBURG, OR",44.27040126,-123.1737036,19.63,1961-06-20,2026-09-28,65,17982
148,Oroville,California,39.539616,-121.481218,11390000,BUTTE C NR CHICO CA,39.72599524,-121.7088643,28.45,1961-11-01,2026-09-28,65,16110
182,Folsom,California,38.710426,-121.156241,11446500,AMERICAN R A FAIR OAKS CA,38.6354394,-121.227692,10.39,1959-11-18,2022-12-19,63,14614
83,Green Peter,Oregon,44.451859,-122.547437,14185900,"QUARTZVILLE CREEK NEAR CASCADIA, OR",44.54012357,-122.4359155,13.21,1963-08-16,2026-09-28,63,13947
85,Foster,Oregon,44.418013,-122.668049,14185900,"QUARTZVILLE CREEK NEAR CASCADIA, OR",44.54012357,-122.4359155,22.88,1963-08-16,2026-09-28,63,13947
80,Detroit,Oregon,44.719354,-122.247917,14185900,"QUARTZVILLE CREEK NEAR CASCADIA, OR",44.54012357,-122.4359155,24.87,1963-08-16,2026-09-28,63,13947
338,Dworshak Dam,Idaho,46.516351,-116.297014,13341050,CLEARWATER RIVER NR PECK ID,46.50027778,-116.3925,7.52,1964-10-14,2026-09-28,62,21849
180,Warm Springs Dam,California,38.718758,-123.011209,11467000,RUSSIAN R A HACIENDA BRIDGE NR GUERNEVILLE CA,38.50848204,-122.9277345,24.48,1964-01-10,2026-09-28,62,14054
88,Blue River Dam,Oregon,44.17358,-122.328125,14162200,"BLUE RIVER AT BLUE RIVER, OR",44.16234819,-122.3331192,1.31,1966-08-24,2026-09-28,60,20274
89,Cougar,Oregon,44.126141,-122.240036,14162200,"BLUE RIVER AT BLUE RIVER, OR",44.16234819,-122.3331192,8.45,1966-08-24,2026-09-28,60,20274
89,Cougar,Oregon,44.126141,-122.240036,14159200,SO FK MCKENZIE RIVER ABV COUGAR LAKE NR RAINBOW OR,44.047067,-122.2178245,8.97,1967-10-01,2026-09-28,59,16036
88,Blue River Dam,Oregon,44.17358,-122.328125,14159200,SO FK MCKENZIE RIVER ABV COUGAR LAKE NR RAINBOW OR,44.047067,-122.2178245,16.6,1967-10-01,2026-09-28,59,16036
1585,Beltzville Dam,Pennsylvania,40.84943,-75.637744,01449360,"Pohopoco Creek at Kresgeville, PA",40.8975919,-75.5024077,12.58,1968-10-11,2026-09-27,58,15067
107,William L. Jess,Oregon,42.672829,-122.672183,14330000,"ROGUE RIVER BELOW PROSPECT, OR",42.72957187,-122.516147,14.23,1968-10-18,2026-09-28,58,19694
998,John Martin Dam,Colorado,38.064582,-102.939585,07130500,"ARKANSAS RIVER BELOW JOHN MARTIN RESERVOIR, CO.",38.066389,-102.931944,0.7,1969-10-01,2026-09-27,57,14361
204,Tulloch,California,37.877114,-120.602083,11302000,STANISLAUS R BL GOODWIN DAM NR KNIGHTS FERRY CA,37.85159385,-120.6379816,4.24,1966-02-01,2023-06-07,57,19134
198,New Melones,California,37.948664,-120.522863,11302000,STANISLAUS R BL GOODWIN DAM NR KNIGHTS FERRY CA,37.85159385,-120.6379816,14.78,1966-02-01,2023-06-07,57,19134
210,Don Pedro,California,37.70282,-120.419017,11302000,STANISLAUS R BL GOODWIN DAM NR KNIGHTS FERRY CA,37.85159385,-120.6379816,25.38,1966-02-01,2023-06-07,57,19134
203,Farmington Dam,California,37.914458,-120.934253,11302000,STANISLAUS R BL GOODWIN DAM NR KNIGHTS FERRY CA,37.85159385,-120.6379816,26.92,1966-02-01,2023-06-07,57,19134
107,William L. Jess,Oregon,42.672829,-122.672183,14337600,"ROGUE RIVER NEAR MCLEOD, OR",42.6554035,-122.7150408,4.0,1970-08-12,2026-09-28,56,19926
85,Foster,Oregon,44.418013,-122.668049,14187200,"SOUTH SANTIAM RIVER NEAR FOSTER, OR",44.4123468,-122.6886956,1.76,1973-07-19,2026-09-28,53,16891
210,Don Pedro,California,37.70282,-120.419017,11289650,TUOLUMNE R BL LAGRANGE DAM NR LAGRANGE CA,37.66629746,-120.4421023,4.54,1970-11-10,2023-02-10,53,17135
107,William L. Jess,Oregon,42.672829,-122.672183,14338000,"ELK CREEK NEAR TRAIL, OR",42.6787364,-122.7419867,5.74,1973-06-01,2026-09-28,53,18787
83,Green Peter,Oregon,44.451859,-122.547437,14187200,"SOUTH SANTIAM RIVER NEAR FOSTER, OR",44.4123468,-122.6886956,12.05,1973-07-19,2026-09-28,53,16891
214,Exchequer Main,California,37.586276,-120.271021,11289650,TUOLUMNE R BL LAGRANGE DAM NR LAGRANGE CA,37.66629746,-120.4421023,17.5,1970-11-10,2023-02-10,53,17135
116,Applegate Dam,Oregon,42.054661,-123.113916,14366000,"APPLEGATE RIVER NEAR APPLEGATE, OR",42.2415113,-123.1400485,20.89,1973-08-14,2026-09-28,53,18651
107,William L. Jess,Oregon,42.672829,-122.672183,14339000,"ROGUE RIVER AT DODGE BRIDGE, NEAR EAGLE POINT, OR",42.5248471,-122.8428203,21.58,1973-08-13,2026-09-28,53,18529
204,Tulloch,California,37.877114,-120.602083,11289650,TUOLUMNE R BL LAGRANGE DAM NR LAGRANGE CA,37.66629746,-120.4421023,27.34,1970-11-10,2023-02-10,53,17135
204,Tulloch,California,37.877114,-120.602083,11299997,STANISLAUS R BL TULLOCH PP NR KNIGHTS FERRY CA,37.87603788,-120.6052025,0.3,1972-06-27,2023-06-07,51,17625
557,O'Shaughnessy,California,37.949378,-119.787927,11276500,TUOLUMNE R NR HETCH HETCHY CA,37.93740877,-119.7982,1.61,1971-10-01,2022-10-25,51,12421
555,Lake Eleanor,California,37.974799,-119.880383,11276500,TUOLUMNE R NR HETCH HETCHY CA,37.93740877,-119.7982,8.32,1971-10-01,2022-10-25,51,12421
554,Cherry Valley,California,37.977502,-119.910579,11276500,TUOLUMNE R NR HETCH HETCHY CA,37.93740877,-119.7982,10.81,1971-10-01,2022-10-25,51,12421
198,New Melones,California,37.948664,-120.522863,11299997,STANISLAUS R BL TULLOCH PP NR KNIGHTS FERRY CA,37.87603788,-120.6052025,10.83,1972-06-27,2023-06-07,51,17625
554,Cherry Valley,California,37.977502,-119.910579,11276600,TUOLUMNE R AB EARLY INTAKE NR MATHER CA,37.87935307,-119.947092,11.37,1971-10-01,2022-11-28,51,12895
555,Lake Eleanor,California,37.974799,-119.880383,11276600,TUOLUMNE R AB EARLY INTAKE NR MATHER CA,37.87935307,-119.947092,12.12,1971-10-01,2022-11-28,51,12895
557,O'Shaughnessy,California,37.949378,-119.787927,11276600,TUOLUMNE R AB EARLY INTAKE NR MATHER CA,37.87935307,-119.947092,15.99,1971-10-01,2022-11-28,51,12895
1890,Pinopolis West Dam,South Carolina,33.240867,-79.999023,02172020,"W BRANCH COOPER R AT PIMLICO NR MONCKS CORNER, SC",33.0935042,-79.9489708,17.04,1975-10-01,2026-09-27,51,14314
210,Don Pedro,California,37.70282,-120.419017,11299997,STANISLAUS R BL TULLOCH PP NR KNIGHTS FERRY CA,37.87603788,-120.6052025,25.27,1972-06-27,2023-06-07,51,17625
203,Farmington Dam,California,37.914458,-120.934253,11299997,STANISLAUS R BL TULLOCH PP NR KNIGHTS FERRY CA,37.87603788,-120.6052025,29.19,1972-06-27,2023-06-07,51,17625
116,Applegate Dam,Oregon,42.054661,-123.113916,14362000,"APPLEGATE RIVER NEAR COPPER, OR",42.0637361,-123.1114358,1.03,1977-01-06,2026-09-28,49,17669
1188,Mountain Creek Dam,Texas,32.730483,-96.94375,08049500,"W Fk Trinity Rv at Grand Prairie, TX",32.7625,-96.9944444,5.93,1976-10-01,2025-03-11,49,15743
1261,Houston County Lake Dam,Texas,31.410356,-95.601768,08065350,"Trinity Rv nr Crockett, TX",31.33851319,-95.6563407,9.52,1975-03-11,2024-10-03,49,16537
1197,Joe Pool Lake,Texas,32.642259,-96.988542,08049500,"W Fk Trinity Rv at Grand Prairie, TX",32.7625,-96.9944444,13.38,1976-10-01,2025-03-11,49,15743
1190,Lake Arlington Dam,Texas,32.717495,-97.194987,08049500,"W Fk Trinity Rv at Grand Prairie, TX",32.7625,-96.9944444,19.41,1976-10-01,2025-03-11,49,15743
1171,Grapevine Dam,Texas,32.972572,-97.057957,08049500,"W Fk Trinity Rv at Grand Prairie, TX",32.7625,-96.9944444,24.1,1976-10-01,2025-03-11,49,15743
1220,Bardwell Lake,Texas,32.252524,-96.647908,08062500,"Trinity Rv nr Rosser, TX",32.42652988,-96.4630415,26.0,1976-10-01,2025-03-11,49,15640
299,Hungry Horse,Montana,48.339662,-114.010417,12363000,Flathead River at Columbia Falls MT,48.3618111,-114.18495,13.13,1979-03-27,2026-09-27,47,17001
1585,Beltzville Dam,Pennsylvania,40.84943,-75.637744,01447720,"Tobyhanna Creek near Blakeslee, PA",41.08472426,-75.6054522,26.3,1980-06-27,2026-09-27,46,11372
1179,Hubbard Creek Dam,Texas,32.825436,-98.962026,08086212,"Hubbard Ck bl Albany, TX",32.73289717,-99.1406299,19.61,1982-03-30,2026-07-17,44,10178
1890,Pinopolis West Dam,South Carolina,33.240867,-79.999023,02172050,"COOPER R NR GOOSE CREEK, SC",33.05766667,-79.9357778,21.2,1983-12-08,2026-09-27,43,15244
1217,Champion Creek Dam,Texas,32.286584,-100.854604,08123850,"Colorado Rv abv Silver, TX",32.05374399,-100.762052,27.32,1980-10-01,2023-09-29,43,12640
1243,Robert Lee Dam,Texas,31.90205,-100.519321,08123850,"Colorado Rv abv Silver, TX",32.05374399,-100.762052,28.44,1980-10-01,2023-09-29,43,12640
1890,Pinopolis West Dam,South Carolina,33.240867,-79.999023,02172053,"COOPER R AT MOBAY NR N CHARLESTON, SC",32.9835058,-79.9228612,29.48,1983-06-08,2026-09-27,43,15202
597,Glen Canyon,Arizona,36.939635,-111.485228,09380000,"COLORADO RIVER AT LEES FERRY, AZ",36.86433333,-111.58787222,12.39,1986-10-17,2026-09-27,40,12073
1890,Pinopolis West Dam,South Carolina,33.240867,-79.999023,02172040,"BACK RIVER AT DUPONT INTAKE NR KITTREDGE, SC",33.0569722,-79.9584722,20.79,1986-10-01,2026-09-27,40,13957
42,Diablo,Washington,48.714583,-121.13032,12181000,"SKAGIT RIVER AT MARBLEMOUNT, WA",48.5337306,-121.4298499,29.82,1986-03-19,2026-09-27,40,13259
1741,Green River Lake Dam,Kentucky,37.247917,-85.339277,03306000,"GREEN RIVER NEAR CAMPBELLSVILLE, KY",37.2403413,-85.3471848,1.1,1987-05-05,2026-09-27,39,8905
998,John Martin Dam,Colorado,38.064582,-102.939585,07124000,"ARKANSAS RIVER AT LAS ANIMAS, CO.",38.080833,-103.219167,24.54,1987-10-01,2026-09-28,39,13794
929,Johnson Lake Dam,Nebraska,40.677414,-99.843679,06767998,PLATTE R NR OVERTON N CHAN,40.68250868,-99.5403836,25.58,1958-11-06,1997-01-30,39,12719
929,Johnson Lake Dam,Nebraska,40.677414,-99.843679,06767999,PLATTE R NR OVERTON S CHAN,40.68000868,-99.5401058,25.6,1958-11-06,1997-01-30,39,12286
931,Elwood Dam,Nebraska,40.634268,-99.853071,06767999,PLATTE R NR OVERTON S CHAN,40.68000868,-99.5401058,26.89,1958-11-06,1997-01-30,39,12286
931,Elwood Dam,Nebraska,40.634268,-99.853071,06767998,PLATTE R NR OVERTON N CHAN,40.68250868,-99.5403836,26.92,1958-11-06,1997-01-30,39,12719
1585,Beltzville Dam,Pennsylvania,40.84943,-75.637744,01447800,Lehigh R bl Francis E Walter Res nr White Haven PA,41.10472447,-75.73212288,29.47,1987-10-01,2026-09-27,39,9071
203,Farmington Dam,California,37.914458,-120.934253,11302500,STANISLAUS R A OAKDALE CA,37.77715006,-120.852988,16.85,1985-08-28,2023-06-07,38,13010
204,Tulloch,California,37.877114,-120.602083,11302500,STANISLAUS R A OAKDALE CA,37.77715006,-120.852988,24.68,1985-08-28,2023-06-07,38,13010
203,Farmington Dam,California,37.914458,-120.934253,11303000,STANISLAUS R A RIPON CA,37.72962389,-121.110454,25.73,1985-07-01,2023-04-05,38,11477
163,Martis Creek Dam,California,39.325992,-120.113874,10339400,MARTIS C NR TRUCKEE CA,39.32879577,-120.1176964,0.45,1973-06-29,2010-09-30,37,12799
160,Prosser Creek,California,39.3785,-120.141076,10339400,MARTIS C NR TRUCKEE CA,39.32879577,-120.1176964,5.88,1973-06-29,2010-09-30,37,12799
157,Boca,California,39.391436,-120.095694,10339400,MARTIS C NR TRUCKEE CA,39.32879577,-120.1176964,7.22,1973-06-29,2010-09-30,37,12799
165,Donner Lake,California,39.323946,-120.241002,10339400,MARTIS C NR TRUCKEE CA,39.32879577,-120.1176964,10.62,1973-06-29,2010-09-30,37,12799
987,Pueblo,Colorado,38.272917,-104.727382,07106500,"FOUNTAIN CREEK AT PUEBLO, CO.",38.2877801,-104.6010849,11.15,1989-10-01,2026-09-27,37,12949
151,Stampede,California,39.473759,-120.106838,10339400,MARTIS C NR TRUCKEE CA,39.32879577,-120.1176964,16.15,1973-06-29,2010-09-30,37,12799
180,Warm Springs Dam,California,38.718758,-123.011209,11464000,RUSSIAN R NR HEALDSBURG CA,38.6132032,-122.8363448,19.19,1965-10-07,2002-09-30,37,12385
153,Independence,California,39.450598,-120.290738,10339400,MARTIS C NR TRUCKEE CA,39.32879577,-120.1176964,20.11,1973-06-29,2010-09-30,37,12799
54,Wynoochee,Washington,47.386357,-123.604561,12056500,"NF SKOKOMISH R BL STAIRCASE RPDS NR HOODSPORT, WA",47.51425666,-123.3298868,25.08,1989-09-30,2026-09-27,37,9868
524,Marlette Lake Dam,Nevada,39.173654,-119.90502,10339400,MARTIS C NR TRUCKEE CA,39.32879577,-120.1176964,25.16,1973-06-29,2010-09-30,37,12799
995,Lake Meredith,Colorado,38.161553,-103.734758,07119700,"ARKANSAS RIVER AT CATLIN DAM, NEAR FOWLER, CO.",38.12583934,-103.9119006,15.99,1990-05-10,2026-09-27,36,12959
182,Folsom,California,38.710426,-121.156241,11445500,SF AMERICAN R NR LOTUS CA,38.81851188,-120.946885,21.77,1959-12-23,1995-07-23,36,11971
514,Lahontan,Nevada,39.460352,-119.06875,10351650,"TRUCKEE RV AT WADSWORTH, NV",39.63213447,-119.2832254,26.52,1965-07-09,2001-09-29,36,7913
987,Pueblo,Colorado,38.272917,-104.727382,07109500,"ARKANSAS RIVER NEAR AVONDALE, CO.",38.248056,-104.398611,28.84,1990-10-01,2026-09-27,36,12727
1067,Greers Ferry,Arkansas,35.520559,-91.992829,07076000,Little Red River near Heber Springs,35.5172222,-91.9972222,0.54,1991-05-03,2026-09-27,35,8716
1042,Norfork,Arkansas,36.252069,-92.238377,07060500,"White River at Calico Rock, AR",36.11666667,-92.1430556,17.32,1991-05-15,2026-09-27,35,11414
1036,Bull Shoals,Arkansas,36.365385,-92.572917,07054527,White River below Bull Shoals Dam near Fairview,36.3436111,-92.5741667,2.42,1992-06-03,2026-09-27,34,7553
1654,Cagles Mill Lake Dam,Indiana,39.486722,-86.914583,03359000,"MILL CREEK NEAR MANHATTAN, IN",39.487539,-86.9247153,0.87,1993-05-13,2026-09-27,33,8041
338,Dworshak Dam,Idaho,46.516351,-116.297014,13340000,CLEARWATER RIVER AT OROFINO ID,46.4783333,-116.2575,5.2,1993-10-01,2026-09-28,33,11453
519,Sugar Loaf,Colorado,39.253663,-106.371408,07086000,"ARKANSAS RIVER AT GRANITE, CO.",39.04277116,-106.2658553,25.15,1993-10-06,2026-09-27,33,11266
1645,Cecil M. Harden Lake Dam,Indiana,39.720158,-87.067708,03359000,"MILL CREEK NEAR MANHATTAN, IN",39.487539,-86.9247153,28.62,1993-05-13,2026-09-27,33,8041
620,Bradbury,California,34.585417,-119.979533,11126000,SANTA YNEZ R NR SANTA YNEZ CA,34.58914745,-119.9887195,0.94,1994-07-26,2026-09-28,32,9521
1863,Buford,Georgia,34.16084,-84.072357,02334885,"SUWANEE CREEK AT SUWANEE, GA",34.0325,-84.08888889,14.35,1994-10-06,2026-09-27,32,10119
987,Pueblo,Colorado,38.272917,-104.727382,07097000,"ARKANSAS RIVER AT PORTLAND, CO.",38.38833418,-105.0160961,28.27,1994-10-01,2026-09-27,32,11363
508,Marston Lake North Dam,Colorado,39.624824,-105.057908,06711565,"SOUTH PLATTE RIVER AT ENGLEWOOD, CO.",39.66497989,-105.00418085,6.41,1995-10-01,2026-09-27,31,10818
957,Cherry Creek Dam,Colorado,39.646658,-104.8599,06711565,"SOUTH PLATTE RIVER AT ENGLEWOOD, CO.",39.66497989,-105.00418085,12.52,1995-10-01,2026-09-27,31,10818
527,Weber Dam,Nevada,39.044175,-118.861185,10302002,"WALKER RV AT LATERAL 2-A SIPHON NR SCHURZ, NV",38.94019785,-118.8037557,12.58,1995-05-27,2026-09-28,31,7582
511,Chatfield Dam,Colorado,39.55497,-105.05625,06711565,"SOUTH PLATTE RIVER AT ENGLEWOOD, CO.",39.66497989,-105.00418085,13.02,1995-10-01,2026-09-27,31,10818
1214,Lake Colorado City Dam,Texas,32.320017,-100.919792,08123800,"Beals Ck nr Westbrook, TX",32.1992913,-101.0140029,16.08,1980-10-01,2011-10-14,31,8247
1217,Champion Creek Dam,Texas,32.286584,-100.854604,08123800,"Beals Ck nr Westbrook, TX",32.1992913,-101.0140029,17.86,1980-10-01,2011-10-14,31,8247
497,Williams Fork,Colorado,40.03395,-106.205943,09041400,"MUDDY CRK BLW WOLFORD MTN RESER. NR KREMMLING, CO",40.108611,-106.413333,19.5,1995-10-03,2026-09-27,31,10661
364,Hebgen Dam,Montana,44.863227,-111.334057,06038800,Madison River at Kirby Ranch nr Cameron MT,44.88865556,-111.580886,19.65,1995-04-12,2026-09-27,31,9212
502,Green Mountain,Colorado,39.876756,-106.329309,09041400,"MUDDY CRK BLW WOLFORD MTN RESER. NR KREMMLING, CO",40.108611,-106.413333,26.76,1995-10-03,2026-09-27,31,10661
505,Ralston,Colorado,39.832745,-105.241537,06711565,"SOUTH PLATTE RIVER AT ENGLEWOOD, CO.",39.66497989,-105.00418085,27.56,1995-10-01,2026-09-27,31,10818
1775,J. Percy Priest Dam,Tennessee,36.155261,-86.617997,03431091,"CUMBERLAND R AT OMOHUNDRO WTR PLT AT NASHVILLE, TN",36.1653343,-86.7213866,9.35,1996-10-25,2026-09-27,30,10358
987,Pueblo,Colorado,38.272917,-104.727382,07099969,"ARKANSAS R. AT ST CHARLES MESA DIVER. AT PUEBLO,CO",38.25361396,-104.6060854,10.81,1996-10-01,2026-09-27,30,10724
1768,Old Hickory Dam,Tennessee,36.29189,-86.658869,03431091,"CUMBERLAND R AT OMOHUNDRO WTR PLT AT NASHVILLE, TN",36.1653343,-86.7213866,15.15,1996-10-25,2026-09-27,30,10358
1768,Old Hickory Dam,Tennessee,36.29189,-86.658869,03431514,"CUMBERLAND RIVER NEAR BORDEAUX, TN",36.1889717,-86.8283959,19.03,1996-11-01,2026-09-27,30,10684
1775,J. Percy Priest Dam,Tennessee,36.155261,-86.617997,03431514,"CUMBERLAND RIVER NEAR BORDEAUX, TN",36.1889717,-86.8283959,19.25,1996-11-01,2026-09-27,30,10684
299,Hungry Horse,Montana,48.339662,-114.010417,12355500,N F Flathead River nr Columbia Falls MT,48.4957972,-114.1267639,19.37,1996-01-12,2026-09-27,30,7814
774,Baldhill,North Dakota,47.036297,-98.079898,05058000,"SHEYENNE RIVER BELOW BALDHILL DAM, ND",47.033889,-98.083333,0.37,1997-04-16,2026-09-27,29,10212
2183,Cambridge Reservoir Dam,Massachusetts,42.335453,-71.156404,01104460,"STONY BROOK AT RT 20 AT WALTHAM, MA",42.368985,-71.2706123,10.1,1997-10-31,2026-09-27,29,8953
2180,Wachusett Reservoir Dam,Massachusetts,42.402072,-71.689716,01095375,"QUINAPOXET RIVER AT CANADA MILLS NEAR HOLDEN, MA",42.37286967,-71.8281279,11.82,1997-04-06,2026-09-27,29,10450
2183,Cambridge Reservoir Dam,Massachusetts,42.335453,-71.156404,01104430,"HOBBS BK BELOW CAMBRIDGE RES NR KENDALL GREEN, MA",42.3981512,-71.2733903,11.87,1997-09-30,2026-09-27,29,9994
2183,Cambridge Reservoir Dam,Massachusetts,42.335453,-71.156404,01104415,"CAMBRIDGE RES., UNNAMED TRIB 2, NR LEXINGTON, MA",42.43592855,-71.2600567,14.05,1997-10-04,2026-09-27,29,8058
620,Bradbury,California,34.585417,-119.979533,11128500,SANTA YNEZ R A SOLVANG CA,34.58497968,-120.1445568,15.11,1997-08-13,2026-09-28,29,7035
56,Howard A. Hanson Dam,Washington,47.277406,-121.783969,12115000,"CEDAR RIVER NEAR CEDAR FALLS, WA",47.3701073,-121.6251009,15.8,1997-09-30,2026-09-27,29,9959
1144,Millwood Dam,Arkansas,33.694799,-93.965625,07337000,"Red River at Index, AR",33.55194444,-94.0411111,17.35,1997-10-01,2026-09-27,29,8920
55,Keechelus,Washington,47.323654,-121.340171,12115000,"CEDAR RIVER NEAR CEDAR FALLS, WA",47.3701073,-121.6251009,22.08,1997-09-30,2026-09-27,29,9959
1300,Lake Houston Dam,Texas,29.920584,-95.132778,08070200,"E Fk San Jacinto Rv nr New Caney, TX",30.14523056,-95.1246139,24.99,1995-10-01,2024-11-21,29,8407
1153,Wright Patman Dam and Lake,Texas,33.306363,-94.161536,07337000,"Red River at Index, AR",33.55194444,-94.0411111,29.51,1997-10-01,2026-09-27,29,8920
2180,Wachusett Reservoir Dam,Massachusetts,42.402072,-71.689716,01095220,"STILLWATER RIVER NEAR STERLING, MA",42.41080875,-71.7911516,8.38,1998-04-15,2026-09-27,28,10338
80,Detroit,Oregon,44.719354,-122.247917,14180300,"BLOWOUT CREEK NEAR DETROIT, OR",44.65289999,-122.130908,11.84,1998-10-09,2026-09-27,28,10197
392,Little Wood River,Idaho,43.426524,-114.028321,13150430,SILVER CREEK AT SPORTSMAN ACCESS NR PICABO ID,43.3233611,-114.10835,13.17,1998-04-09,2026-09-28,28,7170
469,Red Fleet,Utah,40.577988,-109.420236,09261000,"GREEN RIVER NEAR JENSEN, UT",40.40871944,-109.23523611,24.47,1998-09-25,2026-09-27,28,9844
473,Steinaker,Utah,40.510417,-109.53125,09261000,"GREEN RIVER NEAR JENSEN, UT",40.40871944,-109.23523611,27.48,1998-09-25,2026-09-27,28,9844
299,Hungry Horse,Montana,48.339662,-114.010417,12362500,S F Flathead River nr Columbia Falls MT,48.35657778,-114.0378583,2.77,1999-02-10,2026-09-27,27,9776
1801,Fontana,North Carolina,35.453399,-83.807292,0351706800,"CHEOAH RIVER NR BEARPEN GAP NR TAPOCO, NC",35.4383333,-83.91888889,10.25,1999-09-30,2026-09-27,27,9842
1741,Green River Lake Dam,Kentucky,37.247917,-85.339277,03307000,"RUSSELL CREEK NEAR COLUMBIA, KY",37.12547797,-85.4040748,14.78,1999-12-22,2026-09-27,27,6300
56,Howard A. Hanson Dam,Washington,47.277406,-121.783969,12116500,"CEDAR RIVER AT CEDAR FALLS, WA",47.4170215,-121.7920335,15.54,1999-03-18,2026-09-27,27,9827
654,Vail,California,33.496395,-116.975529,11044000,SANTA MARGARITA R NR TEMECULA CA,33.4739175,-117.1422536,15.66,1999-12-15,2026-09-28,27,9092
1691,Burnsville Lake Dam,West Virginia,38.840775,-80.617632,03058000,"WEST FORK R BL STONEWALL JACKSON DAM NR WESTON, WV",39.00452778,-80.4733611,22.08,1999-05-28,2026-09-28,27,7108
648,Diamond Valley Lake,California,33.668795,-117.063342,11044000,SANTA MARGARITA R NR TEMECULA CA,33.4739175,-117.1422536,22.87,1999-12-15,2026-09-28,27,9092
1026,Table Rock Dam,Missouri,36.597936,-93.311648,07053450,"White River bl Table Rock Dam near Branson, MO",36.5950631,-93.3090721,0.39,2000-09-30,2026-09-27,26,5812
1112,Blakely Mountain Dam,Arkansas,34.574105,-93.195081,343057093031301,Arsenic Spring (17) @ HOSP N.P.,34.51594178,-93.0537904,14.47,2000-08-16,2026-09-27,26,7229
1112,Blakely Mountain Dam,Arkansas,34.574105,-93.195081,343052093031301,Hale Spr. in Hale Bath House @ HOSP N.P.,34.51453387,-93.0537906,14.54,2000-08-15,2026-09-27,26,6753
1112,Blakely Mountain Dam,Arkansas,34.574105,-93.195081,343049093031301,Fordyce Spr. 46 in Fordyce Bath House @ HOSP N.P.,34.5137005,-93.0537906,14.58,2000-08-11,2026-09-27,26,7452
1129,North Fork Buffalo Creek Dam,Texas,33.987242,-98.758542,07312500,"Wichita Rv at Wichita Falls, TX",33.90955506,-98.53367399,22.47,1998-09-30,2024-11-09,26,8180
1139,Lake Arrowhead Dam,Texas,33.762939,-98.360383,07312500,"Wichita Rv at Wichita Falls, TX",33.90955506,-98.53367399,22.85,1998-09-30,2024-11-09,26,8180
90,Fern Ridge,Oregon,44.117518,-123.296875,14169000,"LONG TOM RIVER NEAR ALVADORE, OR",44.1226111,-123.3003056,0.63,2001-08-08,2026-09-28,25,8687
99,Cottage Grove,Oregon,43.714163,-123.05623,14153500,"COAST FORK WILLAMETTE R BLW COTTAGE GROVE DAM, OR",43.72067785,-123.0497994,0.89,2001-08-03,2026-09-28,25,9093
182,Folsom,California,38.710426,-121.156241,11446220,AMERICAN R BL FOLSOM DAM NR FOLSOM CA,38.70452778,-121.164361,0.96,1998-10-24,2023-05-09,25,8765
97,Dorena,Oregon,43.78714,-122.954278,14155500,"ROW RIVER NEAR COTTAGE GROVE, OR",43.7929012,-122.9914655,3.05,2001-08-01,2026-09-28,25,9174
1863,Buford,Georgia,34.16084,-84.072357,02334480,"RICHLAND CREEK AT SUWANEE DAM ROAD, NEAR BUFORD,GA",34.1325,-84.07,3.16,2001-05-17,2026-09-27,25,9198
1863,Buford,Georgia,34.16084,-84.072357,02334578,"LEVEL CREEK AT SUWANEE DAM ROAD, NEAR SUWANEE, GA",34.09638889,-84.0780556,7.19,2001-05-10,2026-09-27,25,9202
72,Scoggins Reservoir,Oregon,45.47449,-123.199777,453040123065201,"GALES CREEK AT OLD HWY 47, FOREST GROVE, OR",45.510878,-123.115666,7.7,2001-05-09,2026-09-28,25,8089
456,Wanship,Utah,40.787922,-111.40263,10129900,"SILVER CREEK NEAR SILVER CREEK JUNCTION, UT",40.73522634,-111.4760313,8.52,2001-10-16,2026-09-27,25,9079
42,Diablo,Washington,48.714583,-121.13032,12178000,"SKAGIT RIVER AT NEWHALEM, WA",48.67179229,-121.2462348,9.75,2001-09-30,2026-09-27,25,8962
99,Cottage Grove,Oregon,43.714163,-123.05623,14155500,"ROW RIVER NEAR COTTAGE GROVE, OR",43.7929012,-122.9914655,10.18,2001-08-01,2026-09-28,25,9174
97,Dorena,Oregon,43.78714,-122.954278,14153500,"COAST FORK WILLAMETTE R BLW COTTAGE GROVE DAM, OR",43.72067785,-123.0497994,10.65,2001-08-03,2026-09-28,25,9093
107,William L. Jess,Oregon,42.672829,-122.672183,14337800,"ELK CREEK NEAR CASCADE GORGE,OREG.",42.7734586,-122.6719864,11.19,1973-07-19,1998-09-30,25,7917
456,Wanship,Utah,40.787922,-111.40263,10133800,"EAST CANYON CREEK NEAR JEREMY RANCH, UT",40.75966979,-111.5640912,13.95,2001-10-17,2026-09-27,25,9080
41,Ross,Washington,48.732466,-121.067305,12178000,"SKAGIT RIVER AT NEWHALEM, WA",48.67179229,-121.2462348,14.76,2001-09-30,2026-09-27,25,8962
467,Bor Jordanelle,Utah,40.599261,-111.422917,10129900,"SILVER CREEK NEAR SILVER CREEK JUNCTION, UT",40.73522634,-111.4760313,15.77,2001-10-16,2026-09-27,25,9079
450,East Canyon,Utah,40.919468,-111.597917,10133800,"EAST CANYON CREEK NEAR JEREMY RANCH, UT",40.75966979,-111.5640912,18.0,2001-10-17,2026-09-27,25,9080
56,Howard A. Hanson Dam,Washington,47.277406,-121.783969,12117600,"CEDAR RIVER BELOW DIVERSION NEAR LANDSBURG, WA",47.3795458,-121.983448,18.84,2001-05-05,2026-09-27,25,9229
93,Dexter,Oregon,43.922071,-122.805208,14155500,"ROW RIVER NEAR COTTAGE GROVE, OR",43.7929012,-122.9914655,20.72,2001-08-01,2026-09-28,25,9174
467,Bor Jordanelle,Utah,40.599261,-111.422917,10133800,"EAST CANYON CREEK NEAR JEREMY RANCH, UT",40.75966979,-111.5640912,21.44,2001-10-17,2026-09-27,25,9080
1863,Buford,Georgia,34.16084,-84.072357,02217274,"WHEELER CREEK AT BILL CHEEK ROAD, NEAR AUBURN, GA",34.0822222,-83.8544444,21.88,2001-06-30,2026-09-27,25,9154
450,East Canyon,Utah,40.919468,-111.597917,10129900,"SILVER CREEK NEAR SILVER CREEK JUNCTION, UT",40.73522634,-111.4760313,22.91,2001-10-16,2026-09-27,25,9079
1863,Buford,Georgia,34.16084,-84.072357,02218565,"APALACHEE RIVER AT FENCE ROAD, NEAR DACULA, GA",34.01027778,-83.8941667,23.44,2001-07-13,2026-09-27,25,9079
94,Lookout Point,Oregon,43.913909,-122.750316,14155500,"ROW RIVER NEAR COTTAGE GROVE, OR",43.7929012,-122.9914655,23.56,2001-08-01,2026-09-28,25,9174
59,Lake Tapps Dike 2-B,Washington,47.191381,-122.163202,12117600,"CEDAR RIVER BELOW DIVERSION NEAR LANDSBURG, WA",47.3795458,-121.983448,24.93,2001-05-05,2026-09-27,25,9229
449,Echo,Utah,40.963948,-111.430527,10133800,"EAST CANYON CREEK NEAR JEREMY RANCH, UT",40.75966979,-111.5640912,25.34,2001-10-17,2026-09-27,25,9080
92,Fall Creek,Oregon,43.944837,-122.7552,14155500,"ROW RIVER NEAR COTTAGE GROVE, OR",43.7929012,-122.9914655,25.38,2001-08-01,2026-09-28,25,9174
182,Folsom,California,38.710426,-121.156241,11446980,AMERICAN R BL WATT AVE BRDG NR CARMICHAEL CA,38.5671281,-121.3882857,25.69,1998-11-13,2023-04-20,25,8898
449,Echo,Utah,40.963948,-111.430527,10129900,"SILVER CREEK NEAR SILVER CREEK JUNCTION, UT",40.73522634,-111.4760313,25.72,2001-10-16,2026-09-27,25,9079
1655,Caesar Creek Lake Dam,Ohio,39.485819,-84.059259,03271510,Great Miami River near Linden Ave at Miamisburg OH,39.63728058,-84.2924416,26.14,1989-10-01,2014-09-29,25,5949
1863,Buford,Georgia,34.16084,-84.072357,02335350,"CROOKED CREEK NEAR NORCROSS, GA",33.965,-84.2647222,28.08,2001-03-24,2026-09-27,25,9248
72,Scoggins Reservoir,Oregon,45.47449,-123.199777,14197900,"WILLAMETTE RIVER AT NEWBERG, OR",45.2845625,-122.9614893,28.15,2001-10-19,2026-09-28,25,7860
93,Dexter,Oregon,43.922071,-122.805208,14153500,"COAST FORK WILLAMETTE R BLW COTTAGE GROVE DAM, OR",43.72067785,-123.0497994,29.77,2001-08-03,2026-09-28,25,9093
72,Scoggins Reservoir,Oregon,45.47449,-123.199777,14202980,"SCOGGINS CK BLW HENRY HAGG LAKE, NR GASTON, OR",45.46927968,-123.200109,0.58,2002-05-01,2026-09-28,24,8760
1587,Salamonie Lake Dam,Indiana,40.806373,-85.675829,03324500,"SALAMONIE RIVER AT DORA, IN",40.8116902,-85.6838407,0.9,2002-09-30,2026-09-27,24,8371
1592,Mississinewa Lake Dam,Indiana,40.714103,-85.955208,03327000,"MISSISSINEWA RIVER AT PEORIA, IN",40.7233579,-85.9574609,1.05,2002-09-30,2026-09-27,24,5538
1703,Patoka Lake Dam,Indiana,38.433971,-86.706038,03374500,"PATOKA RIVER NEAR CUZCO, IN",38.44199776,-86.7141531,1.14,2002-09-30,2026-09-27,24,7108
1586,J. Edward Roush Lake Dam,Indiana,40.846824,-85.467105,03323500,"WABASH RIVER AT HUNTINGTON, IN",40.85325,-85.4897778,2.04,2002-09-30,2026-09-27,24,6735
107,William L. Jess,Oregon,42.672829,-122.672183,14335075,"ROGUE RIVER AT MCLEOD,OREG.",42.65957046,-122.6928179,2.24,1976-11-02,2000-09-30,24,7778
216,James H. Turner,California,37.57207,-121.847584,11173575,ALAMEDA C BL WELCH C NR SUNOL CA,37.5404908,-121.856345,3.6,1999-10-21,2023-07-04,24,5587
219,Calaveras,California,37.489583,-121.822917,11173575,ALAMEDA C BL WELCH C NR SUNOL CA,37.5404908,-121.856345,6.38,1999-10-21,2023-07-04,24,5587
2183,Cambridge Reservoir Dam,Massachusetts,42.335453,-71.156404,01104455,"STONY BROOK, UNNAMED TRIBUTARY 1, NEAR WALTHAM, MA",42.37259606,-71.27033448,10.23,2002-09-30,2026-09-27,24,8533
213,Del Valle,California,37.613313,-121.744035,11173575,ALAMEDA C BL WELCH C NR SUNOL CA,37.5404908,-121.856345,12.79,1999-10-21,2023-07-04,24,5587
182,Folsom,California,38.710426,-121.156241,11446030,SF AMERICAN R NR PILOT HILL CA,38.76295708,-121.0082763,14.1,1999-08-05,2023-05-11,24,8494
1037,Skiatook Lake,Oklahoma,36.350468,-96.090323,07177500,"Bird Creek near Sperry, OK",36.27842534,-95.954162,14.59,1999-09-30,2023-09-30,24,8612
1587,Salamonie Lake Dam,Indiana,40.806373,-85.675829,03323500,"WABASH RIVER AT HUNTINGTON, IN",40.85325,-85.4897778,16.5,2002-09-30,2026-09-27,24,6735
180,Warm Springs Dam,California,38.718758,-123.011209,11463980,RUSSIAN R A DIGGER BEND NR HEALDSBURG CA,38.63292489,-122.8555123,16.55,2002-06-29,2026-09-27,24,8710
1586,J. Edward Roush Lake Dam,Indiana,40.846824,-85.467105,03324500,"SALAMONIE RIVER AT DORA, IN",40.8116902,-85.6838407,18.65,2002-09-30,2026-09-27,24,8371
182,Folsom,California,38.710426,-121.156241,11433790,NF AMERICAN R A AUBURN DAM SITE NR AUBURN CA,38.8829546,-121.0630007,20.82,1999-06-05,2023-05-11,24,8267
1592,Mississinewa Lake Dam,Indiana,40.714103,-85.955208,03324500,"SALAMONIE RIVER AT DORA, IN",40.8116902,-85.6838407,25.3,2002-09-30,2026-09-27,24,8371
1587,Salamonie Lake Dam,Indiana,40.806373,-85.675829,03327000,"MISSISSINEWA RIVER AT PEORIA, IN",40.7233579,-85.9574609,25.45,2002-09-30,2026-09-27,24,5538
72,Scoggins Reservoir,Oregon,45.47449,-123.199777,453004122510301,"BEAVERTON CREEK AT 170TH AVE, BEAVERTON, OR",45.5009505,-122.852045,27.27,2001-05-12,2025-08-05,24,8430
1032,Oologah Lake,Oklahoma,36.424078,-95.679416,07177500,"Bird Creek near Sperry, OK",36.27842534,-95.954162,29.46,1999-09-30,2023-09-30,24,8612
1761,John H. Kerr Dam,Virginia,36.59626,-78.294784,02079500,"ROANOKE RIVER AT BUGGS ISLAND, VA",36.60319824,-78.2977743,0.82,2003-12-10,2026-09-28,23,8016
1775,J. Percy Priest Dam,Tennessee,36.155261,-86.617997,03430200,"STONES RIVER AT US HWY 70 NEAR DONELSON, TN",36.18648009,-86.632762,3.72,2003-09-15,2026-09-27,23,8315
1297,Tom Miller Dam,Texas,30.295339,-97.786268,08155500,"Barton Spgs at Austin, TX",30.26354169,-97.7713947,3.81,2003-06-20,2026-09-27,23,8360
1775,J. Percy Priest Dam,Tennessee,36.155261,-86.617997,03431083,"MILL CREEK AT LEBANON ROAD AT NASHVILLE, TN",36.16394545,-86.699164,7.35,2003-09-06,2026-09-27,23,8392
107,William L. Jess,Oregon,42.672829,-122.672183,14337870,"WEST BRANCH ELK CREEK NEAR TRAIL,OREG.",42.7109584,-122.7497655,7.63,1977-08-20,2000-09-30,23,7975
2183,Cambridge Reservoir Dam,Massachusetts,42.335453,-71.156404,01104475,"STONY BROOK RES., UNNAMED TRIB 1, NEAR WESTON, MA",42.3545408,-71.2681121,9.42,2003-12-24,2026-09-27,23,8266
1768,Old Hickory Dam,Tennessee,36.29189,-86.658869,03430200,"STONES RIVER AT US HWY 70 NEAR DONELSON, TN",36.18648009,-86.632762,11.95,2003-09-15,2026-09-27,23,8315
1112,Blakely Mountain Dam,Arkansas,34.574105,-93.195081,343054093031201,Spring 49 @ HOSP N.P.,34.5150894,-93.0535128,14.53,2003-09-19,2026-09-27,23,6297
1112,Blakely Mountain Dam,Arkansas,34.574105,-93.195081,343048093031301,Quapaw Spring,34.51342274,-93.0537906,14.59,2003-09-18,2026-09-27,23,5656
1768,Old Hickory Dam,Tennessee,36.29189,-86.658869,03431083,"MILL CREEK AT LEBANON ROAD AT NASHVILLE, TN",36.16394545,-86.699164,14.68,2003-09-06,2026-09-27,23,8392
1294,Mansfield Dam,Texas,30.393211,-97.905713,08155500,"Barton Spgs at Austin, TX",30.26354169,-97.7713947,19.34,2003-06-20,2026-09-27,23,8360
182,Folsom,California,38.710426,-121.156241,11446700,AMERICAN R A WILLIAM B POND PARK A CARMICHAEL CA,38.59129436,-121.3327288,20.26,2000-10-11,2023-05-02,23,8224
1032,Oologah Lake,Oklahoma,36.424078,-95.679416,07178200,"Bird Ck at State Highway 266 near Catoosa, OK",36.2231514,-95.8194322,25.62,2000-09-30,2023-09-30,23,7798
1037,Skiatook Lake,Oklahoma,36.350468,-96.090323,07178200,"Bird Ck at State Highway 266 near Catoosa, OK",36.2231514,-95.8194322,28.11,2000-09-30,2023-09-30,23,7798
595,Friant,California,37.002085,-119.702082,11251000,SAN JOAQUIN R BL FRIANT CA,36.98439397,-119.7243124,2.79,2004-05-08,2026-09-28,22,8104
592,Hidden Dam,California,37.110637,-119.881035,11251000,SAN JOAQUIN R BL FRIANT CA,36.98439397,-119.7243124,19.76,2004-05-08,2026-09-28,22,8104
72,Scoggins Reservoir,Oregon,45.47449,-123.199777,453030122560101,"ROCK CREEK AT BROOKWOOD AVENUE, HILLSBORO, OR",45.5081944,-122.9335,21.09,2004-05-20,2026-09-28,22,8123
929,Johnson Lake Dam,Nebraska,40.677414,-99.843679,06768000,"Platte River near Overton, Nebr.",40.68257222,-99.54023611,25.59,2004-05-28,2026-09-27,22,5259
931,Elwood Dam,Nebraska,40.634268,-99.853071,06768000,"Platte River near Overton, Nebr.",40.68257222,-99.54023611,26.93,2004-05-28,2026-09-27,22,5259
1863,Buford,Georgia,34.16084,-84.072357,02335450,"CHATTAHOOCHEE RIVER ABOVE ROSWELL, GA",33.98580556,-84.3156944,29.68,2004-01-29,2026-09-27,22,6258
1862,Allatoona Lake Dam and Powerhouse,Georgia,34.164969,-84.726313,02394000,"ETOWAH RIVER AT ALLATOONA DAM, ABV CARTERSVILLE,GA",34.1629722,-84.7410833,1.38,2005-01-26,2026-09-27,21,5000
2183,Cambridge Reservoir Dam,Massachusetts,42.335453,-71.156404,422302071083801,"FRESH POND IN GATE HOUSE AT CAMBRIDGE, MA",42.38388889,-71.14388889,5.48,2005-09-30,2026-09-27,21,7615
969,Blue Springs Dam,Missouri,39.014258,-94.335427,06894000,"Little Blue River near Lake City, MO",39.1005609,-94.3005038,10.06,2005-07-14,2026-09-27,21,7655
1800,Normandy,Tennessee,35.466245,-86.242708,03597860,"DUCK RIVER AT SHELBYVILLE, TN",35.4829327,-86.462582,20.0,1991-10-11,2012-09-29,21,7539
974,Longview Dam,Missouri,38.92201,-94.465654,06894000,"Little Blue River near Lake City, MO",39.1005609,-94.3005038,24.45,2005-07-14,2026-09-27,21,7655
1758,Philpott Dam,Virginia,36.782001,-80.028689,02072000,"SMITH RIVER NEAR PHILPOTT, VA",36.7806925,-80.0247647,0.38,2006-09-30,2026-09-28,20,6404
1758,Philpott Dam,Virginia,36.782001,-80.028689,02072500,"SMITH RIVER AT BASSETT, VA",36.77013709,-80.00087509,2.81,2006-08-16,2026-09-28,20,6478
2183,Cambridge Reservoir Dam,Massachusetts,42.335453,-71.156404,01104453,STONY BROOK UNNAMED TRIB 2 NR WESTON STATION,42.37138889,-71.27527778,10.55,2006-06-02,2026-09-27,20,6245
609,Success Dam,California,36.062301,-118.92174,11204100,SF TULE R NR RESERVATION BNDRY NR PORTERVILLE CA,36.02411648,-118.8134258,10.62,2006-01-26,2026-09-28,20,7111
1890,Pinopolis West Dam,South Carolina,33.240867,-79.999023,02171645,"REDIV CANAL AT SANTEE RIVER NR ST STEPHEN, SC",33.4275,-79.915,22.17,2006-11-17,2026-09-27,20,7106
1879,North Santee Dam,South Carolina,33.452083,-80.16573,02171645,"REDIV CANAL AT SANTEE RIVER NR ST STEPHEN, SC",33.4275,-79.915,23.42,2006-11-17,2026-09-27,20,7106
609,Success Dam,California,36.062301,-118.92174,11203580,SF TULE R NR CHOLOLLO CAMPGROUND NR PORTERVILLE CA,36.0482899,-118.6542574,24.1,2006-01-25,2026-09-27,20,7276
1718,Taylorsville Lake Dam,Kentucky,38.002023,-85.302083,03298000,"FLOYDS FORK AT FISHERVILLE, KY",38.18840166,-85.460235,24.92,2006-09-30,2026-09-27,20,5078
83,Green Peter,Oregon,44.451859,-122.547437,14186200,"MIDDLE SANTIAM R BLW GREEN PETER DAM NR FOSTER, OR",44.44818005,-122.5503613,0.47,2007-10-24,2026-09-28,19,6635
450,East Canyon,Utah,40.919468,-111.597917,10133980,"EAST CANYON CREEK AB EAST CYN RES NR MORGAN, UTAH",40.8695861,-111.5866222,5.63,2007-07-12,2026-09-27,19,7005
85,Foster,Oregon,44.418013,-122.668049,14186200,"MIDDLE SANTIAM R BLW GREEN PETER DAM NR FOSTER, OR",44.44818005,-122.5503613,9.93,2007-10-24,2026-09-28,19,6635
449,Echo,Utah,40.963948,-111.430527,10133980,"EAST CANYON CREEK AB EAST CYN RES NR MORGAN, UTAH",40.8695861,-111.5866222,16.8,2007-07-12,2026-09-27,19,7005
456,Wanship,Utah,40.787922,-111.40263,10133980,"EAST CANYON CREEK AB EAST CYN RES NR MORGAN, UTAH",40.8695861,-111.5866222,17.95,2007-07-12,2026-09-27,19,7005
1890,Pinopolis West Dam,South Carolina,33.240867,-79.999023,02171637,"REDIV. INTAKE CANAL NR ST. STEPHEN, SC",33.41822284,-79.9447993,20.35,2007-05-23,2026-09-27,19,6985
1879,North Santee Dam,South Carolina,33.452083,-80.16573,02171637,"REDIV. INTAKE CANAL NR ST. STEPHEN, SC",33.41822284,-79.9447993,20.84,2007-05-23,2026-09-27,19,6985
1035,Eucha,Oklahoma,36.375383,-94.933731,071912213,"Spavinaw Creek near Colcord, OK",36.32256869,-94.6852334,23.02,2004-11-16,2023-09-30,19,6808
1300,Lake Houston Dam,Texas,29.920584,-95.132778,08074710,"Buffalo Bayou at Turning Basin, Houston, TX",29.74939477,-95.2910473,24.4,1986-03-25,2005-10-12,19,6975
664,Caballo,New Mexico,32.898365,-107.293998,324122107120802,19S.04W.01.214 H-13,32.69014167,-107.2029389,24.67,2007-09-30,2026-07-28,19,6011
761,Upper Rice Lake,Minnesota,47.380974,-95.314536,473423095053301,WLN04     Bemidji Toxics Research 310D  0000273825,47.5729111,-95.092825,27.08,2007-03-21,2026-09-27,19,6990
1718,Taylorsville Lake Dam,Kentucky,38.002023,-85.302083,03298150,"CHENOWETH RUN AT GELHAUS LANE NEAR FERN CREEK, KY",38.16006729,-85.5421797,27.39,2007-09-30,2026-09-27,19,4994
1683,William H. Harsha Lake Dam,Ohio,39.021119,-84.146664,03254520,"LICKING RIVER AT HWY 536 NEAR ALEXANDRIA, KY",38.9203417,-84.44799549,28.36,2007-09-30,2026-09-27,19,6289
555,Lake Eleanor,California,37.974799,-119.880383,11278000,ELEANOR C NR HETCH HETCHY CA,37.96907415,-119.8820916,0.65,2006-04-26,2024-04-16,18,5500
987,Pueblo,Colorado,38.272917,-104.727382,07099400,"ARKANSAS RIVER ABOVE PUEBLO, CO",38.2716694,-104.718033,0.83,2008-09-30,2026-09-27,18,6469
554,Cherry Valley,California,37.977502,-119.910579,11278000,ELEANOR C NR HETCH HETCHY CA,37.96907415,-119.8820916,2.67,2006-04-26,2024-04-16,18,5500
557,O'Shaughnessy,California,37.949378,-119.787927,11278000,ELEANOR C NR HETCH HETCHY CA,37.96907415,-119.8820916,8.54,2006-04-26,2024-04-16,18,5500
554,Cherry Valley,California,37.977502,-119.910579,11278300,CHERRY C NR EARLY INTAKE CA,37.89435266,-119.9626483,10.31,2008-05-28,2026-09-27,18,5210
555,Lake Eleanor,California,37.974799,-119.880383,11278300,CHERRY C NR EARLY INTAKE CA,37.89435266,-119.9626483,11.49,2008-05-28,2026-09-27,18,5210
1035,Eucha,Oklahoma,36.375383,-94.933731,07191222,"Beaty Creek near Jay, OK",36.35535924,-94.7763388,14.27,2005-03-08,2023-09-30,18,6303
1317,Wesley E. Seale Dam,Texas,28.047561,-97.869086,08211200,"Nueces Rv at Bluntzer, TX",27.93779594,-97.7758308,15.26,2008-11-05,2026-09-27,18,6451
557,O'Shaughnessy,California,37.949378,-119.787927,11278300,CHERRY C NR EARLY INTAKE CA,37.89435266,-119.9626483,16.5,2008-05-28,2026-09-27,18,5210
987,Pueblo,Colorado,38.272917,-104.727382,381312104321001,BESSEMER DITCH AT ST. CHARLES WD NEAR PUEBLO CO,38.2201111,-104.5359722,17.72,2008-03-18,2026-09-27,18,4473
1048,Keystone Lake,Oklahoma,36.152083,-96.25625,07164500,"Arkansas River at Tulsa, OK",36.14064807,-96.0063866,22.47,2005-09-30,2023-09-30,18,6250
1140,Lake Kemp Dam,Texas,33.754876,-99.148818,07311900,"Wichita Rv nr Seymour, TX",33.70036966,-99.3886905,23.0,1996-10-01,2014-09-29,18,5756
1718,Taylorsville Lake Dam,Kentucky,38.002023,-85.302083,03298200,"FLOYDS FORK NEAR MT WASHINGTON, KY",38.08534216,-85.5549556,24.0,2008-09-30,2026-09-27,18,4740
1034,Spavinaw,Oklahoma,36.384733,-95.046645,07191222,"Beaty Creek near Jay, OK",36.35535924,-94.7763388,24.42,2005-03-08,2023-09-30,18,6303
1037,Skiatook Lake,Oklahoma,36.350468,-96.090323,07164500,"Arkansas River at Tulsa, OK",36.14064807,-96.0063866,24.52,2005-09-30,2023-09-30,18,6250
1029,Pensacola,Oklahoma,36.470297,-95.039609,07191222,"Beaty Creek near Jay, OK",36.35535924,-94.7763388,26.8,2005-03-08,2023-09-30,18,6303
551,Main Strawberry,California,38.197774,-119.985074,11278000,ELEANOR C NR HETCH HETCHY CA,37.96907415,-119.8820916,26.98,2006-04-26,2024-04-16,18,5500
405,C.J. Strike,Idaho,42.947917,-115.972917,13168500,BRUNEAU RIVER NR HOT SPRING ID,42.7711111,-115.7202778,28.47,1997-08-02,2015-10-13,18,4312
1718,Taylorsville Lake Dam,Kentucky,38.002023,-85.302083,03298250,"CEDAR CREEK AT THIXTON ROAD NEAR LOUISVILLE, KY",38.0792321,-85.6160683,28.81,2008-09-30,2026-09-27,18,4741
1718,Taylorsville Lake Dam,Kentucky,38.002023,-85.302083,03297800,"CEDAR CREEK AT HWY 1442 NEAR SHEPHERDSVILLE, KY",37.9911111,-85.6411111,29.73,2008-09-30,2026-09-27,18,4700
1782,Falls Lake Dam,North Carolina,35.945046,-78.582442,02087182,"FALLS LAKE ABOVE DAM NR FALLS, NC",35.9411111,-78.5833333,0.44,2009-09-04,2026-09-27,17,5904
364,Hebgen Dam,Montana,44.863227,-111.334057,06038500,Madison River bl Hebgen Lake nr Grayling MT,44.86639167,-111.3387806,0.51,2009-06-26,2026-09-27,17,6264
1140,Lake Kemp Dam,Texas,33.754876,-99.148818,07312100,"Wichita Rv nr Mabelle, TX",33.7600934,-99.1428495,0.8,1994-09-19,2011-09-29,17,6042
554,Cherry Valley,California,37.977502,-119.910579,11277300,CHERRY C BL VALLEY DAM NR HETCH HETCHY CA,37.96768499,-119.91737025,1.24,2006-05-25,2023-06-07,17,5915
353,Willow Creek Reservoir,Oregon,45.344451,-119.54375,14034470,"WILLOW CREEK ABV WILLOW CR LAKE, NR HEPPNER, OR",45.34068289,-119.5158544,2.22,2009-06-17,2026-09-28,17,5916
555,Lake Eleanor,California,37.974799,-119.880383,11277300,CHERRY C BL VALLEY DAM NR HETCH HETCHY CA,37.96768499,-119.91737025,3.34,2006-05-25,2023-06-07,17,5915
969,Blue Springs Dam,Missouri,39.014258,-94.335427,06893820,Little Blue R. at Lees Summit Rd in Independence,39.0173611,-94.3872778,4.49,2009-10-07,2026-09-27,17,6122
107,William L. Jess,Oregon,42.672829,-122.672183,14337830,"ELK CREEK BELOW ALCO CREEK, NEAR TRAIL, OR",42.73040316,-122.7114313,7.16,1986-04-10,2003-09-30,17,5970
664,Caballo,New Mexico,32.898365,-107.293998,325002107181201,17S.05W.13.22 H-4,32.834425,-107.3033333,7.16,2008-09-30,2025-09-23,17,5679
1242,Red Bluff Dam,Texas,31.906225,-103.911505,08412500,"Pecos Rv nr Orla, TX",31.87264499,-103.8315949,8.42,1986-10-01,2003-01-30,17,5230
97,Dorena,Oregon,43.78714,-122.954278,14154500,"ROW RIVER ABOVE PITCHER CREEK, NEAR DORENA, OR",43.73527778,-122.8744444,8.62,2009-08-07,2026-09-28,17,6047
554,Cherry Valley,California,37.977502,-119.910579,11278400,CHERRY C BL DION R HOLM PH NR MATHER CA,37.890186,-119.9698706,11.01,2006-05-25,2023-06-07,17,5914
557,O'Shaughnessy,California,37.949378,-119.787927,11277300,CHERRY C BL VALLEY DAM NR HETCH HETCHY CA,37.96768499,-119.91737025,11.53,2006-05-25,2023-06-07,17,5915
554,Cherry Valley,California,37.977502,-119.910579,11276900,TUOLUMNE R BL EARLY INTAKE NR MATHER CA,37.88157506,-119.9701483,11.88,2006-06-02,2023-06-07,17,5954
555,Lake Eleanor,California,37.974799,-119.880383,11278400,CHERRY C BL DION R HOLM PH NR MATHER CA,37.890186,-119.9698706,12.25,2006-05-25,2023-06-07,17,5914
974,Longview Dam,Missouri,38.92201,-94.465654,06893820,Little Blue R. at Lees Summit Rd in Independence,39.0173611,-94.3872778,12.58,2009-10-07,2026-09-27,17,6122
555,Lake Eleanor,California,37.974799,-119.880383,11276900,TUOLUMNE R BL EARLY INTAKE NR MATHER CA,37.88157506,-119.9701483,13.02,2006-06-02,2023-06-07,17,5954
1841,Carters Main Dam,Georgia,34.614583,-84.66861,02385800,"HOLLY CREEK NEAR CHATSWORTH, GA",34.71675,-84.77025,14.68,2005-01-12,2022-08-30,17,3848
99,Cottage Grove,Oregon,43.714163,-123.05623,14154500,"ROW RIVER ABOVE PITCHER CREEK, NEAR DORENA, OR",43.73527778,-122.8744444,14.8,2009-08-07,2026-09-28,17,6047
180,Warm Springs Dam,California,38.718758,-123.011209,11463682,RUSSIAN R A JIMTOWN CA,38.65820245,-122.8294009,17.16,2009-07-22,2026-09-28,17,5012
557,O'Shaughnessy,California,37.949378,-119.787927,11278400,CHERRY C BL DION R HOLM PH NR MATHER CA,37.890186,-119.9698706,17.26,2006-05-25,2023-06-07,17,5914
557,O'Shaughnessy,California,37.949378,-119.787927,11276900,TUOLUMNE R BL EARLY INTAKE NR MATHER CA,37.88157506,-119.9701483,17.67,2006-06-02,2023-06-07,17,5954
201,Alpine,California,37.939238,-122.637992,11181360,SAN PABLO STRAIT A PT SAN PABLO CA,37.9646458,-122.4294173,18.5,1989-10-18,2006-07-31,17,5210
1302,Canyon Lake,Texas,29.871728,-98.19971,08170990,"Jacobs Well Spg nr Wimberley, TX",30.03444444,-98.1261111,19.43,2009-06-11,2026-09-27,17,6162
93,Dexter,Oregon,43.922071,-122.805208,14154500,"ROW RIVER ABOVE PITCHER CREEK, NEAR DORENA, OR",43.73527778,-122.8744444,21.5,2009-08-07,2026-09-28,17,6047
94,Lookout Point,Oregon,43.913909,-122.750316,14154500,"ROW RIVER ABOVE PITCHER CREEK, NEAR DORENA, OR",43.73527778,-122.8744444,22.22,2009-08-07,2026-09-28,17,6047
537,Crawford,Colorado,38.68814,-107.604956,09136100,"NORTH FK GUNNISON RIVER ABOVE MOUTH NR LAZEAR, CO",38.78516667,-107.8334167,22.56,2009-04-16,2026-09-27,17,6337
549,Silver Jack,Colorado,38.230238,-107.540387,09147500,"UNCOMPAHGRE RIVER AT COLONA, CO",38.33143056,-107.779225,23.69,2009-10-30,2026-09-27,17,6168
1816,Thorpe,North Carolina,35.196105,-83.153466,02176930,"CHATTOOGA RIVER AT BURRELLS FORD, NR PINE MTN, GA",34.97452778,-83.1161667,24.87,2009-10-09,2026-09-27,17,5639
1129,North Fork Buffalo Creek Dam,Texas,33.987242,-98.758542,07308500,"Red Rv nr Burkburnett, TX",34.11009327,-98.5317234,24.97,1994-10-05,2011-09-21,17,5219
542,Morrow Point,Colorado,38.451537,-107.53435,09147500,"UNCOMPAHGRE RIVER AT COLONA, CO",38.33143056,-107.779225,25.18,2009-10-30,2026-09-27,17,6168
92,Fall Creek,Oregon,43.944837,-122.7552,14154500,"ROW RIVER ABOVE PITCHER CREEK, NEAR DORENA, OR",43.73527778,-122.8744444,25.19,2009-08-07,2026-09-28,17,6047
551,Main Strawberry,California,38.197774,-119.985074,11277300,CHERRY C BL VALLEY DAM NR HETCH HETCHY CA,37.96768499,-119.91737025,26.26,2006-05-25,2023-06-07,17,5915
1836,Keowee,South Carolina,34.799787,-82.889333,02176930,"CHATTOOGA RIVER AT BURRELLS FORD, NR PINE MTN, GA",34.97452778,-83.1161667,28.38,2009-10-09,2026-09-27,17,5639
192,Beardsley,California,38.206297,-120.072817,11277300,CHERRY C BL VALLEY DAM NR HETCH HETCHY CA,37.96768499,-119.91737025,29.82,2006-05-25,2023-06-07,17,5915
1910,Walter F. George Lock and Dam,Alabama,31.627517,-85.064945,023432415,"CHATTAHOOCHEE R .36 MI DS WFG DAM NR FT GAINES, GA",31.62219444,-85.0591667,0.81,2010-05-28,2026-09-27,16,5853
219,Calaveras,California,37.489583,-121.822917,11173510,ALAMEDA C BL CALAVERAS C NR SUNOL CA,37.5035472,-121.8246774,1.56,2008-10-04,2024-03-04,16,5482
487,Shadow Mountain,Colorado,40.210417,-105.84375,09014050,"GRAND LAKE OUTLET BLW CHIPMUNK LN AT GRAND LK, CO",40.2461111,-105.8288333,4.17,2010-04-13,2026-09-27,16,4227
1300,Lake Houston Dam,Texas,29.920584,-95.132778,295826095082200,"Lk Houston S Union Pacific RR Bridge nr Houston,TX",29.97393333,-95.1393833,5.97,2008-09-30,2024-11-18,16,5709
59,Lake Tapps Dike 2-B,Washington,47.191381,-122.163202,12101100,"LAKE TAPPS DIVERSION AT DIERINGER, WA",47.2381564,-122.2281746,7.15,2010-05-29,2026-09-27,16,5774
216,James H. Turner,California,37.57207,-121.847584,11173510,ALAMEDA C BL CALAVERAS C NR SUNOL CA,37.5035472,-121.8246774,7.88,2008-10-04,2024-03-04,16,5482
7308,Richard B. Russell Dam,Georgia,34.025484,-82.600552,02188100,"RUSSELL LAKE ABOVE CALHOUN FALLS, SC",34.1011111,-82.6180556,8.56,2010-12-09,2026-09-28,16,5666
100,Hills Creek,Oregon,43.708548,-122.421703,14147500,"N FK OF M FK WILLAMETTE R NR OAKRIDGE, OR",43.7567902,-122.5053292,8.6,2010-05-27,2026-09-28,16,5939
59,Lake Tapps Dike 2-B,Washington,47.191381,-122.163202,12100490,"WHITE RIVER AT R STREET NEAR AUBURN, WA",47.27479497,-122.207876,9.87,2010-05-27,2026-09-27,16,5764
92,Fall Creek,Oregon,43.944837,-122.7552,14150290,"FALL CREEK ABOVE NORTH FORK, NEAR LOWELL, OR",43.9672222,-122.6297222,10.35,2010-08-26,2026-09-28,16,5838
94,Lookout Point,Oregon,43.913909,-122.750316,14150290,"FALL CREEK ABOVE NORTH FORK, NEAR LOWELL, OR",43.9672222,-122.6297222,11.33,2010-08-26,2026-09-28,16,5838
557,O'Shaughnessy,California,37.949378,-119.787927,11274790,TUOLUMNE R A GRAND CYN OF TUOLUMNE AB HETCH HETCHY,37.91657698,-119.6598627,11.81,2006-10-21,2022-10-03,16,5753
1863,Buford,Georgia,34.16084,-84.072357,02334652,CHATTAHOOCHEE R 0.96 MI US MCGINNIS FY SUWANEE GA,34.0588333,-84.1106944,11.88,2010-08-28,2026-09-27,16,5398
1863,Buford,Georgia,34.16084,-84.072357,02334653,CHATTAHOOCHEE R 0.76 MI US MCGINNIS FY SUWANEE GA,34.0567222,-84.1083333,12.04,2010-08-24,2026-09-27,16,5856
492,Granby,Colorado,40.139748,-105.856013,09014050,"GRAND LAKE OUTLET BLW CHIPMUNK LN AT GRAND LK, CO",40.2461111,-105.8288333,12.05,2010-04-13,2026-09-27,16,4227
456,Wanship,Utah,40.787922,-111.40263,10133650,"E CANYON CR BL I-80 REST STOP NR PARK CITY, UT",40.7238375,-111.5196438,12.16,2010-05-17,2026-09-27,16,5958
2183,Cambridge Reservoir Dam,Massachusetts,42.335453,-71.156404,01104370,"STONY BROOK AT VILES STREET, NEAR WESTON, MA",42.38555556,-71.2894444,12.27,2010-01-09,2026-09-27,16,6085
213,Del Valle,California,37.613313,-121.744035,11173510,ALAMEDA C BL CALAVERAS C NR SUNOL CA,37.5035472,-121.8246774,14.12,2008-10-04,2024-03-04,16,5482
90,Fern Ridge,Oregon,44.117518,-123.296875,14158100,"WILLAMETTE RIVER AT OWOSSO BRIDGE AT EUGENE, OR",44.09166667,-123.116111,14.72,2010-11-10,2026-09-28,16,5777
491,Willow Creek,Colorado,40.147981,-105.945086,09014050,"GRAND LAKE OUTLET BLW CHIPMUNK LN AT GRAND LK, CO",40.2461111,-105.8288333,14.72,2010-04-13,2026-09-27,16,4227
93,Dexter,Oregon,43.922071,-122.805208,14150290,"FALL CREEK ABOVE NORTH FORK, NEAR LOWELL, OR",43.9672222,-122.6297222,14.92,2010-08-26,2026-09-28,16,5838
467,Bor Jordanelle,Utah,40.599261,-111.422917,10133650,"E CANYON CR BL I-80 REST STOP NR PARK CITY, UT",40.7238375,-111.5196438,16.08,2010-05-17,2026-09-27,16,5958
1683,William H. Harsha Lake Dam,Ohio,39.021119,-84.146664,03238745,"TWELVEMILE CREEK AT HIGHWAY 1997 NR ALEXANDRIA, KY",38.9514529,-84.3382712,18.28,2000-12-02,2016-10-03,16,4595
1146,Lake Bonham Dam,Texas,33.652035,-96.136568,07332622,"Bois D'Arc Ck at FM 409 nr Honey Grove, TX",33.74416667,-95.9611111,19.19,2009-06-03,2025-03-11,16,5033
1295,Conroe Dam,Texas,30.360417,-95.564583,08068400,"Panther Br at Gosling Rd, The Woodlands, TX",30.192159,-95.4838288,20.25,1999-03-04,2015-10-03,16,6032
555,Lake Eleanor,California,37.974799,-119.880383,11274790,TUOLUMNE R A GRAND CYN OF TUOLUMNE AB HETCH HETCHY,37.91657698,-119.6598627,20.39,2006-10-21,2022-10-03,16,5753
450,East Canyon,Utah,40.919468,-111.597917,10133650,"E CANYON CR BL I-80 REST STOP NR PARK CITY, UT",40.7238375,-111.5196438,22.73,2010-05-17,2026-09-27,16,5958
554,Cherry Valley,California,37.977502,-119.910579,11274790,TUOLUMNE R A GRAND CYN OF TUOLUMNE AB HETCH HETCHY,37.91657698,-119.6598627,23.0,2006-10-21,2022-10-03,16,5753
1872,J. Strom Thurmond Dam,Georgia,33.662099,-82.196875,02193900,"THURMOND LAKE NEAR PLUM BRANCH, SC",33.84166667,-82.345,24.21,2010-12-13,2026-09-27,16,5416
1863,Buford,Georgia,34.16084,-84.072357,02205865,"SWEETWATER CREEK AT CLUB DRIVE NEAR LILBURN, GA",33.9411111,-84.1077778,24.65,2010-02-26,2026-09-27,16,6041
94,Lookout Point,Oregon,43.913909,-122.750316,14147500,"N FK OF M FK WILLAMETTE R NR OAKRIDGE, OR",43.7567902,-122.5053292,26.29,2010-05-27,2026-09-28,16,5939
449,Echo,Utah,40.963948,-111.430527,10133650,"E CANYON CR BL I-80 REST STOP NR PARK CITY, UT",40.7238375,-111.5196438,27.73,2010-05-17,2026-09-27,16,5958
1295,Conroe Dam,Texas,30.360417,-95.564583,08068275,"Spring Ck nr Tomball, TX",30.11993899,-95.6460559,27.86,1999-08-20,2015-10-03,16,4925
92,Fall Creek,Oregon,43.944837,-122.7552,14147500,"N FK OF M FK WILLAMETTE R NR OAKRIDGE, OR",43.7567902,-122.5053292,28.96,2010-05-27,2026-09-28,16,5939
1831,Blewett Falls,North Carolina,34.983522,-79.879,0212880025,"PEE DEE RIVER BELOW POWERHOUSE DAM NR PEE DEE, NC",34.9834833,-79.8775806,0.13,2011-07-14,2026-09-27,15,4071
1814,Tillery,North Carolina,35.207212,-80.06875,0212378405,"PEE DEE R AT HWY731 BL LK TILLERY NR NORWOOD, NC",35.20066667,-80.0618056,0.96,2011-05-24,2026-09-27,15,3349
216,James H. Turner,California,37.57207,-121.847584,11174000,SAN ANTONIO C NR SUNOL CA,37.5773982,-121.8576936,1.07,2008-10-01,2023-07-04,15,3465
219,Calaveras,California,37.489583,-121.822917,11173500,CALAVERAS C NR SUNOL CA,37.50194444,-121.8183333,1.43,2008-10-01,2023-07-04,15,5384
219,Calaveras,California,37.489583,-121.822917,11172945,ALAMEDA C AB DIV DAM NR SUNOL CA,37.4974356,-121.7735644,4.44,2008-10-01,2023-07-04,15,4585
219,Calaveras,California,37.489583,-121.822917,11173200,ARROYO HONDO NR SAN JOSE CA,37.46160337,-121.769397,5.66,2008-09-06,2023-07-04,15,5344
1740,Nolin Lake Dam,Kentucky,37.278458,-86.246529,03311500,"GREEN RIVER AT LOCK 6 AT BROWNSVILLE, KY",37.20699194,-86.2610868,8.05,1999-12-15,2014-11-30,15,4825
216,James H. Turner,California,37.57207,-121.847584,11173500,CALAVERAS C NR SUNOL CA,37.50194444,-121.8183333,8.21,2008-10-01,2023-07-04,15,5384
1184,Lake Worth Dam,Texas,32.790449,-97.417708,08048000,"W Fk Trinity Rv at Ft Worth, TX",32.76096337,-97.3325167,8.61,2010-09-21,2025-03-11,15,4938
2183,Cambridge Reservoir Dam,Massachusetts,42.335453,-71.156404,01104480,"STONY BROOK RESERVOIR AT DAM NEAR WALTHAM, MA",42.3556519,-71.2650565,9.21,2001-02-11,2016-10-17,15,3477
219,Calaveras,California,37.489583,-121.822917,11174000,SAN ANTONIO C NR SUNOL CA,37.5773982,-121.8576936,10.23,2008-10-01,2023-07-04,15,3465
216,James H. Turner,California,37.57207,-121.847584,11172945,ALAMEDA C AB DIV DAM NR SUNOL CA,37.4974356,-121.7735644,10.56,2008-10-01,2023-07-04,15,4585
213,Del Valle,California,37.613313,-121.744035,11174000,SAN ANTONIO C NR SUNOL CA,37.5773982,-121.8576936,10.78,2008-10-01,2023-07-04,15,3465
213,Del Valle,California,37.613313,-121.744035,11172945,ALAMEDA C AB DIV DAM NR SUNOL CA,37.4974356,-121.7735644,13.15,2008-10-01,2023-07-04,15,4585
1190,Lake Arlington Dam,Texas,32.717495,-97.194987,08048000,"W Fk Trinity Rv at Ft Worth, TX",32.76096337,-97.3325167,13.74,2010-09-21,2025-03-11,15,4938
213,Del Valle,California,37.613313,-121.744035,11173500,CALAVERAS C NR SUNOL CA,37.50194444,-121.8183333,14.01,2008-10-01,2023-07-04,15,5384
216,James H. Turner,California,37.57207,-121.847584,11173200,ARROYO HONDO NR SAN JOSE CA,37.46160337,-121.769397,14.09,2008-09-06,2023-07-04,15,5344
1188,Mountain Creek Dam,Texas,32.730483,-96.94375,08057055,"Trinity Rv at Cedar Crest Blvd, Dallas, TX",32.7521361,-96.7825528,15.27,2000-09-30,2015-02-09,15,5094
1194,Benbrook Lake,Texas,32.651213,-97.455208,08048000,"W Fk Trinity Rv at Ft Worth, TX",32.76096337,-97.3325167,16.75,2010-09-21,2025-03-11,15,4938
1151,Ray Roberts Dam,Texas,33.356409,-97.052189,08052700,"Little Elm Ck nr Aubrey, TX",33.28344977,-96.8927805,16.89,2010-04-05,2025-03-11,15,4910
213,Del Valle,California,37.613313,-121.744035,11173200,ARROYO HONDO NR SAN JOSE CA,37.46160337,-121.769397,17.02,2008-09-06,2023-07-04,15,5344
1164,Lewisville Dam,Texas,33.069896,-96.969792,08052745,"Doe Br at US Hwy 380 nr Prosper, TX",33.219298,-96.8919565,18.12,2010-04-05,2025-03-11,15,5075
1683,William H. Harsha Lake Dam,Ohio,39.021119,-84.146664,03238772,"FOURMILE CREEK AT POPLAR RIDGE RD NR ALEXANDRIA,KY",38.98666667,-84.3652778,19.27,2001-03-17,2016-10-04,15,3333
1177,Eagle Mountain Dam,Texas,32.87062,-97.498242,08048000,"W Fk Trinity Rv at Ft Worth, TX",32.76096337,-97.3325167,19.71,2010-09-21,2025-03-11,15,4938
969,Blue Springs Dam,Missouri,39.014258,-94.335427,06893060,"Missouri River at Randolph, MO",39.15169444,-94.4940556,20.52,2011-09-09,2026-09-27,15,5282
1151,Ray Roberts Dam,Texas,33.356409,-97.052189,08052745,"Doe Br at US Hwy 380 nr Prosper, TX",33.219298,-96.8919565,21.31,2010-04-05,2025-03-11,15,5075
1242,Red Bluff Dam,Texas,31.906225,-103.911505,08407500,"PECOS RIVER AT RED BLUFF, NM",32.07519167,-104.0394361,22.33,2011-06-17,2026-09-27,15,5249
1197,Joe Pool Lake,Texas,32.642259,-96.988542,08057055,"Trinity Rv at Cedar Crest Blvd, Dallas, TX",32.7521361,-96.7825528,22.82,2000-09-30,2015-02-09,15,5094
1164,Lewisville Dam,Texas,33.069896,-96.969792,08052700,"Little Elm Ck nr Aubrey, TX",33.28344977,-96.8927805,24.8,2010-04-05,2025-03-11,15,4910
974,Longview Dam,Missouri,38.92201,-94.465654,06893060,"Missouri River at Randolph, MO",39.15169444,-94.4940556,25.66,2011-09-09,2026-09-27,15,5282
1183,Rockwall Forney Dam,Texas,32.802749,-96.501952,08057055,"Trinity Rv at Cedar Crest Blvd, Dallas, TX",32.7521361,-96.7825528,26.83,2000-09-30,2015-02-09,15,5094
964,Smithville Dam,Missouri,39.398007,-94.554967,06893060,"Missouri River at Randolph, MO",39.15169444,-94.4940556,27.89,2011-09-09,2026-09-27,15,5282
1317,Wesley E. Seale Dam,Texas,28.047561,-97.869086,08211503,"Rincon Bayou Channel nr Calallen, TX",27.8969652,-97.6255509,29.2,2004-03-20,2019-08-06,15,5401
1831,Blewett Falls,North Carolina,34.983522,-79.879,0212378405,"PEE DEE R AT HWY731 BL LK TILLERY NR NORWOOD, NC",35.20066667,-80.0618056,29.32,2011-05-24,2026-09-27,15,3349
1042,Norfork,Arkansas,36.252069,-92.238377,07060000,"North Fork Riv US of Dry Ck bl Norfork Dam, AR",36.24923449,-92.2384887,0.32,2012-06-01,2026-09-27,14,3275
107,William L. Jess,Oregon,42.672829,-122.672183,14335072,"ROGUE R AT COLE M RIVERS F HATCHERY NR MCLEOD, OR",42.6658333,-122.6863889,1.4,2012-08-15,2026-09-28,14,5154
969,Blue Springs Dam,Missouri,39.014258,-94.335427,06893970,"Spring Branch Ck at Holke Rd in Independence, MO",39.08416667,-94.3372222,7.78,2005-09-30,2019-09-03,14,4498
2180,Wachusett Reservoir Dam,Massachusetts,42.402072,-71.689716,01095434,"GATES BROOK NEAR WEST BOYLSTON, MA",42.36453675,-71.775349,8.18,2012-05-09,2026-09-27,14,4985
575,Vallecito,Colorado,37.377799,-107.572064,09352900,"VALLECITO CREEK NEAR BAYFIELD, CO.",37.4775,-107.543056,11.38,2012-04-01,2026-09-27,14,3869
995,Lake Meredith,Colorado,38.161553,-103.734758,07120500,"ARKANSAS RIVER NEAR ROCKY FORD, CO.",38.06528559,-103.6860593,11.52,2012-03-12,2026-09-27,14,5182
59,Lake Tapps Dike 2-B,Washington,47.191381,-122.163202,12098700,"WHITE RIVER AT HEADWORKS AB FLUME NR BUCKLEY, WA",47.169824,-122.0026114,12.37,2010-05-28,2024-09-29,14,4669
2183,Cambridge Reservoir Dam,Massachusetts,42.335453,-71.156404,01104420,"CAMBRIDGE RES., UNNAMED TRIB 3, NR LEXINGTON, MA",42.4198177,-71.2575565,12.53,2012-03-26,2026-09-27,14,5175
574,Lemon,Colorado,37.382549,-107.659343,09352900,"VALLECITO CREEK NEAR BAYFIELD, CO.",37.4775,-107.543056,14.73,2012-04-01,2026-09-27,14,3869
1300,Lake Houston Dam,Texas,29.920584,-95.132778,08069500,"W Fk San Jacinto Rv nr Humble, TX",30.02716385,-95.2579888,16.91,2010-05-19,2024-11-13,14,5233
56,Howard A. Hanson Dam,Washington,47.277406,-121.783969,12098700,"WHITE RIVER AT HEADWORKS AB FLUME NR BUCKLEY, WA",47.169824,-122.0026114,20.39,2010-05-28,2024-09-29,14,4669
974,Longview Dam,Missouri,38.92201,-94.465654,06893970,"Spring Branch Ck at Holke Rd in Independence, MO",39.08416667,-94.3372222,21.17,2005-09-30,2019-09-03,14,4498
1202,Brantley,New Mexico,32.549683,-104.378655,08405200,"PECOS RIVER BELOW DARK CANYON AT CARLSBAD, NM",32.409275,-104.2149722,21.9,2012-10-01,2026-07-18,14,3526
1789,Rhodhiss,North Carolina,35.772803,-81.439986,02111000,"YADKIN RIVER AT PATTERSON, NC",35.9908333,-81.5583333,26.48,2012-11-07,2026-09-27,14,5017
1855,Upper Bear Creek,Alabama,34.27409,-87.692356,02450250,SIPSEY FORK NEAR GRAYSON AL,34.28537757,-87.3989084,26.99,2012-04-13,2026-09-27,14,5265
761,Upper Rice Lake,Minnesota,47.380974,-95.314536,473425095052602,604B      Bemidji Toxics Research Site  0000273836,47.57360278,-95.090875,27.23,2012-09-07,2026-09-27,14,5100
620,Bradbury,California,34.585417,-119.979533,11125600,HILTON CYN C NR SANTA YNEZ CA,34.5822032,-119.9826082,0.45,2002-07-03,2015-12-02,13,4373
338,Dworshak Dam,Idaho,46.516351,-116.297014,13341000,NF CLEARWATER RIVER AT AHSAHKA ID,46.5043462,-116.3204192,2.23,2009-09-30,2022-10-03,13,4385
1138,Fish Creek Dam,Texas,33.772917,-97.216223,07316000,"Red River near Gainesville, TX",33.7278833,-97.1600129,7.22,1996-09-30,2009-09-29,13,3044
346,Cold Springs,Oregon,45.860356,-119.171723,14019240,"COLUMBIA RIVER BELOW MCNARY DAM NEAR UMATILLA, OR",45.93345486,-119.3263758,14.47,2009-09-30,2022-10-02,13,4733
1146,Lake Bonham Dam,Texas,33.652035,-96.136568,07332620,"Bois D'Arc Ck at FM 1396 nr Honey Grove, TX",33.6822222,-95.9844444,14.47,2006-09-24,2019-08-19,13,3540
969,Blue Springs Dam,Missouri,39.014258,-94.335427,06893620,"Rock Creek at Kentucky Road in Independence, MO",39.111944,-94.472222,16.05,2011-12-20,2024-02-06,13,4347
1791,Catawba,North Carolina,35.744272,-81.840625,02137727,"CATAWBA R NR PLEASANT GARDENS, NC",35.6858333,-82.0602778,20.87,2013-04-25,2026-09-27,13,4901
2158,Hopkinton Flood Control Dam,New Hampshire,43.188119,-71.747262,01091000,"SOUTH BRANCH PISCATAQUOG RIVER NEAR GOFFSTOWN, NH",43.01480519,-71.64146129,21.1,2012-07-13,2025-09-30,13,4743
974,Longview Dam,Missouri,38.92201,-94.465654,06893620,"Rock Creek at Kentucky Road in Independence, MO",39.111944,-94.472222,21.13,2011-12-20,2024-02-06,13,4347
1117,Arbuckle Dike 1,Oklahoma,34.435509,-97.026426,07331000,"Washita River near Dickson, OK",34.23342725,-96.9758447,22.95,1996-12-11,2009-09-29,13,2992
761,Upper Rice Lake,Minnesota,47.380974,-95.314536,473426095052401,9015      Bemidji Toxics Research Site,47.5737111,-95.0903917,27.26,2013-10-24,2026-09-27,13,4611
1305,Medina Lake Dam,Texas,29.541074,-98.934221,293252098380801,AY-68-27-610 (Parkwood Park),29.54777778,-98.6355556,28.9,2013-08-17,2026-09-27,13,3949
54,Wynoochee,Washington,47.386357,-123.604561,12058800,"NF SKOKOMISH R BL LWR CUSHMAN DAM NR POTLATCH, WA",47.3906475,-123.209602,29.74,1993-08-11,2006-09-29,13,4680
601,Navajo,New Mexico,36.801492,-107.609481,09355500,"SAN JUAN RIVER NEAR ARCHULETA, NM",36.80188889,-107.6986389,7.94,2014-03-05,2026-09-27,12,4543
107,William L. Jess,Oregon,42.672829,-122.672183,14338100,"ROGUE RIVER AT TRAIL, OR",42.6473471,-122.8061552,11.32,1988-03-15,2000-09-30,12,4496
1219,Martin Lake Dam,Texas,32.26875,-94.54375,08022040,"Sabine Rv nr Beckville, TX",32.32853333,-94.3538278,19.05,1986-10-01,1998-09-30,12,4277
201,Alpine,California,37.939238,-122.637992,11162690,SAN FRANCISCO BAY A PRESIDIO MILITARY RSERV CA,37.80659538,-122.4577496,21.63,1990-10-01,2002-11-11,12,4277
761,Upper Rice Lake,Minnesota,47.380974,-95.314536,473425095052302,419C      Bemidji Toxics Research Site,47.57373056,-95.0896778,27.29,2014-05-24,2026-09-27,12,4448
1791,Catawba,North Carolina,35.744272,-81.840625,02138520,"CATAWBA R AT SR1223 BL LK JAMES NR BRIDGEWATER, NC",35.74125,-81.8352528,0.59,2015-08-27,2026-09-27,11,2611
1809,Mountain Island,North Carolina,35.339583,-80.985417,0214267602,"CATAWBA RIVER DNSTRM DECK MTN IS DAM NR MTN IS, NC",35.33400556,-80.9864083,0.63,2015-05-30,2026-09-27,11,2806
1300,Lake Houston Dam,Texas,29.920584,-95.132778,295524095072701,"SJRA E Industrial Canal nr Crosby, TX",29.92369393,-95.1242915,0.89,2013-09-05,2024-12-10,11,4043
969,Blue Springs Dam,Missouri,39.014258,-94.335427,06893890,"East Fork Little Blue River near Blue Springs, MO",39.02556175,-94.3438385,1.45,2009-12-01,2020-06-09,11,3800
995,Lake Meredith,Colorado,38.161553,-103.734758,07120480,"LAKE MEREDITH OUTLET AT HWY 71 NR ORDWAY, CO",38.19944444,-103.7105556,4.71,2001-11-01,2012-03-06,11,3418
1606,Atwood Dam,Ohio,40.523591,-81.277152,03120961,Unnamed Tributary near Dellroy OH,40.56805556,-81.2572222,5.22,2015-06-22,2026-09-27,11,3877
1617,Tappan Dam,Ohio,40.356622,-81.225946,03127989,Beaverdam Run above Tappan Lake OH,40.34694444,-81.1266667,8.48,2015-06-25,2026-09-27,11,3985
1606,Atwood Dam,Ohio,40.523591,-81.277152,03120820,Indian Fork at Dellroy OH,40.5536111,-81.1847222,8.49,2015-06-22,2026-09-27,11,4077
1620,Piedmont Dam,Ohio,40.191827,-81.218352,03126395,Brushy Fork above Clendening Lake OH,40.24777778,-81.1483333,8.61,2015-06-30,2026-09-27,11,4041
1606,Atwood Dam,Ohio,40.523591,-81.277152,03120869,Willow Run near Dellroy OH,40.57805556,-81.1927778,9.35,2015-07-01,2026-09-27,11,4105
1617,Tappan Dam,Ohio,40.356622,-81.225946,03127980,Clear Fork above Tappan Lake OH,40.3386111,-81.11388889,9.71,2015-06-30,2026-09-27,11,4086
1636,Senecaville Dam,Ohio,39.924326,-81.433961,03140950,Beaver Creek above Senecaville Lake OH,39.90138889,-81.3194444,10.09,2015-06-27,2026-09-27,11,3993
1595,Lake Mohawk Dam,Ohio,40.672896,-81.193735,03120869,Willow Run near Dellroy OH,40.57805556,-81.1927778,10.55,2015-07-01,2026-09-27,11,4105
389,Deer Flat Upper,Idaho,43.584629,-116.73125,13211210,"BOISE RIVER ABV INDIAN CREEK AT CALDWELL, ID",43.67776944,-116.7054944,10.56,2015-11-13,2026-09-28,11,3940
389,Deer Flat Upper,Idaho,43.584629,-116.73125,13211205,"BOISE RIVER AT CALDWELL, ID",43.67735278,-116.7011306,10.59,2015-11-17,2026-09-27,11,3817
1617,Tappan Dam,Ohio,40.356622,-81.225946,03127986,Standingstone Fork above Tappan Lake OH,40.31166667,-81.1152778,10.63,2015-06-24,2026-09-27,11,4011
1619,Clendening Dam,Ohio,40.270656,-81.279319,03126395,Brushy Fork above Clendening Lake OH,40.24777778,-81.1483333,11.4,2015-06-30,2026-09-27,11,4041
1804,Cowans Ford,North Carolina,35.435689,-80.952083,0214267602,"CATAWBA RIVER DNSTRM DECK MTN IS DAM NR MTN IS, NC",35.33400556,-80.9864083,11.73,2015-05-30,2026-09-27,11,2806
1636,Senecaville Dam,Ohio,39.924326,-81.433961,03140853,Seneca Fork above Senecaville Lake OH,39.86388889,-81.3208333,11.76,2015-06-29,2026-09-27,11,3893
1606,Atwood Dam,Ohio,40.523591,-81.277152,03119979,Bear Hole Run near Carrollton OH,40.52888889,-81.1369444,11.87,2015-06-22,2026-09-27,11,4007
1636,Senecaville Dam,Ohio,39.924326,-81.433961,03140900,South Fork above Senecaville Lake OH,39.85277778,-81.3286111,12.0,2015-06-24,2026-09-27,11,3998
1863,Buford,Georgia,34.16084,-84.072357,02334654,"CHATTAHOOCHEE R 0.5 MI US MCGINNIS FY SUWANEE, GA",34.05388889,-84.1052778,12.27,2015-10-27,2026-09-28,11,3967
1188,Mountain Creek Dam,Texas,32.730483,-96.94375,08057000,"Trinity Rv at Dallas, TX",32.7748517,-96.8219464,12.41,2014-10-31,2025-03-11,11,2763
1595,Lake Mohawk Dam,Ohio,40.672896,-81.193735,03120961,Unnamed Tributary near Dellroy OH,40.56805556,-81.2572222,12.83,2015-06-22,2026-09-27,11,3877
1595,Lake Mohawk Dam,Ohio,40.672896,-81.193735,03120820,Indian Fork at Dellroy OH,40.5536111,-81.1847222,13.29,2015-06-22,2026-09-27,11,4077
1617,Tappan Dam,Ohio,40.356622,-81.225946,03126395,Brushy Fork above Clendening Lake OH,40.24777778,-81.1483333,13.78,2015-06-30,2026-09-27,11,4041
1606,Atwood Dam,Ohio,40.523591,-81.277152,03119971,North Fork McGuire Creek near Carrollton OH,40.5133333,-81.1127778,13.94,2015-06-22,2026-09-27,11,4006
1620,Piedmont Dam,Ohio,40.191827,-81.218352,03125338,Stillwater Creek above Piedmont Lake OH,40.08416667,-81.1272222,14.26,2015-06-30,2026-09-27,11,4098
1617,Tappan Dam,Ohio,40.356622,-81.225946,03119341,McGuire Creek above Leesville Lake OH,40.46166667,-81.1255556,14.45,2015-06-26,2026-09-27,11,3975
1606,Atwood Dam,Ohio,40.523591,-81.277152,03119341,McGuire Creek above Leesville Lake OH,40.46166667,-81.1255556,14.55,2015-06-26,2026-09-27,11,3975
1619,Clendening Dam,Ohio,40.270656,-81.279319,03127986,Standingstone Fork above Tappan Lake OH,40.31166667,-81.1152778,14.64,2015-06-24,2026-09-27,11,4011
1619,Clendening Dam,Ohio,40.270656,-81.279319,03127989,Beaverdam Run above Tappan Lake OH,40.34694444,-81.1266667,15.48,2015-06-25,2026-09-27,11,3985
72,Scoggins Reservoir,Oregon,45.47449,-123.199777,453113123003501,"DAIRY CREEK AT HWY 8, HILLSBORO, OR",45.52022699,-123.0110247,15.57,2001-05-10,2012-05-03,11,3406
974,Longview Dam,Missouri,38.92201,-94.465654,06893890,"East Fork Little Blue River near Blue Springs, MO",39.02556175,-94.3438385,15.6,2009-12-01,2020-06-09,11,3800
1619,Clendening Dam,Ohio,40.270656,-81.279319,03127980,Clear Fork above Tappan Lake OH,40.3386111,-81.11388889,15.93,2015-06-30,2026-09-27,11,4086
1620,Piedmont Dam,Ohio,40.191827,-81.218352,03127986,Standingstone Fork above Tappan Lake OH,40.31166667,-81.1152778,15.94,2015-06-24,2026-09-27,11,4011
1595,Lake Mohawk Dam,Ohio,40.672896,-81.193735,03119979,Bear Hole Run near Carrollton OH,40.52888889,-81.1369444,16.72,2015-06-22,2026-09-27,11,4007
300,Tiber Dike,Montana,48.322931,-111.102097,06101630,"Marias River at Highway 223 bridge near Chester,MT",48.26,-110.8916667,17.07,2015-03-27,2026-09-27,11,2573
1620,Piedmont Dam,Ohio,40.191827,-81.218352,03127980,Clear Fork above Tappan Lake OH,40.3386111,-81.11388889,18.57,2015-06-30,2026-09-27,11,4086
1302,Canyon Lake,Texas,29.871728,-98.19971,294300098080001,DX-68-23-301 (Comal 1),29.71277778,-98.1375,18.67,2013-07-04,2024-04-04,11,2864
1620,Piedmont Dam,Ohio,40.191827,-81.218352,03127989,Beaverdam Run above Tappan Lake OH,40.34694444,-81.1266667,18.92,2015-06-25,2026-09-27,11,3985
1595,Lake Mohawk Dam,Ohio,40.672896,-81.193735,03119971,North Fork McGuire Creek near Carrollton OH,40.5133333,-81.1127778,19.01,2015-06-22,2026-09-27,11,4006
1617,Tappan Dam,Ohio,40.356622,-81.225946,03119971,North Fork McGuire Creek near Carrollton OH,40.5133333,-81.1127778,19.88,2015-06-22,2026-09-27,11,4006
390,Ririe,Idaho,43.580736,-111.740813,13038500,SNAKE RIVER AT LORENZO ID,43.73527778,-111.87805556,20.43,2004-09-30,2015-09-30,11,3546
1617,Tappan Dam,Ohio,40.356622,-81.225946,03119979,Bear Hole Run near Carrollton OH,40.52888889,-81.1369444,20.58,2015-06-22,2026-09-27,11,4007
1197,Joe Pool Lake,Texas,32.642259,-96.988542,08057000,"Trinity Rv at Dallas, TX",32.7748517,-96.8219464,21.46,2014-10-31,2025-03-11,11,2763
1617,Tappan Dam,Ohio,40.356622,-81.225946,03120820,Indian Fork at Dellroy OH,40.5536111,-81.1847222,22.18,2015-06-22,2026-09-27,11,4077
1606,Atwood Dam,Ohio,40.523591,-81.277152,03127989,Beaverdam Run above Tappan Lake OH,40.34694444,-81.1266667,23.41,2015-06-25,2026-09-27,11,3985
1617,Tappan Dam,Ohio,40.356622,-81.225946,03120961,Unnamed Tributary near Dellroy OH,40.56805556,-81.2572222,23.66,2015-06-22,2026-09-27,11,3877
1595,Lake Mohawk Dam,Ohio,40.672896,-81.193735,03119341,McGuire Creek above Leesville Lake OH,40.46166667,-81.1255556,24.18,2015-06-26,2026-09-27,11,3975
1619,Clendening Dam,Ohio,40.270656,-81.279319,03125338,Stillwater Creek above Piedmont Lake OH,40.08416667,-81.1272222,24.43,2015-06-30,2026-09-27,11,4098
1606,Atwood Dam,Ohio,40.523591,-81.277152,03127980,Clear Fork above Tappan Lake OH,40.3386111,-81.11388889,24.78,2015-06-30,2026-09-27,11,4086
1617,Tappan Dam,Ohio,40.356622,-81.225946,03120869,Willow Run near Dellroy OH,40.57805556,-81.1927778,24.78,2015-07-01,2026-09-27,11,4105
1619,Clendening Dam,Ohio,40.270656,-81.279319,03119341,McGuire Creek above Leesville Lake OH,40.46166667,-81.1255556,24.92,2015-06-26,2026-09-27,11,3975
1606,Atwood Dam,Ohio,40.523591,-81.277152,03127986,Standingstone Fork above Tappan Lake OH,40.31166667,-81.1152778,27.26,2015-06-24,2026-09-27,11,4011
911,Red Rock Dam,Iowa,41.369935,-92.982345,05487520,"Des Moines River near Swan, IA",41.48938889,-93.2782222,28.02,2011-10-01,2022-10-17,11,3793
1790,Lookout Shoals,North Carolina,35.757868,-81.090611,0214244102,"CATAWBA RIVER BL LOOKOUT SHOALS DAM NR SHARON, NC",35.75719444,-81.08915,0.15,2016-04-01,2026-09-27,10,2606
1842,Fishing Creek,South Carolina,34.60297,-80.890625,02147310,"CATAWBA RIVER AT GREAT FALLS, SC",34.598056,-80.890556,0.55,2016-06-17,2026-09-27,10,2614
1789,Rhodhiss,North Carolina,35.772803,-81.439986,02141500,"CATAWBA RIVER AT RHODHISS, NC",35.77262778,-81.4306556,0.84,2016-10-06,2026-09-27,10,2386
1804,Cowans Ford,North Carolina,35.435689,-80.952083,0214264790,"CATAWBA R AT RR BRIDGE AB NC 73 AT COWANS FORD, NC",35.4277333,-80.9573417,1.0,2016-06-29,2026-09-27,10,2527
969,Blue Springs Dam,Missouri,39.014258,-94.335427,06893830,"Adair Creek at Independence, MO",39.03777778,-94.3633333,3.56,2008-10-07,2018-01-30,10,3398
1300,Lake Houston Dam,Texas,29.920584,-95.132778,295554095093402,"Lk Hou at Jack's Ditch (Site 2) nr Houston, TX",29.93825,-95.1667778,3.82,2014-11-25,2024-11-05,10,3153
1842,Fishing Creek,South Carolina,34.60297,-80.890625,021474095,"GREAT FALLS RESERVOIR TAILRACE BL GREAT FALLS, SC",34.55801667,-80.8935,5.01,2016-03-25,2026-09-27,10,2722
7214,Ridges Basin,Colorado,37.219426,-107.896538,09361500,"ANIMAS RIVER AT DURANGO, CO",37.279167,-107.879722,6.81,2016-04-06,2026-09-27,10,3176
1842,Fishing Creek,South Carolina,34.60297,-80.890625,02147505,"CEDAR CREEK RES TAILRACE BELOW GREAT FALLS, SC",34.541111,-80.875278,7.02,2016-08-30,2026-09-27,10,2527
59,Lake Tapps Dike 2-B,Washington,47.191381,-122.163202,12101102,"WHITE RIVER AT 24TH ST E AT DIERINGER, WA",47.23555556,-122.236111,7.38,2016-06-08,2026-09-27,10,3664
468,Dixon Canyon,Colorado,40.589614,-105.164661,06752260,"CACHE LA POUDRE RIVER AT FORT COLLINS, CO",40.588083,-105.069222,8.06,1989-09-30,1999-09-29,10,2949
1809,Mountain Island,North Carolina,35.339583,-80.985417,0214264790,"CATAWBA R AT RR BRIDGE AB NC 73 AT COWANS FORD, NC",35.4277333,-80.9573417,10.13,2016-06-29,2026-09-27,10,2527
1786,Oxford,North Carolina,35.821759,-81.194332,0214244102,"CATAWBA RIVER BL LOOKOUT SHOALS DAM NR SHARON, NC",35.75719444,-81.08915,11.9,2016-04-01,2026-09-27,10,2606
1862,Allatoona Lake Dam and Powerhouse,Georgia,34.164969,-84.726313,02394682,"RICHLAND CREEK AT OLD DALLAS RD, NEAR DALLAS, GA",34.0789722,-84.8544444,15.18,2016-01-28,2026-09-27,10,3821
974,Longview Dam,Missouri,38.92201,-94.465654,06893830,"Adair Creek at Independence, MO",39.03777778,-94.3633333,15.62,2008-10-07,2018-01-30,10,3398
1295,Conroe Dam,Texas,30.360417,-95.564583,08068000,"W Fk San Jacinto Rv nr Conroe, TX",30.24465738,-95.4571616,16.49,2014-02-06,2024-12-15,10,3921
180,Warm Springs Dam,California,38.718758,-123.011209,383930122494801,009N009W02F001M,38.65835833,-122.82993056,17.11,2016-10-18,2026-09-28,10,3630
1188,Mountain Creek Dam,Texas,32.730483,-96.94375,08057410,"Trinity Rv bl Dallas, TX",32.70763139,-96.7358319,19.62,2015-02-11,2025-03-11,10,2656
1786,Oxford,North Carolina,35.821759,-81.194332,02141500,"CATAWBA RIVER AT RHODHISS, NC",35.77262778,-81.4306556,22.0,2016-10-06,2026-09-27,10,2386
574,Lemon,Colorado,37.382549,-107.659343,09361500,"ANIMAS RIVER AT DURANGO, CO",37.279167,-107.879722,22.62,2016-04-06,2026-09-27,10,3176
42,Diablo,Washington,48.714583,-121.13032,12179900,"BACON CREEK BELOW OAKES CREEK NEAR MARBLEMOUNT, WA",48.6045268,-121.3995491,23.25,2016-10-01,2026-09-27,10,3579
1257,Simon Freese Dam,Texas,31.502318,-99.669008,08136500,"Concho Rv at Paint Rock, TX",31.5159908,-99.9195226,23.8,2001-02-07,2011-10-25,10,3360
89,Cougar,Oregon,44.126141,-122.240036,14158740,"MCKENZIE RIVER BL PAYNE CR, NR BELKNAP SPRINGS, OR",44.28638889,-122.0368056,24.08,2016-09-02,2026-09-28,10,3679
1183,Rockwall Forney Dam,Texas,32.802749,-96.501952,08057410,"Trinity Rv bl Dallas, TX",32.70763139,-96.7358319,24.29,2015-02-11,2025-03-11,10,2656
1197,Joe Pool Lake,Texas,32.642259,-96.988542,08057410,"Trinity Rv bl Dallas, TX",32.70763139,-96.7358319,24.74,2015-02-11,2025-03-11,10,2656
88,Blue River Dam,Oregon,44.17358,-122.328125,14158740,"MCKENZIE RIVER BL PAYNE CR, NR BELKNAP SPRINGS, OR",44.28638889,-122.0368056,26.38,2016-09-02,2026-09-28,10,3679
1890,Pinopolis West Dam,South Carolina,33.240867,-79.999023,021720508,"COOPER RIVER ABOVE GOOSE CREEK, SC",33.01577778,-79.90675,26.46,2016-06-22,2026-09-27,10,3738
1852,Wateree,South Carolina,34.336709,-80.702952,02147505,"CEDAR CREEK RES TAILRACE BELOW GREAT FALLS, SC",34.541111,-80.875278,27.68,2016-08-30,2026-09-27,10,2527
41,Ross,Washington,48.732466,-121.067305,12179900,"BACON CREEK BELOW OAKES CREEK NEAR MARBLEMOUNT, WA",48.6045268,-121.3995491,28.24,2016-10-01,2026-09-27,10,3579
575,Vallecito,Colorado,37.377799,-107.572064,09361500,"ANIMAS RIVER AT DURANGO, CO",37.279167,-107.879722,29.33,2016-04-06,2026-09-27,10,3176
1786,Oxford,North Carolina,35.821759,-81.194332,0214196125,"CATAWBA RIVER AT NC HIGHWAY 16 NR MILLERSVILLE, NC",35.8218972,-81.1903833,0.36,2017-04-01,2026-09-27,9,2308
1585,Beltzville Dam,Pennsylvania,40.84943,-75.637744,01449800,"Pohopoco Cr bl Beltzville Dam nr Parryville, PA",40.84564756,-75.6457437,0.79,2017-10-01,2026-09-27,9,3266
1916,Jim Woodruff Dam,Florida,30.708037,-84.866115,02358000,APALACHICOLA RIVER AT CHATTAHOOCHEE FLA,30.7010251,-84.8590871,1.03,2017-03-30,2026-09-27,9,3233
1615,Blue Marsh Dam,Pennsylvania,40.382474,-76.034375,01470960,Tulpehocken Cr at Blue Marsh Damsite near Reading,40.37056658,-76.025192,1.54,2017-10-01,2026-09-27,9,3265
1790,Lookout Shoals,North Carolina,35.757868,-81.090611,0214196125,"CATAWBA RIVER AT NC HIGHWAY 16 NR MILLERSVILLE, NC",35.8218972,-81.1903833,11.48,2017-04-01,2026-09-27,9,2308
1615,Blue Marsh Dam,Pennsylvania,40.382474,-76.034375,01470779,"Tulpehocken Creek near Bernville, PA",40.4133443,-76.1715854,12.12,2017-10-01,2026-09-27,9,3231
1831,Blewett Falls,North Carolina,34.983522,-79.879,02129375,"PEE DEE RIVER ABOVE JONES CREEK NEAR CORDOVA, NC",34.8662583,-79.878925,13.04,2017-05-20,2026-09-27,9,2000
1691,Burnsville Lake Dam,West Virginia,38.840775,-80.617632,03057300,"WEST FORK RIVER AT WALKERSVILLE, WV",38.86870938,-80.4578658,14.18,2017-10-01,2026-09-28,9,2891
1300,Lake Houston Dam,Texas,29.920584,-95.132778,08067074,"CWA Canal at Thompson Rd nr Baytown, TX",29.80674444,-95.0323972,15.94,2012-07-20,2021-11-17,9,3371
1828,Chatuge,North Carolina,35.016806,-83.79203,03544970,"HIWASSEE RIVER AT RIVERSIDE DR, NR HIAWASSEE, GA",34.8836111,-83.7223056,16.12,2011-09-29,2020-09-30,9,3243
92,Fall Creek,Oregon,43.944837,-122.7552,14164550,"CAMP CRK AT CAMP CRK RD BRIDGE, NR SPRINGFIELD, OR",44.07066667,-122.8846667,17.41,2017-07-12,2026-09-28,9,3318
93,Dexter,Oregon,43.922071,-122.805208,14164550,"CAMP CRK AT CAMP CRK RD BRIDGE, NR SPRINGFIELD, OR",44.07066667,-122.8846667,17.7,2017-07-12,2026-09-28,9,3318
93,Dexter,Oregon,43.922071,-122.805208,14164700,"CEDAR CREEK AT SPRINGFIELD, OR",44.059348,-122.9196644,17.8,2017-07-11,2026-09-28,9,3346
92,Fall Creek,Oregon,43.944837,-122.7552,14164700,"CEDAR CREEK AT SPRINGFIELD, OR",44.059348,-122.9196644,18.31,2017-07-11,2026-09-28,9,3346
94,Lookout Point,Oregon,43.913909,-122.750316,14164550,"CAMP CRK AT CAMP CRK RD BRIDGE, NR SPRINGFIELD, OR",44.07066667,-122.8846667,20.48,2017-07-12,2026-09-28,9,3318
94,Lookout Point,Oregon,43.913909,-122.750316,14164700,"CEDAR CREEK AT SPRINGFIELD, OR",44.059348,-122.9196644,21.1,2017-07-11,2026-09-28,9,3346
1862,Allatoona Lake Dam and Powerhouse,Georgia,34.164969,-84.726313,02392000,"ETOWAH RIVER AT CANTON, GA",34.24019444,-84.4945278,22.9,2014-05-09,2023-08-15,9,2941
1789,Rhodhiss,North Carolina,35.772803,-81.439986,0214196125,"CATAWBA RIVER AT NC HIGHWAY 16 NR MILLERSVILLE, NC",35.8218972,-81.1903833,23.16,2017-04-01,2026-09-27,9,2308
89,Cougar,Oregon,44.126141,-122.240036,14158798,SMITH RIVER ABV TRAIL BRDG RESV NR BELKNAP SPRINGS,44.28988889,-122.0485833,23.76,2017-08-10,2026-09-28,9,3337
1916,Jim Woodruff Dam,Florida,30.708037,-84.866115,02357150,"SPRING CREEK NEAR REYNOLDSVILLE, GA",30.903,-84.7495,24.37,2017-05-16,2026-09-27,9,3417
88,Blue River Dam,Oregon,44.17358,-122.328125,14158798,SMITH RIVER ABV TRAIL BRDG RESV NR BELKNAP SPRINGS,44.28988889,-122.0485833,25.75,2017-08-10,2026-09-28,9,3337
1863,Buford,Georgia,34.16084,-84.072357,02208130,"SHOAL CREEK AT PAPER MILL RD, NR LAWRENCEVILLE, GA",33.9497222,-83.9483333,26.11,2005-10-01,2014-07-01,9,3157
1863,Buford,Georgia,34.16084,-84.072357,02205522,"PEW CREEK AT PATTERSON RD, NEAR LAWRENCEVILLE, GA",33.92588889,-84.0378056,26.32,2005-09-17,2014-07-02,9,3182
151,Stampede,California,39.473759,-120.106838,10348000,"TRUCKEE RV AT RENO, NV",39.53018865,-119.7954684,27.44,1989-08-26,1998-09-29,9,2744
1916,Jim Woodruff Dam,Florida,30.708037,-84.866115,02358795,"JACKSON BLUE SPRING NR MARIANNA, FL",30.79046943,-85.1407611,27.8,2017-01-20,2026-09-27,9,3034
89,Cougar,Oregon,44.126141,-122.240036,14158790,"SMITH RIVER ABV SMITH R RESV,NR BELKNAP SPRNGS,OR",44.3345666,-122.0470074,27.81,2017-07-14,2026-09-28,9,3364
88,Blue River Dam,Oregon,44.17358,-122.328125,14158790,"SMITH RIVER ABV SMITH R RESV,NR BELKNAP SPRNGS,OR",44.3345666,-122.0470074,28.67,2017-07-14,2026-09-28,9,3364
1185,Lake Weatherford Dam,Texas,32.773196,-97.677083,08090800,"Brazos Rv nr Dennis, TX",32.61568907,-97.9258703,29.13,1986-10-01,1995-09-29,9,3155
1864,Enid Dam,Mississippi,34.151653,-89.90447,340841090134701,119M0072 QUITMAN (Allen),34.1447222,-90.2296944,29.94,2016-09-29,2025-07-29,9,3161
1864,Enid Dam,Mississippi,34.151653,-89.90447,07280010,"TALLAHATCHIE RIVER AT ALLEN, MS",34.14463889,-90.2301111,29.98,2016-10-06,2025-07-29,9,2980
1827,Winthrop University Dam,South Carolina,35.022443,-81.010741,02145910,"CATAWBA RIVER BL LAKE WYLIE DAM FEWELL ISLAND, SC",35.01641944,-81.00156389,1.07,2018-04-01,2026-09-27,8,2099
219,Calaveras,California,37.489583,-121.822917,11172955,ALAMEDA C BL DIV DAM NR SUNOL CA,37.4986111,-121.7794444,3.96,2015-11-24,2023-07-04,8,2445
41,Ross,Washington,48.732466,-121.067305,12172000,"BIG BEAVER CREEK NEAR NEWHALEM, WA",48.7775862,-121.073432,5.04,2018-06-27,2026-09-27,8,3009
41,Ross,Washington,48.732466,-121.067305,12173500,"RUBY CREEK BELOW PANTHER CREEK NEAR NEWHALEM, WA",48.7081426,-120.9773162,7.13,2018-05-01,2026-09-27,8,3034
399,Pilot Butte,Wyoming,43.195527,-108.760417,430834108423201,2N-01E-13cdc01 Streambank well at station 06227600,43.14277778,-108.7088889,7.2,2009-12-08,2017-11-13,8,2866
42,Diablo,Washington,48.714583,-121.13032,12172000,"BIG BEAVER CREEK NEAR NEWHALEM, WA",48.7775862,-121.073432,8.15,2018-06-27,2026-09-27,8,3009
216,James H. Turner,California,37.57207,-121.847584,11172955,ALAMEDA C BL DIV DAM NR SUNOL CA,37.4986111,-121.7794444,10.14,2015-11-24,2023-07-04,8,2445
42,Diablo,Washington,48.714583,-121.13032,12178100,"NEWHALEM CREEK NEAR NEWHALEM, WA",48.66012536,-121.2476233,10.53,2017-10-01,2025-08-24,8,2195
42,Diablo,Washington,48.714583,-121.13032,12173500,"RUBY CREEK BELOW PANTHER CREEK NEAR NEWHALEM, WA",48.7081426,-120.9773162,11.25,2018-05-01,2026-09-27,8,3034
437,Arthur V. Watkins,Utah,41.376955,-112.130397,10141000,"WEBER RIVER NEAR PLAIN CITY, UT",41.2782765,-112.0918866,11.43,2018-09-28,2026-09-27,8,2218
56,Howard A. Hanson Dam,Washington,47.277406,-121.783969,12115500,"REX RIVER NEAR CEDAR FALLS, WA",47.35063398,-121.6631392,12.22,2018-09-14,2026-09-27,8,2894
56,Howard A. Hanson Dam,Washington,47.277406,-121.783969,12117000,"TAYLOR CREEK NEAR SELLECK, WA",47.38646539,-121.846201,13.0,2018-09-30,2026-09-27,8,2826
213,Del Valle,California,37.613313,-121.744035,11172955,ALAMEDA C BL DIV DAM NR SUNOL CA,37.4986111,-121.7794444,13.13,2015-11-24,2023-07-04,8,2445
952,Lovewell,Kansas,39.886843,-98.028963,06853500,"REPUBLICAN R NR HARDY, NE",39.9936611,-97.9318583,14.48,2018-09-27,2026-09-27,8,1989
41,Ross,Washington,48.732466,-121.067305,12178100,"NEWHALEM CREEK NEAR NEWHALEM, WA",48.66012536,-121.2476233,15.49,2017-10-01,2025-08-24,8,2195
56,Howard A. Hanson Dam,Washington,47.277406,-121.783969,12116400,"CEDAR RIVER AT POWERPLANT AT CEDAR FALLS, WA",47.41871388,-121.781498,15.71,2018-10-13,2026-09-27,8,2903
56,Howard A. Hanson Dam,Washington,47.277406,-121.783969,12116100,"CANYON CREEK NEAR CEDAR FALLS, WA",47.4195473,-121.7664977,15.86,2018-09-28,2026-09-27,8,2888
55,Keechelus,Washington,47.323654,-121.340171,12114500,"CEDAR RIVER BELOW BEAR CREEK NEAR CEDAR FALLS, WA",47.34202406,-121.5489688,15.87,2018-09-25,2026-09-27,8,2797
1300,Lake Houston Dam,Texas,29.920584,-95.132778,294643095035200,"Lynchburg Res nr CWA Canal Inflow nr Baytown, TX",29.7785861,-95.0644278,17.11,2016-08-20,2024-11-12,8,2967
744,Birch Lake,Minnesota,47.813354,-91.784897,474428091594601,WLN08     61N13W28ADBB01  Babbitt CRN  0000786137,47.7412611,-91.9961167,17.7,2016-12-02,2024-08-15,8,2634
56,Howard A. Hanson Dam,Washington,47.277406,-121.783969,12117500,"CEDAR RIVER NEAR LANDSBURG, WA",47.39368648,-121.9545378,18.23,2018-09-05,2026-09-27,8,2933
56,Howard A. Hanson Dam,Washington,47.277406,-121.783969,12114500,"CEDAR RIVER BELOW BEAR CREEK NEAR CEDAR FALLS, WA",47.34202406,-121.5489688,19.12,2018-09-25,2026-09-27,8,2797
192,Beardsley,California,38.206297,-120.072817,11294500,NF STANISLAUS R NR AVERY CA,38.2438067,-120.2910282,19.51,1990-06-14,1998-09-30,8,2858
957,Cherry Creek Dam,Colorado,39.646658,-104.8599,06714215,"SOUTH PLATTE R AT 64TH AVE. COMMERCE CITY, CO.",39.812222,-104.957778,20.22,2018-10-02,2026-09-27,8,2905
7214,Ridges Basin,Colorado,37.219426,-107.896538,09363500,"ANIMAS RIVER NEAR CEDAR HILL, NM",37.03656944,-107.8753333,20.42,2016-03-08,2024-10-09,8,2770
438,Pineview,Utah,41.254826,-111.841795,10141000,"WEBER RIVER NEAR PLAIN CITY, UT",41.2782765,-112.0918866,21.06,2018-09-28,2026-09-27,8,2218
1863,Buford,Georgia,34.16084,-84.072357,02389150,"ETOWAH RIVER AT GA 9, NEAR DAWSONVILLE, GA",34.3575833,-84.1135833,22.2,2018-06-23,2026-09-27,8,2890
508,Marston Lake North Dam,Colorado,39.624824,-105.057908,06714215,"SOUTH PLATTE R AT 64TH AVE. COMMERCE CITY, CO.",39.812222,-104.957778,22.53,2018-10-02,2026-09-27,8,2905
505,Ralston,Colorado,39.832745,-105.241537,06714215,"SOUTH PLATTE R AT 64TH AVE. COMMERCE CITY, CO.",39.812222,-104.957778,24.34,2018-10-02,2026-09-27,8,2905
55,Keechelus,Washington,47.323654,-121.340171,12115500,"REX RIVER NEAR CEDAR FALLS, WA",47.35063398,-121.6631392,24.52,2018-09-14,2026-09-27,8,2894
967,Perry Dam,Kansas,39.111675,-95.432391,06888990,"KANSAS R AB TOPEKA WEIR AT TOPEKA, KS",39.07194435,-95.7163715,24.9,2018-11-16,2026-09-28,8,2727
1615,Blue Marsh Dam,Pennsylvania,40.382474,-76.034375,01471875,"Manatawny Creek near Spangsville, PA",40.339538,-75.7421359,25.22,2018-09-28,2026-09-27,8,2914
2186,Quabbin Winsor Dam,Massachusetts,42.286673,-72.340877,01173000,"WARE RIVER AT INTAKE WORKS NEAR BARRE, MA",42.39120167,-72.0650774,25.47,2018-10-09,2026-09-27,8,2904
1863,Buford,Georgia,34.16084,-84.072357,02388985,"RUSSELL CRK 0.3 MI DS HEAD LAKE NR DAWSONVILLE, GA",34.3986111,-84.0566667,26.48,2018-07-12,2026-09-27,8,2972
551,Main Strawberry,California,38.197774,-119.985074,11294500,NF STANISLAUS R NR AVERY CA,38.2438067,-120.2910282,27.21,1990-06-14,1998-09-30,8,2858
57,Kachess,Washington,47.265956,-121.205208,12114500,"CEDAR RIVER BELOW BEAR CREEK NEAR CEDAR FALLS, WA",47.34202406,-121.5489688,27.27,2018-09-25,2026-09-27,8,2797
6865,Winton Dam,Minnesota,47.932504,-91.763742,474428091594601,WLN08     61N13W28ADBB01  Babbitt CRN  0000786137,47.7412611,-91.9961167,27.44,2016-12-02,2024-08-15,8,2634
59,Lake Tapps Dike 2-B,Washington,47.191381,-122.163202,12117500,"CEDAR RIVER NEAR LANDSBURG, WA",47.39368648,-121.9545378,27.45,2018-09-05,2026-09-27,8,2933
1863,Buford,Georgia,34.16084,-84.072357,02335400,"CHATTAHOOCHEE R 0.39 MI DS GA140, ALPHARETTA, GA",33.97305556,-84.26888889,27.64,2018-04-28,2026-09-28,8,3069
1863,Buford,Georgia,34.16084,-84.072357,02335405,"CHATTAHOOCHEE R 0.47 MI DS GA140, ALPHARETTA, GA",33.9733333,-84.27,27.68,2018-04-30,2026-09-27,8,3039
1863,Buford,Georgia,34.16084,-84.072357,02388975,"ETOWAH RIVER AT GA 136, NEAR LANDDRUM, GA",34.4090833,-84.0198056,28.02,2018-07-25,2026-09-27,8,2979
398,Bull Lake,Wyoming,43.209951,-109.044413,430834108423201,2N-01E-13cdc01 Streambank well at station 06227600,43.14277778,-108.7088889,28.21,2009-12-08,2017-11-13,8,2866
186,Salt Springs,California,38.498886,-120.213696,11294500,NF STANISLAUS R NR AVERY CA,38.2438067,-120.2910282,29.15,1990-06-14,1998-09-30,8,2858
111,Howard Prairie,Oregon,42.217605,-122.378342,11510700,"KLAMATH RIVER BLW JOHN C.BOYLE PWRPLNT, NR KENO,OR",42.0845877,-122.0733453,29.17,2018-10-31,2026-09-28,8,2888
511,Chatfield Dam,Colorado,39.55497,-105.05625,06714215,"SOUTH PLATTE R AT 64TH AVE. COMMERCE CITY, CO.",39.812222,-104.957778,29.82,2018-10-02,2026-09-27,8,2905
399,Pilot Butte,Wyoming,43.195527,-108.760417,06227600,"WIND RIVER NEAR KINNEAR, WY",43.14277778,-108.7088889,7.2,2010-03-04,2017-06-15,7,2172
1650,Tom Jenkins Dam,Ohio,39.539648,-82.056248,03158200,Monday Creek at Doanville OH,39.43534835,-82.1915365,16.41,1999-09-30,2006-09-29,7,2422
72,Scoggins Reservoir,Oregon,45.47449,-123.199777,14206241,"TUALATIN RIVER AT HWY 219 NEAR HILLSBORO, OR",45.50038889,-122.99094444,16.53,2019-04-18,2026-09-28,7,2717
1863,Buford,Georgia,34.16084,-84.072357,02205000,"WILDCAT CREEK NEAR LAWRENCEVILLE, GA",34.00194444,-84.005,18.73,2019-09-06,2026-09-27,7,2579
1088,Greenbelt Dam,Texas,35.00625,-100.898875,07299890,"Lelia Lk Ck bl Bell Ck nr Hedley, TX",34.93560669,-100.6965246,20.04,1997-08-01,2004-09-30,7,2460
1037,Skiatook Lake,Oklahoma,36.350468,-96.090323,07178000,"Bird Creek near Owasso, OK",36.24870534,-95.867213,22.97,1999-09-30,2006-07-06,7,2418
998,John Martin Dam,Colorado,38.064582,-102.939585,07128500,"PURGATOIRE RIVER NEAR LAS ANIMAS, CO",38.0342222,-103.2014167,23.17,1989-09-30,1996-09-29,7,2482
131,Trinity,California,40.802949,-122.760687,11525854,TRINITY R A DOUGLAS CITY CA,40.64527778,-122.9566667,24.09,2019-10-01,2026-09-28,7,2400
1032,Oologah Lake,Oklahoma,36.424078,-95.679416,07178000,"Bird Creek near Owasso, OK",36.24870534,-95.867213,25.75,1999-09-30,2006-07-06,7,2418
976,Cedar Bluff,Kansas,38.785402,-99.72388,06861000,"SMOKY HILL R NR ARNOLD, KS",38.80778889,-100.0222667,25.98,2019-11-19,2026-09-28,7,1535
761,Upper Rice Lake,Minnesota,47.380974,-95.314536,473426095052305,533E      Bemidji Toxics Research Site,47.5738361,-95.0899472,27.29,2019-10-19,2026-06-06,7,2372
398,Bull Lake,Wyoming,43.209951,-109.044413,06227600,"WIND RIVER NEAR KINNEAR, WY",43.14277778,-108.7088889,28.21,2010-03-04,2017-06-15,7,2172
423,Fontenelle,Wyoming,42.028371,-110.065625,09211200,"GREEN RIVER BELOW FONTENELLE RESERVOIR, WY",42.0209722,-110.0498056,1.54,2020-05-05,2026-09-27,6,1379
519,Sugar Loaf,Colorado,39.253663,-106.371408,07081200,"ARKANSAS RIVER NEAR LEADVILLE, CO",39.249,-106.3481111,2.07,1990-05-12,1996-09-29,6,2307
1300,Lake Houston Dam,Texas,29.920584,-95.132778,295554095093401,"Lk Houston at mouth of Jack's Ditch nr Houston, TX",29.93825,-95.1667778,3.82,2008-09-30,2014-11-24,6,2153
72,Scoggins Reservoir,Oregon,45.47449,-123.199777,452731123092100,"SCOGGINS CREEK NEAR SW OLD HWY 47, NEAR GASTON, OR",45.4586111,-123.1559167,3.85,2020-08-06,2026-09-28,6,2224
288,Morrison,"Saskatchewan, CAN",49.032726,-105.43613,06178500,East Poplar River at international boundary,49.0,-105.409586,4.12,2020-10-01,2026-09-27,6,2165
157,Boca,California,39.391436,-120.095694,10345490,GRAY C NR FLORISTON CA,39.3726856,-120.0313073,5.91,2001-12-07,2007-03-14,6,1807
519,Sugar Loaf,Colorado,39.253663,-106.371408,07079300,"EF ARKANSAS R AT US HIGHWAY 24, NR LEADVILLE, CO.",39.2724892,-106.3064133,5.97,1990-05-12,1996-09-29,6,2192
163,Martis Creek Dam,California,39.325992,-120.113874,10345490,GRAY C NR FLORISTON CA,39.3726856,-120.0313073,8.8,2001-12-07,2007-03-14,6,1807
160,Prosser Creek,California,39.3785,-120.141076,10345490,GRAY C NR FLORISTON CA,39.3726856,-120.0313073,9.46,2001-12-07,2007-03-14,6,1807
183,Caples Lake,California,38.706229,-120.047917,10336580,UPPER TRUCKEE RV AT S UPPER TRUCKEE RD NR MEYERS,38.79629598,-120.0190718,10.32,1997-10-01,2003-09-29,6,2014
151,Stampede,California,39.473759,-120.106838,10345490,GRAY C NR FLORISTON CA,39.3726856,-120.0313073,12.98,2001-12-07,2007-03-14,6,1807
1714,Cave Run Lake Dam,Kentucky,38.114969,-83.530932,03250322,"ROCK LICK CR AT STATE HWY 158 NR SHARKEY, KY STA D",38.24730198,-83.5893567,15.58,2020-05-20,2026-09-27,6,1968
183,Caples Lake,California,38.706229,-120.047917,103366092,"UPPER TRUCKEE RV AT HWY 50 ABV MEYERS, CA",38.8485185,-120.0271275,15.92,1997-10-01,2003-09-29,6,1845
1129,North Fork Buffalo Creek Dam,Texas,33.987242,-98.758542,07312200,"Beaver Ck nr Electra, TX",33.90592785,-98.9050666,16.26,1996-06-08,2002-09-29,6,2212
516,Homestake Dam,Colorado,39.367482,-106.46163,07081200,"ARKANSAS RIVER NEAR LEADVILLE, CO",39.249,-106.3481111,16.4,1990-05-12,1996-09-29,6,2307
516,Homestake Dam,Colorado,39.367482,-106.46163,07079300,"EF ARKANSAS R AT US HIGHWAY 24, NR LEADVILLE, CO.",39.2724892,-106.3064133,17.02,1990-05-12,1996-09-29,6,2192
1699,Sutton Dam,West Virginia,38.661883,-80.690625,03194700,"ELK RIVER BELOW WEBSTER SPRINGS, WV",38.59732627,-80.4903644,18.82,2020-06-26,2026-09-28,6,2257
165,Donner Lake,California,39.323946,-120.241002,10345490,GRAY C NR FLORISTON CA,39.3726856,-120.0313073,18.83,2001-12-07,2007-03-14,6,1807
183,Caples Lake,California,38.706229,-120.047917,10336770,"TROUT CK AT USFS RD 12N01 NR MEYERS, CA",38.8632405,-119.9582367,19.11,1997-10-01,2003-09-29,6,1930
1033,Beaver,Arkansas,36.422916,-93.849219,07049050,"War Eagle Creek at War Eagle, AR",36.26757447,-93.9432535,19.22,2016-02-03,2022-04-25,6,2255
967,Perry Dam,Kansas,39.111675,-95.432391,06889000,"KANSAS R AT TOPEKA, KS",39.0666666,-95.6497028,19.41,1999-07-18,2005-09-29,6,1937
1890,Pinopolis West Dam,South Carolina,33.240867,-79.999023,02171639,"REDIVERSION CANAL TAILRACE AT ST. STEPHEN, SC",33.42683379,-79.9303544,21.64,2000-11-22,2006-09-29,6,2092
1863,Buford,Georgia,34.16084,-84.072357,02335700,"BIG CREEK NEAR ALPHARETTA, GA",34.05055556,-84.2694444,21.9,2016-04-29,2022-10-04,6,2340
1879,North Santee Dam,South Carolina,33.452083,-80.16573,02171639,"REDIVERSION CANAL TAILRACE AT ST. STEPHEN, SC",33.42683379,-79.9303544,22.02,2000-11-22,2006-09-29,6,2092
183,Caples Lake,California,38.706229,-120.047917,10336775,"TROUT CK AT PIONEER TRAIL NR SOUTH LAKE TAHOE, CA",38.90339444,-119.9688917,22.97,1997-10-01,2003-09-29,6,1803
1709,Summersville Dam,West Virginia,38.224185,-80.890208,03191982,"GAULEY RIVER BELOW RICH CREEK AT JODIE, WV",38.2267611,-81.1531556,22.97,2020-11-11,2026-09-28,6,2079
183,Caples Lake,California,38.706229,-120.047917,10336779,"COLD CK AT MOUTH, CA",38.91212985,-119.969348,23.89,1997-09-30,2003-09-29,6,2062
153,Independence,California,39.450598,-120.290738,10345490,GRAY C NR FLORISTON CA,39.3726856,-120.0313073,23.91,2001-12-07,2007-03-14,6,1807
524,Marlette Lake Dam,Nevada,39.173654,-119.90502,10345490,GRAY C NR FLORISTON CA,39.3726856,-120.0313073,24.66,2001-12-07,2007-03-14,6,1807
72,Scoggins Reservoir,Oregon,45.47449,-123.199777,14205350,"EF DAIRY CR ABV MURTAUGH CR NR MEACHAM CORNER, OR",45.69385556,-123.0700194,26.4,2020-08-29,2026-09-28,6,2203
1140,Lake Kemp Dam,Texas,33.754876,-99.148818,07312200,"Beaver Ck nr Electra, TX",33.90592785,-98.9050666,28.09,1996-06-08,2002-09-29,6,2212
179,Ice House,California,38.824184,-120.361604,103366092,"UPPER TRUCKEE RV AT HWY 50 ABV MEYERS, CA",38.8485185,-120.0271275,29.1,1997-10-01,2003-09-29,6,1845
1691,Burnsville Lake Dam,West Virginia,38.840775,-80.617632,03194700,"ELK RIVER BELOW WEBSTER SPRINGS, WV",38.59732627,-80.4903644,29.24,2020-06-26,2026-09-28,6,2257
524,Marlette Lake Dam,Nevada,39.173654,-119.90502,10336779,"COLD CK AT MOUTH, CA",38.91212985,-119.969348,29.61,1997-09-30,2003-09-29,6,2062
1683,William H. Harsha Lake Dam,Ohio,39.021119,-84.146664,03254695,"THREEMILE CREEK AT HWY 9 AT COVINGTON, KY",39.05242186,-84.48810859,29.7,2007-09-30,2013-06-13,6,1865
1145,Lake Kickapoo Dam,Texas,33.660121,-98.778238,07312200,"Beaver Ck nr Electra, TX",33.90592785,-98.9050666,29.74,1996-06-08,2002-09-29,6,2212
176,Loon Lake,California,39.001324,-120.309375,103366092,"UPPER TRUCKEE RV AT HWY 50 ABV MEYERS, CA",38.8485185,-120.0271275,29.75,1997-10-01,2003-09-29,6,1845
179,Ice House,California,38.824184,-120.361604,10336580,UPPER TRUCKEE RV AT S UPPER TRUCKEE RD NR MEYERS,38.79629598,-120.0190718,29.84,1997-10-01,2003-09-29,6,2014
1709,Summersville Dam,West Virginia,38.224185,-80.890208,03193000,"KANAWHA RIVER AT KANAWHA FALLS, WV",38.1381632,-81.2142745,29.9,2020-01-17,2026-09-28,6,2409
911,Red Rock Dam,Iowa,41.369935,-92.982345,05488110,"Des Moines River near Pella, IA",41.36416667,-92.9754722,0.86,2021-04-20,2026-09-28,5,1889
88,Blue River Dam,Oregon,44.17358,-122.328125,14162050,"NF QUARTZ CREEK NEAR BLUE RIVER, OR",44.1845,-122.3148056,1.61,2021-12-23,2026-09-28,5,1624
160,Prosser Creek,California,39.3785,-120.141076,10339419,TRUCKEE R AB PROSSER C NR TRUCKEE CA,39.36851817,-120.1149198,2.51,1993-03-24,1998-10-07,5,2003
157,Boca,California,39.391436,-120.095694,10339419,TRUCKEE R AB PROSSER C NR TRUCKEE CA,39.36851817,-120.1149198,3.04,1993-03-24,1998-10-07,5,2003
163,Martis Creek Dam,California,39.325992,-120.113874,10339419,TRUCKEE R AB PROSSER C NR TRUCKEE CA,39.36851817,-120.1149198,4.73,1993-03-24,1998-10-07,5,2003
524,Marlette Lake Dam,Nevada,39.173654,-119.90502,10336700,"INCLINE CK NR CRYSTAL BAY, NV",39.2401855,-119.9449106,8.16,2019-09-30,2024-09-30,5,1545
89,Cougar,Oregon,44.126141,-122.240036,14162050,"NF QUARTZ CREEK NEAR BLUE RIVER, OR",44.1845,-122.3148056,8.81,2021-12-23,2026-09-28,5,1624
974,Longview Dam,Missouri,38.92201,-94.465654,06893500,"Blue River at Kansas City, MO",38.957,-94.5588889,8.95,2005-09-30,2010-06-02,5,1205
987,Pueblo,Colorado,38.272917,-104.727382,07099971,"ARKANSAS RIVER BELOW MOFFAT STREET AT PUEBLO, CO",38.253275,-104.6028778,11.09,2021-05-27,2026-09-27,5,1901
151,Stampede,California,39.473759,-120.106838,10339419,TRUCKEE R AB PROSSER C NR TRUCKEE CA,39.36851817,-120.1149198,11.72,1993-03-24,1998-10-07,5,2003
165,Donner Lake,California,39.323946,-120.241002,10339419,TRUCKEE R AB PROSSER C NR TRUCKEE CA,39.36851817,-120.1149198,11.92,1993-03-24,1998-10-07,5,2003
1129,North Fork Buffalo Creek Dam,Texas,33.987242,-98.758542,07312130,"Wichita Rv at SH 25 nr Kamay, TX",33.86926267,-98.839231,15.08,1997-09-30,2002-09-29,5,1764
974,Longview Dam,Missouri,38.92201,-94.465654,06893562,"Brush Creek at Rockhill Road in Kansas City, MO",39.03925,-94.5787222,16.29,2005-09-30,2010-06-02,5,1206
163,Martis Creek Dam,California,39.325992,-120.113874,10336700,"INCLINE CK NR CRYSTAL BAY, NV",39.2401855,-119.9449106,17.39,2019-09-30,2024-09-30,5,1545
153,Independence,California,39.450598,-120.290738,10339419,TRUCKEE R AB PROSSER C NR TRUCKEE CA,39.36851817,-120.1149198,17.65,1993-03-24,1998-10-07,5,2003
423,Fontenelle,Wyoming,42.028371,-110.065625,09209400,"GREEN RIVER NEAR LA BARGE, WY",42.19269994,-110.1632544,19.97,2014-09-26,2019-11-28,5,1880
423,Fontenelle,Wyoming,42.028371,-110.065625,421134110094701,26-112-33bdc01 streambank well at station 09209400,42.19275278,-110.1629944,19.97,2015-03-14,2020-03-31,5,1724
1809,Mountain Island,North Carolina,35.339583,-80.985417,02146409,"LTL SUGAR CR AT MEDICAL CENTER DR AT CHARLOTTE, NC",35.2036111,-80.8369444,20.26,1999-04-15,2004-09-29,5,1818
969,Blue Springs Dam,Missouri,39.014258,-94.335427,06893500,"Blue River at Kansas City, MO",38.957,-94.5588889,20.34,2005-09-30,2010-06-02,5,1205
969,Blue Springs Dam,Missouri,39.014258,-94.335427,06893562,"Brush Creek at Rockhill Road in Kansas City, MO",39.03925,-94.5787222,21.2,2005-09-30,2010-06-02,5,1206
157,Boca,California,39.391436,-120.095694,10336700,"INCLINE CK NR CRYSTAL BAY, NV",39.2401855,-119.9449106,21.24,2019-09-30,2024-09-30,5,1545
160,Prosser Creek,California,39.3785,-120.141076,10336700,"INCLINE CK NR CRYSTAL BAY, NV",39.2401855,-119.9449106,22.83,2019-09-30,2024-09-30,5,1545
384,Jackson Lake,Wyoming,43.857485,-110.591126,13012475,"South Fork Spread Cr at mouth, nr Moran, WY",43.7634833,-110.3237861,23.86,2018-09-21,2023-07-28,5,1440
1145,Lake Kickapoo Dam,Texas,33.660121,-98.778238,07312130,"Wichita Rv at SH 25 nr Kamay, TX",33.86926267,-98.839231,23.93,1997-09-30,2002-09-29,5,1764
1827,Winthrop University Dam,South Carolina,35.022443,-81.010741,02146409,"LTL SUGAR CR AT MEDICAL CENTER DR AT CHARLOTTE, NC",35.2036111,-80.8369444,25.61,1999-04-15,2004-09-29,5,1818
165,Donner Lake,California,39.323946,-120.241002,10336700,"INCLINE CK NR CRYSTAL BAY, NV",39.2401855,-119.9449106,27.13,2019-09-30,2024-09-30,5,1545
1300,Lake Houston Dam,Texas,29.920584,-95.132778,08074598,"Whiteoak Bayou at Main St, Houston, TX",29.76661676,-95.358549,27.7,1992-05-14,1997-09-29,5,1904
1804,Cowans Ford,North Carolina,35.435689,-80.952083,02146409,"LTL SUGAR CR AT MEDICAL CENTER DR AT CHARLOTTE, NC",35.2036111,-80.8369444,27.84,1999-04-15,2004-09-29,5,1818
524,Marlette Lake Dam,Nevada,39.173654,-119.90502,10339419,TRUCKEE R AB PROSSER C NR TRUCKEE CA,39.36851817,-120.1149198,28.21,1993-03-24,1998-10-07,5,2003
151,Stampede,California,39.473759,-120.106838,10336700,"INCLINE CK NR CRYSTAL BAY, NV",39.2401855,-119.9449106,29.47,2019-09-30,2024-09-30,5,1545
