dam_id,dam_name,state,site_no,station_nm,tag,dist_km,begin,end,span_yr,n_daily
1831,Blewett Falls,North Carolina,0212880025,"PEE DEE RIVER BELOW POWERHOUSE DAM NR PEE DEE, NC",downstream,0.13,2011-07-14,2026-09-27,15,4071
1790,Lookout Shoals,North Carolina,0214244102,"CATAWBA RIVER BL LOOKOUT SHOALS DAM NR SHARON, NC",downstream,0.15,2016-04-01,2026-09-27,10,2606
204,Tulloch,California,11299997,STANISLAUS R BL TULLOCH PP NR KNIGHTS FERRY CA,downstream,0.3,1972-06-27,2023-06-07,51,17625
1042,Norfork,Arkansas,07060000,"North Fork Riv US of Dry Ck bl Norfork Dam, AR",downstream,0.32,2012-06-01,2026-09-27,14,3275
774,Baldhill,North Dakota,05058000,"SHEYENNE RIVER BELOW BALDHILL DAM, ND",downstream,0.37,1997-04-16,2026-09-27,29,10212
1026,Table Rock Dam,Missouri,07053450,"White River bl Table Rock Dam near Branson, MO",downstream,0.39,2000-09-30,2026-09-27,26,5812
1782,Falls Lake Dam,North Carolina,02087182,"FALLS LAKE ABOVE DAM NR FALLS, NC",downstream,0.44,2009-09-04,2026-09-27,17,5904
83,Green Peter,Oregon,14186200,"MIDDLE SANTIAM R BLW GREEN PETER DAM NR FOSTER, OR",downstream,0.47,2007-10-24,2026-09-28,19,6635
364,Hebgen Dam,Montana,06038500,Madison River bl Hebgen Lake nr Grayling MT,downstream,0.51,2009-06-26,2026-09-27,17,6264
72,Scoggins Reservoir,Oregon,14202980,"SCOGGINS CK BLW HENRY HAGG LAKE, NR GASTON, OR",downstream,0.58,2002-05-01,2026-09-28,24,8760
1791,Catawba,North Carolina,02138520,"CATAWBA R AT SR1223 BL LK JAMES NR BRIDGEWATER, NC",downstream,0.59,2015-08-27,2026-09-27,11,2611
1809,Mountain Island,North Carolina,0214267602,"CATAWBA RIVER DNSTRM DECK MTN IS DAM NR MTN IS, NC",downstream,0.63,2015-05-30,2026-09-27,11,2806
998,John Martin Dam,Colorado,07130500,"ARKANSAS RIVER BELOW JOHN MARTIN RESERVOIR, CO.",downstream,0.7,1969-10-01,2026-09-27,57,14361
1585,Beltzville Dam,Pennsylvania,01449800,"Pohopoco Cr bl Beltzville Dam nr Parryville, PA",downstream,0.79,2017-10-01,2026-09-27,9,3266
1910,Walter F. George Lock and Dam,Alabama,023432415,"CHATTAHOOCHEE R .36 MI DS WFG DAM NR FT GAINES, GA",downstream,0.81,2010-05-28,2026-09-27,16,5853
99,Cottage Grove,Oregon,14153500,"COAST FORK WILLAMETTE R BLW COTTAGE GROVE DAM, OR",downstream,0.89,2001-08-03,2026-09-28,25,9093
182,Folsom,California,11446220,AMERICAN R BL FOLSOM DAM NR FOLSOM CA,downstream,0.96,1998-10-24,2023-05-09,25,8765
1814,Tillery,North Carolina,0212378405,"PEE DEE R AT HWY731 BL LK TILLERY NR NORWOOD, NC",downstream,0.96,2011-05-24,2026-09-27,15,3349
1827,Winthrop University Dam,South Carolina,02145910,"CATAWBA RIVER BL LAKE WYLIE DAM FEWELL ISLAND, SC",downstream,1.07,2018-04-01,2026-09-27,8,2099
554,Cherry Valley,California,11277300,CHERRY C BL VALLEY DAM NR HETCH HETCHY CA,downstream,1.24,2006-05-25,2023-06-07,17,5915
88,Blue River Dam,Oregon,14162200,"BLUE RIVER AT BLUE RIVER, OR",downstream,1.31,1966-08-24,2026-09-28,60,20274
1862,Allatoona Lake Dam and Powerhouse,Georgia,02394000,"ETOWAH RIVER AT ALLATOONA DAM, ABV CARTERSVILLE,GA",downstream,1.38,2005-01-26,2026-09-27,21,5000
969,Blue Springs Dam,Missouri,06893890,"East Fork Little Blue River near Blue Springs, MO",downstream,1.45,2009-12-01,2020-06-09,11,3800
423,Fontenelle,Wyoming,09211200,"GREEN RIVER BELOW FONTENELLE RESERVOIR, WY",downstream,1.54,2020-05-05,2026-09-27,6,1379
1615,Blue Marsh Dam,Pennsylvania,01470960,Tulpehocken Cr at Blue Marsh Damsite near Reading,downstream,1.54,2017-10-01,2026-09-27,9,3265
219,Calaveras,California,11173510,ALAMEDA C BL CALAVERAS C NR SUNOL CA,downstream,1.56,2008-10-04,2024-03-04,16,5482
92,Fall Creek,Oregon,14151000,"FALL CREEK BLW WINBERRY CREEK, NEAR FALL CREEK, OR",downstream,1.57,1951-10-01,2026-09-28,75,25179
88,Blue River Dam,Oregon,14162050,"NF QUARTZ CREEK NEAR BLUE RIVER, OR",downstream,1.61,2021-12-23,2026-09-28,5,1624
1036,Bull Shoals,Arkansas,07054527,White River below Bull Shoals Dam near Fairview,downstream,2.42,1992-06-03,2026-09-27,34,7553
595,Friant,California,11251000,SAN JOAQUIN R BL FRIANT CA,downstream,2.79,2004-05-08,2026-09-28,22,8104
1863,Buford,Georgia,02334480,"RICHLAND CREEK AT SUWANEE DAM ROAD, NEAR BUFORD,GA",downstream,3.16,2001-05-17,2026-09-27,25,9198
555,Lake Eleanor,California,11277300,CHERRY C BL VALLEY DAM NR HETCH HETCHY CA,downstream,3.34,2006-05-25,2023-06-07,17,5915
93,Dexter,Oregon,14151000,"FALL CREEK BLW WINBERRY CREEK, NEAR FALL CREEK, OR",downstream,3.47,1951-10-01,2026-09-28,75,25179
216,James H. Turner,California,11173575,ALAMEDA C BL WELCH C NR SUNOL CA,downstream,3.6,1999-10-21,2023-07-04,24,5587
94,Lookout Point,Oregon,14151000,"FALL CREEK BLW WINBERRY CREEK, NEAR FALL CREEK, OR",downstream,3.91,1951-10-01,2026-09-28,75,25179
219,Calaveras,California,11172955,ALAMEDA C BL DIV DAM NR SUNOL CA,downstream,3.96,2015-11-24,2023-07-04,8,2445
487,Shadow Mountain,Colorado,09014050,"GRAND LAKE OUTLET BLW CHIPMUNK LN AT GRAND LK, CO",downstream,4.17,2010-04-13,2026-09-27,16,4227
204,Tulloch,California,11302000,STANISLAUS R BL GOODWIN DAM NR KNIGHTS FERRY CA,downstream,4.24,1966-02-01,2023-06-07,57,19134
219,Calaveras,California,11172945,ALAMEDA C AB DIV DAM NR SUNOL CA,downstream,4.44,2008-10-01,2023-07-04,15,4585
969,Blue Springs Dam,Missouri,06893820,Little Blue R. at Lees Summit Rd in Independence,downstream,4.49,2009-10-07,2026-09-27,17,6122
210,Don Pedro,California,11289650,TUOLUMNE R BL LAGRANGE DAM NR LAGRANGE CA,downstream,4.54,1970-11-10,2023-02-10,53,17135
995,Lake Meredith,Colorado,07120480,"LAKE MEREDITH OUTLET AT HWY 71 NR ORDWAY, CO",downstream,4.71,2001-11-01,2012-03-06,11,3418
1842,Fishing Creek,South Carolina,021474095,"GREAT FALLS RESERVOIR TAILRACE BL GREAT FALLS, SC",downstream,5.01,2016-03-25,2026-09-27,10,2722
219,Calaveras,California,11173575,ALAMEDA C BL WELCH C NR SUNOL CA,downstream,6.38,1999-10-21,2023-07-04,24,5587
1842,Fishing Creek,South Carolina,02147505,"CEDAR CREEK RES TAILRACE BELOW GREAT FALLS, SC",downstream,7.02,2016-08-30,2026-09-27,10,2527
41,Ross,Washington,12173500,"RUBY CREEK BELOW PANTHER CREEK NEAR NEWHALEM, WA",downstream,7.13,2018-05-01,2026-09-27,8,3034
107,William L. Jess,Oregon,14337830,"ELK CREEK BELOW ALCO CREEK, NEAR TRAIL, OR",downstream,7.16,1986-04-10,2003-09-30,17,5970
1863,Buford,Georgia,02334578,"LEVEL CREEK AT SUWANEE DAM ROAD, NEAR SUWANEE, GA",downstream,7.19,2001-05-10,2026-09-27,25,9202
216,James H. Turner,California,11173510,ALAMEDA C BL CALAVERAS C NR SUNOL CA,downstream,7.88,2008-10-04,2024-03-04,16,5482
89,Cougar,Oregon,14162200,"BLUE RIVER AT BLUE RIVER, OR",downstream,8.45,1966-08-24,2026-09-28,60,20274
89,Cougar,Oregon,14162050,"NF QUARTZ CREEK NEAR BLUE RIVER, OR",downstream,8.81,2021-12-23,2026-09-28,5,1624
974,Longview Dam,Missouri,06893500,"Blue River at Kansas City, MO",downstream,8.95,2005-09-30,2010-06-02,5,1205
2183,Cambridge Reservoir Dam,Massachusetts,01104480,"STONY BROOK RESERVOIR AT DAM NEAR WALTHAM, MA",downstream,9.21,2001-02-11,2016-10-17,15,3477
85,Foster,Oregon,14186200,"MIDDLE SANTIAM R BLW GREEN PETER DAM NR FOSTER, OR",downstream,9.93,2007-10-24,2026-09-28,19,6635
969,Blue Springs Dam,Missouri,06894000,"Little Blue River near Lake City, MO",downstream,10.06,2005-07-14,2026-09-27,21,7655
216,James H. Turner,California,11172955,ALAMEDA C BL DIV DAM NR SUNOL CA,downstream,10.14,2015-11-24,2023-07-04,8,2445
97,Dorena,Oregon,14153500,"COAST FORK WILLAMETTE R BLW COTTAGE GROVE DAM, OR",downstream,10.65,2001-08-03,2026-09-28,25,9093
198,New Melones,California,11299997,STANISLAUS R BL TULLOCH PP NR KNIGHTS FERRY CA,downstream,10.83,1972-06-27,2023-06-07,51,17625
554,Cherry Valley,California,11278400,CHERRY C BL DION R HOLM PH NR MATHER CA,downstream,11.01,2006-05-25,2023-06-07,17,5914
987,Pueblo,Colorado,07099971,"ARKANSAS RIVER BELOW MOFFAT STREET AT PUEBLO, CO",downstream,11.09,2021-05-27,2026-09-27,5,1901
42,Diablo,Washington,12173500,"RUBY CREEK BELOW PANTHER CREEK NEAR NEWHALEM, WA",downstream,11.25,2018-05-01,2026-09-27,8,3034
557,O'Shaughnessy,California,11277300,CHERRY C BL VALLEY DAM NR HETCH HETCHY CA,downstream,11.53,2006-05-25,2023-06-07,17,5915
80,Detroit,Oregon,14178000,"NO SANTIAM R BLW BOULDER CRK, NR DETROIT, OR",downstream,11.68,1951-04-25,2026-09-28,75,22610
80,Detroit,Oregon,14180300,"BLOWOUT CREEK NEAR DETROIT, OR",downstream,11.84,1998-10-09,2026-09-27,28,10197
2183,Cambridge Reservoir Dam,Massachusetts,01104430,"HOBBS BK BELOW CAMBRIDGE RES NR KENDALL GREEN, MA",downstream,11.87,1997-09-30,2026-09-27,29,9994
554,Cherry Valley,California,11276900,TUOLUMNE R BL EARLY INTAKE NR MATHER CA,downstream,11.88,2006-06-02,2023-06-07,17,5954
1786,Oxford,North Carolina,0214244102,"CATAWBA RIVER BL LOOKOUT SHOALS DAM NR SHARON, NC",downstream,11.9,2016-04-01,2026-09-27,10,2606
492,Granby,Colorado,09014050,"GRAND LAKE OUTLET BLW CHIPMUNK LN AT GRAND LK, CO",downstream,12.05,2010-04-13,2026-09-27,16,4227
456,Wanship,Utah,10133650,"E CANYON CR BL I-80 REST STOP NR PARK CITY, UT",downstream,12.16,2010-05-17,2026-09-27,16,5958
555,Lake Eleanor,California,11278400,CHERRY C BL DION R HOLM PH NR MATHER CA,downstream,12.25,2006-05-25,2023-06-07,17,5914
974,Longview Dam,Missouri,06893820,Little Blue R. at Lees Summit Rd in Independence,downstream,12.58,2009-10-07,2026-09-27,17,6122
213,Del Valle,California,11173575,ALAMEDA C BL WELCH C NR SUNOL CA,downstream,12.79,1999-10-21,2023-07-04,24,5587
555,Lake Eleanor,California,11276900,TUOLUMNE R BL EARLY INTAKE NR MATHER CA,downstream,13.02,2006-06-02,2023-06-07,17,5954
213,Del Valle,California,11172955,ALAMEDA C BL DIV DAM NR SUNOL CA,downstream,13.13,2015-11-24,2023-07-04,8,2445
213,Del Valle,California,11173510,ALAMEDA C BL CALAVERAS C NR SUNOL CA,downstream,14.12,2008-10-04,2024-03-04,16,5482
107,William L. Jess,Oregon,14330000,"ROGUE RIVER BELOW PROSPECT, OR",downstream,14.23,1968-10-18,2026-09-28,58,19694
346,Cold Springs,Oregon,14019240,"COLUMBIA RIVER BELOW MCNARY DAM NEAR UMATILLA, OR",downstream,14.47,2009-09-30,2022-10-02,13,4733
491,Willow Creek,Colorado,09014050,"GRAND LAKE OUTLET BLW CHIPMUNK LN AT GRAND LK, CO",downstream,14.72,2010-04-13,2026-09-27,16,4227
198,New Melones,California,11302000,STANISLAUS R BL GOODWIN DAM NR KNIGHTS FERRY CA,downstream,14.78,1966-02-01,2023-06-07,57,19134
100,Hills Creek,Oregon,14148000,"MF WILLAMETTE RIVER BLW N FORK, NR OAKRIDGE, OR.",downstream,15.2,1950-09-21,2026-09-28,76,18685
1317,Wesley E. Seale Dam,Texas,08211200,"Nueces Rv at Bluntzer, TX",downstream,15.26,2008-11-05,2026-09-27,18,6451
1188,Mountain Creek Dam,Texas,08057055,"Trinity Rv at Cedar Crest Blvd, Dallas, TX",downstream,15.27,2000-09-30,2015-02-09,15,5094
974,Longview Dam,Missouri,06893890,"East Fork Little Blue River near Blue Springs, MO",downstream,15.6,2009-12-01,2020-06-09,11,3800
55,Keechelus,Washington,12114500,"CEDAR RIVER BELOW BEAR CREEK NEAR CEDAR FALLS, WA",downstream,15.87,2018-09-25,2026-09-27,8,2797
467,Bor Jordanelle,Utah,10133650,"E CANYON CR BL I-80 REST STOP NR PARK CITY, UT",downstream,16.08,2010-05-17,2026-09-27,16,5958
557,O'Shaughnessy,California,11278400,CHERRY C BL DION R HOLM PH NR MATHER CA,downstream,17.26,2006-05-25,2023-06-07,17,5914
214,Exchequer Main,California,11289650,TUOLUMNE R BL LAGRANGE DAM NR LAGRANGE CA,downstream,17.5,1970-11-10,2023-02-10,53,17135
557,O'Shaughnessy,California,11276900,TUOLUMNE R BL EARLY INTAKE NR MATHER CA,downstream,17.67,2006-06-02,2023-06-07,17,5954
1699,Sutton Dam,West Virginia,03194700,"ELK RIVER BELOW WEBSTER SPRINGS, WV",downstream,18.82,2020-06-26,2026-09-28,6,2257
56,Howard A. Hanson Dam,Washington,12117600,"CEDAR RIVER BELOW DIVERSION NEAR LANDSBURG, WA",downstream,18.84,2001-05-05,2026-09-27,25,9229
56,Howard A. Hanson Dam,Washington,12114500,"CEDAR RIVER BELOW BEAR CREEK NEAR CEDAR FALLS, WA",downstream,19.12,2018-09-25,2026-09-27,8,2797
497,Williams Fork,Colorado,09041400,"MUDDY CRK BLW WOLFORD MTN RESER. NR KREMMLING, CO",downstream,19.5,1995-10-03,2026-09-27,31,10661
1179,Hubbard Creek Dam,Texas,08086212,"Hubbard Ck bl Albany, TX",downstream,19.61,1982-03-30,2026-07-17,44,10178
1188,Mountain Creek Dam,Texas,08057410,"Trinity Rv bl Dallas, TX",downstream,19.62,2015-02-11,2025-03-11,10,2656
94,Lookout Point,Oregon,14148000,"MF WILLAMETTE RIVER BLW N FORK, NR OAKRIDGE, OR.",downstream,19.69,1950-09-21,2026-09-28,76,18685
592,Hidden Dam,California,11251000,SAN JOAQUIN R BL FRIANT CA,downstream,19.76,2004-05-08,2026-09-28,22,8104
1088,Greenbelt Dam,Texas,07299890,"Lelia Lk Ck bl Bell Ck nr Hedley, TX",downstream,20.04,1997-08-01,2004-09-30,7,2460
969,Blue Springs Dam,Missouri,06893500,"Blue River at Kansas City, MO",downstream,20.34,2005-09-30,2010-06-02,5,1205
1202,Brantley,New Mexico,08405200,"PECOS RIVER BELOW DARK CANYON AT CARLSBAD, NM",downstream,21.9,2012-10-01,2026-07-18,14,3526
1691,Burnsville Lake Dam,West Virginia,03058000,"WEST FORK R BL STONEWALL JACKSON DAM NR WESTON, WV",downstream,22.08,1999-05-28,2026-09-28,27,7108
92,Fall Creek,Oregon,14148000,"MF WILLAMETTE RIVER BLW N FORK, NR OAKRIDGE, OR.",downstream,22.31,1950-09-21,2026-09-28,76,18685
1242,Red Bluff Dam,Texas,08407500,"PECOS RIVER AT RED BLUFF, NM",downstream,22.33,2011-06-17,2026-09-27,15,5249
97,Dorena,Oregon,14151000,"FALL CREEK BLW WINBERRY CREEK, NEAR FALL CREEK, OR",downstream,22.64,1951-10-01,2026-09-28,75,25179
450,East Canyon,Utah,10133650,"E CANYON CR BL I-80 REST STOP NR PARK CITY, UT",downstream,22.73,2010-05-17,2026-09-27,16,5958
1197,Joe Pool Lake,Texas,08057055,"Trinity Rv at Cedar Crest Blvd, Dallas, TX",downstream,22.82,2000-09-30,2015-02-09,15,5094
1709,Summersville Dam,West Virginia,03191982,"GAULEY RIVER BELOW RICH CREEK AT JODIE, WV",downstream,22.97,2020-11-11,2026-09-28,6,2079
42,Diablo,Washington,12179900,"BACON CREEK BELOW OAKES CREEK NEAR MARBLEMOUNT, WA",downstream,23.25,2016-10-01,2026-09-27,10,3579
93,Dexter,Oregon,14148000,"MF WILLAMETTE RIVER BLW N FORK, NR OAKRIDGE, OR.",downstream,23.75,1950-09-21,2026-09-28,76,18685
89,Cougar,Oregon,14158740,"MCKENZIE RIVER BL PAYNE CR, NR BELKNAP SPRINGS, OR",downstream,24.08,2016-09-02,2026-09-28,10,3679
1183,Rockwall Forney Dam,Texas,08057410,"Trinity Rv bl Dallas, TX",downstream,24.29,2015-02-11,2025-03-11,10,2656
974,Longview Dam,Missouri,06894000,"Little Blue River near Lake City, MO",downstream,24.45,2005-07-14,2026-09-27,21,7655
1197,Joe Pool Lake,Texas,08057410,"Trinity Rv bl Dallas, TX",downstream,24.74,2015-02-11,2025-03-11,10,2656
59,Lake Tapps Dike 2-B,Washington,12117600,"CEDAR RIVER BELOW DIVERSION NEAR LANDSBURG, WA",downstream,24.93,2001-05-05,2026-09-27,25,9229
54,Wynoochee,Washington,12056500,"NF SKOKOMISH R BL STAIRCASE RPDS NR HOODSPORT, WA",downstream,25.08,1989-09-30,2026-09-27,37,9868
210,Don Pedro,California,11299997,STANISLAUS R BL TULLOCH PP NR KNIGHTS FERRY CA,downstream,25.27,1972-06-27,2023-06-07,51,17625
210,Don Pedro,California,11302000,STANISLAUS R BL GOODWIN DAM NR KNIGHTS FERRY CA,downstream,25.38,1966-02-01,2023-06-07,57,19134
182,Folsom,California,11446980,AMERICAN R BL WATT AVE BRDG NR CARMICHAEL CA,downstream,25.69,1998-11-13,2023-04-20,25,8898
551,Main Strawberry,California,11277300,CHERRY C BL VALLEY DAM NR HETCH HETCHY CA,downstream,26.26,2006-05-25,2023-06-07,17,5915
1585,Beltzville Dam,Pennsylvania,01447720,"Tobyhanna Creek near Blakeslee, PA",downstream,26.3,1980-06-27,2026-09-27,46,11372
88,Blue River Dam,Oregon,14158740,"MCKENZIE RIVER BL PAYNE CR, NR BELKNAP SPRINGS, OR",downstream,26.38,2016-09-02,2026-09-28,10,3679
502,Green Mountain,Colorado,09041400,"MUDDY CRK BLW WOLFORD MTN RESER. NR KREMMLING, CO",downstream,26.76,1995-10-03,2026-09-27,31,10661
1183,Rockwall Forney Dam,Texas,08057055,"Trinity Rv at Cedar Crest Blvd, Dallas, TX",downstream,26.83,2000-09-30,2015-02-09,15,5094
203,Farmington Dam,California,11302000,STANISLAUS R BL GOODWIN DAM NR KNIGHTS FERRY CA,downstream,26.92,1966-02-01,2023-06-07,57,19134
57,Kachess,Washington,12114500,"CEDAR RIVER BELOW BEAR CREEK NEAR CEDAR FALLS, WA",downstream,27.27,2018-09-25,2026-09-27,8,2797
204,Tulloch,California,11289650,TUOLUMNE R BL LAGRANGE DAM NR LAGRANGE CA,downstream,27.34,1970-11-10,2023-02-10,53,17135
1852,Wateree,South Carolina,02147505,"CEDAR CREEK RES TAILRACE BELOW GREAT FALLS, SC",downstream,27.68,2016-08-30,2026-09-27,10,2527
449,Echo,Utah,10133650,"E CANYON CR BL I-80 REST STOP NR PARK CITY, UT",downstream,27.73,2010-05-17,2026-09-27,16,5958
1916,Jim Woodruff Dam,Florida,02358795,"JACKSON BLUE SPRING NR MARIANNA, FL",downstream,27.8,2017-01-20,2026-09-27,9,3034
41,Ross,Washington,12179900,"BACON CREEK BELOW OAKES CREEK NEAR MARBLEMOUNT, WA",downstream,28.24,2016-10-01,2026-09-27,10,3579
111,Howard Prairie,Oregon,11510700,"KLAMATH RIVER BLW JOHN C.BOYLE PWRPLNT, NR KENO,OR",downstream,29.17,2018-10-31,2026-09-28,8,2888
203,Farmington Dam,California,11299997,STANISLAUS R BL TULLOCH PP NR KNIGHTS FERRY CA,downstream,29.19,1972-06-27,2023-06-07,51,17625
1691,Burnsville Lake Dam,West Virginia,03194700,"ELK RIVER BELOW WEBSTER SPRINGS, WV",downstream,29.24,2020-06-26,2026-09-28,6,2257
1831,Blewett Falls,North Carolina,0212378405,"PEE DEE R AT HWY731 BL LK TILLERY NR NORWOOD, NC",downstream,29.32,2011-05-24,2026-09-27,15,3349
1585,Beltzville Dam,Pennsylvania,01447800,Lehigh R bl Francis E Walter Res nr White Haven PA,downstream,29.47,1987-10-01,2026-09-27,39,9071
54,Wynoochee,Washington,12058800,"NF SKOKOMISH R BL LWR CUSHMAN DAM NR POTLATCH, WA",downstream,29.74,1993-08-11,2006-09-29,13,4680
93,Dexter,Oregon,14153500,"COAST FORK WILLAMETTE R BLW COTTAGE GROVE DAM, OR",downstream,29.77,2001-08-03,2026-09-28,25,9093
192,Beardsley,California,11277300,CHERRY C BL VALLEY DAM NR HETCH HETCHY CA,downstream,29.82,2006-05-25,2023-06-07,17,5915
1852,Wateree,South Carolina,021474095,"GREAT FALLS RESERVOIR TAILRACE BL GREAT FALLS, SC",downstream,30.18,2016-03-25,2026-09-27,10,2722
1814,Tillery,North Carolina,0212880025,"PEE DEE RIVER BELOW POWERHOUSE DAM NR PEE DEE, NC",downstream,30.35,2011-07-14,2026-09-27,15,4071
97,Dorena,Oregon,14148000,"MF WILLAMETTE RIVER BLW N FORK, NR OAKRIDGE, OR.",downstream,31.61,1950-09-21,2026-09-28,76,18685
1789,Rhodhiss,North Carolina,0214244102,"CATAWBA RIVER BL LOOKOUT SHOALS DAM NR SHARON, NC",downstream,31.7,2016-04-01,2026-09-27,10,2606
1042,Norfork,Arkansas,07054527,White River below Bull Shoals Dam near Fairview,downstream,31.77,1992-06-03,2026-09-27,34,7553
198,New Melones,California,11289650,TUOLUMNE R BL LAGRANGE DAM NR LAGRANGE CA,downstream,32.19,1970-11-10,2023-02-10,53,17135
108,Four Mile Lake Dam,Oregon,11502500,"WILLIAMSON RIVER BLW SPRAGUE RIVER NR CHILOQUIN,OR",downstream,32.21,2007-10-17,2026-09-28,19,6653
94,Lookout Point,Oregon,14153500,"COAST FORK WILLAMETTE R BLW COTTAGE GROVE DAM, OR",downstream,32.23,2001-08-03,2026-09-28,25,9093
89,Cougar,Oregon,14158500,"MCKENZIE RIVER AT OUTLET OF CLEAR LAKE, OR",downstream,32.57,2017-07-19,2026-09-28,9,3359
1036,Bull Shoals,Arkansas,07060000,"North Fork Riv US of Dry Ck bl Norfork Dam, AR",downstream,32.63,2012-06-01,2026-09-27,14,3275
1775,J. Percy Priest Dam,Tennessee,03428180,"WF STONES R AT BLANTON RD MURFREESBORO, TN",downstream,33.34,2013-09-30,2026-09-27,13,4673
98,Crane Prairie,Oregon,14070624,"M F TUMALO CREEK BLW PROWELL SPRINGS, NR BEND, OR",downstream,33.38,2017-10-05,2026-09-28,9,3245
384,Jackson Lake,Wyoming,13011820,"Blackrock Cr bl Split Rock Cr, nr Moran, WY",downstream,33.55,2020-03-31,2026-09-27,6,2341
88,Blue River Dam,Oregon,14158500,"MCKENZIE RIVER AT OUTLET OF CLEAR LAKE, OR",downstream,33.69,2017-07-19,2026-09-28,9,3359
334,Lake Helena,Montana,06066500,Missouri River bl Holter Dam nr Wolf Cr MT,downstream,33.73,1999-10-01,2026-09-27,27,9798
113,Hyatt Dam,Oregon,11510700,"KLAMATH RIVER BLW JOHN C.BOYLE PWRPLNT, NR KENO,OR",downstream,33.96,2018-10-31,2026-09-28,8,2888
99,Cottage Grove,Oregon,14151000,"FALL CREEK BLW WINBERRY CREEK, NEAR FALL CREEK, OR",downstream,34.12,1951-10-01,2026-09-28,75,25179
2180,Wachusett Reservoir Dam,Massachusetts,01104430,"HOBBS BK BELOW CAMBRIDGE RES NR KENDALL GREEN, MA",downstream,34.19,1997-09-30,2026-09-27,29,9994
551,Main Strawberry,California,11278400,CHERRY C BL DION R HOLM PH NR MATHER CA,downstream,34.23,2006-05-25,2023-06-07,17,5914
92,Fall Creek,Oregon,14153500,"COAST FORK WILLAMETTE R BLW COTTAGE GROVE DAM, OR",downstream,34.35,2001-08-03,2026-09-28,25,9093
80,Detroit,Oregon,14183020,"NORTH SANTIAM RIVER BLW STOUT CREEK, NR MEHAMA, OR",downstream,34.57,2020-09-22,2026-09-28,6,2184
514,Lahontan,Nevada,10351600,"TRUCKEE RV BLW DERBY DAM NR WADSWORTH, NV",downstream,34.81,1988-06-17,2026-09-27,38,10628
585,Buchanan Dam,California,11251000,SAN JOAQUIN R BL FRIANT CA,downstream,34.86,2004-05-08,2026-09-28,22,8104
83,Green Peter,Oregon,14162050,"NF QUARTZ CREEK NEAR BLUE RIVER, OR",downstream,35.02,2021-12-23,2026-09-28,5,1624
1300,Lake Houston Dam,Texas,08067215,"Old Rv Cutoff nr Moss Bluff, TX",downstream,35.04,2002-09-30,2024-12-13,22,5218
98,Crane Prairie,Oregon,14070900,"BRIDGE CREEK BELOW INTAKE, NEAR BEND, OR",downstream,35.12,2017-10-31,2026-09-28,9,3205
551,Main Strawberry,California,11276900,TUOLUMNE R BL EARLY INTAKE NR MATHER CA,downstream,35.18,2006-06-02,2023-06-07,17,5954
477,Deer Creek,Utah,10133650,"E CANYON CR BL I-80 REST STOP NR PARK CITY, UT",downstream,35.23,2010-05-17,2026-09-27,16,5958
88,Blue River Dam,Oregon,14186200,"MIDDLE SANTIAM R BLW GREEN PETER DAM NR FOSTER, OR",downstream,35.28,2007-10-24,2026-09-28,19,6635
458,Smith and Morehouse Dam,Utah,10133650,"E CANYON CR BL I-80 REST STOP NR PARK CITY, UT",downstream,35.28,2010-05-17,2026-09-27,16,5958
1171,Grapevine Dam,Texas,08057055,"Trinity Rv at Cedar Crest Blvd, Dallas, TX",downstream,35.53,2000-09-30,2015-02-09,15,5094
1205,Williamson Dam,Texas,08086212,"Hubbard Ck bl Albany, TX",downstream,35.65,1982-03-30,2026-07-17,44,10178
396,Palisades,Idaho,13018350,"FLAT CREEK BELOW CACHE CREEK, NEAR JACKSON, WY",downstream,35.68,2009-12-10,2026-09-27,17,5920
193,New Hogan Dam,California,11299997,STANISLAUS R BL TULLOCH PP NR KNIGHTS FERRY CA,downstream,35.7,1972-06-27,2023-06-07,51,17625
1789,Rhodhiss,North Carolina,02138520,"CATAWBA R AT SR1223 BL LK JAMES NR BRIDGEWATER, NC",downstream,35.84,2015-08-27,2026-09-27,11,2611
1809,Mountain Island,North Carolina,02145910,"CATAWBA RIVER BL LAKE WYLIE DAM FEWELL ISLAND, SC",downstream,35.96,2018-04-01,2026-09-27,8,2099
192,Beardsley,California,11278400,CHERRY C BL DION R HOLM PH NR MATHER CA,downstream,36.29,2006-05-25,2023-06-07,17,5914
83,Green Peter,Oregon,14162200,"BLUE RIVER AT BLUE RIVER, OR",downstream,36.43,1966-08-24,2026-09-28,60,20274
193,New Hogan Dam,California,11302000,STANISLAUS R BL GOODWIN DAM NR KNIGHTS FERRY CA,downstream,36.77,1966-02-01,2023-06-07,57,19134
601,Navajo,New Mexico,09364010,"ANIMAS RIVER BELOW AZTEC, NM",downstream,36.86,2016-03-10,2023-10-03,7,2238
192,Beardsley,California,11276900,TUOLUMNE R BL EARLY INTAKE NR MATHER CA,downstream,37.21,2006-06-02,2023-06-07,17,5954
108,Four Mile Lake Dam,Oregon,14330000,"ROGUE RIVER BELOW PROSPECT, OR",downstream,37.61,1968-10-18,2026-09-28,58,19694
83,Green Peter,Oregon,14183020,"NORTH SANTIAM RIVER BLW STOUT CREEK, NR MEHAMA, OR",downstream,37.73,2020-09-22,2026-09-28,6,2184
1890,Pinopolis West Dam,South Carolina,021720825,"ASHLEY RIVER BELOW SUMMERVILLE, SC",downstream,37.81,2017-01-26,2026-09-27,9,3443
1804,Cowans Ford,North Carolina,0214244102,"CATAWBA RIVER BL LOOKOUT SHOALS DAM NR SHARON, NC",downstream,37.84,2016-04-01,2026-09-27,10,2606
85,Foster,Oregon,14162050,"NF QUARTZ CREEK NEAR BLUE RIVER, OR",downstream,38.27,2021-12-23,2026-09-28,5,1624
548,Relief,California,11277300,CHERRY C BL VALLEY DAM NR HETCH HETCHY CA,downstream,38.29,2006-05-25,2023-06-07,17,5915
80,Detroit,Oregon,14186200,"MIDDLE SANTIAM R BLW GREEN PETER DAM NR FOSTER, OR",downstream,38.51,2007-10-24,2026-09-28,19,6635
517,Ruedi,Colorado,394220106431500,"EAGLE RIVER BELOW MILK CREEK NEAR WOLCOTT, CO",downstream,38.57,2006-04-28,2026-09-27,20,7425
100,Hills Creek,Oregon,14151000,"FALL CREEK BLW WINBERRY CREEK, NEAR FALL CREEK, OR",downstream,38.59,1951-10-01,2026-09-28,75,25179
580,Crane Val Stor,California,11251000,SAN JOAQUIN R BL FRIANT CA,downstream,38.59,2004-05-08,2026-09-28,22,8104
1190,Lake Arlington Dam,Texas,08057055,"Trinity Rv at Cedar Crest Blvd, Dallas, TX",downstream,38.77,2000-09-30,2015-02-09,15,5094
502,Green Mountain,Colorado,394220106431500,"EAGLE RIVER BELOW MILK CREEK NEAR WOLCOTT, CO",downstream,38.89,2006-04-28,2026-09-27,20,7425
85,Foster,Oregon,14162200,"BLUE RIVER AT BLUE RIVER, OR",downstream,38.97,1966-08-24,2026-09-28,60,20274
1890,Pinopolis West Dam,South Carolina,0217206962,"WANDO RIVER AT CAINHOY BELOW WANDO, SC",downstream,39.08,2016-06-21,2026-09-27,10,3680
1164,Lewisville Dam,Texas,08057055,"Trinity Rv at Cedar Crest Blvd, Dallas, TX",downstream,39.42,2000-09-30,2015-02-09,15,5094
600,Pine Flat Dam,California,11251000,SAN JOAQUIN R BL FRIANT CA,downstream,39.59,2004-05-08,2026-09-28,22,8104
964,Smithville Dam,Missouri,06894000,"Little Blue River near Lake City, MO",downstream,39.67,2005-07-14,2026-09-27,21,7655
497,Williams Fork,Colorado,09014050,"GRAND LAKE OUTLET BLW CHIPMUNK LN AT GRAND LK, CO",downstream,39.8,2010-04-13,2026-09-27,16,4227
101,Wickiup Reservoir,Oregon,14070624,"M F TUMALO CREEK BLW PROWELL SPRINGS, NR BEND, OR",downstream,39.85,2017-10-05,2026-09-28,9,3245
83,Green Peter,Oregon,14180300,"BLOWOUT CREEK NEAR DETROIT, OR",downstream,39.86,1998-10-09,2026-09-27,28,10197
491,Willow Creek,Colorado,09041400,"MUDDY CRK BLW WOLFORD MTN RESER. NR KREMMLING, CO",downstream,40.05,1995-10-03,2026-09-27,31,10661
85,Foster,Oregon,14183020,"NORTH SANTIAM RIVER BLW STOUT CREEK, NR MEHAMA, OR",downstream,40.06,2020-09-22,2026-09-28,6,2184
101,Wickiup Reservoir,Oregon,14070900,"BRIDGE CREEK BELOW INTAKE, NEAR BEND, OR",downstream,40.12,2017-10-31,2026-09-28,9,3205
1017,Clearwater Dam,Missouri,07061290,E. Fk. Black R. bl Lower Taum Sauk Reservoir,downstream,40.13,2008-11-17,2026-09-27,18,6464
545,Donnells,California,11277300,CHERRY C BL VALLEY DAM NR HETCH HETCHY CA,downstream,40.6,2006-05-25,2023-06-07,17,5915
99,Cottage Grove,Oregon,14148000,"MF WILLAMETTE RIVER BLW N FORK, NR OAKRIDGE, OR.",downstream,40.94,1950-09-21,2026-09-28,76,18685
1212,South Prong Dam,Texas,08057410,"Trinity Rv bl Dallas, TX",downstream,41.2,2015-02-11,2025-03-11,10,2656
92,Fall Creek,Oregon,14162200,"BLUE RIVER AT BLUE RIVER, OR",downstream,41.51,1966-08-24,2026-09-28,60,20274
1171,Grapevine Dam,Texas,08057410,"Trinity Rv bl Dallas, TX",downstream,42.11,2015-02-11,2025-03-11,10,2656
214,Exchequer Main,California,11276900,TUOLUMNE R BL EARLY INTAKE NR MATHER CA,downstream,42.17,2006-06-02,2023-06-07,17,5954
1699,Sutton Dam,West Virginia,03058000,"WEST FORK R BL STONEWALL JACKSON DAM NR WESTON, WV",downstream,42.49,1999-05-28,2026-09-28,27,7108
1863,Buford,Georgia,02207185,"NO BUSINESS CREEK AT LEE ROAD, BELOW SNELLVILLE,GA",downstream,42.74,2001-03-01,2026-09-27,25,9228
1170,Lavon Dam,Texas,08057055,"Trinity Rv at Cedar Crest Blvd, Dallas, TX",downstream,42.76,2000-09-30,2015-02-09,15,5094
214,Exchequer Main,California,11278400,CHERRY C BL DION R HOLM PH NR MATHER CA,downstream,42.93,2006-05-25,2023-06-07,17,5914
643,Perris,California,11074000,SANTA ANA R BL PRADO DAM CA,downstream,42.97,1968-02-02,2026-07-22,58,19162
1190,Lake Arlington Dam,Texas,08057410,"Trinity Rv bl Dallas, TX",downstream,42.97,2015-02-11,2025-03-11,10,2656
94,Lookout Point,Oregon,14162200,"BLUE RIVER AT BLUE RIVER, OR",downstream,43.3,1966-08-24,2026-09-28,60,20274
89,Cougar,Oregon,14186200,"MIDDLE SANTIAM R BLW GREEN PETER DAM NR FOSTER, OR",downstream,43.5,2007-10-24,2026-09-28,19,6635
1776,W. Kerr Scott Dam,North Carolina,0214244102,"CATAWBA RIVER BL LOOKOUT SHOALS DAM NR SHARON, NC",downstream,43.56,2016-04-01,2026-09-27,10,2606
214,Exchequer Main,California,11299997,STANISLAUS R BL TULLOCH PP NR KNIGHTS FERRY CA,downstream,43.61,1972-06-27,2023-06-07,51,17625
108,Four Mile Lake Dam,Oregon,11510700,"KLAMATH RIVER BLW JOHN C.BOYLE PWRPLNT, NR KENO,OR",downstream,43.71,2018-10-31,2026-09-28,8,2888
214,Exchequer Main,California,11302000,STANISLAUS R BL GOODWIN DAM NR KNIGHTS FERRY CA,downstream,43.73,1966-02-01,2023-06-07,57,19134
516,Homestake Dam,Colorado,394220106431500,"EAGLE RIVER BELOW MILK CREEK NEAR WOLCOTT, CO",downstream,43.84,2006-04-28,2026-09-27,20,7425
88,Blue River Dam,Oregon,14151000,"FALL CREEK BLW WINBERRY CREEK, NEAR FALL CREEK, OR",downstream,43.86,1951-10-01,2026-09-28,75,25179
1170,Lavon Dam,Texas,08057410,"Trinity Rv bl Dallas, TX",downstream,43.89,2015-02-11,2025-03-11,10,2656
601,Navajo,New Mexico,364255108053202,29N.12W.22.1321A BLM-15 CRN WELL,downstream,44.12,2021-08-26,2026-05-19,5,1728
92,Fall Creek,Oregon,14162050,"NF QUARTZ CREEK NEAR BLUE RIVER, OR",downstream,44.14,2021-12-23,2026-09-28,5,1624
7313,Canyon Ferry Dam,Montana,06066500,Missouri River bl Holter Dam nr Wolf Cr MT,downstream,44.14,1999-10-01,2026-09-27,27,9798
210,Don Pedro,California,11276900,TUOLUMNE R BL EARLY INTAKE NR MATHER CA,downstream,44.17,2006-06-02,2023-06-07,17,5954
89,Cougar,Oregon,14148000,"MF WILLAMETTE RIVER BLW N FORK, NR OAKRIDGE, OR.",downstream,44.32,1950-09-21,2026-09-28,76,18685
83,Green Peter,Oregon,14158740,"MCKENZIE RIVER BL PAYNE CR, NR BELKNAP SPRINGS, OR",downstream,44.56,2016-09-02,2026-09-28,10,3679
80,Detroit,Oregon,14158500,"MCKENZIE RIVER AT OUTLET OF CLEAR LAKE, OR",downstream,44.59,2017-07-19,2026-09-28,9,3359
210,Don Pedro,California,11278400,CHERRY C BL DION R HOLM PH NR MATHER CA,downstream,44.63,2006-05-25,2023-06-07,17,5914
979,Hillsdale Dam,Kansas,06893500,"Blue River at Kansas City, MO",downstream,44.69,2005-09-30,2010-06-02,5,1205
964,Smithville Dam,Missouri,06893820,Little Blue R. at Lees Summit Rd in Independence,downstream,44.72,2009-10-07,2026-09-27,17,6122
114,Emigrant,Oregon,11510700,"KLAMATH RIVER BLW JOHN C.BOYLE PWRPLNT, NR KENO,OR",downstream,44.74,2018-10-31,2026-09-28,8,2888
1595,Lake Mohawk Dam,Ohio,03090500,Mahoning River bl Berlin Dam nr Berlin Center OH,downstream,44.78,2009-09-30,2026-09-27,17,5953
83,Green Peter,Oregon,14158500,"MCKENZIE RIVER AT OUTLET OF CLEAR LAKE, OR",downstream,44.99,2017-07-19,2026-09-28,9,3359
964,Smithville Dam,Missouri,06893890,"East Fork Little Blue River near Blue Springs, MO",downstream,45.23,2009-12-01,2020-06-09,11,3800
216,James H. Turner,California,11162753,SAN MATEO C BL LO CRYSTAL SP RES NR SAN MATEO CA,downstream,45.27,2008-09-11,2023-07-04,15,5221
83,Green Peter,Oregon,14178000,"NO SANTIAM R BLW BOULDER CRK, NR DETROIT, OR",downstream,45.31,1951-04-25,2026-09-28,75,22610
88,Blue River Dam,Oregon,14148000,"MF WILLAMETTE RIVER BLW N FORK, NR OAKRIDGE, OR.",downstream,45.4,1950-09-21,2026-09-28,76,18685
7313,Canyon Ferry Dam,Montana,06077200,Smith River bl Eagle Cr nr Fort Logan MT,downstream,45.41,1996-11-05,2026-09-27,30,7177
1212,South Prong Dam,Texas,08057055,"Trinity Rv at Cedar Crest Blvd, Dallas, TX",downstream,45.65,2000-09-30,2015-02-09,15,5094
108,Four Mile Lake Dam,Oregon,11507501,"LINK RIVER BELOW KENO CANAL, NEAR KLAMATH FALLS,OR",downstream,45.73,2001-06-16,2026-09-24,25,8656
1164,Lewisville Dam,Texas,08057410,"Trinity Rv bl Dallas, TX",downstream,45.82,2015-02-11,2025-03-11,10,2656
90,Fern Ridge,Oregon,14151000,"FALL CREEK BLW WINBERRY CREEK, NEAR FALL CREEK, OR",downstream,45.97,1951-10-01,2026-09-28,75,25179
7214,Ridges Basin,Colorado,09364010,"ANIMAS RIVER BELOW AZTEC, NM",downstream,45.99,2016-03-10,2023-10-03,7,2238
94,Lookout Point,Oregon,14162050,"NF QUARTZ CREEK NEAR BLUE RIVER, OR",downstream,46.01,2021-12-23,2026-09-28,5,1624
346,Cold Springs,Oregon,13353010,"SNAKE RIVER BL GOOSE ISLAND BL ICE HARBOR DAM, WA",downstream,46.07,2009-09-30,2022-10-02,13,4711
93,Dexter,Oregon,14162200,"BLUE RIVER AT BLUE RIVER, OR",downstream,46.24,1966-08-24,2026-09-28,60,20274
430,Wild Horse Dam,Nevada,10313400,"MARYS RV BLW ORANGE BRG NR CHARLESTON, NV",downstream,46.31,1991-11-15,2011-10-11,20,6296
56,Howard A. Hanson Dam,Washington,12148300,"SF TOLT RIVER BL REGULATING BASIN NR CARNATION, WA",downstream,46.63,1994-09-30,2026-09-27,32,11283
1017,Clearwater Dam,Missouri,07061270,"East Fork Black River near Lesterville, MO",downstream,46.67,2006-01-23,2026-09-27,20,7224
1804,Cowans Ford,North Carolina,02145910,"CATAWBA RIVER BL LAKE WYLIE DAM FEWELL ISLAND, SC",downstream,46.84,2018-04-01,2026-09-27,8,2099
223,Coyote,California,11172955,ALAMEDA C BL DIV DAM NR SUNOL CA,downstream,47.02,2015-11-24,2023-07-04,8,2445
1842,Fishing Creek,South Carolina,02145910,"CATAWBA RIVER BL LAKE WYLIE DAM FEWELL ISLAND, SC",downstream,47.08,2018-04-01,2026-09-27,8,2099
89,Cougar,Oregon,14151000,"FALL CREEK BLW WINBERRY CREEK, NEAR FALL CREEK, OR",downstream,47.29,1951-10-01,2026-09-28,75,25179
384,Jackson Lake,Wyoming,13018350,"FLAT CREEK BELOW CACHE CREEK, NEAR JACKSON, WY",downstream,47.37,2009-12-10,2026-09-27,17,5920
1809,Mountain Island,North Carolina,0214244102,"CATAWBA RIVER BL LOOKOUT SHOALS DAM NR SHARON, NC",downstream,47.38,2016-04-01,2026-09-27,10,2606
219,Calaveras,California,11162753,SAN MATEO C BL LO CRYSTAL SP RES NR SAN MATEO CA,downstream,47.43,2008-09-11,2023-07-04,15,5221
492,Granby,Colorado,09041400,"MUDDY CRK BLW WOLFORD MTN RESER. NR KREMMLING, CO",downstream,47.51,1995-10-03,2026-09-27,31,10661
190,Pardee,California,11299997,STANISLAUS R BL TULLOCH PP NR KNIGHTS FERRY CA,downstream,47.58,1972-06-27,2023-06-07,51,17625
544,New Spicer Meadow,California,11277300,CHERRY C BL VALLEY DAM NR HETCH HETCHY CA,downstream,47.89,2006-05-25,2023-06-07,17,5915
548,Relief,California,11278400,CHERRY C BL DION R HOLM PH NR MATHER CA,downstream,48.05,2006-05-25,2023-06-07,17,5914
411,American Falls,Idaho,13069500,SNAKE RIVER NR BLACKFOOT ID,downstream,48.12,1994-06-18,2015-10-13,21,4600
90,Fern Ridge,Oregon,14153500,"COAST FORK WILLAMETTE R BLW COTTAGE GROVE DAM, OR",downstream,48.36,2001-08-03,2026-09-28,25,9093
111,Howard Prairie,Oregon,11507501,"LINK RIVER BELOW KENO CANAL, NEAR KLAMATH FALLS,OR",downstream,48.43,2001-06-16,2026-09-24,25,8656
1768,Old Hickory Dam,Tennessee,03428180,"WF STONES R AT BLANTON RD MURFREESBORO, TN",downstream,48.46,2013-09-30,2026-09-27,13,4673
780,Jamestown,North Dakota,05058000,"SHEYENNE RIVER BELOW BALDHILL DAM, ND",downstream,48.81,1997-04-16,2026-09-27,29,10212
55,Keechelus,Washington,12117600,"CEDAR RIVER BELOW DIVERSION NEAR LANDSBURG, WA",downstream,48.86,2001-05-05,2026-09-27,25,9229
93,Dexter,Oregon,14162050,"NF QUARTZ CREEK NEAR BLUE RIVER, OR",downstream,48.86,2021-12-23,2026-09-28,5,1624
108,Four Mile Lake Dam,Oregon,14337830,"ELK CREEK BELOW ALCO CREEK, NEAR TRAIL, OR",downstream,48.86,1986-04-10,2003-09-30,17,5970
190,Pardee,California,11302000,STANISLAUS R BL GOODWIN DAM NR KNIGHTS FERRY CA,downstream,48.86,1966-02-01,2023-06-07,57,19134
216,James H. Turner,California,11162620,PILARCITOS C BL STONE DAM NR HILLSBOROUGH CA,downstream,48.93,2008-09-30,2023-07-04,15,5388
548,Relief,California,11276900,TUOLUMNE R BL EARLY INTAKE NR MATHER CA,downstream,48.93,2006-06-02,2023-06-07,17,5954
198,New Melones,California,11278400,CHERRY C BL DION R HOLM PH NR MATHER CA,downstream,48.94,2006-05-25,2023-06-07,17,5914
964,Smithville Dam,Missouri,06893500,"Blue River at Kansas City, MO",downstream,49.04,2005-09-30,2010-06-02,5,1205
198,New Melones,California,11276900,TUOLUMNE R BL EARLY INTAKE NR MATHER CA,downstream,49.06,2006-06-02,2023-06-07,17,5954
545,Donnells,California,11278400,CHERRY C BL DION R HOLM PH NR MATHER CA,downstream,49.06,2006-05-25,2023-06-07,17,5914
59,Lake Tapps Dike 2-B,Washington,12114500,"CEDAR RIVER BELOW BEAR CREEK NEAR CEDAR FALLS, WA",downstream,49.28,2018-09-25,2026-09-27,8,2797
223,Coyote,California,11173510,ALAMEDA C BL CALAVERAS C NR SUNOL CA,downstream,49.37,2008-10-04,2024-03-04,16,5482
89,Cougar,Oregon,14070624,"M F TUMALO CREEK BLW PROWELL SPRINGS, NR BEND, OR",downstream,49.52,2017-10-05,2026-09-28,9,3245
487,Shadow Mountain,Colorado,09041400,"MUDDY CRK BLW WOLFORD MTN RESER. NR KREMMLING, CO",downstream,49.71,1995-10-03,2026-09-27,31,10661
374,Island Park,Idaho,06038500,Madison River bl Hebgen Lake nr Grayling MT,downstream,49.83,2009-06-26,2026-09-27,17,6264
191,Camanche,California,11446980,AMERICAN R BL WATT AVE BRDG NR CARMICHAEL CA,downstream,49.84,1998-11-13,2023-04-20,25,8898
85,Foster,Oregon,14180300,"BLOWOUT CREEK NEAR DETROIT, OR",downstream,49.95,1998-10-09,2026-09-27,28,10197
1786,Oxford,North Carolina,0214196125,"CATAWBA RIVER AT NC HIGHWAY 16 NR MILLERSVILLE, NC",unknown,0.36,2017-04-01,2026-09-27,9,2308
1758,Philpott Dam,Virginia,02072000,"SMITH RIVER NEAR PHILPOTT, VA",unknown,0.38,2006-09-30,2026-09-28,20,6404
163,Martis Creek Dam,California,10339400,MARTIS C NR TRUCKEE CA,unknown,0.45,1973-06-29,2010-09-30,37,12799
620,Bradbury,California,11125600,HILTON CYN C NR SANTA YNEZ CA,unknown,0.45,2002-07-03,2015-12-02,13,4373
1067,Greers Ferry,Arkansas,07076000,Little Red River near Heber Springs,unknown,0.54,1991-05-03,2026-09-27,35,8716
1842,Fishing Creek,South Carolina,02147310,"CATAWBA RIVER AT GREAT FALLS, SC",unknown,0.55,2016-06-17,2026-09-27,10,2614
90,Fern Ridge,Oregon,14169000,"LONG TOM RIVER NEAR ALVADORE, OR",unknown,0.63,2001-08-08,2026-09-28,25,8687
555,Lake Eleanor,California,11278000,ELEANOR C NR HETCH HETCHY CA,unknown,0.65,2006-04-26,2024-04-16,18,5500
1140,Lake Kemp Dam,Texas,07312100,"Wichita Rv nr Mabelle, TX",unknown,0.8,1994-09-19,2011-09-29,17,6042
1761,John H. Kerr Dam,Virginia,02079500,"ROANOKE RIVER AT BUGGS ISLAND, VA",unknown,0.82,2003-12-10,2026-09-28,23,8016
1789,Rhodhiss,North Carolina,02141500,"CATAWBA RIVER AT RHODHISS, NC",unknown,0.84,2016-10-06,2026-09-27,10,2386
911,Red Rock Dam,Iowa,05488110,"Des Moines River near Pella, IA",unknown,0.86,2021-04-20,2026-09-28,5,1889
1654,Cagles Mill Lake Dam,Indiana,03359000,"MILL CREEK NEAR MANHATTAN, IN",unknown,0.87,1993-05-13,2026-09-27,33,8041
1300,Lake Houston Dam,Texas,295524095072701,"SJRA E Industrial Canal nr Crosby, TX",unknown,0.89,2013-09-05,2024-12-10,11,4043
1587,Salamonie Lake Dam,Indiana,03324500,"SALAMONIE RIVER AT DORA, IN",unknown,0.9,2002-09-30,2026-09-27,24,8371
620,Bradbury,California,11126000,SANTA YNEZ R NR SANTA YNEZ CA,unknown,0.94,1994-07-26,2026-09-28,32,9521
116,Applegate Dam,Oregon,14362000,"APPLEGATE RIVER NEAR COPPER, OR",unknown,1.03,1977-01-06,2026-09-28,49,17669
1916,Jim Woodruff Dam,Florida,02358000,APALACHICOLA RIVER AT CHATTAHOOCHEE FLA,unknown,1.03,2017-03-30,2026-09-27,9,3233
1592,Mississinewa Lake Dam,Indiana,03327000,"MISSISSINEWA RIVER AT PEORIA, IN",unknown,1.05,2002-09-30,2026-09-27,24,5538
216,James H. Turner,California,11174000,SAN ANTONIO C NR SUNOL CA,unknown,1.07,2008-10-01,2023-07-04,15,3465
1741,Green River Lake Dam,Kentucky,03306000,"GREEN RIVER NEAR CAMPBELLSVILLE, KY",unknown,1.1,1987-05-05,2026-09-27,39,8905
1703,Patoka Lake Dam,Indiana,03374500,"PATOKA RIVER NEAR CUZCO, IN",unknown,1.14,2002-09-30,2026-09-27,24,7108
89,Cougar,Oregon,14159500,"SOUTH FORK MCKENZIE RIVER NEAR RAINBOW, OR",unknown,1.28,1955-07-15,2026-09-28,71,24435
107,William L. Jess,Oregon,14335072,"ROGUE R AT COLE M RIVERS F HATCHERY NR MCLEOD, OR",unknown,1.4,2012-08-15,2026-09-28,14,5154
219,Calaveras,California,11173500,CALAVERAS C NR SUNOL CA,unknown,1.43,2008-10-01,2023-07-04,15,5384
557,O'Shaughnessy,California,11276500,TUOLUMNE R NR HETCH HETCHY CA,unknown,1.61,1971-10-01,2022-10-25,51,12421
85,Foster,Oregon,14187200,"SOUTH SANTIAM RIVER NEAR FOSTER, OR",unknown,1.76,1973-07-19,2026-09-28,53,16891
1586,J. Edward Roush Lake Dam,Indiana,03323500,"WABASH RIVER AT HUNTINGTON, IN",unknown,2.04,2002-09-30,2026-09-27,24,6735
519,Sugar Loaf,Colorado,07081200,"ARKANSAS RIVER NEAR LEADVILLE, CO",unknown,2.07,1990-05-12,1996-09-29,6,2307
338,Dworshak Dam,Idaho,13341000,NF CLEARWATER RIVER AT AHSAHKA ID,unknown,2.23,2009-09-30,2022-10-03,13,4385
107,William L. Jess,Oregon,14335075,"ROGUE RIVER AT MCLEOD,OREG.",unknown,2.24,1976-11-02,2000-09-30,24,7778
554,Cherry Valley,California,11278000,ELEANOR C NR HETCH HETCHY CA,unknown,2.67,2006-04-26,2024-04-16,18,5500
299,Hungry Horse,Montana,12362500,S F Flathead River nr Columbia Falls MT,unknown,2.77,1999-02-10,2026-09-27,27,9776
1758,Philpott Dam,Virginia,02072500,"SMITH RIVER AT BASSETT, VA",unknown,2.81,2006-08-16,2026-09-28,20,6478
97,Dorena,Oregon,14155500,"ROW RIVER NEAR COTTAGE GROVE, OR",unknown,3.05,2001-08-01,2026-09-28,25,9174
969,Blue Springs Dam,Missouri,06893830,"Adair Creek at Independence, MO",unknown,3.56,2008-10-07,2018-01-30,10,3398
93,Dexter,Oregon,14150000,"MIDDLE FORK WILLAMETTE RIVER NEAR DEXTER, OR",unknown,3.67,1955-08-24,2026-09-28,71,23689
1775,J. Percy Priest Dam,Tennessee,03430200,"STONES RIVER AT US HWY 70 NEAR DONELSON, TN",unknown,3.72,2003-09-15,2026-09-27,23,8315
1297,Tom Miller Dam,Texas,08155500,"Barton Spgs at Austin, TX",unknown,3.81,2003-06-20,2026-09-27,23,8360
1300,Lake Houston Dam,Texas,295554095093401,"Lk Houston at mouth of Jack's Ditch nr Houston, TX",unknown,3.82,2008-09-30,2014-11-24,6,2153
1300,Lake Houston Dam,Texas,295554095093402,"Lk Hou at Jack's Ditch (Site 2) nr Houston, TX",unknown,3.82,2014-11-25,2024-11-05,10,3153
72,Scoggins Reservoir,Oregon,452731123092100,"SCOGGINS CREEK NEAR SW OLD HWY 47, NEAR GASTON, OR",unknown,3.85,2020-08-06,2026-09-28,6,2224
107,William L. Jess,Oregon,14337600,"ROGUE RIVER NEAR MCLEOD, OR",unknown,4.0,1970-08-12,2026-09-28,56,19926
288,Morrison,"Saskatchewan, CAN",06178500,East Poplar River at international boundary,unknown,4.12,2020-10-01,2026-09-27,6,2165
41,Ross,Washington,12172000,"BIG BEAVER CREEK NEAR NEWHALEM, WA",unknown,5.04,2018-06-27,2026-09-27,8,3009
338,Dworshak Dam,Idaho,13340000,CLEARWATER RIVER AT OROFINO ID,unknown,5.2,1993-10-01,2026-09-28,33,11453
1606,Atwood Dam,Ohio,03120961,Unnamed Tributary near Dellroy OH,unknown,5.22,2015-06-22,2026-09-27,11,3877
80,Detroit,Oregon,14181500,"NORTH SANTIAM RIVER AT NIAGARA, OR",unknown,5.47,1953-01-12,2026-09-28,73,25080
2183,Cambridge Reservoir Dam,Massachusetts,422302071083801,"FRESH POND IN GATE HOUSE AT CAMBRIDGE, MA",unknown,5.48,2005-09-30,2026-09-27,21,7615
219,Calaveras,California,11173200,ARROYO HONDO NR SAN JOSE CA,unknown,5.66,2008-09-06,2023-07-04,15,5344
107,William L. Jess,Oregon,14338000,"ELK CREEK NEAR TRAIL, OR",unknown,5.74,1973-06-01,2026-09-28,53,18787
160,Prosser Creek,California,10339400,MARTIS C NR TRUCKEE CA,unknown,5.88,1973-06-29,2010-09-30,37,12799
157,Boca,California,10345490,GRAY C NR FLORISTON CA,unknown,5.91,2001-12-07,2007-03-14,6,1807
1188,Mountain Creek Dam,Texas,08049500,"W Fk Trinity Rv at Grand Prairie, TX",unknown,5.93,1976-10-01,2025-03-11,49,15743
519,Sugar Loaf,Colorado,07079300,"EF ARKANSAS R AT US HIGHWAY 24, NR LEADVILLE, CO.",unknown,5.97,1990-05-12,1996-09-29,6,2192
1300,Lake Houston Dam,Texas,295826095082200,"Lk Houston S Union Pacific RR Bridge nr Houston,TX",unknown,5.97,2008-09-30,2024-11-18,16,5709
508,Marston Lake North Dam,Colorado,06711565,"SOUTH PLATTE RIVER AT ENGLEWOOD, CO.",unknown,6.41,1995-10-01,2026-09-27,31,10818
92,Fall Creek,Oregon,14150000,"MIDDLE FORK WILLAMETTE RIVER NEAR DEXTER, OR",unknown,6.57,1955-08-24,2026-09-28,71,23689
7214,Ridges Basin,Colorado,09361500,"ANIMAS RIVER AT DURANGO, CO",unknown,6.81,2016-04-06,2026-09-27,10,3176
59,Lake Tapps Dike 2-B,Washington,12101100,"LAKE TAPPS DIVERSION AT DIERINGER, WA",unknown,7.15,2010-05-29,2026-09-27,16,5774
664,Caballo,New Mexico,325002107181201,17S.05W.13.22 H-4,unknown,7.16,2008-09-30,2025-09-23,17,5679
399,Pilot Butte,Wyoming,06227600,"WIND RIVER NEAR KINNEAR, WY",unknown,7.2,2010-03-04,2017-06-15,7,2172
399,Pilot Butte,Wyoming,430834108423201,2N-01E-13cdc01 Streambank well at station 06227600,unknown,7.2,2009-12-08,2017-11-13,8,2866
157,Boca,California,10339400,MARTIS C NR TRUCKEE CA,unknown,7.22,1973-06-29,2010-09-30,37,12799
1138,Fish Creek Dam,Texas,07316000,"Red River near Gainesville, TX",unknown,7.22,1996-09-30,2009-09-29,13,3044
1775,J. Percy Priest Dam,Tennessee,03431083,"MILL CREEK AT LEBANON ROAD AT NASHVILLE, TN",unknown,7.35,2003-09-06,2026-09-27,23,8392
59,Lake Tapps Dike 2-B,Washington,12101102,"WHITE RIVER AT 24TH ST E AT DIERINGER, WA",unknown,7.38,2016-06-08,2026-09-27,10,3664
338,Dworshak Dam,Idaho,13341050,CLEARWATER RIVER NR PECK ID,unknown,7.52,1964-10-14,2026-09-28,62,21849
88,Blue River Dam,Oregon,14159500,"SOUTH FORK MCKENZIE RIVER NEAR RAINBOW, OR",unknown,7.61,1955-07-15,2026-09-28,71,24435
107,William L. Jess,Oregon,14337870,"WEST BRANCH ELK CREEK NEAR TRAIL,OREG.",unknown,7.63,1977-08-20,2000-09-30,23,7975
72,Scoggins Reservoir,Oregon,453040123065201,"GALES CREEK AT OLD HWY 47, FOREST GROVE, OR",unknown,7.7,2001-05-09,2026-09-28,25,8089
969,Blue Springs Dam,Missouri,06893970,"Spring Branch Ck at Holke Rd in Independence, MO",unknown,7.78,2005-09-30,2019-09-03,14,4498
94,Lookout Point,Oregon,14150000,"MIDDLE FORK WILLAMETTE RIVER NEAR DEXTER, OR",unknown,7.81,1955-08-24,2026-09-28,71,23689
601,Navajo,New Mexico,09355500,"SAN JUAN RIVER NEAR ARCHULETA, NM",unknown,7.94,2014-03-05,2026-09-27,12,4543
1740,Nolin Lake Dam,Kentucky,03311500,"GREEN RIVER AT LOCK 6 AT BROWNSVILLE, KY",unknown,8.05,1999-12-15,2014-11-30,15,4825
468,Dixon Canyon,Colorado,06752260,"CACHE LA POUDRE RIVER AT FORT COLLINS, CO",unknown,8.06,1989-09-30,1999-09-29,10,2949
42,Diablo,Washington,12172000,"BIG BEAVER CREEK NEAR NEWHALEM, WA",unknown,8.15,2018-06-27,2026-09-27,8,3009
524,Marlette Lake Dam,Nevada,10336700,"INCLINE CK NR CRYSTAL BAY, NV",unknown,8.16,2019-09-30,2024-09-30,5,1545
2180,Wachusett Reservoir Dam,Massachusetts,01095434,"GATES BROOK NEAR WEST BOYLSTON, MA",unknown,8.18,2012-05-09,2026-09-27,14,4985
216,James H. Turner,California,11173500,CALAVERAS C NR SUNOL CA,unknown,8.21,2008-10-01,2023-07-04,15,5384
555,Lake Eleanor,California,11276500,TUOLUMNE R NR HETCH HETCHY CA,unknown,8.32,1971-10-01,2022-10-25,51,12421
2180,Wachusett Reservoir Dam,Massachusetts,01095220,"STILLWATER RIVER NEAR STERLING, MA",unknown,8.38,1998-04-15,2026-09-27,28,10338
1242,Red Bluff Dam,Texas,08412500,"Pecos Rv nr Orla, TX",unknown,8.42,1986-10-01,2003-01-30,17,5230
1606,Atwood Dam,Ohio,03120820,Indian Fork at Dellroy OH,unknown,8.49,2015-06-22,2026-09-27,11,4077
456,Wanship,Utah,10129900,"SILVER CREEK NEAR SILVER CREEK JUNCTION, UT",unknown,8.52,2001-10-16,2026-09-27,25,9079
557,O'Shaughnessy,California,11278000,ELEANOR C NR HETCH HETCHY CA,unknown,8.54,2006-04-26,2024-04-16,18,5500
100,Hills Creek,Oregon,14147500,"N FK OF M FK WILLAMETTE R NR OAKRIDGE, OR",unknown,8.6,2010-05-27,2026-09-28,16,5939
1184,Lake Worth Dam,Texas,08048000,"W Fk Trinity Rv at Ft Worth, TX",unknown,8.61,2010-09-21,2025-03-11,15,4938
163,Martis Creek Dam,California,10345490,GRAY C NR FLORISTON CA,unknown,8.8,2001-12-07,2007-03-14,6,1807
1606,Atwood Dam,Ohio,03120869,Willow Run near Dellroy OH,unknown,9.35,2015-07-01,2026-09-27,11,4105
1775,J. Percy Priest Dam,Tennessee,03431091,"CUMBERLAND R AT OMOHUNDRO WTR PLT AT NASHVILLE, TN",unknown,9.35,1996-10-25,2026-09-27,30,10358
2183,Cambridge Reservoir Dam,Massachusetts,01104475,"STONY BROOK RES., UNNAMED TRIB 1, NEAR WESTON, MA",unknown,9.42,2003-12-24,2026-09-27,23,8266
160,Prosser Creek,California,10345490,GRAY C NR FLORISTON CA,unknown,9.46,2001-12-07,2007-03-14,6,1807
1261,Houston County Lake Dam,Texas,08065350,"Trinity Rv nr Crockett, TX",unknown,9.52,1975-03-11,2024-10-03,49,16537
42,Diablo,Washington,12178000,"SKAGIT RIVER AT NEWHALEM, WA",unknown,9.75,2001-09-30,2026-09-27,25,8962
59,Lake Tapps Dike 2-B,Washington,12100490,"WHITE RIVER AT R STREET NEAR AUBURN, WA",unknown,9.87,2010-05-27,2026-09-27,16,5764
2183,Cambridge Reservoir Dam,Massachusetts,01104460,"STONY BROOK AT RT 20 AT WALTHAM, MA",unknown,10.1,1997-10-31,2026-09-27,29,8953
99,Cottage Grove,Oregon,14155500,"ROW RIVER NEAR COTTAGE GROVE, OR",unknown,10.18,2001-08-01,2026-09-28,25,9174
219,Calaveras,California,11174000,SAN ANTONIO C NR SUNOL CA,unknown,10.23,2008-10-01,2023-07-04,15,3465
2183,Cambridge Reservoir Dam,Massachusetts,01104455,"STONY BROOK, UNNAMED TRIBUTARY 1, NEAR WALTHAM, MA",unknown,10.23,2002-09-30,2026-09-27,24,8533
1801,Fontana,North Carolina,0351706800,"CHEOAH RIVER NR BEARPEN GAP NR TAPOCO, NC",unknown,10.25,1999-09-30,2026-09-27,27,9842
554,Cherry Valley,California,11278300,CHERRY C NR EARLY INTAKE CA,unknown,10.31,2008-05-28,2026-09-27,18,5210
183,Caples Lake,California,10336580,UPPER TRUCKEE RV AT S UPPER TRUCKEE RD NR MEYERS,unknown,10.32,1997-10-01,2003-09-29,6,2014
182,Folsom,California,11446500,AMERICAN R A FAIR OAKS CA,unknown,10.39,1959-11-18,2022-12-19,63,14614
42,Diablo,Washington,12178100,"NEWHALEM CREEK NEAR NEWHALEM, WA",unknown,10.53,2017-10-01,2025-08-24,8,2195
1595,Lake Mohawk Dam,Ohio,03120869,Willow Run near Dellroy OH,unknown,10.55,2015-07-01,2026-09-27,11,4105
2183,Cambridge Reservoir Dam,Massachusetts,01104453,STONY BROOK UNNAMED TRIB 2 NR WESTON STATION,unknown,10.55,2006-06-02,2026-09-27,20,6245
389,Deer Flat Upper,Idaho,13211205,"BOISE RIVER AT CALDWELL, ID",unknown,10.59,2015-11-17,2026-09-27,11,3817
165,Donner Lake,California,10339400,MARTIS C NR TRUCKEE CA,unknown,10.62,1973-06-29,2010-09-30,37,12799
609,Success Dam,California,11204100,SF TULE R NR RESERVATION BNDRY NR PORTERVILLE CA,unknown,10.62,2006-01-26,2026-09-28,20,7111
213,Del Valle,California,11174000,SAN ANTONIO C NR SUNOL CA,unknown,10.78,2008-10-01,2023-07-04,15,3465
554,Cherry Valley,California,11276500,TUOLUMNE R NR HETCH HETCHY CA,unknown,10.81,1971-10-01,2022-10-25,51,12421
987,Pueblo,Colorado,07099969,"ARKANSAS R. AT ST CHARLES MESA DIVER. AT PUEBLO,CO",unknown,10.81,1996-10-01,2026-09-27,30,10724
987,Pueblo,Colorado,07106500,"FOUNTAIN CREEK AT PUEBLO, CO.",unknown,11.15,1989-10-01,2026-09-27,37,12949
107,William L. Jess,Oregon,14337800,"ELK CREEK NEAR CASCADE GORGE,OREG.",unknown,11.19,1973-07-19,1998-09-30,25,7917
107,William L. Jess,Oregon,14338100,"ROGUE RIVER AT TRAIL, OR",unknown,11.32,1988-03-15,2000-09-30,12,4496
575,Vallecito,Colorado,09352900,"VALLECITO CREEK NEAR BAYFIELD, CO.",unknown,11.38,2012-04-01,2026-09-27,14,3869
437,Arthur V. Watkins,Utah,10141000,"WEBER RIVER NEAR PLAIN CITY, UT",unknown,11.43,2018-09-28,2026-09-27,8,2218
1790,Lookout Shoals,North Carolina,0214196125,"CATAWBA RIVER AT NC HIGHWAY 16 NR MILLERSVILLE, NC",unknown,11.48,2017-04-01,2026-09-27,9,2308
555,Lake Eleanor,California,11278300,CHERRY C NR EARLY INTAKE CA,unknown,11.49,2008-05-28,2026-09-27,18,5210
995,Lake Meredith,Colorado,07120500,"ARKANSAS RIVER NEAR ROCKY FORD, CO.",unknown,11.52,2012-03-12,2026-09-27,14,5182
93,Dexter,Oregon,14152000,"MIDDLE FORK WILLAMETTE RIVER AT JASPER, OR",unknown,11.69,1953-10-02,2026-09-28,73,20625
1804,Cowans Ford,North Carolina,0214267602,"CATAWBA RIVER DNSTRM DECK MTN IS DAM NR MTN IS, NC",unknown,11.73,2015-05-30,2026-09-27,11,2806
2180,Wachusett Reservoir Dam,Massachusetts,01095375,"QUINAPOXET RIVER AT CANADA MILLS NEAR HOLDEN, MA",unknown,11.82,1997-04-06,2026-09-27,29,10450
1606,Atwood Dam,Ohio,03119979,Bear Hole Run near Carrollton OH,unknown,11.87,2015-06-22,2026-09-27,11,4007
1863,Buford,Georgia,02334652,CHATTAHOOCHEE R 0.96 MI US MCGINNIS FY SUWANEE GA,unknown,11.88,2010-08-28,2026-09-27,16,5398
1768,Old Hickory Dam,Tennessee,03430200,"STONES RIVER AT US HWY 70 NEAR DONELSON, TN",unknown,11.95,2003-09-15,2026-09-27,23,8315
1863,Buford,Georgia,02334653,CHATTAHOOCHEE R 0.76 MI US MCGINNIS FY SUWANEE GA,unknown,12.04,2010-08-24,2026-09-27,16,5856
83,Green Peter,Oregon,14187200,"SOUTH SANTIAM RIVER NEAR FOSTER, OR",unknown,12.05,1973-07-19,2026-09-28,53,16891
1615,Blue Marsh Dam,Pennsylvania,01470779,"Tulpehocken Creek near Bernville, PA",unknown,12.12,2017-10-01,2026-09-27,9,3231
56,Howard A. Hanson Dam,Washington,12115500,"REX RIVER NEAR CEDAR FALLS, WA",unknown,12.22,2018-09-14,2026-09-27,8,2894
1863,Buford,Georgia,02334654,"CHATTAHOOCHEE R 0.5 MI US MCGINNIS FY SUWANEE, GA",unknown,12.27,2015-10-27,2026-09-28,11,3967
2183,Cambridge Reservoir Dam,Massachusetts,01104370,"STONY BROOK AT VILES STREET, NEAR WESTON, MA",unknown,12.27,2010-01-09,2026-09-27,16,6085
597,Glen Canyon,Arizona,09380000,"COLORADO RIVER AT LEES FERRY, AZ",unknown,12.39,1986-10-17,2026-09-27,40,12073
1188,Mountain Creek Dam,Texas,08057000,"Trinity Rv at Dallas, TX",unknown,12.41,2014-10-31,2025-03-11,11,2763
957,Cherry Creek Dam,Colorado,06711565,"SOUTH PLATTE RIVER AT ENGLEWOOD, CO.",unknown,12.52,1995-10-01,2026-09-27,31,10818
2183,Cambridge Reservoir Dam,Massachusetts,01104420,"CAMBRIDGE RES., UNNAMED TRIB 3, NR LEXINGTON, MA",unknown,12.53,2012-03-26,2026-09-27,14,5175
1585,Beltzville Dam,Pennsylvania,01449360,"Pohopoco Creek at Kresgeville, PA",unknown,12.58,1968-10-11,2026-09-27,58,15067
527,Weber Dam,Nevada,10302002,"WALKER RV AT LATERAL 2-A SIPHON NR SCHURZ, NV",unknown,12.58,1995-05-27,2026-09-28,31,7582
88,Blue River Dam,Oregon,14162500,"MCKENZIE RIVER NEAR VIDA, OR",unknown,12.59,1961-06-09,2026-09-28,65,17951
1595,Lake Mohawk Dam,Ohio,03120961,Unnamed Tributary near Dellroy OH,unknown,12.83,2015-06-22,2026-09-27,11,3877
151,Stampede,California,10345490,GRAY C NR FLORISTON CA,unknown,12.98,2001-12-07,2007-03-14,6,1807
56,Howard A. Hanson Dam,Washington,12117000,"TAYLOR CREEK NEAR SELLECK, WA",unknown,13.0,2018-09-30,2026-09-27,8,2826
511,Chatfield Dam,Colorado,06711565,"SOUTH PLATTE RIVER AT ENGLEWOOD, CO.",unknown,13.02,1995-10-01,2026-09-27,31,10818
299,Hungry Horse,Montana,12363000,Flathead River at Columbia Falls MT,unknown,13.13,1979-03-27,2026-09-27,47,17001
392,Little Wood River,Idaho,13150430,SILVER CREEK AT SPORTSMAN ACCESS NR PICABO ID,unknown,13.17,1998-04-09,2026-09-28,28,7170
83,Green Peter,Oregon,14185900,"QUARTZVILLE CREEK NEAR CASCADIA, OR",unknown,13.21,1963-08-16,2026-09-28,63,13947
1595,Lake Mohawk Dam,Ohio,03120820,Indian Fork at Dellroy OH,unknown,13.29,2015-06-22,2026-09-27,11,4077
1197,Joe Pool Lake,Texas,08049500,"W Fk Trinity Rv at Grand Prairie, TX",unknown,13.38,1976-10-01,2025-03-11,49,15743
92,Fall Creek,Oregon,14152000,"MIDDLE FORK WILLAMETTE RIVER AT JASPER, OR",unknown,13.44,1953-10-02,2026-09-28,73,20625
1190,Lake Arlington Dam,Texas,08048000,"W Fk Trinity Rv at Ft Worth, TX",unknown,13.74,2010-09-21,2025-03-11,15,4938
1606,Atwood Dam,Ohio,03119971,North Fork McGuire Creek near Carrollton OH,unknown,13.94,2015-06-22,2026-09-27,11,4006
456,Wanship,Utah,10133800,"EAST CANYON CREEK NEAR JEREMY RANCH, UT",unknown,13.95,2001-10-17,2026-09-27,25,9080
213,Del Valle,California,11173500,CALAVERAS C NR SUNOL CA,unknown,14.01,2008-10-01,2023-07-04,15,5384
2183,Cambridge Reservoir Dam,Massachusetts,01104415,"CAMBRIDGE RES., UNNAMED TRIB 2, NR LEXINGTON, MA",unknown,14.05,1997-10-04,2026-09-27,29,8058
216,James H. Turner,California,11173200,ARROYO HONDO NR SAN JOSE CA,unknown,14.09,2008-09-06,2023-07-04,15,5344
182,Folsom,California,11446030,SF AMERICAN R NR PILOT HILL CA,unknown,14.1,1999-08-05,2023-05-11,24,8494
1691,Burnsville Lake Dam,West Virginia,03057300,"WEST FORK RIVER AT WALKERSVILLE, WV",unknown,14.18,2017-10-01,2026-09-28,9,2891
1035,Eucha,Oklahoma,07191222,"Beaty Creek near Jay, OK",unknown,14.27,2005-03-08,2023-09-30,18,6303
1863,Buford,Georgia,02334885,"SUWANEE CREEK AT SUWANEE, GA",unknown,14.35,1994-10-06,2026-09-27,32,10119
1112,Blakely Mountain Dam,Arkansas,343057093031301,Arsenic Spring (17) @ HOSP N.P.,unknown,14.47,2000-08-16,2026-09-27,26,7229
1146,Lake Bonham Dam,Texas,07332620,"Bois D'Arc Ck at FM 1396 nr Honey Grove, TX",unknown,14.47,2006-09-24,2019-08-19,13,3540
952,Lovewell,Kansas,06853500,"REPUBLICAN R NR HARDY, NE",unknown,14.48,2018-09-27,2026-09-27,8,1989
1112,Blakely Mountain Dam,Arkansas,343054093031201,Spring 49 @ HOSP N.P.,unknown,14.53,2003-09-19,2026-09-27,23,6297
1112,Blakely Mountain Dam,Arkansas,343052093031301,Hale Spr. in Hale Bath House @ HOSP N.P.,unknown,14.54,2000-08-15,2026-09-27,26,6753
1112,Blakely Mountain Dam,Arkansas,343049093031301,Fordyce Spr. 46 in Fordyce Bath House @ HOSP N.P.,unknown,14.58,2000-08-11,2026-09-27,26,7452
1112,Blakely Mountain Dam,Arkansas,343048093031301,Quapaw Spring,unknown,14.59,2003-09-18,2026-09-27,23,5656
1037,Skiatook Lake,Oklahoma,07177500,"Bird Creek near Sperry, OK",unknown,14.59,1999-09-30,2023-09-30,24,8612
1768,Old Hickory Dam,Tennessee,03431083,"MILL CREEK AT LEBANON ROAD AT NASHVILLE, TN",unknown,14.68,2003-09-06,2026-09-27,23,8392
1841,Carters Main Dam,Georgia,02385800,"HOLLY CREEK NEAR CHATSWORTH, GA",unknown,14.68,2005-01-12,2022-08-30,17,3848
90,Fern Ridge,Oregon,14158100,"WILLAMETTE RIVER AT OWOSSO BRIDGE AT EUGENE, OR",unknown,14.72,2010-11-10,2026-09-28,16,5777
574,Lemon,Colorado,09352900,"VALLECITO CREEK NEAR BAYFIELD, CO.",unknown,14.73,2012-04-01,2026-09-27,14,3869
41,Ross,Washington,12178000,"SKAGIT RIVER AT NEWHALEM, WA",unknown,14.76,2001-09-30,2026-09-27,25,8962
1741,Green River Lake Dam,Kentucky,03307000,"RUSSELL CREEK NEAR COLUMBIA, KY",unknown,14.78,1999-12-22,2026-09-27,27,6300
1129,North Fork Buffalo Creek Dam,Texas,07312130,"Wichita Rv at SH 25 nr Kamay, TX",unknown,15.08,1997-09-30,2002-09-29,5,1764
620,Bradbury,California,11128500,SANTA YNEZ R A SOLVANG CA,unknown,15.11,1997-08-13,2026-09-28,29,7035
1768,Old Hickory Dam,Tennessee,03431091,"CUMBERLAND R AT OMOHUNDRO WTR PLT AT NASHVILLE, TN",unknown,15.15,1996-10-25,2026-09-27,30,10358
1862,Allatoona Lake Dam and Powerhouse,Georgia,02394682,"RICHLAND CREEK AT OLD DALLAS RD, NEAR DALLAS, GA",unknown,15.18,2016-01-28,2026-09-27,10,3821
41,Ross,Washington,12178100,"NEWHALEM CREEK NEAR NEWHALEM, WA",unknown,15.49,2017-10-01,2025-08-24,8,2195
56,Howard A. Hanson Dam,Washington,12116500,"CEDAR RIVER AT CEDAR FALLS, WA",unknown,15.54,1999-03-18,2026-09-27,27,9827
72,Scoggins Reservoir,Oregon,453113123003501,"DAIRY CREEK AT HWY 8, HILLSBORO, OR",unknown,15.57,2001-05-10,2012-05-03,11,3406
1714,Cave Run Lake Dam,Kentucky,03250322,"ROCK LICK CR AT STATE HWY 158 NR SHARKEY, KY STA D",unknown,15.58,2020-05-20,2026-09-27,6,1968
94,Lookout Point,Oregon,14152000,"MIDDLE FORK WILLAMETTE RIVER AT JASPER, OR",unknown,15.59,1953-10-02,2026-09-28,73,20625
974,Longview Dam,Missouri,06893830,"Adair Creek at Independence, MO",unknown,15.62,2008-10-07,2018-01-30,10,3398
654,Vail,California,11044000,SANTA MARGARITA R NR TEMECULA CA,unknown,15.66,1999-12-15,2026-09-28,27,9092
56,Howard A. Hanson Dam,Washington,12116400,"CEDAR RIVER AT POWERPLANT AT CEDAR FALLS, WA",unknown,15.71,2018-10-13,2026-09-27,8,2903
467,Bor Jordanelle,Utah,10129900,"SILVER CREEK NEAR SILVER CREEK JUNCTION, UT",unknown,15.77,2001-10-16,2026-09-27,25,9079
56,Howard A. Hanson Dam,Washington,12115000,"CEDAR RIVER NEAR CEDAR FALLS, WA",unknown,15.8,1997-09-30,2026-09-27,29,9959
56,Howard A. Hanson Dam,Washington,12116100,"CANYON CREEK NEAR CEDAR FALLS, WA",unknown,15.86,2018-09-28,2026-09-27,8,2888
1300,Lake Houston Dam,Texas,08067074,"CWA Canal at Thompson Rd nr Baytown, TX",unknown,15.94,2012-07-20,2021-11-17,9,3371
995,Lake Meredith,Colorado,07119700,"ARKANSAS RIVER AT CATLIN DAM, NEAR FOWLER, CO.",unknown,15.99,1990-05-10,2026-09-27,36,12959
969,Blue Springs Dam,Missouri,06893620,"Rock Creek at Kentucky Road in Independence, MO",unknown,16.05,2011-12-20,2024-02-06,13,4347
1214,Lake Colorado City Dam,Texas,08123800,"Beals Ck nr Westbrook, TX",unknown,16.08,1980-10-01,2011-10-14,31,8247
1828,Chatuge,North Carolina,03544970,"HIWASSEE RIVER AT RIVERSIDE DR, NR HIAWASSEE, GA",unknown,16.12,2011-09-29,2020-09-30,9,3243
151,Stampede,California,10339400,MARTIS C NR TRUCKEE CA,unknown,16.15,1973-06-29,2010-09-30,37,12799
1129,North Fork Buffalo Creek Dam,Texas,07312200,"Beaver Ck nr Electra, TX",unknown,16.26,1996-06-08,2002-09-29,6,2212
974,Longview Dam,Missouri,06893562,"Brush Creek at Rockhill Road in Kansas City, MO",unknown,16.29,2005-09-30,2010-06-02,5,1206
516,Homestake Dam,Colorado,07081200,"ARKANSAS RIVER NEAR LEADVILLE, CO",unknown,16.4,1990-05-12,1996-09-29,6,2307
1650,Tom Jenkins Dam,Ohio,03158200,Monday Creek at Doanville OH,unknown,16.41,1999-09-30,2006-09-29,7,2422
1295,Conroe Dam,Texas,08068000,"W Fk San Jacinto Rv nr Conroe, TX",unknown,16.49,2014-02-06,2024-12-15,10,3921
557,O'Shaughnessy,California,11278300,CHERRY C NR EARLY INTAKE CA,unknown,16.5,2008-05-28,2026-09-27,18,5210
1587,Salamonie Lake Dam,Indiana,03323500,"WABASH RIVER AT HUNTINGTON, IN",unknown,16.5,2002-09-30,2026-09-27,24,6735
72,Scoggins Reservoir,Oregon,14206241,"TUALATIN RIVER AT HWY 219 NEAR HILLSBORO, OR",unknown,16.53,2019-04-18,2026-09-28,7,2717
180,Warm Springs Dam,California,11463980,RUSSIAN R A DIGGER BEND NR HEALDSBURG CA,unknown,16.55,2002-06-29,2026-09-27,24,8710
1595,Lake Mohawk Dam,Ohio,03119979,Bear Hole Run near Carrollton OH,unknown,16.72,2015-06-22,2026-09-27,11,4007
1194,Benbrook Lake,Texas,08048000,"W Fk Trinity Rv at Ft Worth, TX",unknown,16.75,2010-09-21,2025-03-11,15,4938
203,Farmington Dam,California,11302500,STANISLAUS R A OAKDALE CA,unknown,16.85,1985-08-28,2023-06-07,38,13010
1151,Ray Roberts Dam,Texas,08052700,"Little Elm Ck nr Aubrey, TX",unknown,16.89,2010-04-05,2025-03-11,15,4910
1300,Lake Houston Dam,Texas,08069500,"W Fk San Jacinto Rv nr Humble, TX",unknown,16.91,2010-05-19,2024-11-13,14,5233
213,Del Valle,California,11173200,ARROYO HONDO NR SAN JOSE CA,unknown,17.02,2008-09-06,2023-07-04,15,5344
516,Homestake Dam,Colorado,07079300,"EF ARKANSAS R AT US HIGHWAY 24, NR LEADVILLE, CO.",unknown,17.02,1990-05-12,1996-09-29,6,2192
1890,Pinopolis West Dam,South Carolina,02172020,"W BRANCH COOPER R AT PIMLICO NR MONCKS CORNER, SC",unknown,17.04,1975-10-01,2026-09-27,51,14314
300,Tiber Dike,Montana,06101630,"Marias River at Highway 223 bridge near Chester,MT",unknown,17.07,2015-03-27,2026-09-27,11,2573
180,Warm Springs Dam,California,383930122494801,009N009W02F001M,unknown,17.11,2016-10-18,2026-09-28,10,3630
180,Warm Springs Dam,California,11463682,RUSSIAN R A JIMTOWN CA,unknown,17.16,2009-07-22,2026-09-28,17,5012
1042,Norfork,Arkansas,07060500,"White River at Calico Rock, AR",unknown,17.32,1991-05-15,2026-09-27,35,11414
1144,Millwood Dam,Arkansas,07337000,"Red River at Index, AR",unknown,17.35,1997-10-01,2026-09-27,29,8920
163,Martis Creek Dam,California,10336700,"INCLINE CK NR CRYSTAL BAY, NV",unknown,17.39,2019-09-30,2024-09-30,5,1545
92,Fall Creek,Oregon,14164550,"CAMP CRK AT CAMP CRK RD BRIDGE, NR SPRINGFIELD, OR",unknown,17.41,2017-07-12,2026-09-28,9,3318
93,Dexter,Oregon,14164550,"CAMP CRK AT CAMP CRK RD BRIDGE, NR SPRINGFIELD, OR",unknown,17.7,2017-07-12,2026-09-28,9,3318
744,Birch Lake,Minnesota,474428091594601,WLN08     61N13W28ADBB01  Babbitt CRN  0000786137,unknown,17.7,2016-12-02,2024-08-15,8,2634
987,Pueblo,Colorado,381312104321001,BESSEMER DITCH AT ST. CHARLES WD NEAR PUEBLO CO,unknown,17.72,2008-03-18,2026-09-27,18,4473
93,Dexter,Oregon,14164700,"CEDAR CREEK AT SPRINGFIELD, OR",unknown,17.8,2017-07-11,2026-09-28,9,3346
1217,Champion Creek Dam,Texas,08123800,"Beals Ck nr Westbrook, TX",unknown,17.86,1980-10-01,2011-10-14,31,8247
450,East Canyon,Utah,10133800,"EAST CANYON CREEK NEAR JEREMY RANCH, UT",unknown,18.0,2001-10-17,2026-09-27,25,9080
1164,Lewisville Dam,Texas,08052745,"Doe Br at US Hwy 380 nr Prosper, TX",unknown,18.12,2010-04-05,2025-03-11,15,5075
56,Howard A. Hanson Dam,Washington,12117500,"CEDAR RIVER NEAR LANDSBURG, WA",unknown,18.23,2018-09-05,2026-09-27,8,2933
1683,William H. Harsha Lake Dam,Ohio,03238745,"TWELVEMILE CREEK AT HIGHWAY 1997 NR ALEXANDRIA, KY",unknown,18.28,2000-12-02,2016-10-03,16,4595
92,Fall Creek,Oregon,14164700,"CEDAR CREEK AT SPRINGFIELD, OR",unknown,18.31,2017-07-11,2026-09-28,9,3346
89,Cougar,Oregon,14162500,"MCKENZIE RIVER NEAR VIDA, OR",unknown,18.41,1961-06-09,2026-09-28,65,17951
201,Alpine,California,11181360,SAN PABLO STRAIT A PT SAN PABLO CA,unknown,18.5,1989-10-18,2006-07-31,17,5210
1586,J. Edward Roush Lake Dam,Indiana,03324500,"SALAMONIE RIVER AT DORA, IN",unknown,18.65,2002-09-30,2026-09-27,24,8371
1302,Canyon Lake,Texas,294300098080001,DX-68-23-301 (Comal 1),unknown,18.67,2013-07-04,2024-04-04,11,2864
1863,Buford,Georgia,02205000,"WILDCAT CREEK NEAR LAWRENCEVILLE, GA",unknown,18.73,2019-09-06,2026-09-27,7,2579
165,Donner Lake,California,10345490,GRAY C NR FLORISTON CA,unknown,18.83,2001-12-07,2007-03-14,6,1807
1595,Lake Mohawk Dam,Ohio,03119971,North Fork McGuire Creek near Carrollton OH,unknown,19.01,2015-06-22,2026-09-27,11,4006
1768,Old Hickory Dam,Tennessee,03431514,"CUMBERLAND RIVER NEAR BORDEAUX, TN",unknown,19.03,1996-11-01,2026-09-27,30,10684
1219,Martin Lake Dam,Texas,08022040,"Sabine Rv nr Beckville, TX",unknown,19.05,1986-10-01,1998-09-30,12,4277
183,Caples Lake,California,10336770,"TROUT CK AT USFS RD 12N01 NR MEYERS, CA",unknown,19.11,1997-10-01,2003-09-29,6,1930
180,Warm Springs Dam,California,11464000,RUSSIAN R NR HEALDSBURG CA,unknown,19.19,1965-10-07,2002-09-30,37,12385
1146,Lake Bonham Dam,Texas,07332622,"Bois D'Arc Ck at FM 409 nr Honey Grove, TX",unknown,19.19,2009-06-03,2025-03-11,16,5033
1033,Beaver,Arkansas,07049050,"War Eagle Creek at War Eagle, AR",unknown,19.22,2016-02-03,2022-04-25,6,2255
1775,J. Percy Priest Dam,Tennessee,03431514,"CUMBERLAND RIVER NEAR BORDEAUX, TN",unknown,19.25,1996-11-01,2026-09-27,30,10684
1683,William H. Harsha Lake Dam,Ohio,03238772,"FOURMILE CREEK AT POPLAR RIDGE RD NR ALEXANDRIA,KY",unknown,19.27,2001-03-17,2016-10-04,15,3333
1294,Mansfield Dam,Texas,08155500,"Barton Spgs at Austin, TX",unknown,19.34,2003-06-20,2026-09-27,23,8360
299,Hungry Horse,Montana,12355500,N F Flathead River nr Columbia Falls MT,unknown,19.37,1996-01-12,2026-09-27,30,7814
967,Perry Dam,Kansas,06889000,"KANSAS R AT TOPEKA, KS",unknown,19.41,1999-07-18,2005-09-29,6,1937
1190,Lake Arlington Dam,Texas,08049500,"W Fk Trinity Rv at Grand Prairie, TX",unknown,19.41,1976-10-01,2025-03-11,49,15743
1302,Canyon Lake,Texas,08170990,"Jacobs Well Spg nr Wimberley, TX",unknown,19.43,2009-06-11,2026-09-27,17,6162
192,Beardsley,California,11294500,NF STANISLAUS R NR AVERY CA,unknown,19.51,1990-06-14,1998-09-30,8,2858
90,Fern Ridge,Oregon,14166000,"WILLAMETTE RIVER AT HARRISBURG, OR",unknown,19.63,1961-06-20,2026-09-28,65,17982
364,Hebgen Dam,Montana,06038800,Madison River at Kirby Ranch nr Cameron MT,unknown,19.65,1995-04-12,2026-09-27,31,9212
1177,Eagle Mountain Dam,Texas,08048000,"W Fk Trinity Rv at Ft Worth, TX",unknown,19.71,2010-09-21,2025-03-11,15,4938
1617,Tappan Dam,Ohio,03119971,North Fork McGuire Creek near Carrollton OH,unknown,19.88,2015-06-22,2026-09-27,11,4006
97,Dorena,Oregon,14150000,"MIDDLE FORK WILLAMETTE RIVER NEAR DEXTER, OR",unknown,19.97,1955-08-24,2026-09-28,71,23689
423,Fontenelle,Wyoming,09209400,"GREEN RIVER NEAR LA BARGE, WY",unknown,19.97,2014-09-26,2019-11-28,5,1880
423,Fontenelle,Wyoming,421134110094701,26-112-33bdc01 streambank well at station 09209400,unknown,19.97,2015-03-14,2020-03-31,5,1724
1800,Normandy,Tennessee,03597860,"DUCK RIVER AT SHELBYVILLE, TN",unknown,20.0,1991-10-11,2012-09-29,21,7539
153,Independence,California,10339400,MARTIS C NR TRUCKEE CA,unknown,20.11,1973-06-29,2010-09-30,37,12799
957,Cherry Creek Dam,Colorado,06714215,"SOUTH PLATTE R AT 64TH AVE. COMMERCE CITY, CO.",unknown,20.22,2018-10-02,2026-09-27,8,2905
1295,Conroe Dam,Texas,08068400,"Panther Br at Gosling Rd, The Woodlands, TX",unknown,20.25,1999-03-04,2015-10-03,16,6032
182,Folsom,California,11446700,AMERICAN R A WILLIAM B POND PARK A CARMICHAEL CA,unknown,20.26,2000-10-11,2023-05-02,23,8224
1809,Mountain Island,North Carolina,02146409,"LTL SUGAR CR AT MEDICAL CENTER DR AT CHARLOTTE, NC",unknown,20.26,1999-04-15,2004-09-29,5,1818
1890,Pinopolis West Dam,South Carolina,02171637,"REDIV. INTAKE CANAL NR ST. STEPHEN, SC",unknown,20.35,2007-05-23,2026-09-27,19,6985
7214,Ridges Basin,Colorado,09363500,"ANIMAS RIVER NEAR CEDAR HILL, NM",unknown,20.42,2016-03-08,2024-10-09,8,2770
390,Ririe,Idaho,13038500,SNAKE RIVER AT LORENZO ID,unknown,20.43,2004-09-30,2015-09-30,11,3546
94,Lookout Point,Oregon,14164550,"CAMP CRK AT CAMP CRK RD BRIDGE, NR SPRINGFIELD, OR",unknown,20.48,2017-07-12,2026-09-28,9,3318
969,Blue Springs Dam,Missouri,06893060,"Missouri River at Randolph, MO",unknown,20.52,2011-09-09,2026-09-27,15,5282
1617,Tappan Dam,Ohio,03119979,Bear Hole Run near Carrollton OH,unknown,20.58,2015-06-22,2026-09-27,11,4007
93,Dexter,Oregon,14155500,"ROW RIVER NEAR COTTAGE GROVE, OR",unknown,20.72,2001-08-01,2026-09-28,25,9174
1890,Pinopolis West Dam,South Carolina,02172040,"BACK RIVER AT DUPONT INTAKE NR KITTREDGE, SC",unknown,20.79,1986-10-01,2026-09-27,40,13957
182,Folsom,California,11433790,NF AMERICAN R A AUBURN DAM SITE NR AUBURN CA,unknown,20.82,1999-06-05,2023-05-11,24,8267
1879,North Santee Dam,South Carolina,02171637,"REDIV. INTAKE CANAL NR ST. STEPHEN, SC",unknown,20.84,2007-05-23,2026-09-27,19,6985
1791,Catawba,North Carolina,02137727,"CATAWBA R NR PLEASANT GARDENS, NC",unknown,20.87,2013-04-25,2026-09-27,13,4901
116,Applegate Dam,Oregon,14366000,"APPLEGATE RIVER NEAR APPLEGATE, OR",unknown,20.89,1973-08-14,2026-09-28,53,18651
438,Pineview,Utah,10141000,"WEBER RIVER NEAR PLAIN CITY, UT",unknown,21.06,2018-09-28,2026-09-27,8,2218
72,Scoggins Reservoir,Oregon,453030122560101,"ROCK CREEK AT BROOKWOOD AVENUE, HILLSBORO, OR",unknown,21.09,2004-05-20,2026-09-28,22,8123
94,Lookout Point,Oregon,14164700,"CEDAR CREEK AT SPRINGFIELD, OR",unknown,21.1,2017-07-11,2026-09-28,9,3346
2158,Hopkinton Flood Control Dam,New Hampshire,01091000,"SOUTH BRANCH PISCATAQUOG RIVER NEAR GOFFSTOWN, NH",unknown,21.1,2012-07-13,2025-09-30,13,4743
974,Longview Dam,Missouri,06893620,"Rock Creek at Kentucky Road in Independence, MO",unknown,21.13,2011-12-20,2024-02-06,13,4347
974,Longview Dam,Missouri,06893970,"Spring Branch Ck at Holke Rd in Independence, MO",unknown,21.17,2005-09-30,2019-09-03,14,4498
969,Blue Springs Dam,Missouri,06893562,"Brush Creek at Rockhill Road in Kansas City, MO",unknown,21.2,2005-09-30,2010-06-02,5,1206
1890,Pinopolis West Dam,South Carolina,02172050,"COOPER R NR GOOSE CREEK, SC",unknown,21.2,1983-12-08,2026-09-27,43,15244
157,Boca,California,10336700,"INCLINE CK NR CRYSTAL BAY, NV",unknown,21.24,2019-09-30,2024-09-30,5,1545
1151,Ray Roberts Dam,Texas,08052745,"Doe Br at US Hwy 380 nr Prosper, TX",unknown,21.31,2010-04-05,2025-03-11,15,5075
467,Bor Jordanelle,Utah,10133800,"EAST CANYON CREEK NEAR JEREMY RANCH, UT",unknown,21.44,2001-10-17,2026-09-27,25,9080
1197,Joe Pool Lake,Texas,08057000,"Trinity Rv at Dallas, TX",unknown,21.46,2014-10-31,2025-03-11,11,2763
107,William L. Jess,Oregon,14339000,"ROGUE RIVER AT DODGE BRIDGE, NEAR EAGLE POINT, OR",unknown,21.58,1973-08-13,2026-09-28,53,18529
201,Alpine,California,11162690,SAN FRANCISCO BAY A PRESIDIO MILITARY RSERV CA,unknown,21.63,1990-10-01,2002-11-11,12,4277
1890,Pinopolis West Dam,South Carolina,02171639,"REDIVERSION CANAL TAILRACE AT ST. STEPHEN, SC",unknown,21.64,2000-11-22,2006-09-29,6,2092
182,Folsom,California,11445500,SF AMERICAN R NR LOTUS CA,unknown,21.77,1959-12-23,1995-07-23,36,11971
1863,Buford,Georgia,02217274,"WHEELER CREEK AT BILL CHEEK ROAD, NEAR AUBURN, GA",unknown,21.88,2001-06-30,2026-09-27,25,9154
1863,Buford,Georgia,02335700,"BIG CREEK NEAR ALPHARETTA, GA",unknown,21.9,2016-04-29,2022-10-04,6,2340
1786,Oxford,North Carolina,02141500,"CATAWBA RIVER AT RHODHISS, NC",unknown,22.0,2016-10-06,2026-09-27,10,2386
1879,North Santee Dam,South Carolina,02171639,"REDIVERSION CANAL TAILRACE AT ST. STEPHEN, SC",unknown,22.02,2000-11-22,2006-09-29,6,2092
55,Keechelus,Washington,12115000,"CEDAR RIVER NEAR CEDAR FALLS, WA",unknown,22.08,1997-09-30,2026-09-27,29,9959
1890,Pinopolis West Dam,South Carolina,02171645,"REDIV CANAL AT SANTEE RIVER NR ST STEPHEN, SC",unknown,22.17,2006-11-17,2026-09-27,20,7106
1617,Tappan Dam,Ohio,03120820,Indian Fork at Dellroy OH,unknown,22.18,2015-06-22,2026-09-27,11,4077
1863,Buford,Georgia,02389150,"ETOWAH RIVER AT GA 9, NEAR DAWSONVILLE, GA",unknown,22.2,2018-06-23,2026-09-27,8,2890
1048,Keystone Lake,Oklahoma,07164500,"Arkansas River at Tulsa, OK",unknown,22.47,2005-09-30,2023-09-30,18,6250
1129,North Fork Buffalo Creek Dam,Texas,07312500,"Wichita Rv at Wichita Falls, TX",unknown,22.47,1998-09-30,2024-11-09,26,8180
508,Marston Lake North Dam,Colorado,06714215,"SOUTH PLATTE R AT 64TH AVE. COMMERCE CITY, CO.",unknown,22.53,2018-10-02,2026-09-27,8,2905
574,Lemon,Colorado,09361500,"ANIMAS RIVER AT DURANGO, CO",unknown,22.62,2016-04-06,2026-09-27,10,3176
160,Prosser Creek,California,10336700,"INCLINE CK NR CRYSTAL BAY, NV",unknown,22.83,2019-09-30,2024-09-30,5,1545
1139,Lake Arrowhead Dam,Texas,07312500,"Wichita Rv at Wichita Falls, TX",unknown,22.85,1998-09-30,2024-11-09,26,8180
648,Diamond Valley Lake,California,11044000,SANTA MARGARITA R NR TEMECULA CA,unknown,22.87,1999-12-15,2026-09-28,27,9092
85,Foster,Oregon,14185900,"QUARTZVILLE CREEK NEAR CASCADIA, OR",unknown,22.88,1963-08-16,2026-09-28,63,13947
1862,Allatoona Lake Dam and Powerhouse,Georgia,02392000,"ETOWAH RIVER AT CANTON, GA",unknown,22.9,2014-05-09,2023-08-15,9,2941
450,East Canyon,Utah,10129900,"SILVER CREEK NEAR SILVER CREEK JUNCTION, UT",unknown,22.91,2001-10-16,2026-09-27,25,9079
1117,Arbuckle Dike 1,Oklahoma,07331000,"Washita River near Dickson, OK",unknown,22.95,1996-12-11,2009-09-29,13,2992
183,Caples Lake,California,10336775,"TROUT CK AT PIONEER TRAIL NR SOUTH LAKE TAHOE, CA",unknown,22.97,1997-10-01,2003-09-29,6,1803
1037,Skiatook Lake,Oklahoma,07178000,"Bird Creek near Owasso, OK",unknown,22.97,1999-09-30,2006-07-06,7,2418
1140,Lake Kemp Dam,Texas,07311900,"Wichita Rv nr Seymour, TX",unknown,23.0,1996-10-01,2014-09-29,18,5756
1035,Eucha,Oklahoma,071912213,"Spavinaw Creek near Colcord, OK",unknown,23.02,2004-11-16,2023-09-30,19,6808
1789,Rhodhiss,North Carolina,0214196125,"CATAWBA RIVER AT NC HIGHWAY 16 NR MILLERSVILLE, NC",unknown,23.16,2017-04-01,2026-09-27,9,2308
998,John Martin Dam,Colorado,07128500,"PURGATOIRE RIVER NEAR LAS ANIMAS, CO",unknown,23.17,1989-09-30,1996-09-29,7,2482
1879,North Santee Dam,South Carolina,02171645,"REDIV CANAL AT SANTEE RIVER NR ST STEPHEN, SC",unknown,23.42,2006-11-17,2026-09-27,20,7106
1863,Buford,Georgia,02218565,"APALACHEE RIVER AT FENCE ROAD, NEAR DACULA, GA",unknown,23.44,2001-07-13,2026-09-27,25,9079
94,Lookout Point,Oregon,14155500,"ROW RIVER NEAR COTTAGE GROVE, OR",unknown,23.56,2001-08-01,2026-09-28,25,9174
1617,Tappan Dam,Ohio,03120961,Unnamed Tributary near Dellroy OH,unknown,23.66,2015-06-22,2026-09-27,11,3877
549,Silver Jack,Colorado,09147500,"UNCOMPAHGRE RIVER AT COLONA, CO",unknown,23.69,2009-10-30,2026-09-27,17,6168
97,Dorena,Oregon,14152000,"MIDDLE FORK WILLAMETTE RIVER AT JASPER, OR",unknown,23.78,1953-10-02,2026-09-28,73,20625
1257,Simon Freese Dam,Texas,08136500,"Concho Rv at Paint Rock, TX",unknown,23.8,2001-02-07,2011-10-25,10,3360
384,Jackson Lake,Wyoming,13012475,"South Fork Spread Cr at mouth, nr Moran, WY",unknown,23.86,2018-09-21,2023-07-28,5,1440
183,Caples Lake,California,10336779,"COLD CK AT MOUTH, CA",unknown,23.89,1997-09-30,2003-09-29,6,2062
153,Independence,California,10345490,GRAY C NR FLORISTON CA,unknown,23.91,2001-12-07,2007-03-14,6,1807
1145,Lake Kickapoo Dam,Texas,07312130,"Wichita Rv at SH 25 nr Kamay, TX",unknown,23.93,1997-09-30,2002-09-29,5,1764
1718,Taylorsville Lake Dam,Kentucky,03298200,"FLOYDS FORK NEAR MT WASHINGTON, KY",unknown,24.0,2008-09-30,2026-09-27,18,4740
131,Trinity,California,11525854,TRINITY R A DOUGLAS CITY CA,unknown,24.09,2019-10-01,2026-09-28,7,2400
609,Success Dam,California,11203580,SF TULE R NR CHOLOLLO CAMPGROUND NR PORTERVILLE CA,unknown,24.1,2006-01-25,2026-09-27,20,7276
1171,Grapevine Dam,Texas,08049500,"W Fk Trinity Rv at Grand Prairie, TX",unknown,24.1,1976-10-01,2025-03-11,49,15743
1872,J. Strom Thurmond Dam,Georgia,02193900,"THURMOND LAKE NEAR PLUM BRANCH, SC",unknown,24.21,2010-12-13,2026-09-27,16,5416
505,Ralston,Colorado,06714215,"SOUTH PLATTE R AT 64TH AVE. COMMERCE CITY, CO.",unknown,24.34,2018-10-02,2026-09-27,8,2905
1916,Jim Woodruff Dam,Florida,02357150,"SPRING CREEK NEAR REYNOLDSVILLE, GA",unknown,24.37,2017-05-16,2026-09-27,9,3417
1300,Lake Houston Dam,Texas,08074710,"Buffalo Bayou at Turning Basin, Houston, TX",unknown,24.4,1986-03-25,2005-10-12,19,6975
1034,Spavinaw,Oklahoma,07191222,"Beaty Creek near Jay, OK",unknown,24.42,2005-03-08,2023-09-30,18,6303
469,Red Fleet,Utah,09261000,"GREEN RIVER NEAR JENSEN, UT",unknown,24.47,1998-09-25,2026-09-27,28,9844
180,Warm Springs Dam,California,11467000,RUSSIAN R A HACIENDA BRIDGE NR GUERNEVILLE CA,unknown,24.48,1964-01-10,2026-09-28,62,14054
55,Keechelus,Washington,12115500,"REX RIVER NEAR CEDAR FALLS, WA",unknown,24.52,2018-09-14,2026-09-27,8,2894
1037,Skiatook Lake,Oklahoma,07164500,"Arkansas River at Tulsa, OK",unknown,24.52,2005-09-30,2023-09-30,18,6250
998,John Martin Dam,Colorado,07124000,"ARKANSAS RIVER AT LAS ANIMAS, CO.",unknown,24.54,1987-10-01,2026-09-28,39,13794
1863,Buford,Georgia,02205865,"SWEETWATER CREEK AT CLUB DRIVE NEAR LILBURN, GA",unknown,24.65,2010-02-26,2026-09-27,16,6041
524,Marlette Lake Dam,Nevada,10345490,GRAY C NR FLORISTON CA,unknown,24.66,2001-12-07,2007-03-14,6,1807
664,Caballo,New Mexico,324122107120802,19S.04W.01.214 H-13,unknown,24.67,2007-09-30,2026-07-28,19,6011
204,Tulloch,California,11302500,STANISLAUS R A OAKDALE CA,unknown,24.68,1985-08-28,2023-06-07,38,13010
1617,Tappan Dam,Ohio,03120869,Willow Run near Dellroy OH,unknown,24.78,2015-07-01,2026-09-27,11,4105
1164,Lewisville Dam,Texas,08052700,"Little Elm Ck nr Aubrey, TX",unknown,24.8,2010-04-05,2025-03-11,15,4910
80,Detroit,Oregon,14185900,"QUARTZVILLE CREEK NEAR CASCADIA, OR",unknown,24.87,1963-08-16,2026-09-28,63,13947
1816,Thorpe,North Carolina,02176930,"CHATTOOGA RIVER AT BURRELLS FORD, NR PINE MTN, GA",unknown,24.87,2009-10-09,2026-09-27,17,5639
1718,Taylorsville Lake Dam,Kentucky,03298000,"FLOYDS FORK AT FISHERVILLE, KY",unknown,24.92,2006-09-30,2026-09-27,20,5078
1129,North Fork Buffalo Creek Dam,Texas,07308500,"Red Rv nr Burkburnett, TX",unknown,24.97,1994-10-05,2011-09-21,17,5219
1300,Lake Houston Dam,Texas,08070200,"E Fk San Jacinto Rv nr New Caney, TX",unknown,24.99,1995-10-01,2024-11-21,29,8407
519,Sugar Loaf,Colorado,07086000,"ARKANSAS RIVER AT GRANITE, CO.",unknown,25.15,1993-10-06,2026-09-27,33,11266
524,Marlette Lake Dam,Nevada,10339400,MARTIS C NR TRUCKEE CA,unknown,25.16,1973-06-29,2010-09-30,37,12799
542,Morrow Point,Colorado,09147500,"UNCOMPAHGRE RIVER AT COLONA, CO",unknown,25.18,2009-10-30,2026-09-27,17,6168
1615,Blue Marsh Dam,Pennsylvania,01471875,"Manatawny Creek near Spangsville, PA",unknown,25.22,2018-09-28,2026-09-27,8,2914
1592,Mississinewa Lake Dam,Indiana,03324500,"SALAMONIE RIVER AT DORA, IN",unknown,25.3,2002-09-30,2026-09-27,24,8371
449,Echo,Utah,10133800,"EAST CANYON CREEK NEAR JEREMY RANCH, UT",unknown,25.34,2001-10-17,2026-09-27,25,9080
92,Fall Creek,Oregon,14155500,"ROW RIVER NEAR COTTAGE GROVE, OR",unknown,25.38,2001-08-01,2026-09-28,25,9174
1587,Salamonie Lake Dam,Indiana,03327000,"MISSISSINEWA RIVER AT PEORIA, IN",unknown,25.45,2002-09-30,2026-09-27,24,5538
2186,Quabbin Winsor Dam,Massachusetts,01173000,"WARE RIVER AT INTAKE WORKS NEAR BARRE, MA",unknown,25.47,2018-10-09,2026-09-27,8,2904
929,Johnson Lake Dam,Nebraska,06767998,PLATTE R NR OVERTON N CHAN,unknown,25.58,1958-11-06,1997-01-30,39,12719
929,Johnson Lake Dam,Nebraska,06768000,"Platte River near Overton, Nebr.",unknown,25.59,2004-05-28,2026-09-27,22,5259
929,Johnson Lake Dam,Nebraska,06767999,PLATTE R NR OVERTON S CHAN,unknown,25.6,1958-11-06,1997-01-30,39,12286
1827,Winthrop University Dam,South Carolina,02146409,"LTL SUGAR CR AT MEDICAL CENTER DR AT CHARLOTTE, NC",unknown,25.61,1999-04-15,2004-09-29,5,1818
1032,Oologah Lake,Oklahoma,07178200,"Bird Ck at State Highway 266 near Catoosa, OK",unknown,25.62,2000-09-30,2023-09-30,23,7798
974,Longview Dam,Missouri,06893060,"Missouri River at Randolph, MO",unknown,25.66,2011-09-09,2026-09-27,15,5282
449,Echo,Utah,10129900,"SILVER CREEK NEAR SILVER CREEK JUNCTION, UT",unknown,25.72,2001-10-16,2026-09-27,25,9079
203,Farmington Dam,California,11303000,STANISLAUS R A RIPON CA,unknown,25.73,1985-07-01,2023-04-05,38,11477
1032,Oologah Lake,Oklahoma,07178000,"Bird Creek near Owasso, OK",unknown,25.75,1999-09-30,2006-07-06,7,2418
976,Cedar Bluff,Kansas,06861000,"SMOKY HILL R NR ARNOLD, KS",unknown,25.98,2019-11-19,2026-09-28,7,1535
1220,Bardwell Lake,Texas,08062500,"Trinity Rv nr Rosser, TX",unknown,26.0,1976-10-01,2025-03-11,49,15640
1863,Buford,Georgia,02208130,"SHOAL CREEK AT PAPER MILL RD, NR LAWRENCEVILLE, GA",unknown,26.11,2005-10-01,2014-07-01,9,3157
1655,Caesar Creek Lake Dam,Ohio,03271510,Great Miami River near Linden Ave at Miamisburg OH,unknown,26.14,1989-10-01,2014-09-29,25,5949
94,Lookout Point,Oregon,14147500,"N FK OF M FK WILLAMETTE R NR OAKRIDGE, OR",unknown,26.29,2010-05-27,2026-09-28,16,5939
1863,Buford,Georgia,02205522,"PEW CREEK AT PATTERSON RD, NEAR LAWRENCEVILLE, GA",unknown,26.32,2005-09-17,2014-07-02,9,3182
1789,Rhodhiss,North Carolina,02111000,"YADKIN RIVER AT PATTERSON, NC",unknown,26.48,2012-11-07,2026-09-27,14,5017
1863,Buford,Georgia,02388985,"RUSSELL CRK 0.3 MI DS HEAD LAKE NR DAWSONVILLE, GA",unknown,26.48,2018-07-12,2026-09-27,8,2972
514,Lahontan,Nevada,10351650,"TRUCKEE RV AT WADSWORTH, NV",unknown,26.52,1965-07-09,2001-09-29,36,7913
1029,Pensacola,Oklahoma,07191222,"Beaty Creek near Jay, OK",unknown,26.8,2005-03-08,2023-09-30,18,6303
931,Elwood Dam,Nebraska,06767999,PLATTE R NR OVERTON S CHAN,unknown,26.89,1958-11-06,1997-01-30,39,12286
931,Elwood Dam,Nebraska,06767998,PLATTE R NR OVERTON N CHAN,unknown,26.92,1958-11-06,1997-01-30,39,12719
931,Elwood Dam,Nebraska,06768000,"Platte River near Overton, Nebr.",unknown,26.93,2004-05-28,2026-09-27,22,5259
551,Main Strawberry,California,11278000,ELEANOR C NR HETCH HETCHY CA,unknown,26.98,2006-04-26,2024-04-16,18,5500
1855,Upper Bear Creek,Alabama,02450250,SIPSEY FORK NEAR GRAYSON AL,unknown,26.99,2012-04-13,2026-09-27,14,5265
761,Upper Rice Lake,Minnesota,473423095053301,WLN04     Bemidji Toxics Research 310D  0000273825,unknown,27.08,2007-03-21,2026-09-27,19,6990
165,Donner Lake,California,10336700,"INCLINE CK NR CRYSTAL BAY, NV",unknown,27.13,2019-09-30,2024-09-30,5,1545
551,Main Strawberry,California,11294500,NF STANISLAUS R NR AVERY CA,unknown,27.21,1990-06-14,1998-09-30,8,2858
761,Upper Rice Lake,Minnesota,473425095052602,604B      Bemidji Toxics Research Site  0000273836,unknown,27.23,2012-09-07,2026-09-27,14,5100
761,Upper Rice Lake,Minnesota,473426095052401,9015      Bemidji Toxics Research Site,unknown,27.26,2013-10-24,2026-09-27,13,4611
72,Scoggins Reservoir,Oregon,453004122510301,"BEAVERTON CREEK AT 170TH AVE, BEAVERTON, OR",unknown,27.27,2001-05-12,2025-08-05,24,8430
761,Upper Rice Lake,Minnesota,473425095052302,419C      Bemidji Toxics Research Site,unknown,27.29,2014-05-24,2026-09-27,12,4448
761,Upper Rice Lake,Minnesota,473426095052305,533E      Bemidji Toxics Research Site,unknown,27.29,2019-10-19,2026-06-06,7,2372
1718,Taylorsville Lake Dam,Kentucky,03298150,"CHENOWETH RUN AT GELHAUS LANE NEAR FERN CREEK, KY",unknown,27.39,2007-09-30,2026-09-27,19,4994
151,Stampede,California,10348000,"TRUCKEE RV AT RENO, NV",unknown,27.44,1989-08-26,1998-09-29,9,2744
6865,Winton Dam,Minnesota,474428091594601,WLN08     61N13W28ADBB01  Babbitt CRN  0000786137,unknown,27.44,2016-12-02,2024-08-15,8,2634
59,Lake Tapps Dike 2-B,Washington,12117500,"CEDAR RIVER NEAR LANDSBURG, WA",unknown,27.45,2018-09-05,2026-09-27,8,2933
473,Steinaker,Utah,09261000,"GREEN RIVER NEAR JENSEN, UT",unknown,27.48,1998-09-25,2026-09-27,28,9844
505,Ralston,Colorado,06711565,"SOUTH PLATTE RIVER AT ENGLEWOOD, CO.",unknown,27.56,1995-10-01,2026-09-27,31,10818
1863,Buford,Georgia,02335400,"CHATTAHOOCHEE R 0.39 MI DS GA140, ALPHARETTA, GA",unknown,27.64,2018-04-28,2026-09-28,8,3069
1863,Buford,Georgia,02335405,"CHATTAHOOCHEE R 0.47 MI DS GA140, ALPHARETTA, GA",unknown,27.68,2018-04-30,2026-09-27,8,3039
1300,Lake Houston Dam,Texas,08074598,"Whiteoak Bayou at Main St, Houston, TX",unknown,27.7,1992-05-14,1997-09-29,5,1904
1804,Cowans Ford,North Carolina,02146409,"LTL SUGAR CR AT MEDICAL CENTER DR AT CHARLOTTE, NC",unknown,27.84,1999-04-15,2004-09-29,5,1818
1295,Conroe Dam,Texas,08068275,"Spring Ck nr Tomball, TX",unknown,27.86,1999-08-20,2015-10-03,16,4925
964,Smithville Dam,Missouri,06893060,"Missouri River at Randolph, MO",unknown,27.89,2011-09-09,2026-09-27,15,5282
911,Red Rock Dam,Iowa,05487520,"Des Moines River near Swan, IA",unknown,28.02,2011-10-01,2022-10-17,11,3793
1863,Buford,Georgia,02388975,"ETOWAH RIVER AT GA 136, NEAR LANDDRUM, GA",unknown,28.02,2018-07-25,2026-09-27,8,2979
1863,Buford,Georgia,02335350,"CROOKED CREEK NEAR NORCROSS, GA",unknown,28.08,2001-03-24,2026-09-27,25,9248
1140,Lake Kemp Dam,Texas,07312200,"Beaver Ck nr Electra, TX",unknown,28.09,1996-06-08,2002-09-29,6,2212
1037,Skiatook Lake,Oklahoma,07178200,"Bird Ck at State Highway 266 near Catoosa, OK",unknown,28.11,2000-09-30,2023-09-30,23,7798
72,Scoggins Reservoir,Oregon,14197900,"WILLAMETTE RIVER AT NEWBERG, OR",unknown,28.15,2001-10-19,2026-09-28,25,7860
398,Bull Lake,Wyoming,06227600,"WIND RIVER NEAR KINNEAR, WY",unknown,28.21,2010-03-04,2017-06-15,7,2172
398,Bull Lake,Wyoming,430834108423201,2N-01E-13cdc01 Streambank well at station 06227600,unknown,28.21,2009-12-08,2017-11-13,8,2866
987,Pueblo,Colorado,07097000,"ARKANSAS RIVER AT PORTLAND, CO.",unknown,28.27,1994-10-01,2026-09-27,32,11363
1683,William H. Harsha Lake Dam,Ohio,03254520,"LICKING RIVER AT HWY 536 NEAR ALEXANDRIA, KY",unknown,28.36,2007-09-30,2026-09-27,19,6289
1836,Keowee,South Carolina,02176930,"CHATTOOGA RIVER AT BURRELLS FORD, NR PINE MTN, GA",unknown,28.38,2009-10-09,2026-09-27,17,5639
148,Oroville,California,11390000,BUTTE C NR CHICO CA,unknown,28.45,1961-11-01,2026-09-28,65,16110
405,C.J. Strike,Idaho,13168500,BRUNEAU RIVER NR HOT SPRING ID,unknown,28.47,1997-08-02,2015-10-13,18,4312
1645,Cecil M. Harden Lake Dam,Indiana,03359000,"MILL CREEK NEAR MANHATTAN, IN",unknown,28.62,1993-05-13,2026-09-27,33,8041
1718,Taylorsville Lake Dam,Kentucky,03298250,"CEDAR CREEK AT THIXTON ROAD NEAR LOUISVILLE, KY",unknown,28.81,2008-09-30,2026-09-27,18,4741
987,Pueblo,Colorado,07109500,"ARKANSAS RIVER NEAR AVONDALE, CO.",unknown,28.84,1990-10-01,2026-09-27,36,12727
1305,Medina Lake Dam,Texas,293252098380801,AY-68-27-610 (Parkwood Park),unknown,28.9,2013-08-17,2026-09-27,13,3949
92,Fall Creek,Oregon,14147500,"N FK OF M FK WILLAMETTE R NR OAKRIDGE, OR",unknown,28.96,2010-05-27,2026-09-28,16,5939
1185,Lake Weatherford Dam,Texas,08090800,"Brazos Rv nr Dennis, TX",unknown,29.13,1986-10-01,1995-09-29,9,3155
186,Salt Springs,California,11294500,NF STANISLAUS R NR AVERY CA,unknown,29.15,1990-06-14,1998-09-30,8,2858
1317,Wesley E. Seale Dam,Texas,08211503,"Rincon Bayou Channel nr Calallen, TX",unknown,29.2,2004-03-20,2019-08-06,15,5401
575,Vallecito,Colorado,09361500,"ANIMAS RIVER AT DURANGO, CO",unknown,29.33,2016-04-06,2026-09-27,10,3176
1032,Oologah Lake,Oklahoma,07177500,"Bird Creek near Sperry, OK",unknown,29.46,1999-09-30,2023-09-30,24,8612
151,Stampede,California,10336700,"INCLINE CK NR CRYSTAL BAY, NV",unknown,29.47,2019-09-30,2024-09-30,5,1545
1890,Pinopolis West Dam,South Carolina,02172053,"COOPER R AT MOBAY NR N CHARLESTON, SC",unknown,29.48,1983-06-08,2026-09-27,43,15202
1153,Wright Patman Dam and Lake,Texas,07337000,"Red River at Index, AR",unknown,29.51,1997-10-01,2026-09-27,29,8920
524,Marlette Lake Dam,Nevada,10336779,"COLD CK AT MOUTH, CA",unknown,29.61,1997-09-30,2003-09-29,6,2062
1683,William H. Harsha Lake Dam,Ohio,03254695,"THREEMILE CREEK AT HWY 9 AT COVINGTON, KY",unknown,29.7,2007-09-30,2013-06-13,6,1865
1718,Taylorsville Lake Dam,Kentucky,03297800,"CEDAR CREEK AT HWY 1442 NEAR SHEPHERDSVILLE, KY",unknown,29.73,2008-09-30,2026-09-27,18,4700
1145,Lake Kickapoo Dam,Texas,07312200,"Beaver Ck nr Electra, TX",unknown,29.74,1996-06-08,2002-09-29,6,2212
42,Diablo,Washington,12181000,"SKAGIT RIVER AT MARBLEMOUNT, WA",unknown,29.82,1986-03-19,2026-09-27,40,13259
511,Chatfield Dam,Colorado,06714215,"SOUTH PLATTE R AT 64TH AVE. COMMERCE CITY, CO.",unknown,29.82,2018-10-02,2026-09-27,8,2905
179,Ice House,California,10336580,UPPER TRUCKEE RV AT S UPPER TRUCKEE RD NR MEYERS,unknown,29.84,1997-10-01,2003-09-29,6,2014
1709,Summersville Dam,West Virginia,03193000,"KANAWHA RIVER AT KANAWHA FALLS, WV",unknown,29.9,2020-01-17,2026-09-28,6,2409
1864,Enid Dam,Mississippi,340841090134701,119M0072 QUITMAN (Allen),unknown,29.94,2016-09-29,2025-07-29,9,3161
1864,Enid Dam,Mississippi,07280010,"TALLAHATCHIE RIVER AT ALLEN, MS",unknown,29.98,2016-10-06,2025-07-29,9,2980
157,Boca,California,10348000,"TRUCKEE RV AT RENO, NV",unknown,30.04,1989-08-26,1998-09-29,9,2744
1812,Bear Creek,North Carolina,02176930,"CHATTOOGA RIVER AT BURRELLS FORD, NR PINE MTN, GA",unknown,30.05,2009-10-09,2026-09-27,17,5639
1183,Rockwall Forney Dam,Texas,08057000,"Trinity Rv at Dallas, TX",unknown,30.07,2014-10-31,2025-03-11,11,2763
1595,Lake Mohawk Dam,Ohio,03086500,Mahoning River at Alliance OH,unknown,30.09,2010-11-20,2026-09-27,16,5753
93,Dexter,Oregon,14147500,"N FK OF M FK WILLAMETTE R NR OAKRIDGE, OR",unknown,30.27,2010-05-27,2026-09-28,16,5939
92,Fall Creek,Oregon,14162500,"MCKENZIE RIVER NEAR VIDA, OR",unknown,30.3,1961-06-09,2026-09-28,65,17951
1683,William H. Harsha Lake Dam,Ohio,03238140,"TAYLOR CREEK AT DONNERMEYER DRIVE AT BELLEVUE, KY",unknown,30.3,2007-10-03,2016-10-03,9,2552
97,Dorena,Oregon,14164700,"CEDAR CREEK AT SPRINGFIELD, OR",unknown,30.39,2017-07-11,2026-09-28,9,3346
152,Thermalito Afterbay,California,11390000,BUTTE C NR CHICO CA,unknown,30.4,1961-11-01,2026-09-28,65,16110
1295,Conroe Dam,Texas,08068500,"Spring Ck nr Spring, TX",unknown,30.4,1999-12-10,2024-11-13,25,8581
1619,Clendening Dam,Ohio,03119971,North Fork McGuire Creek near Carrollton OH,unknown,30.45,2015-06-22,2026-09-27,11,4006
527,Weber Dam,Nevada,10302025,"WALKER RV NR MOUTH AT WALKER LAKE, NV",unknown,30.45,2015-05-13,2026-07-19,11,3107
1048,Keystone Lake,Oklahoma,07177500,"Bird Creek near Sperry, OK",unknown,30.53,1999-09-30,2023-09-30,24,8612
524,Marlette Lake Dam,Nevada,10336775,"TROUT CK AT PIONEER TRAIL NR SOUTH LAKE TAHOE, CA",unknown,30.55,1997-10-01,2003-09-29,6,1803
567,McPhee,Colorado,09371492,"MUD CREEK AT STATE HIGHWAY 32, NEAR CORTEZ, CO.",unknown,30.56,1993-09-03,2026-09-27,33,11813
544,New Spicer Meadow,California,11294500,NF STANISLAUS R NR AVERY CA,unknown,30.57,1990-06-14,1998-09-30,8,2858
545,Donnells,California,11294500,NF STANISLAUS R NR AVERY CA,unknown,30.59,1990-06-14,1998-09-30,8,2858
1699,Sutton Dam,West Virginia,03057300,"WEST FORK RIVER AT WALKERSVILLE, WV",unknown,30.6,2017-10-01,2026-09-28,9,2891
1790,Lookout Shoals,North Carolina,02141500,"CATAWBA RIVER AT RHODHISS, NC",unknown,30.72,2016-10-06,2026-09-27,10,2386
1585,Beltzville Dam,Pennsylvania,403447075331801,"LE  SP15 Schantz Spring near Wescosville, PA",unknown,30.79,2020-02-13,2026-09-27,6,2419
90,Fern Ridge,Oregon,14164700,"CEDAR CREEK AT SPRINGFIELD, OR",unknown,30.81,2017-07-11,2026-09-28,9,3346
614,Jemez Canyon Dam,New Mexico,350954106212401,11N.05E.24.231 SANDIA PARK 2 (OLD CREST ROAD),unknown,30.85,2010-01-06,2016-10-13,6,2334
2180,Wachusett Reservoir Dam,Massachusetts,01173000,"WARE RIVER AT INTAKE WORKS NEAR BARRE, MA",unknown,30.85,2018-10-09,2026-09-27,8,2904
1718,Taylorsville Lake Dam,Kentucky,03298135,"CHENOWETH RUN AT RUCKRIEGAL PARKWAY, KY",unknown,30.95,2008-09-30,2025-11-13,17,4367
1051,Newt Graham Lock and Dam,Oklahoma,07178200,"Bird Ck at State Highway 266 near Catoosa, OK",unknown,30.99,2000-09-30,2023-09-30,23,7798
176,Loon Lake,California,10336779,"COLD CK AT MOUTH, CA",unknown,31.03,1997-09-30,2003-09-29,6,2062
1924,Golf Course,Florida,02310650,CHASSAHOWITZKA RIVER NEAR HOMOSASSA FL,unknown,31.05,2004-06-28,2025-11-13,21,7554
1171,Grapevine Dam,Texas,08057000,"Trinity Rv at Dallas, TX",unknown,31.13,2014-10-31,2025-03-11,11,2763
1619,Clendening Dam,Ohio,03119979,Bear Hole Run near Carrollton OH,unknown,31.14,2015-06-22,2026-09-27,11,4007
99,Cottage Grove,Oregon,14150000,"MIDDLE FORK WILLAMETTE RIVER NEAR DEXTER, OR",unknown,31.16,1955-08-24,2026-09-28,71,23689
974,Longview Dam,Missouri,06892518,"KANSAS R NR LAKE QUIVIRA, KS",unknown,31.2,2016-07-30,2026-09-28,10,3512
7308,Richard B. Russell Dam,Georgia,02193900,"THURMOND LAKE NEAR PLUM BRANCH, SC",unknown,31.2,2010-12-13,2026-09-27,16,5416
93,Dexter,Oregon,14158100,"WILLAMETTE RIVER AT OWOSSO BRIDGE AT EUGENE, OR",unknown,31.21,2010-11-10,2026-09-28,16,5777
192,Beardsley,California,11278000,ELEANOR C NR HETCH HETCHY CA,unknown,31.22,2006-04-26,2024-04-16,18,5500
1302,Canyon Lake,Texas,293855098234801,AY-68-21-903 (TPC-Cibolo Canyon),unknown,31.25,2008-11-13,2013-09-29,5,1627
1585,Beltzville Dam,Pennsylvania,01447500,"Lehigh River at Stoddartsville, PA",unknown,31.25,1980-10-08,2026-09-27,46,10264
177,Mark Edson,California,11445500,SF AMERICAN R NR LOTUS CA,unknown,31.27,1959-12-23,1995-07-23,36,11971
1718,Taylorsville Lake Dam,Kentucky,03298300,"PENN RUN AT MT WASHINGTON RD NR LOUISVILLE, KY",unknown,31.29,2007-09-30,2026-09-27,19,5193
1140,Lake Kemp Dam,Texas,07312130,"Wichita Rv at SH 25 nr Kamay, TX",unknown,31.3,1997-09-30,2002-09-29,5,1764
1585,Beltzville Dam,Pennsylvania,01451650,Little Lehigh Creek at Tenth St. Br. at Allentown,unknown,31.33,2019-10-12,2026-09-27,7,2533
176,Loon Lake,California,10336775,"TROUT CK AT PIONEER TRAIL NR SOUTH LAKE TAHOE, CA",unknown,31.39,1997-10-01,2003-09-29,6,1803
1150,Millers Creek Dam,Texas,07311900,"Wichita Rv nr Seymour, TX",unknown,31.43,1996-10-01,2014-09-29,18,5756
1585,Beltzville Dam,Pennsylvania,01451630,"Cedar Creek at Mouth near Allentown, PA",unknown,31.45,2020-01-17,2026-09-27,6,2437
458,Smith and Morehouse Dam,Utah,10129900,"SILVER CREEK NEAR SILVER CREEK JUNCTION, UT",unknown,31.48,2001-10-16,2026-09-27,25,9079
1171,Grapevine Dam,Texas,08052745,"Doe Br at US Hwy 380 nr Prosper, TX",unknown,31.49,2010-04-05,2025-03-11,15,5075
557,O'Shaughnessy,California,11264500,MERCED R A HAPPY ISLES BRIDGE NR YOSEMITE CA,unknown,31.5,1965-10-01,2022-10-04,57,12525
481,Carter Lake Dam 1,Colorado,06752260,"CACHE LA POUDRE RIVER AT FORT COLLINS, CO",unknown,31.54,1989-09-30,1999-09-29,10,2949
1924,Golf Course,Florida,02310678,HOMOSASSA SPRINGS AT HOMOSASSA SPRINGS FL,unknown,31.56,2004-06-28,2025-10-01,21,7667
80,Detroit,Oregon,14183010,"NORTH SANTIAM RIVER NEAR MEHAMA, OR",unknown,31.59,2009-10-06,2015-11-09,6,2199
1924,Golf Course,Florida,02310688,SE FORK HOMOSASSA SPRING AT HOMOSASSA SPRINGS FL,unknown,31.64,2006-05-03,2026-09-27,20,7401
1863,Buford,Georgia,02336030,"N.F. PEACHTREE CREEK AT GRAVES RD, NR DORAVILLE,GA",unknown,31.65,2001-06-20,2026-09-27,25,9149
151,Stampede,California,10348200,"TRUCKEE RV NR SPARKS, NV",unknown,31.71,1980-02-05,2026-09-28,46,11962
56,Howard A. Hanson Dam,Washington,12100490,"WHITE RIVER AT R STREET NEAR AUBURN, WA",unknown,31.98,2010-05-27,2026-09-27,16,5764
1863,Buford,Georgia,02208150,"ALCOVY RIVER AT NEW HOPE ROAD, NEAR GRAYSON, GA",unknown,32.0,2000-10-01,2026-09-27,26,9030
97,Dorena,Oregon,14164550,"CAMP CRK AT CAMP CRK RD BRIDGE, NR SPRINGFIELD, OR",unknown,32.02,2017-07-12,2026-09-28,9,3318
1300,Lake Houston Dam,Texas,08074000,"Buffalo Bayou at Houston, TX",unknown,32.02,1987-07-10,2000-09-29,13,4543
975,Clinton Dam,Kansas,06889000,"KANSAS R AT TOPEKA, KS",unknown,32.05,1999-07-18,2005-09-29,6,1937
203,Farmington Dam,California,11290000,TUOLUMNE R A MODESTO CA,unknown,32.25,1965-07-21,2023-06-06,58,13362
1185,Lake Weatherford Dam,Texas,08048000,"W Fk Trinity Rv at Ft Worth, TX",unknown,32.25,2010-09-21,2025-03-11,15,4938
59,Lake Tapps Dike 2-B,Washington,12117000,"TAYLOR CREEK NEAR SELLECK, WA",unknown,32.28,2018-09-30,2026-09-27,8,2826
94,Lookout Point,Oregon,14162500,"MCKENZIE RIVER NEAR VIDA, OR",unknown,32.41,1961-06-09,2026-09-28,65,17951
1585,Beltzville Dam,Pennsylvania,01451500,"Little Lehigh Creek near Allentown, PA",unknown,32.44,2019-10-11,2026-09-27,7,2539
1619,Clendening Dam,Ohio,03120820,Indian Fork at Dellroy OH,unknown,32.47,2015-06-22,2026-09-27,11,4077
59,Lake Tapps Dike 2-B,Washington,12119000,"CEDAR RIVER AT RENTON, WA",unknown,32.52,1992-02-22,2026-09-27,34,11581
529,Antero,Colorado,07086000,"ARKANSAS RIVER AT GRANITE, CO.",unknown,32.53,1993-10-06,2026-09-27,33,11266
1196,Lake Palo Pinto Dam,Texas,08090800,"Brazos Rv nr Dennis, TX",unknown,32.58,1986-10-01,1995-09-29,9,3155
964,Smithville Dam,Missouri,06893620,"Rock Creek at Kentucky Road in Independence, MO",unknown,32.6,2011-12-20,2024-02-06,13,4347
396,Palisades,Idaho,13016450,"FISH CREEK AT WILSON, WY",unknown,32.72,2010-04-29,2026-09-28,16,5828
1775,J. Percy Priest Dam,Tennessee,03428200,"WEST FORK STONES RIVER AT MURFREESBORO, TN",unknown,32.76,1986-02-06,2013-09-29,27,9801
184,Lower Bear,California,11294500,NF STANISLAUS R NR AVERY CA,unknown,32.77,1990-06-14,1998-09-30,8,2858
614,Jemez Canyon Dam,New Mexico,350853106205701,11N.05E.25.414 PINON RIDGE,unknown,32.79,2010-01-06,2016-10-13,6,2229
1775,J. Percy Priest Dam,Tennessee,034324146,"HARPETH RIVER AT MILE 81.33 NR BERRYS CHAPEL, TN",unknown,32.82,2016-10-21,2026-09-27,10,3467
1924,Golf Course,Florida,02310690,HALLS RIVER NEAR HOMOSASSA FL,unknown,32.92,2006-06-20,2026-09-27,20,5119
2180,Wachusett Reservoir Dam,Massachusetts,01104370,"STONY BROOK AT VILES STREET, NEAR WESTON, MA",unknown,32.92,2010-01-09,2026-09-27,16,6085
1233,Murvaul Bayou Dam,Texas,08022040,"Sabine Rv nr Beckville, TX",unknown,32.93,1986-10-01,1998-09-30,12,4277
1305,Medina Lake Dam,Texas,08180700,"Medina Rv nr Macdona, TX",unknown,32.95,2001-11-02,2014-01-01,13,4379
159,Lake Fordyce,California,10339400,MARTIS C NR TRUCKEE CA,unknown,33.04,1973-06-29,2010-09-30,37,12799
1034,Spavinaw,Oklahoma,071912213,"Spavinaw Creek near Colcord, OK",unknown,33.1,2004-11-16,2023-09-30,19,6808
1619,Clendening Dam,Ohio,03120961,Unnamed Tributary near Dellroy OH,unknown,33.12,2015-06-22,2026-09-27,11,3877
92,Fall Creek,Oregon,14158100,"WILLAMETTE RIVER AT OWOSSO BRIDGE AT EUGENE, OR",unknown,33.16,2010-11-10,2026-09-28,16,5777
1305,Medina Lake Dam,Texas,292943098354404,AY-68-36-132 (Z DED),unknown,33.16,2013-07-04,2026-09-27,13,3565
1796,B. Everett Jordan Dam,North Carolina,02101726,"ROCKY R AT US 64 NEAR SILER CITY, NC",unknown,33.17,2009-01-17,2026-09-27,17,6158
551,Main Strawberry,California,11276500,TUOLUMNE R NR HETCH HETCHY CA,unknown,33.25,1971-10-01,2022-10-25,51,12421
1302,Canyon Lake,Texas,293424098134701,KX-68-31-403 (Tri-County 2),unknown,33.29,2008-11-15,2013-03-03,5,1316
90,Fern Ridge,Oregon,14164550,"CAMP CRK AT CAMP CRK RD BRIDGE, NR SPRINGFIELD, OR",unknown,33.33,2017-07-12,2026-09-28,9,3318
1924,Golf Course,Florida,02310689,HALLS RIVER AT HOMOSASSA SPRINGS FL,unknown,33.34,2012-03-08,2025-11-19,13,4961
98,Crane Prairie,Oregon,14070620,"PROWELL SPRINGS DIVERSION POOL, NEAR BEND, OR",unknown,33.36,2017-10-10,2026-09-28,9,3240
98,Crane Prairie,Oregon,14070621,"DIVERSION CANAL TO BRIDGE CREEK, NEAR BEND, OR",unknown,33.36,2017-10-10,2026-09-28,9,3132
1121,Degray Dam,Arkansas,343048093031301,Quapaw Spring,unknown,33.47,2003-09-18,2026-09-27,23,5656
157,Boca,California,10348200,"TRUCKEE RV NR SPARKS, NV",unknown,33.48,1980-02-05,2026-09-28,46,11962
1121,Degray Dam,Arkansas,343049093031301,Fordyce Spr. 46 in Fordyce Bath House @ HOSP N.P.,unknown,33.5,2000-08-11,2026-09-27,26,7452
1718,Taylorsville Lake Dam,Kentucky,03301900,"FERN CREEK AT OLD BARDSTOWN RD AT LOUISVILLE, KY",unknown,33.52,2008-09-30,2025-09-25,17,5115
1121,Degray Dam,Arkansas,343052093031301,Hale Spr. in Hale Bath House @ HOSP N.P.,unknown,33.59,2000-08-15,2026-09-27,26,6753
1776,W. Kerr Scott Dam,North Carolina,02111000,"YADKIN RIVER AT PATTERSON, NC",unknown,33.59,2012-11-07,2026-09-27,14,5017
1028,Birch Lake,Oklahoma,07177500,"Bird Creek near Sperry, OK",unknown,33.64,1999-09-30,2023-09-30,24,8612
1121,Degray Dam,Arkansas,343054093031201,Spring 49 @ HOSP N.P.,unknown,33.66,2003-09-19,2026-09-27,23,6297
1005,Cheney,Kansas,375327097285401,25S 01W 07BCCC01  SMW-S11 NR CW36,unknown,33.69,2011-07-21,2026-09-28,15,4446
57,Kachess,Washington,12115000,"CEDAR RIVER NEAR CEDAR FALLS, WA",unknown,33.7,1997-09-30,2026-09-27,29,9959
1212,South Prong Dam,Texas,08062500,"Trinity Rv nr Rosser, TX",unknown,33.7,1976-10-01,2025-03-11,49,15640
1121,Degray Dam,Arkansas,343057093031301,Arsenic Spring (17) @ HOSP N.P.,unknown,33.75,2000-08-16,2026-09-27,26,7229
1852,Wateree,South Carolina,02147310,"CATAWBA RIVER AT GREAT FALLS, SC",unknown,33.77,2016-06-17,2026-09-27,10,2614
99,Cottage Grove,Oregon,14152000,"MIDDLE FORK WILLAMETTE RIVER AT JASPER, OR",unknown,33.8,1953-10-02,2026-09-28,73,20625
537,Crawford,Colorado,383926107593001,LOUTSENHIZER ARROYO AT HWY 50 NEAR OLATHE CO,unknown,33.8,2017-10-25,2026-09-27,9,3253
551,Main Strawberry,California,11278300,CHERRY C NR EARLY INTAKE CA,unknown,33.8,2008-05-28,2026-09-27,18,5210
56,Howard A. Hanson Dam,Washington,12101100,"LAKE TAPPS DIVERSION AT DIERINGER, WA",unknown,33.81,2010-05-29,2026-09-27,16,5774
55,Keechelus,Washington,12116100,"CANYON CREEK NEAR CEDAR FALLS, WA",unknown,33.83,2018-09-28,2026-09-27,8,2888
1924,Golf Course,Florida,02310663,CHASSAHOWITZKA RIVER NEAR CHASSAHOWITZKA FL,unknown,33.85,2003-05-01,2025-11-13,22,7736
1156,Lake Chicot Dam North,Arkansas,0728875070,"DEER CREEK EAST OF LELAND, MS",unknown,33.87,2001-12-08,2019-04-05,18,6156
664,Caballo,New Mexico,323930107041401,MBOWN-N1 19S.02W.17.1414,unknown,33.88,2009-05-15,2016-08-03,7,2198
176,Loon Lake,California,10336580,UPPER TRUCKEE RV AT S UPPER TRUCKEE RD NR MEYERS,unknown,33.92,1997-10-01,2003-09-29,6,2014
1302,Canyon Lake,Texas,295858097521801,LR-67-02-104 (Kyle No. 2),unknown,33.92,2000-06-02,2014-01-12,14,3428
90,Fern Ridge,Oregon,14152000,"MIDDLE FORK WILLAMETTE RIVER AT JASPER, OR",unknown,33.94,1953-10-02,2026-09-28,73,20625
479,Utah Lake Outlet,Utah,10168000,LITTLE COTTONWOOD CREEK @ JORDAN RIVER NR SLC,unknown,33.99,1998-10-01,2003-10-16,5,1820
1092,Nimrod,Arkansas,073625897,"Lake Winona Raw Water Intake Pipe near Reform, AR",unknown,34.01,2016-10-19,2026-09-27,10,3424
176,Loon Lake,California,10336770,"TROUT CK AT USFS RD 12N01 NR MEYERS, CA",unknown,34.03,1997-10-01,2003-09-29,6,1930
1863,Buford,Georgia,02335777,"CHATTAHOOCHEE R 0.27 MI US WILLEO CR, ROSWELL, GA",unknown,34.05,2017-11-30,2026-09-26,9,3173
1156,Lake Chicot Dam North,Arkansas,330152090595601,151S0194  WASHINGTON (Glen Allan),unknown,34.05,2014-07-04,2025-07-30,11,3719
1156,Lake Chicot Dam North,Arkansas,07288847,"STEELE BAYOU NR GLEN ALLAN, MS",unknown,34.06,2010-07-29,2025-07-30,15,3921
1863,Buford,Georgia,02335778,"CHATTAHOOCHEE R 0.25 MI US WILLEO CR, ROSWELL, GA",unknown,34.07,2017-11-16,2026-09-27,9,2854
151,Stampede,California,10349980,"STEAMBOAT CK AT CLEANWATER WAY NR RENO, NV",unknown,34.13,1993-11-11,1998-09-29,5,1362
160,Prosser Creek,California,10348000,"TRUCKEE RV AT RENO, NV",unknown,34.13,1989-08-26,1998-09-29,9,2744
1863,Buford,Georgia,02335779,"CHATTAHOOCHEE R .18 MI US WILLEO CR, ROSWELL, GA",unknown,34.13,2017-11-16,2026-09-27,9,3184
2180,Wachusett Reservoir Dam,Massachusetts,01104453,STONY BROOK UNNAMED TRIB 2 NR WESTON STATION,unknown,34.21,2006-06-02,2026-09-27,20,6245
1863,Buford,Georgia,02206500,"YELLOW RIVER NEAR SNELLVILLE, GA",unknown,34.23,2019-07-03,2026-09-27,7,2631
1112,Blakely Mountain Dam,Arkansas,07362693,"Middle Fork Saline River near Owensville, AR",unknown,34.24,2003-10-30,2009-03-03,6,1888
1164,Lewisville Dam,Texas,08049500,"W Fk Trinity Rv at Grand Prairie, TX",unknown,34.26,1976-10-01,2025-03-11,49,15743
1924,Golf Course,Florida,02310700,HOMOSASSA R AT HOMOSASSA FL,unknown,34.31,2004-05-18,2025-11-19,21,7700
1683,William H. Harsha Lake Dam,Ohio,03254550,"BANKLICK CREEK @ HIGHWAY 1829 NR ERLANGER, KY",unknown,34.43,2000-12-01,2013-09-29,13,4532
56,Howard A. Hanson Dam,Washington,12101102,"WHITE RIVER AT 24TH ST E AT DIERINGER, WA",unknown,34.44,2016-06-08,2026-09-27,10,3664
1924,Golf Course,Florida,02310743,HUNTER SPR RUN AT BEACH LANE AT CRYSTAL RIVER FL,unknown,34.48,2017-02-02,2025-11-19,8,3093
1833,Nottely,Georgia,03544970,"HIWASSEE RIVER AT RIVERSIDE DR, NR HIAWASSEE, GA",unknown,34.53,2011-09-29,2020-09-30,9,3243
1924,Golf Course,Florida,02310740,SARAGASSA CANAL AT CRYSTAL RIVER FL,unknown,34.53,2016-06-22,2025-11-18,9,3382
527,Weber Dam,Nevada,384506118433001,WALKER LAKE 4 NORTH NDOW,unknown,34.59,2021-05-27,2026-09-27,5,1818
2180,Wachusett Reservoir Dam,Massachusetts,01104455,"STONY BROOK, UNNAMED TRIBUTARY 1, NEAR WALTHAM, MA",unknown,34.6,2002-09-30,2026-09-27,24,8533
1208,De Cordova Bend Dam,Texas,08090800,"Brazos Rv nr Dennis, TX",unknown,34.6,1986-10-01,1995-09-29,9,3155
41,Ross,Washington,12181000,"SKAGIT RIVER AT MARBLEMOUNT, WA",unknown,34.61,1986-03-19,2026-09-27,40,13259
151,Stampede,California,10348300,"N TRUCKEE DRAIN AT KLEPPE LN NR SPARKS, NV",unknown,34.61,1993-07-03,1998-09-29,5,1498
2180,Wachusett Reservoir Dam,Massachusetts,01104460,"STONY BROOK AT RT 20 AT WALTHAM, MA",unknown,34.62,1997-10-31,2026-09-27,29,8953
1816,Thorpe,North Carolina,03512000,"OCONALUFTEE RIVER AT BIRDTOWN, NC",unknown,34.64,2014-10-03,2026-09-27,12,4315
1718,Taylorsville Lake Dam,Kentucky,03297900,"FLOYDS FORK NEAR PEWEE VALLEY, KY",unknown,34.67,2009-01-10,2026-09-27,17,4244
198,New Melones,California,11302500,STANISLAUS R A OAKDALE CA,unknown,34.69,1985-08-28,2023-06-07,38,13010
1776,W. Kerr Scott Dam,North Carolina,0214196125,"CATAWBA RIVER AT NC HIGHWAY 16 NR MILLERSVILLE, NC",unknown,34.69,2017-04-01,2026-09-27,9,2308
1827,Winthrop University Dam,South Carolina,0214267602,"CATAWBA RIVER DNSTRM DECK MTN IS DAM NR MTN IS, NC",unknown,34.71,2015-05-30,2026-09-27,11,2806
907,Coralville Dam,Iowa,05464475,"Morgan Creek near Covington, IA",unknown,34.73,2019-04-16,2026-09-28,7,2161
1197,Joe Pool Lake,Texas,08048000,"W Fk Trinity Rv at Ft Worth, TX",unknown,34.79,2010-09-21,2025-03-11,15,4938
1171,Grapevine Dam,Texas,08048000,"W Fk Trinity Rv at Ft Worth, TX",unknown,34.8,2010-09-21,2025-03-11,15,4938
524,Marlette Lake Dam,Nevada,10336770,"TROUT CK AT USFS RD 12N01 NR MEYERS, CA",unknown,34.82,1997-10-01,2003-09-29,6,1930
1005,Cheney,Kansas,375954097363801,24S 03W 02AADA01  RB1-MS SHALLOW,unknown,34.82,2008-06-20,2016-12-01,8,2982
1005,Cheney,Kansas,375954097363802,24S 03W 02AADA02  RB1-MS DEEP,unknown,34.82,2008-06-20,2016-12-01,8,2848
1775,J. Percy Priest Dam,Tennessee,0343233905,"HARPETH RIVER AT MILE 90.5 NEAR FRANKLIN, TN",unknown,34.87,2015-09-17,2026-09-27,11,3988
55,Keechelus,Washington,12116400,"CEDAR RIVER AT POWERPLANT AT CEDAR FALLS, WA",unknown,34.88,2018-10-13,2026-09-27,8,2903
1706,Beech Fork Lake Dam,West Virginia,03216070,"OHIO RIVER AT IRONTON, OH",unknown,34.89,2015-09-03,2026-09-27,11,3940
1742,John W. Flannagan Dam,Virginia,03524500,"GUEST RIVER AT COEBURN, VA",unknown,34.92,2012-08-28,2022-11-03,10,3708
1619,Clendening Dam,Ohio,03120869,Willow Run near Dellroy OH,unknown,34.96,2015-07-01,2026-09-27,11,4105
93,Dexter,Oregon,14162500,"MCKENZIE RIVER NEAR VIDA, OR",unknown,34.99,1961-06-09,2026-09-28,65,17951
614,Jemez Canyon Dam,New Mexico,350721106211001,10N.05E.01.223 SIERRA VISTA,unknown,35.03,2010-01-06,2016-10-13,6,1436
2180,Wachusett Reservoir Dam,Massachusetts,01104475,"STONY BROOK RES., UNNAMED TRIB 1, NEAR WESTON, MA",unknown,35.03,2003-12-24,2026-09-27,23,8266
1862,Allatoona Lake Dam and Powerhouse,Georgia,02335870,"SOPE CREEK NEAR MARIETTA, GA",unknown,35.08,2011-09-30,2020-09-16,9,2742
179,Ice House,California,10336775,"TROUT CK AT PIONEER TRAIL NR SOUTH LAKE TAHOE, CA",unknown,35.12,1997-10-01,2003-09-29,6,1803
664,Caballo,New Mexico,323917107031601,19S.02W.16.3213 H-29,unknown,35.14,2008-10-01,2026-07-30,18,5457
179,Ice House,California,10336770,"TROUT CK AT USFS RD 12N01 NR MEYERS, CA",unknown,35.2,1997-10-01,2003-09-29,6,1930
1585,Beltzville Dam,Pennsylvania,01451400,"Spring Creek at Trexlertown, PA",unknown,35.2,2020-03-10,2026-09-27,6,2385
601,Navajo,New Mexico,09363500,"ANIMAS RIVER NEAR CEDAR HILL, NM",unknown,35.24,2016-03-08,2024-10-09,8,2770
2180,Wachusett Reservoir Dam,Massachusetts,01104480,"STONY BROOK RESERVOIR AT DAM NEAR WALTHAM, MA",unknown,35.26,2001-02-11,2016-10-17,15,3477
94,Lookout Point,Oregon,14158100,"WILLAMETTE RIVER AT OWOSSO BRIDGE AT EUGENE, OR",unknown,35.31,2010-11-10,2026-09-28,16,5777
179,Ice House,California,10336779,"COLD CK AT MOUTH, CA",unknown,35.34,1997-09-30,2003-09-29,6,2062
184,Lower Bear,California,10336580,UPPER TRUCKEE RV AT S UPPER TRUCKEE RD NR MEYERS,unknown,35.34,1997-10-01,2003-09-29,6,2014
1916,Jim Woodruff Dam,Florida,02356000,"FLINT RIVER AT BAINBRIDGE, GA",unknown,35.35,2017-04-17,2026-09-27,9,3356
108,Four Mile Lake Dam,Oregon,11501000,"SPRAGUE RIVER NEAR CHILOQUIN, OR",unknown,35.43,2005-04-28,2026-09-28,21,7815
978,Council Grove City Dam,Kansas,07182250,"COTTONWOOD R NR PLYMOUTH, KS",unknown,35.43,2015-04-22,2021-06-29,6,2131
1815,Nantahala,North Carolina,03544970,"HIWASSEE RIVER AT RIVERSIDE DR, NR HIAWASSEE, GA",unknown,35.44,2011-09-29,2020-09-30,9,3243
1862,Allatoona Lake Dam and Powerhouse,Georgia,02394820,"EUHARLEE CREEK AT US 278, AT ROCKMART, GA",unknown,35.44,2011-09-29,2020-09-29,9,3028
2180,Wachusett Reservoir Dam,Massachusetts,01104415,"CAMBRIDGE RES., UNNAMED TRIB 2, NR LEXINGTON, MA",unknown,35.47,1997-10-04,2026-09-27,29,8058
1190,Lake Arlington Dam,Texas,08057000,"Trinity Rv at Dallas, TX",unknown,35.47,2014-10-31,2025-03-11,11,2763
133,Whiskeytown,California,11525854,TRINITY R A DOUGLAS CITY CA,unknown,35.49,2019-10-01,2026-09-28,7,2400
437,Arthur V. Watkins,Utah,410401112134801,GSL FARMINGTON BAY OUTFLOW AT CAUSEWAY BRIDGE,unknown,35.51,2018-09-29,2026-09-27,8,2187
1145,Lake Kickapoo Dam,Texas,07312100,"Wichita Rv nr Mabelle, TX",unknown,35.51,1994-09-19,2011-09-29,17,6042
1585,Beltzville Dam,Pennsylvania,01451380,"Little Lehigh Creek near Trexlertown, PA",unknown,35.53,2019-11-13,2026-09-27,7,2509
2180,Wachusett Reservoir Dam,Massachusetts,01104420,"CAMBRIDGE RES., UNNAMED TRIB 3, NR LEXINGTON, MA",unknown,35.53,2012-03-26,2026-09-27,14,5175
78,Wasco,Oregon,14138720,"BULL RUN RIVER AT LOWER FLUME NR BRIGHTWOOD, OR",unknown,35.54,1995-09-30,2026-09-28,31,11208
163,Martis Creek Dam,California,10348000,"TRUCKEE RV AT RENO, NV",unknown,35.54,1989-08-26,1998-09-29,9,2744
1924,Golf Course,Florida,02310742,CRYSTAL RIVER AT MOUTH OF KINGS BAY FL,unknown,35.54,2006-12-01,2025-11-17,19,6438
111,Howard Prairie,Oregon,11509500,"KLAMATH RIVER AT KENO, OR",unknown,35.55,2005-12-21,2026-09-28,21,7468
1812,Bear Creek,North Carolina,03512000,"OCONALUFTEE RIVER AT BIRDTOWN, NC",unknown,35.55,2014-10-03,2026-09-27,12,4315
216,James H. Turner,California,11162765,SF BAY A SAN MATEO BRIDGE NR FOSTER CITY CA,unknown,35.56,1989-10-27,2026-09-27,37,10608
55,Keechelus,Washington,12116500,"CEDAR RIVER AT CEDAR FALLS, WA",unknown,35.58,1999-03-18,2026-09-27,27,9827
157,Boca,California,10349980,"STEAMBOAT CK AT CLEANWATER WAY NR RENO, NV",unknown,35.58,1993-11-11,1998-09-29,5,1362
1828,Chatuge,North Carolina,02330450,"CHATTAHOOCHEE RIVER AT HELEN, GA",unknown,35.58,2003-07-17,2026-09-27,23,8132
1164,Lewisville Dam,Texas,08057000,"Trinity Rv at Dallas, TX",unknown,35.59,2014-10-31,2025-03-11,11,2763
72,Scoggins Reservoir,Oregon,14206950,"FANNO CREEK AT DURHAM, OR",unknown,35.6,1993-10-18,2026-09-28,33,9472
572,Jackson Gulch,Colorado,09371492,"MUD CREEK AT STATE HIGHWAY 32, NEAR CORTEZ, CO.",unknown,35.61,1993-09-03,2026-09-27,33,11813
1305,Medina Lake Dam,Texas,292618099165901,TD-69-38-601 (Seco Creek Well),unknown,35.67,2013-08-06,2018-10-16,5,1831
396,Palisades,Idaho,432730110474601,40-116-06adc01 Streambank well at station 13018350,unknown,35.68,2009-10-21,2017-10-01,8,2901
1297,Tom Miller Dam,Texas,295858097521801,LR-67-02-104 (Kyle No. 2),unknown,35.7,2000-06-02,2014-01-12,14,3428
1029,Pensacola,Oklahoma,071912213,"Spavinaw Creek near Colcord, OK",unknown,35.72,2004-11-16,2023-09-30,19,6808
1145,Lake Kickapoo Dam,Texas,07312500,"Wichita Rv at Wichita Falls, TX",unknown,35.78,1998-09-30,2024-11-09,26,8180
57,Kachess,Washington,12115500,"REX RIVER NEAR CEDAR FALLS, WA",unknown,35.79,2018-09-14,2026-09-27,8,2894
1754,Laurel Dam,Kentucky,03410600,"SOUTH FORK CUMBERLAND RIVER NEAR YAMACRAW, KY",unknown,35.83,1999-06-04,2005-09-30,6,1459
1924,Golf Course,Florida,02310673,CHASSAHOWITZKA R AT DOG ISL NR CHASSAHOWITZKA FL,unknown,35.92,2005-09-13,2025-11-13,20,6868
7317,Tims Ford,Tennessee,03597860,"DUCK RIVER AT SHELBYVILLE, TN",unknown,35.98,1991-10-11,2012-09-29,21,7539
192,Beardsley,California,11278300,CHERRY C NR EARLY INTAKE CA,unknown,36.0,2008-05-28,2026-09-27,18,5210
1815,Nantahala,North Carolina,0351706800,"CHEOAH RIVER NR BEARPEN GAP NR TAPOCO, NC",unknown,36.06,1999-09-30,2026-09-27,27,9842
1300,Lake Houston Dam,Texas,08068500,"Spring Ck nr Spring, TX",unknown,36.06,1999-12-10,2024-11-13,25,8581
1051,Newt Graham Lock and Dam,Oklahoma,07178000,"Bird Creek near Owasso, OK",unknown,36.13,1999-09-30,2006-07-06,7,2418
1742,John W. Flannagan Dam,Virginia,03524000,"CLINCH RIVER AT CLEVELAND, VA",unknown,36.16,2007-03-14,2026-09-28,19,7032
85,Foster,Oregon,14162500,"MCKENZIE RIVER NEAR VIDA, OR",unknown,36.19,1961-06-09,2026-09-28,65,17951
97,Dorena,Oregon,14147500,"N FK OF M FK WILLAMETTE R NR OAKRIDGE, OR",unknown,36.21,2010-05-27,2026-09-28,16,5939
1683,William H. Harsha Lake Dam,Ohio,03260015,"PLEASANT RUN CREEK AT OAK STREET NEAR LUDLOW, KY",unknown,36.24,2007-10-06,2014-09-29,7,2241
97,Dorena,Oregon,14158100,"WILLAMETTE RIVER AT OWOSSO BRIDGE AT EUGENE, OR",unknown,36.26,2010-11-10,2026-09-28,16,5777
1141,Lake Crook Dam,Texas,07332622,"Bois D'Arc Ck at FM 409 nr Honey Grove, TX",unknown,36.37,2009-06-03,2025-03-11,16,5033
157,Boca,California,10348300,"N TRUCKEE DRAIN AT KLEPPE LN NR SPARKS, NV",unknown,36.41,1993-07-03,1998-09-29,5,1498
78,Wasco,Oregon,14209700,"FISH CREEK NEAR THREE LYNX, OR",unknown,36.48,2021-06-09,2026-09-27,5,1735
78,Wasco,Oregon,14209710,"CLACKAMAS RIVER AT CARTER BRIDGE, NEAR ESTACADA,OR",unknown,36.49,2005-04-17,2026-09-28,21,7765
1048,Keystone Lake,Oklahoma,07178000,"Bird Creek near Owasso, OK",unknown,36.52,1999-09-30,2006-07-06,7,2418
1188,Mountain Creek Dam,Texas,08048000,"W Fk Trinity Rv at Ft Worth, TX",unknown,36.52,2010-09-21,2025-03-11,15,4938
968,Milford Dam,Kansas,06856600,"REPUBLICAN R AT CLAY CENTER, KS",unknown,36.56,2018-07-24,2026-09-28,8,2725
1095,Altus,Oklahoma,07301500,"North Fork Red River near Carter, OK",unknown,36.57,2002-09-30,2008-07-26,6,1522
1862,Allatoona Lake Dam and Powerhouse,Georgia,02335777,"CHATTAHOOCHEE R 0.27 MI US WILLEO CR, ROSWELL, GA",unknown,36.63,2017-11-30,2026-09-26,9,3173
1862,Allatoona Lake Dam and Powerhouse,Georgia,02335778,"CHATTAHOOCHEE R 0.25 MI US WILLEO CR, ROSWELL, GA",unknown,36.64,2017-11-16,2026-09-27,9,2854
378,Grassy Lake,Wyoming,06036805,"Firehole River at Old Faithful, YNP",unknown,36.65,2006-10-01,2026-09-27,20,7251
1862,Allatoona Lake Dam and Powerhouse,Georgia,02335779,"CHATTAHOOCHEE R .18 MI US WILLEO CR, ROSWELL, GA",unknown,36.71,2017-11-16,2026-09-27,9,3184
477,Deer Creek,Utah,10129900,"SILVER CREEK NEAR SILVER CREEK JUNCTION, UT",unknown,36.73,2001-10-16,2026-09-27,25,9079
294,Conconully,Washington,12447302,"OKANOGAN RIVER NR WAKEFIELD BR SOUTH OF MALOTT, WA",unknown,36.74,2013-07-24,2026-09-27,13,3218
107,William L. Jess,Oregon,14359000,"ROGUE RIVER AT RAYGOLD NEAR CENTRAL POINT, OR",unknown,36.77,1995-10-02,2026-09-28,31,10512
1718,Taylorsville Lake Dam,Kentucky,03301940,"NORTHERN DITCH AT OKOLONA, KY",unknown,36.81,2007-11-17,2026-09-27,19,5013
1756,Wolf Creek,Kentucky,03307000,"RUSSELL CREEK NEAR COLUMBIA, KY",unknown,36.81,1999-12-22,2026-09-27,27,6300
1620,Piedmont Dam,Ohio,03119971,North Fork McGuire Creek near Carrollton OH,unknown,36.85,2015-06-22,2026-09-27,11,4006
83,Green Peter,Oregon,14162500,"MCKENZIE RIVER NEAR VIDA, OR",unknown,36.87,1961-06-09,2026-09-28,65,17951
987,Pueblo,Colorado,07106000,"FOUNTAIN CREEK NEAR FOUNTAIN, CO.",unknown,36.89,1987-11-14,2026-09-27,39,13124
548,Relief,California,11278000,ELEANOR C NR HETCH HETCHY CA,unknown,36.95,2006-04-26,2024-04-16,18,5500
830,Chippewa Reservoir,Wisconsin,05331833,"NAMEKAGON RIVER AT LEONARDS, WI",unknown,36.96,1996-06-01,2026-09-27,30,8899
1755,Barren River Lake Dam,Kentucky,03311500,"GREEN RIVER AT LOCK 6 AT BROWNSVILLE, KY",unknown,36.97,1999-12-15,2014-11-30,15,4825
1812,Bear Creek,North Carolina,03456991,"PIGEON RIVER NEAR CANTON, NC",unknown,37.0,2012-08-01,2026-09-28,14,5159
1005,Cheney,Kansas,375350097262800,"L ARKANSAS R UPSTREAM OF ASR FAC NR SEDGWICK, KS",unknown,37.1,2011-04-05,2026-09-28,15,3773
201,Alpine,California,11458370,NAPA R A MARE ISLAND CAUSEWAY NR VALLEJO CA,unknown,37.12,1998-10-01,2005-10-10,7,2308
1791,Catawba,North Carolina,02141500,"CATAWBA RIVER AT RHODHISS, NC",unknown,37.13,2016-10-06,2026-09-27,10,2386
186,Salt Springs,California,10336580,UPPER TRUCKEE RV AT S UPPER TRUCKEE RD NR MEYERS,unknown,37.14,1997-10-01,2003-09-29,6,2014
521,Vega,Colorado,391953108130201,"ROAN CREEK AT DE BEQUE, CO.",unknown,37.14,2021-04-17,2026-09-27,5,1895
178,Union Valley,California,10336580,UPPER TRUCKEE RV AT S UPPER TRUCKEE RD NR MEYERS,unknown,37.26,1997-10-01,2003-09-29,6,2014
1863,Buford,Georgia,02207135,"LITTLE STONE MTN CR NEAR STONE MOUNTAIN, GA",unknown,37.26,2013-11-08,2026-09-27,13,4688
572,Jackson Gulch,Colorado,09361500,"ANIMAS RIVER AT DURANGO, CO",unknown,37.28,2016-04-06,2026-09-27,10,3176
657,Elephant Butte Dike,New Mexico,325002107181201,17S.05W.13.22 H-4,unknown,37.31,2008-09-30,2025-09-23,17,5679
500,Gross,Colorado,06714215,"SOUTH PLATTE R AT 64TH AVE. COMMERCE CITY, CO.",unknown,37.39,2018-10-02,2026-09-27,8,2905
1033,Beaver,Arkansas,07194880,"Osage Creek near Cave Springs, AR",unknown,37.39,2011-10-08,2022-06-21,11,3824
1791,Catawba,North Carolina,02111000,"YADKIN RIVER AT PATTERSON, NC",unknown,37.4,2012-11-07,2026-09-27,14,5017
1156,Lake Chicot Dam North,Arkansas,332348090505301,151F0195  WASHINGTON (Leland),unknown,37.42,2014-08-06,2025-07-30,11,3656
664,Caballo,New Mexico,323802107024101,19S.02W.21.443 H-27,unknown,37.43,2008-10-01,2026-02-17,18,5551
1720,Kaskaskia Lock and Dam,Illinois,05595000,"KASKASKIA RIVER AT NEW ATHENS, IL",unknown,37.47,2015-09-22,2021-10-05,6,2173
1924,Golf Course,Florida,02310674,CHASSAHOWITZKA R AT MOUTH NR CHASSAHOWITZKA FL,unknown,37.48,2005-10-11,2025-11-13,20,7028
59,Lake Tapps Dike 2-B,Washington,12116500,"CEDAR RIVER AT CEDAR FALLS, WA",unknown,37.59,1999-03-18,2026-09-27,27,9827
1005,Cheney,Kansas,07144100,"L ARKANSAS R NR SEDGWICK, KS",unknown,37.6,1998-05-01,2026-09-28,28,6803
160,Prosser Creek,California,10348200,"TRUCKEE RV NR SPARKS, NV",unknown,37.62,1980-02-05,2026-09-28,46,11962
320,Willow Creek,Montana,06085800,Sun River at Simms MT,unknown,37.66,2006-07-07,2026-09-27,20,6216
1305,Medina Lake Dam,Texas,293516098325501,AY-68-28-211 (Shavano Park at Fawn Drive),unknown,37.66,2014-03-01,2026-09-27,12,4400
514,Lahontan,Nevada,10350500,"TRUCKEE RV AT CLARK, NV",unknown,37.67,1972-06-01,2026-09-28,54,16937
1249,Hords Creek Dam,Texas,08127000,"Elm Ck at Ballinger, TX",unknown,37.7,2001-02-09,2011-10-18,10,2424
1924,Golf Course,Florida,02310747,CRYSTAL RIVER AT BAGLEY COVE NEAR CRYSTAL RIVER FL,unknown,37.74,2002-08-14,2022-10-04,20,7128
1786,Oxford,North Carolina,02111000,"YADKIN RIVER AT PATTERSON, NC",unknown,37.79,2012-11-07,2026-09-27,14,5017
153,Independence,California,10336700,"INCLINE CK NR CRYSTAL BAY, NV",unknown,37.84,2019-09-30,2024-09-30,5,1545
1171,Grapevine Dam,Texas,08052700,"Little Elm Ck nr Aubrey, TX",unknown,37.84,2010-04-05,2025-03-11,15,4910
144,Black Butte Dam,California,11381500,MILL C NR LOS MOLINOS CA,unknown,37.89,1998-10-05,2026-09-28,28,10177
83,Green Peter,Oregon,14183010,"NORTH SANTIAM RIVER NEAR MEHAMA, OR",unknown,38.04,2009-10-06,2015-11-09,6,2199
450,East Canyon,Utah,10168000,LITTLE COTTONWOOD CREEK @ JORDAN RIVER NR SLC,unknown,38.04,1998-10-01,2003-10-16,5,1820
1257,Simon Freese Dam,Texas,08127000,"Elm Ck at Ballinger, TX",unknown,38.1,2001-02-09,2011-10-18,10,2424
1620,Piedmont Dam,Ohio,03119979,Bear Hole Run near Carrollton OH,unknown,38.11,2015-06-22,2026-09-27,11,4007
1615,Blue Marsh Dam,Pennsylvania,01571820,"Swatara Creek at Ravine, PA",unknown,38.29,1996-07-13,2007-07-10,11,3831
536,Taylor Park,Colorado,07086000,"ARKANSAS RIVER AT GRANITE, CO.",unknown,38.3,1993-10-06,2026-09-27,33,11266
59,Lake Tapps Dike 2-B,Washington,12116400,"CEDAR RIVER AT POWERPLANT AT CEDAR FALLS, WA",unknown,38.31,2018-10-13,2026-09-27,8,2903
192,Beardsley,California,11276500,TUOLUMNE R NR HETCH HETCHY CA,unknown,38.36,1971-10-01,2022-10-25,51,12421
163,Martis Creek Dam,California,10348200,"TRUCKEE RV NR SPARKS, NV",unknown,38.42,1980-02-05,2026-09-28,46,11962
177,Mark Edson,California,11446030,SF AMERICAN R NR PILOT HILL CA,unknown,38.44,1999-08-05,2023-05-11,24,8494
548,Relief,California,11276500,TUOLUMNE R NR HETCH HETCHY CA,unknown,38.52,1971-10-01,2022-10-25,51,12421
2158,Hopkinton Flood Control Dam,New Hampshire,01093852,"SOUHEGAN RIVER (SITE WLR-1) NEAR MILFORD, NH",unknown,38.56,2016-06-17,2023-09-30,7,2653
198,New Melones,California,11294500,NF STANISLAUS R NR AVERY CA,unknown,38.58,1990-06-14,1998-09-30,8,2858
1863,Buford,Georgia,02336340,"NANCY CREEK AT JOHNSON FERRY RD, AT CHAMBLEE, GA",unknown,38.58,2012-12-06,2026-09-27,14,5032
201,Alpine,California,11455820,CARQUINEZ STRAIT A CARQUINEZ BR NR CROCKETT CA,unknown,38.61,1998-10-16,2016-09-29,18,5169
438,Pineview,Utah,410401112134801,GSL FARMINGTON BAY OUTFLOW AT CAUSEWAY BRIDGE,unknown,38.68,2018-09-29,2026-09-27,8,2187
1924,Golf Course,Florida,02310750,CRYSTAL RIVER NEAR CRYSTAL RIVER FL,unknown,38.7,2020-11-20,2026-09-27,6,2047
1683,William H. Harsha Lake Dam,Ohio,03254480,"CRUISES CREEK AT HWY 17 NR PINER, KY",unknown,38.71,2000-12-02,2013-09-29,13,3073
172,L.L. Anderson,California,10339400,MARTIS C NR TRUCKEE CA,unknown,38.74,1973-06-29,2010-09-30,37,12799
1044,Robert S. Kerr Dam,Oklahoma,07191222,"Beaty Creek near Jay, OK",unknown,38.74,2005-03-08,2023-09-30,18,6303
55,Keechelus,Washington,12117000,"TAYLOR CREEK NEAR SELLECK, WA",unknown,38.75,2018-09-30,2026-09-27,8,2826
458,Smith and Morehouse Dam,Utah,10133800,"EAST CANYON CREEK NEAR JEREMY RANCH, UT",unknown,38.75,2001-10-17,2026-09-27,25,9080
1141,Lake Crook Dam,Texas,07332620,"Bois D'Arc Ck at FM 1396 nr Honey Grove, TX",unknown,38.76,2006-09-24,2019-08-19,13,3540
174,Lower Hell Hole,California,10339400,MARTIS C NR TRUCKEE CA,unknown,38.84,1973-06-29,2010-09-30,37,12799
1216,Squaw Creek Dam,Texas,08090800,"Brazos Rv nr Dennis, TX",unknown,38.94,1986-10-01,1995-09-29,9,3155
56,Howard A. Hanson Dam,Washington,12119000,"CEDAR RIVER AT RENTON, WA",unknown,38.96,1992-02-22,2026-09-27,34,11581
83,Green Peter,Oregon,14181500,"NORTH SANTIAM RIVER AT NIAGARA, OR",unknown,38.97,1953-01-12,2026-09-28,73,25080
210,Don Pedro,California,11302500,STANISLAUS R A OAKDALE CA,unknown,39.04,1985-08-28,2023-06-07,38,13010
88,Blue River Dam,Oregon,14187200,"SOUTH SANTIAM RIVER NEAR FOSTER, OR",unknown,39.1,1973-07-19,2026-09-28,53,16891
555,Lake Eleanor,California,11264500,MERCED R A HAPPY ISLES BRIDGE NR YOSEMITE CA,unknown,39.1,1965-10-01,2022-10-04,57,12525
1890,Pinopolis West Dam,South Carolina,021720677,"COOPER R AT FILBIN CREEK AT NORTH CHARLESTON, SC",unknown,39.11,1997-04-04,2026-09-27,29,9992
219,Calaveras,California,11162765,SF BAY A SAN MATEO BRIDGE NR FOSTER CITY CA,unknown,39.17,1989-10-27,2026-09-27,37,10608
1863,Buford,Georgia,02207385,"BIG HAYNES CREEK AT LENORA ROAD, NR SNELLVILLE, GA",unknown,39.17,2001-03-03,2026-09-27,25,9119
1862,Allatoona Lake Dam and Powerhouse,Georgia,02335880,"CHATT R AT POWERS FY AND I-285 NR ATLANTA, GA",unknown,39.2,2016-05-06,2026-09-27,10,3781
59,Lake Tapps Dike 2-B,Washington,12116100,"CANYON CREEK NEAR CEDAR FALLS, WA",unknown,39.22,2018-09-28,2026-09-27,8,2888
1134,Pat Mayse Lake,Texas,07332622,"Bois D'Arc Ck at FM 409 nr Honey Grove, TX",unknown,39.28,2009-06-03,2025-03-11,16,5033
1585,Beltzville Dam,Pennsylvania,01454700,"Lehigh River at Glendon, PA",unknown,39.3,2010-07-29,2026-09-27,16,3638
1718,Taylorsville Lake Dam,Kentucky,03292900,"M FK BEARGRASS CR AT BROWNS LN AT LOUISVILLE, KY",unknown,39.32,2021-04-15,2026-09-27,5,1946
477,Deer Creek,Utah,10133800,"EAST CANYON CREEK NEAR JEREMY RANCH, UT",unknown,39.34,2001-10-17,2026-09-27,25,9080
521,Vega,Colorado,09095500,"COLORADO RIVER NEAR CAMEO, CO.",unknown,39.37,1969-10-01,2026-09-27,57,15671
969,Blue Springs Dam,Missouri,06892518,"KANSAS R NR LAKE QUIVIRA, KS",unknown,39.38,2016-07-30,2026-09-28,10,3512
203,Farmington Dam,California,11303500,SAN JOAQUIN R NR VERNALIS CA,unknown,39.42,1961-10-27,2023-05-10,62,18021
1818,Hiwassee,North Carolina,0351706800,"CHEOAH RIVER NR BEARPEN GAP NR TAPOCO, NC",unknown,39.42,1999-09-30,2026-09-27,27,9842
1924,Golf Course,Florida,02310752,SALT RIVER NEAR CRYSTAL RIVER FL,unknown,39.52,2006-09-28,2025-11-17,19,6973
473,Steinaker,Utah,09302000,"DUCHESNE RIVER NEAR RANDLETT, UT",unknown,39.53,1998-08-25,2026-09-27,28,9775
1863,Buford,Georgia,02207400,"BRUSHY FORK CREEK AT BEAVER ROAD, NR LOGANVILLE,GA",unknown,39.6,1996-10-30,2026-09-27,30,9269
964,Smithville Dam,Missouri,06893970,"Spring Branch Ck at Holke Rd in Independence, MO",unknown,39.62,2005-09-30,2019-09-03,14,4498
1184,Lake Worth Dam,Texas,08049500,"W Fk Trinity Rv at Grand Prairie, TX",unknown,39.69,1976-10-01,2025-03-11,49,15743
160,Prosser Creek,California,10349980,"STEAMBOAT CK AT CLEANWATER WAY NR RENO, NV",unknown,39.73,1993-11-11,1998-09-29,5,1362
521,Vega,Colorado,09105000,"PLATEAU CREEK NEAR CAMEO, CO",unknown,39.76,1995-10-01,2016-10-04,21,7415
1863,Buford,Georgia,02392000,"ETOWAH RIVER AT CANTON, GA",unknown,39.82,2014-05-09,2023-08-15,9,2941
101,Wickiup Reservoir,Oregon,14070621,"DIVERSION CANAL TO BRIDGE CREEK, NEAR BEND, OR",unknown,39.83,2017-10-10,2026-09-28,9,3132
101,Wickiup Reservoir,Oregon,14070620,"PROWELL SPRINGS DIVERSION POOL, NEAR BEND, OR",unknown,39.85,2017-10-10,2026-09-28,9,3240
516,Homestake Dam,Colorado,07086000,"ARKANSAS RIVER AT GRANITE, CO.",unknown,39.85,1993-10-06,2026-09-27,33,11266
80,Detroit,Oregon,14200400,"LITTLE ABIQUA CREEK NEAR SCOTTS MILLS, OR",unknown,39.88,1993-07-28,2004-09-30,11,3847
99,Cottage Grove,Oregon,14164700,"CEDAR CREEK AT SPRINGFIELD, OR",unknown,39.91,2017-07-11,2026-09-28,9,3346
964,Smithville Dam,Missouri,06893562,"Brush Creek at Rockhill Road in Kansas City, MO",unknown,39.94,2005-09-30,2010-06-02,5,1206
177,Mark Edson,California,11433790,NF AMERICAN R A AUBURN DAM SITE NR AUBURN CA,unknown,39.95,1999-06-05,2023-05-11,24,8267
159,Lake Fordyce,California,10345490,GRAY C NR FLORISTON CA,unknown,39.96,2001-12-07,2007-03-14,6,1807
1055,Sanford Dam,Texas,07227500,"Canadian Rv nr Amarillo, TX",unknown,39.97,1995-09-13,2024-10-29,29,8886
176,Loon Lake,California,10339400,MARTIS C NR TRUCKEE CA,unknown,39.99,1973-06-29,2010-09-30,37,12799
1048,Keystone Lake,Oklahoma,07178200,"Bird Ck at State Highway 266 near Catoosa, OK",unknown,39.99,2000-09-30,2023-09-30,23,7798
1815,Nantahala,North Carolina,03512000,"OCONALUFTEE RIVER AT BIRDTOWN, NC",unknown,40.01,2014-10-03,2026-09-27,12,4315
144,Black Butte Dam,California,11383500,DEER C NR VINA CA,unknown,40.07,1998-10-05,2026-09-28,28,10033
527,Weber Dam,Nevada,384200118431901,WALKER LAKE 3 CENTER NDOW,unknown,40.13,2021-05-27,2026-09-27,5,1505
911,Red Rock Dam,Iowa,05471040,"Red Rock Creek near Colfax, IA",unknown,40.14,1995-05-15,2005-09-29,10,2435
1033,Beaver,Arkansas,07194933,"Spring Creek at Hwy 112 nr Springdale, AR",unknown,40.21,2017-04-18,2025-01-16,8,2734
1615,Blue Marsh Dam,Pennsylvania,01571778,"Lorberry Creek near Lorberry Junction, PA",unknown,40.22,1999-11-11,2007-07-10,8,2541
1615,Blue Marsh Dam,Pennsylvania,01451380,"Little Lehigh Creek near Trexlertown, PA",unknown,40.26,2019-11-13,2026-09-27,7,2509
163,Martis Creek Dam,California,10349980,"STEAMBOAT CK AT CLEANWATER WAY NR RENO, NV",unknown,40.27,1993-11-11,1998-09-29,5,1362
1615,Blue Marsh Dam,Pennsylvania,01451400,"Spring Creek at Trexlertown, PA",unknown,40.32,2020-03-10,2026-09-27,6,2385
1615,Blue Marsh Dam,Pennsylvania,0157155014,"Swatara Creek, Site C3, at Newtown, PA",unknown,40.33,1996-07-18,2007-07-10,11,3939
1620,Piedmont Dam,Ohio,03120820,Indian Fork at Dellroy OH,unknown,40.33,2015-06-22,2026-09-27,11,4077
514,Lahontan,Nevada,10312210,"STILLWATER POINT RES DIV CANAL NR FALLON, NV",unknown,40.38,1990-10-16,2015-07-12,25,8143
1156,Lake Chicot Dam North,Arkansas,325728091002701,055A0175  ISSAQUENA (Hop,unknown,40.41,2014-07-04,2020-09-07,6,2216
1585,Beltzville Dam,Pennsylvania,01454720,"Lehigh River at Easton, PA",unknown,40.42,1967-10-01,2009-09-29,42,9488
1718,Taylorsville Lake Dam,Kentucky,03292474,"GOOSE CREEK AT OLD WESTPORT RD NR ST MATTHEWS, KY",unknown,40.43,2007-10-16,2026-09-27,19,4867
80,Detroit,Oregon,444728122450000,"NORTH SANTIAM RIVER AT GEREN ISLAND, NR STAYTON,OR",unknown,40.53,2001-03-22,2015-12-21,14,4344
1300,Lake Houston Dam,Texas,08067252,"Trinity Rv at Wallisville, TX",unknown,40.54,1995-07-28,2024-11-24,29,10269
160,Prosser Creek,California,10348300,"N TRUCKEE DRAIN AT KLEPPE LN NR SPARKS, NV",unknown,40.56,1993-07-03,1998-09-29,5,1498
1615,Blue Marsh Dam,Pennsylvania,0157155010,"Swatara Creek, Site C1, at Newtown, PA",unknown,40.58,1996-10-17,2007-07-10,11,3718
1302,Canyon Lake,Texas,293559098284801,AY-68-29-112 (Donella),unknown,40.59,2018-12-22,2026-09-27,8,2766
1285,Granger Dam,Texas,08106500,"Little Rv nr Cameron, TX",unknown,40.63,1986-10-01,1997-08-30,11,3618
1707,Grayson Dam,Kentucky,03216070,"OHIO RIVER AT IRONTON, OH",unknown,40.63,2015-09-03,2026-09-27,11,3940
1112,Blakely Mountain Dam,Arkansas,073625897,"Lake Winona Raw Water Intake Pipe near Reform, AR",unknown,40.65,2016-10-19,2026-09-27,10,3424
1300,Lake Houston Dam,Texas,08067118,"Lk Charlotte nr Anahuac, TX",unknown,40.71,1993-12-22,2024-12-17,31,10456
664,Caballo,New Mexico,323722107002801,MBOWN-N3 19S.02W.26.4424,unknown,40.73,2009-02-10,2016-08-03,7,2043
524,Marlette Lake Dam,Nevada,10348000,"TRUCKEE RV AT RENO, NV",unknown,40.75,1989-08-26,1998-09-29,9,2744
524,Marlette Lake Dam,Nevada,10348200,"TRUCKEE RV NR SPARKS, NV",unknown,40.75,1980-02-05,2026-09-28,46,11962
467,Bor Jordanelle,Utah,10168000,LITTLE COTTONWOOD CREEK @ JORDAN RIVER NR SLC,unknown,40.81,1998-10-01,2003-10-16,5,1820
545,Donnells,California,11278000,ELEANOR C NR HETCH HETCHY CA,unknown,40.84,2006-04-26,2024-04-16,18,5500
178,Union Valley,California,10336775,"TROUT CK AT PIONEER TRAIL NR SOUTH LAKE TAHOE, CA",unknown,40.91,1997-10-01,2003-09-29,6,1803
1005,Cheney,Kansas,07143672,"L ARKANSAS R AT HWY 50 NR HALSTEAD, KS",unknown,40.91,1998-05-13,2026-08-06,28,7315
178,Union Valley,California,10336779,"COLD CK AT MOUTH, CA",unknown,40.97,1997-09-30,2003-09-29,6,2062
1028,Birch Lake,Oklahoma,07178000,"Bird Creek near Owasso, OK",unknown,40.97,1999-09-30,2006-07-06,7,2418
861,Lac Qui Parle Dam,Minnesota,444431095324101,US-O3     115N39W28ADAACA01 Upper Sioux 0000744977,unknown,40.99,2007-04-25,2020-11-02,13,4903
83,Green Peter,Oregon,444728122450000,"NORTH SANTIAM RIVER AT GEREN ISLAND, NR STAYTON,OR",unknown,41.01,2001-03-22,2015-12-21,14,4344
185,Monticello,California,11458433,SONOMA CREEK A KENWOOD CA,unknown,41.06,2008-10-04,2026-09-28,18,5281
1801,Fontana,North Carolina,03512000,"OCONALUFTEE RIVER AT BIRDTOWN, NC",unknown,41.1,2014-10-03,2026-09-27,12,4315
116,Applegate Dam,Oregon,14369500,"APPLEGATE RIVER NEAR WILDERVILLE, OR",unknown,41.11,1978-09-01,2026-09-28,48,16504
1683,William H. Harsha Lake Dam,Ohio,03260050,"DRY CREEK AT SEWAGE PLANT NEAR ERLANGER, KY",unknown,41.11,2007-10-04,2014-09-29,7,2298
541,Blue Mesa,Colorado,09147500,"UNCOMPAHGRE RIVER AT COLONA, CO",unknown,41.15,2009-10-30,2026-09-27,17,6168
176,Loon Lake,California,10336700,"INCLINE CK NR CRYSTAL BAY, NV",unknown,41.16,2019-09-30,2024-09-30,5,1545
99,Cottage Grove,Oregon,14317600,"ROCK CREEK NEAR GLIDE, OR",unknown,41.18,2021-04-01,2026-09-28,5,1966
1863,Buford,Georgia,02335870,"SOPE CREEK NEAR MARIETTA, GA",unknown,41.2,2011-09-30,2020-09-16,9,2742
524,Marlette Lake Dam,Nevada,10349980,"STEAMBOAT CK AT CLEANWATER WAY NR RENO, NV",unknown,41.21,1993-11-11,1998-09-29,5,1362
85,Foster,Oregon,14183010,"NORTH SANTIAM RIVER NEAR MEHAMA, OR",unknown,41.22,2009-10-06,2015-11-09,6,2199
554,Cherry Valley,California,11264500,MERCED R A HAPPY ISLES BRIDGE NR YOSEMITE CA,unknown,41.26,1965-10-01,2022-10-04,57,12525
182,Folsom,California,11447650,SACRAMENTO R A FREEPORT CA,unknown,41.28,1961-10-01,2023-03-22,62,20986
163,Martis Creek Dam,California,10348300,"N TRUCKEE DRAIN AT KLEPPE LN NR SPARKS, NV",unknown,41.29,1993-07-03,1998-09-29,5,1498
174,Lower Hell Hole,California,10336779,"COLD CK AT MOUTH, CA",unknown,41.32,1997-09-30,2003-09-29,6,2062
338,Dworshak Dam,Idaho,13342500,CLEARWATER RIVER AT SPALDING ID,unknown,41.32,1959-10-01,2026-09-28,67,22854
1257,Simon Freese Dam,Texas,08126380,"Colorado Rv nr Ballinger, TX",unknown,41.32,2001-02-09,2026-09-27,25,8581
166,Lake Valley,California,10339400,MARTIS C NR TRUCKEE CA,unknown,41.38,1973-06-29,2010-09-30,37,12799
643,Perris,California,11044000,SANTA MARGARITA R NR TEMECULA CA,unknown,41.38,1999-12-15,2026-09-28,27,9092
90,Fern Ridge,Oregon,14150000,"MIDDLE FORK WILLAMETTE RIVER NEAR DEXTER, OR",unknown,41.41,1955-08-24,2026-09-28,71,23689
1656,Brookville Lake Dam,Indiana,03275500,"EAST FORK WHITEWATER RIVER AT RICHMOND, IN",unknown,41.44,2017-10-21,2026-09-27,9,3169
88,Blue River Dam,Oregon,14185900,"QUARTZVILLE CREEK NEAR CASCADIA, OR",unknown,41.65,1963-08-16,2026-09-28,63,13947
178,Union Valley,California,10336770,"TROUT CK AT USFS RD 12N01 NR MEYERS, CA",unknown,41.66,1997-10-01,2003-09-29,6,1930
59,Lake Tapps Dike 2-B,Washington,12115500,"REX RIVER NEAR CEDAR FALLS, WA",unknown,41.68,2018-09-14,2026-09-27,8,2894
537,Crawford,Colorado,09149500,"UNCOMPAHGRE RIVER AT DELTA, CO",unknown,41.68,2009-07-01,2026-09-27,17,6283
537,Crawford,Colorado,09144250,"GUNNISON RIVER AT DELTA, CO",unknown,41.7,2009-07-01,2026-09-27,17,6277
1139,Lake Arrowhead Dam,Texas,07308500,"Red Rv nr Burkburnett, TX",unknown,41.71,1994-10-05,2011-09-21,17,5219
174,Lower Hell Hole,California,10336775,"TROUT CK AT PIONEER TRAIL NR SOUTH LAKE TAHOE, CA",unknown,41.76,1997-10-01,2003-09-29,6,1803
193,New Hogan Dam,California,11302500,STANISLAUS R A OAKDALE CA,unknown,41.85,1985-08-28,2023-06-07,38,13010
113,Hyatt Dam,Oregon,11509500,"KLAMATH RIVER AT KENO, OR",unknown,41.88,2005-12-21,2026-09-28,21,7468
1924,Golf Course,Florida,02310712,HOMOSASSA RIVER AT SHELL ISLAND NEAR HOMOSASSA FL,unknown,41.88,2006-09-15,2025-11-16,19,5094
111,Howard Prairie,Oregon,420615121533600,"KLAMATH RIVER AT SITE 12A, NR ROCK QUARRY, OR",unknown,41.92,2005-04-28,2010-11-29,5,1735
111,Howard Prairie,Oregon,420615121533601,"KLAMATH RIVER AT SITE 12A, NR ROCK QUARRY-BOTTOM",unknown,41.92,2005-06-22,2010-11-29,5,1632
99,Cottage Grove,Oregon,14164550,"CAMP CRK AT CAMP CRK RD BRIDGE, NR SPRINGFIELD, OR",unknown,41.96,2017-07-12,2026-09-28,9,3318
1620,Piedmont Dam,Ohio,03120961,Unnamed Tributary near Dellroy OH,unknown,41.96,2015-06-22,2026-09-27,11,3877
85,Foster,Oregon,444728122450000,"NORTH SANTIAM RIVER AT GEREN ISLAND, NR STAYTON,OR",unknown,41.99,2001-03-22,2015-12-21,14,4344
1183,Rockwall Forney Dam,Texas,08062500,"Trinity Rv nr Rosser, TX",unknown,41.99,1976-10-01,2025-03-11,49,15640
1835,Wheeler,Alabama,03584600,"ELK RIVER AT PROSPECT, TN",unknown,42.08,2014-10-10,2020-10-17,6,1822
514,Lahontan,Nevada,10351700,"TRUCKEE RV NR NIXON, NV",unknown,42.1,1980-05-16,2026-09-28,46,13246
1863,Buford,Georgia,023362095,"BURNT FORK CR AT MILLWOOD WAY NEAR CLARKSTON, GA",unknown,42.1,2012-10-27,2026-09-27,14,5058
1592,Mississinewa Lake Dam,Indiana,03323500,"WABASH RIVER AT HUNTINGTON, IN",unknown,42.13,2002-09-30,2026-09-27,24,6735
517,Ruedi,Colorado,07081200,"ARKANSAS RIVER NEAR LEADVILLE, CO",unknown,42.15,1990-05-12,1996-09-29,6,2307
1863,Buford,Georgia,02336152,"SOUTH FORK PEACHTREE AT CASA DR, NR CLARKSTON, GA",unknown,42.19,2012-03-16,2026-09-27,14,5285
99,Cottage Grove,Oregon,14158100,"WILLAMETTE RIVER AT OWOSSO BRIDGE AT EUGENE, OR",unknown,42.25,2010-11-10,2026-09-28,16,5777
72,Scoggins Reservoir,Oregon,14207200,"TUALATIN RIVER AT OSWEGO DAM, NEAR WEST LINN, OR",unknown,42.26,2016-10-11,2026-09-28,10,3608
1910,Walter F. George Lock and Dam,Alabama,02343805,"CHATTAHOOCHEE RIVER AT MILE 46 NEAR COLUMBIA, ALA",unknown,42.27,2017-04-21,2026-09-27,9,3395
861,Lac Qui Parle Dam,Minnesota,444424095312301,US-O2     115N39W26BCCBCB01 Upper Sioux 0000744976,unknown,42.28,2007-04-25,2019-09-18,12,3631
85,Foster,Oregon,14164550,"CAMP CRK AT CAMP CRK RD BRIDGE, NR SPRINGFIELD, OR",unknown,42.3,2017-07-12,2026-09-28,9,3318
861,Lac Qui Parle Dam,Minnesota,444443095305001,US-O1     115N39W26BAAAAD01 Upper Sioux 0000744978,unknown,42.31,2007-04-25,2019-05-14,12,4340
7214,Ridges Basin,Colorado,09352900,"VALLECITO CREEK NEAR BAYFIELD, CO.",unknown,42.42,2012-04-01,2026-09-27,14,3869
83,Green Peter,Oregon,14159500,"SOUTH FORK MCKENZIE RIVER NEAR RAINBOW, OR",unknown,42.43,1955-07-15,2026-09-28,71,24435
396,Palisades,Idaho,13018300,"CACHE CREEK NEAR JACKSON, WY",unknown,42.44,2012-05-03,2026-09-27,14,5213
537,Crawford,Colorado,09147500,"UNCOMPAHGRE RIVER AT COLONA, CO",unknown,42.46,2009-10-30,2026-09-27,17,6168
1151,Ray Roberts Dam,Texas,07316000,"Red River near Gainesville, TX",unknown,42.5,1996-09-30,2009-09-29,13,3044
100,Hills Creek,Oregon,14150000,"MIDDLE FORK WILLAMETTE RIVER NEAR DEXTER, OR",unknown,42.51,1955-08-24,2026-09-28,71,23689
1768,Old Hickory Dam,Tennessee,034324146,"HARPETH RIVER AT MILE 81.33 NR BERRYS CHAPEL, TN",unknown,42.51,2016-10-21,2026-09-27,10,3467
85,Foster,Oregon,14174000,"WILLAMETTE RIVER AT ALBANY, OR",unknown,42.57,2001-08-10,2026-09-28,25,9131
477,Deer Creek,Utah,10168000,LITTLE COTTONWOOD CREEK @ JORDAN RIVER NR SLC,unknown,42.57,1998-10-01,2003-10-16,5,1820
431,Hyrum,Utah,10141000,"WEBER RIVER NEAR PLAIN CITY, UT",unknown,42.58,2018-09-28,2026-09-27,8,2218
1863,Buford,Georgia,02333500,"CHESTATEE RIVER NEAR DAHLONEGA, GA",unknown,42.62,2011-10-01,2020-10-27,9,3031
213,Del Valle,California,11303500,SAN JOAQUIN R NR VERNALIS CA,unknown,42.64,1961-10-27,2023-05-10,62,18021
1615,Blue Marsh Dam,Pennsylvania,01480400,"Birch Run near Wagontown, PA",unknown,42.64,1996-06-21,2026-09-27,30,10812
524,Marlette Lake Dam,Nevada,10348300,"N TRUCKEE DRAIN AT KLEPPE LN NR SPARKS, NV",unknown,42.7,1993-07-03,1998-09-29,5,1498
78,Wasco,Oregon,14138870,"FIR CREEK NEAR BRIGHTWOOD, OR",unknown,42.78,1977-10-27,2026-09-28,49,17479
108,Four Mile Lake Dam,Oregon,11509500,"KLAMATH RIVER AT KENO, OR",unknown,42.82,2005-12-21,2026-09-28,21,7468
1814,Tillery,North Carolina,02124692,"GOOSE CR AT FAIRVIEW, NC",unknown,42.82,1999-11-09,2009-10-01,10,3495
1051,Newt Graham Lock and Dam,Oklahoma,07164500,"Arkansas River at Tulsa, OK",unknown,42.87,2005-09-30,2023-09-30,18,6250
502,Green Mountain,Colorado,09060799,"COLORADO RIVER AT CATAMOUNT BRIDGE, CO",unknown,42.9,2016-10-21,2026-09-27,10,2437
223,Coyote,California,11173200,ARROYO HONDO NR SAN JOSE CA,unknown,42.94,2008-09-06,2023-07-04,15,5344
574,Lemon,Colorado,09363500,"ANIMAS RIVER NEAR CEDAR HILL, NM",unknown,42.96,2016-03-08,2024-10-09,8,2770
1620,Piedmont Dam,Ohio,03120869,Willow Run near Dellroy OH,unknown,43.0,2015-07-01,2026-09-27,11,4105
114,Emigrant,Oregon,14362000,"APPLEGATE RIVER NEAR COPPER, OR",unknown,43.01,1977-01-06,2026-09-28,49,17669
1863,Buford,Georgia,02336360,"NANCY CREEK AT RICKENBACKER DRIVE, AT ATLANTA, GA",unknown,43.01,2003-05-24,2026-09-27,23,8451
108,Four Mile Lake Dam,Oregon,14335072,"ROGUE R AT COLE M RIVERS F HATCHERY NR MCLEOD, OR",unknown,43.02,2012-08-15,2026-09-28,14,5154
1032,Oologah Lake,Oklahoma,07164500,"Arkansas River at Tulsa, OK",unknown,43.04,2005-09-30,2023-09-30,18,6250
1890,Pinopolis West Dam,South Carolina,0217206935,"COOPER R AT PORTS AUTHORITY PIER K CHARLESTON, SC",unknown,43.05,2016-07-01,2026-09-27,10,3670
1232,Oak Creek Dam,Texas,08126380,"Colorado Rv nr Ballinger, TX",unknown,43.06,2001-02-09,2026-09-27,25,8581
108,Four Mile Lake Dam,Oregon,14335075,"ROGUE RIVER AT MCLEOD,OREG.",unknown,43.09,1976-11-02,2000-09-30,24,7778
524,Marlette Lake Dam,Nevada,10336580,UPPER TRUCKEE RV AT S UPPER TRUCKEE RD NR MEYERS,unknown,43.1,1997-10-01,2003-09-29,6,2014
1863,Buford,Georgia,02207160,"STONE MOUNTAIN CREEK AT GA 124, NEAR LITHONIA, GA",unknown,43.1,2015-09-30,2026-09-27,11,3996
1189,Cedar Creek,Texas,08062500,"Trinity Rv nr Rosser, TX",unknown,43.1,1976-10-01,2025-03-11,49,15640
294,Conconully,Washington,12447390,"ANDREWS CREEK NEAR MAZAMA, WA",unknown,43.17,2011-09-01,2026-09-27,15,5220
1863,Buford,Georgia,02207120,"YELLOW RIVER AT GA 124, NEAR LITHONIA, GA",unknown,43.2,2001-08-16,2026-09-27,25,9076
2186,Quabbin Winsor Dam,Massachusetts,01095375,"QUINAPOXET RIVER AT CANADA MILLS NEAR HOLDEN, MA",unknown,43.23,1997-04-06,2026-09-27,29,10450
1150,Millers Creek Dam,Texas,07312100,"Wichita Rv nr Mabelle, TX",unknown,43.24,1994-09-19,2011-09-29,17,6042
964,Smithville Dam,Missouri,06893830,"Adair Creek at Independence, MO",unknown,43.32,2008-10-07,2018-01-30,10,3398
861,Lac Qui Parle Dam,Minnesota,444447095293501,US-CM3    115N39W24CDDCBD01 Upper Sioux 0000607196,unknown,43.38,2005-07-20,2020-11-01,15,3758
153,Independence,California,10348000,"TRUCKEE RV AT RENO, NV",unknown,43.41,1989-08-26,1998-09-29,9,2744
85,Foster,Oregon,14166000,"WILLAMETTE RIVER AT HARRISBURG, OR",unknown,43.43,1961-06-20,2026-09-28,65,17982
386,Owyhee,Oregon,13211205,"BOISE RIVER AT CALDWELL, ID",unknown,43.43,2015-11-17,2026-09-27,11,3817
72,Scoggins Reservoir,Oregon,14211546,"CRYSTAL SPRINGS CREEK AT MOUTH AT PORTLAND, OR",unknown,43.46,1998-07-20,2012-12-18,14,4313
72,Scoggins Reservoir,Oregon,14211550,"JOHNSON CREEK AT MILWAUKIE, OR",unknown,43.48,1998-05-07,2026-09-28,28,10342
1823,Ocoee 1,Tennessee,02385800,"HOLLY CREEK NEAR CHATSWORTH, GA",unknown,43.48,2005-01-12,2022-08-30,17,3848
1833,Nottely,Georgia,02330450,"CHATTAHOOCHEE RIVER AT HELEN, GA",unknown,43.49,2003-07-17,2026-09-27,23,8132
72,Scoggins Reservoir,Oregon,14211542,"CRYSTAL SPRINGS CREEK AT BYBEE ST, PORTLAND, OR",unknown,43.51,1998-07-18,2026-09-28,28,6611
1586,J. Edward Roush Lake Dam,Indiana,03327000,"MISSISSINEWA RIVER AT PEORIA, IN",unknown,43.51,2002-09-30,2026-09-27,24,5538
1129,North Fork Buffalo Creek Dam,Texas,07312100,"Wichita Rv nr Mabelle, TX",unknown,43.55,1994-09-19,2011-09-29,17,6042
99,Cottage Grove,Oregon,14317450,"NORTH UMPQUA RIVER NEAR IDLEYLD PARK, OR",unknown,43.56,1998-01-23,2026-09-28,28,10294
90,Fern Ridge,Oregon,14155500,"ROW RIVER NEAR COTTAGE GROVE, OR",unknown,43.6,2001-08-01,2026-09-28,25,9174
204,Tulloch,California,11290000,TUOLUMNE R A MODESTO CA,unknown,43.61,1965-07-21,2023-06-06,58,13362
1033,Beaver,Arkansas,071948095,"Mud Creek near Johnson, AR",unknown,43.62,2015-06-16,2026-09-27,11,3881
168,Harry L. Englebright Dam,California,11433790,NF AMERICAN R A AUBURN DAM SITE NR AUBURN CA,unknown,43.64,1999-06-05,2023-05-11,24,8267
1170,Lavon Dam,Texas,08057000,"Trinity Rv at Dallas, TX",unknown,43.64,2014-10-31,2025-03-11,11,2763
214,Exchequer Main,California,11278300,CHERRY C NR EARLY INTAKE CA,unknown,43.69,2008-05-28,2026-09-27,18,5210
1297,Tom Miller Dam,Texas,08170990,"Jacobs Well Spg nr Wimberley, TX",unknown,43.69,2009-06-11,2026-09-27,17,6162
1765,Boone,Tennessee,03524740,"CLINCH RIVER AT ROUTE 65 AT DUNGANNON, VA",unknown,43.71,2009-03-28,2026-09-28,17,6355
500,Gross,Colorado,06711565,"SOUTH PLATTE RIVER AT ENGLEWOOD, CO.",unknown,43.74,1995-10-01,2026-09-27,31,10818
78,Wasco,Oregon,14138850,"BULL RUN RIVER NEAR MULTNOMAH FALLS, OR",unknown,43.77,1977-10-21,2026-09-28,49,17218
54,Wynoochee,Washington,1203951610,"QUINAULT RIVER NEAR TAHOLAH, WA",unknown,43.78,2017-12-09,2026-09-27,9,3170
450,East Canyon,Utah,10172630,GOGGIN DRAIN NEAR MAGNA UTAH,unknown,43.8,2018-09-18,2026-09-27,8,2187
116,Applegate Dam,Oregon,14359000,"ROGUE RIVER AT RAYGOLD NEAR CENTRAL POINT, OR",unknown,43.81,1995-10-02,2026-09-28,31,10512
1134,Pat Mayse Lake,Texas,07332620,"Bois D'Arc Ck at FM 1396 nr Honey Grove, TX",unknown,43.88,2006-09-24,2019-08-19,13,3540
509,Dillon,Colorado,07079300,"EF ARKANSAS R AT US HIGHWAY 24, NR LEADVILLE, CO.",unknown,43.92,1990-05-12,1996-09-29,6,2192
1862,Allatoona Lake Dam and Powerhouse,Georgia,02335700,"BIG CREEK NEAR ALPHARETTA, GA",unknown,43.94,2016-04-29,2022-10-04,6,2340
1776,W. Kerr Scott Dam,North Carolina,02141500,"CATAWBA RIVER AT RHODHISS, NC",unknown,43.96,2016-10-06,2026-09-27,10,2386
108,Four Mile Lake Dam,Oregon,421401121480900,LINK RIVER DAM,unknown,43.99,2001-06-16,2026-09-24,25,9050
1718,Taylorsville Lake Dam,Kentucky,03292475,"GOOSE CREEK AT US HWY 42 NEAR GLENVIEW ACRES, KY",unknown,43.99,2007-09-30,2025-12-08,18,4763
114,Emigrant,Oregon,14359000,"ROGUE RIVER AT RAYGOLD NEAR CENTRAL POINT, OR",unknown,44.0,1995-10-02,2026-09-28,31,10512
456,Wanship,Utah,10168000,LITTLE COTTONWOOD CREEK @ JORDAN RIVER NR SLC,unknown,44.02,1998-10-01,2003-10-16,5,1820
964,Smithville Dam,Missouri,06892518,"KANSAS R NR LAKE QUIVIRA, KS",unknown,44.03,2016-07-30,2026-09-28,10,3512
1033,Beaver,Arkansas,07048600,"White River near Fayetteville, AR",unknown,44.11,2017-06-21,2026-09-27,9,3229
1585,Beltzville Dam,Pennsylvania,01440400,"Brodhead Creek near Analomink, PA",unknown,44.13,2019-11-21,2026-09-27,7,2489
1654,Cagles Mill Lake Dam,Indiana,03354000,"WHITE RIVER NEAR CENTERTON, IN",unknown,44.13,1955-10-01,2026-09-27,71,16104
1092,Nimrod,Arkansas,07263296,"Maumelle River near Wye, AR",unknown,44.18,2007-09-30,2026-09-27,19,6841
1716,Rend Lake Dam,Illinois,05599490,"BIG MUDDY RIVER AT RTE 127 AT MURPHYSBORO, IL",unknown,44.21,2015-10-24,2026-09-27,11,2697
924,Rathbun Dam,Iowa,05489500,"Des Moines River at Ottumwa, IA",unknown,44.24,2021-04-20,2026-09-28,5,1751
1194,Benbrook Lake,Texas,08090800,"Brazos Rv nr Dennis, TX",unknown,44.25,1986-10-01,1995-09-29,9,3155
1924,Golf Course,Florida,02310545,WEEKI WACHEE RIVER NR WEEKI WACHEE SPRINGS FL,unknown,44.25,2004-03-18,2013-04-07,9,3184
178,Union Valley,California,11445500,SF AMERICAN R NR LOTUS CA,unknown,44.3,1959-12-23,1995-07-23,36,11971
1863,Buford,Georgia,02336120,"N.F. PEACHTREE CREEK, BUFORD HWY, NEAR ATLANTA, GA",unknown,44.3,2003-06-28,2026-09-27,23,8391
979,Hillsdale Dam,Kansas,06892518,"KANSAS R NR LAKE QUIVIRA, KS",unknown,44.32,2016-07-30,2026-09-28,10,3512
78,Wasco,Oregon,14139800,"SOUTH FORK BULL RUN RIVER NEAR BULL RUN, OR",unknown,44.33,1978-10-06,2026-09-28,48,17284
111,Howard Prairie,Oregon,420853121505500,"KLAMATH RIVER AT MILLER ISLAND BOAT RAMP, OR",unknown,44.33,1999-02-06,2026-09-17,27,9348
111,Howard Prairie,Oregon,420853121505501,KLAMATH RIVER AT MILLER ISLAND BOAT RAMP-BOTTOM,unknown,44.33,2003-05-01,2026-09-17,23,8361
1862,Allatoona Lake Dam and Powerhouse,Georgia,02337000,"SWEETWATER CREEK NEAR AUSTELL, GA",unknown,44.36,2014-09-12,2024-05-01,10,2284
1305,Medina Lake Dam,Texas,293559098284801,AY-68-29-112 (Donella),unknown,44.41,2018-12-22,2026-09-27,8,2766
108,Four Mile Lake Dam,Oregon,14337600,"ROGUE RIVER NEAR MCLEOD, OR",unknown,44.42,1970-08-12,2026-09-28,56,19926
1051,Newt Graham Lock and Dam,Oklahoma,07177500,"Bird Creek near Sperry, OK",unknown,44.43,1999-09-30,2023-09-30,24,8612
1201,Lake J.B. Thomas Dam,Texas,08123800,"Beals Ck nr Westbrook, TX",unknown,44.43,1980-10-01,2011-10-14,31,8247
1170,Lavon Dam,Texas,08052745,"Doe Br at US Hwy 380 nr Prosper, TX",unknown,44.44,2010-04-05,2025-03-11,15,5075
184,Lower Bear,California,10336770,"TROUT CK AT USFS RD 12N01 NR MEYERS, CA",unknown,44.46,1997-10-01,2003-09-29,6,1930
394,Anderson Ranch,Idaho,13154500,SNAKE RIVER AT KING HILL ID,unknown,44.49,1993-06-24,2026-09-28,33,8605
78,Wasco,Oregon,14138900,"NORTH FORK BULL RUN RIVER NEAR MULTNOMAH FALLS, OR",unknown,44.51,1978-10-04,2026-09-28,48,17211
99,Cottage Grove,Oregon,14147500,"N FK OF M FK WILLAMETTE R NR OAKRIDGE, OR",unknown,44.51,2010-05-27,2026-09-28,16,5939
1232,Oak Creek Dam,Texas,08127000,"Elm Ck at Ballinger, TX",unknown,44.53,2001-02-09,2011-10-18,10,2424
554,Cherry Valley,California,11294500,NF STANISLAUS R NR AVERY CA,unknown,44.55,1990-06-14,1998-09-30,8,2858
1924,Golf Course,Florida,285531082412600,CRYSTAL RV AT MOUTH NR SHELL ISL NR CRYSTAL RV FL,unknown,44.55,2006-10-06,2026-09-27,20,7217
174,Lower Hell Hole,California,10336700,"INCLINE CK NR CRYSTAL BAY, NV",unknown,44.57,2019-09-30,2024-09-30,5,1545
1841,Carters Main Dam,Georgia,02392000,"ETOWAH RIVER AT CANTON, GA",unknown,44.59,2014-05-09,2023-08-15,9,2941
165,Donner Lake,California,10348000,"TRUCKEE RV AT RENO, NV",unknown,44.61,1989-08-26,1998-09-29,9,2744
174,Lower Hell Hole,California,10336770,"TROUT CK AT USFS RD 12N01 NR MEYERS, CA",unknown,44.63,1997-10-01,2003-09-29,6,1930
740,Lower Red Lake Dam,Minnesota,473425095052602,604B      Bemidji Toxics Research Site  0000273836,unknown,44.63,2012-09-07,2026-09-27,14,5100
740,Lower Red Lake Dam,Minnesota,473426095052305,533E      Bemidji Toxics Research Site,unknown,44.63,2019-10-19,2026-06-06,7,2372
740,Lower Red Lake Dam,Minnesota,473426095052401,9015      Bemidji Toxics Research Site,unknown,44.63,2013-10-24,2026-09-27,13,4611
85,Foster,Oregon,14164700,"CEDAR CREEK AT SPRINGFIELD, OR",unknown,44.64,2017-07-11,2026-09-28,9,3346
740,Lower Red Lake Dam,Minnesota,473425095052302,419C      Bemidji Toxics Research Site,unknown,44.65,2014-05-24,2026-09-27,12,4448
740,Lower Red Lake Dam,Minnesota,473423095053301,WLN04     Bemidji Toxics Research 310D  0000273825,unknown,44.66,2007-03-21,2026-09-27,19,6990
174,Lower Hell Hole,California,10336580,UPPER TRUCKEE RV AT S UPPER TRUCKEE RD NR MEYERS,unknown,44.67,1997-10-01,2003-09-29,6,2014
1863,Buford,Georgia,02335880,"CHATT R AT POWERS FY AND I-285 NR ATLANTA, GA",unknown,44.67,2016-05-06,2026-09-27,10,3781
1879,North Santee Dam,South Carolina,02172020,"W BRANCH COOPER R AT PIMLICO NR MONCKS CORNER, SC",unknown,44.68,1975-10-01,2026-09-27,51,14314
1718,Taylorsville Lake Dam,Kentucky,03292480,"LITTLE GOOSE CREEK NEAR HARRODS CREEK, KY",unknown,44.69,2007-09-30,2026-09-27,19,4686
1869,Grenada Dam,Mississippi,333904090123801,083E0105  LEFLORE (Money),unknown,44.72,2014-08-07,2025-07-28,11,2807
1869,Grenada Dam,Mississippi,07281600,"TALLAHATCHIE RIVER AT MONEY, MS",unknown,44.75,2009-09-03,2025-07-28,16,3542
213,Del Valle,California,11162765,SF BAY A SAN MATEO BRIDGE NR FOSTER CITY CA,unknown,44.76,1989-10-27,2026-09-27,37,10608
1851,Hartwell Dam,Georgia,02163001,"SALUDA RIVER NEAR WILLIAMSTON, SC",unknown,44.77,1996-09-30,2026-09-27,30,10455
544,New Spicer Meadow,California,10336580,UPPER TRUCKEE RV AT S UPPER TRUCKEE RD NR MEYERS,unknown,44.8,1997-10-01,2003-09-29,6,2014
1194,Benbrook Lake,Texas,08049500,"W Fk Trinity Rv at Grand Prairie, TX",unknown,44.85,1976-10-01,2025-03-11,49,15743
2180,Wachusett Reservoir Dam,Massachusetts,422302071083801,"FRESH POND IN GATE HOUSE AT CAMBRIDGE, MA",unknown,44.87,2005-09-30,2026-09-27,21,7615
114,Emigrant,Oregon,14366000,"APPLEGATE RIVER NEAR APPLEGATE, OR",unknown,44.9,1973-08-14,2026-09-28,53,18651
517,Ruedi,Colorado,07079300,"EF ARKANSAS R AT US HIGHWAY 24, NR LEADVILLE, CO.",unknown,44.9,1990-05-12,1996-09-29,6,2192
1862,Allatoona Lake Dam and Powerhouse,Georgia,02336410,"NANCY CREEK AT WEST WESLEY ROAD, AT ATLANTA, GA",unknown,44.95,1994-08-23,2026-09-27,32,9437
116,Applegate Dam,Oregon,14361500,"ROGUE RIVER AT GRANTS PASS, OR",unknown,45.03,1973-08-15,2026-09-28,53,11660
114,Emigrant,Oregon,14339000,"ROGUE RIVER AT DODGE BRIDGE, NEAR EAGLE POINT, OR",unknown,45.04,1973-08-13,2026-09-28,53,18529
162,Lake Spaulding,California,10339400,MARTIS C NR TRUCKEE CA,unknown,45.11,1973-06-29,2010-09-30,37,12799
1294,Mansfield Dam,Texas,08170990,"Jacobs Well Spg nr Wimberley, TX",unknown,45.17,2009-06-11,2026-09-27,17,6162
1756,Wolf Creek,Kentucky,03306000,"GREEN RIVER NEAR CAMPBELLSVILLE, KY",unknown,45.19,1987-05-05,2026-09-27,39,8905
59,Lake Tapps Dike 2-B,Washington,12115000,"CEDAR RIVER NEAR CEDAR FALLS, WA",unknown,45.2,1997-09-30,2026-09-27,29,9959
108,Four Mile Lake Dam,Oregon,11507500,"LINK RIVER AT KLAMATH FALLS, OR",unknown,45.2,2003-09-30,2026-09-28,23,8328
1713,Yatesville Dam,Kentucky,03216070,"OHIO RIVER AT IRONTON, OH",unknown,45.22,2015-09-03,2026-09-27,11,3940
1890,Pinopolis West Dam,South Carolina,021720869,"ASHLEY RIVER NEAR NORTH CHARLESTON, SC",unknown,45.23,2004-03-18,2026-09-27,22,7599
1286,North San Gabriel Dam,Texas,08155500,"Barton Spgs at Austin, TX",unknown,45.31,2003-06-20,2026-09-27,23,8360
1300,Lake Houston Dam,Texas,08068400,"Panther Br at Gosling Rd, The Woodlands, TX",unknown,45.31,1999-03-04,2015-10-03,16,6032
1817,Apalachia,North Carolina,0351706800,"CHEOAH RIVER NR BEARPEN GAP NR TAPOCO, NC",unknown,45.36,1999-09-30,2026-09-27,27,9842
100,Hills Creek,Oregon,14316460,"NORTH UMPQUA R AT SODA SPGS, NR TOKETEE FALLS, OR",unknown,45.37,1997-10-29,2026-09-28,29,10329
210,Don Pedro,California,11278300,CHERRY C NR EARLY INTAKE CA,unknown,45.4,2008-05-28,2026-09-27,18,5210
93,Dexter,Oregon,14169000,"LONG TOM RIVER NEAR ALVADORE, OR",unknown,45.43,2001-08-08,2026-09-28,25,8687
1044,Robert S. Kerr Dam,Oklahoma,071912213,"Spavinaw Creek near Colcord, OK",unknown,45.52,2004-11-16,2023-09-30,19,6808
1028,Birch Lake,Oklahoma,07164500,"Arkansas River at Tulsa, OK",unknown,45.55,2005-09-30,2023-09-30,18,6250
2158,Hopkinton Flood Control Dam,New Hampshire,01157000,"ASHUELOT RIVER NEAR GILSUM, NH",unknown,45.55,2015-09-30,2026-09-27,11,3685
347,West Fork Bitterroot,Montana,13307000,SALMON RIVER NR SHOUP ID,unknown,45.57,2016-03-03,2026-09-28,10,3768
1718,Taylorsville Lake Dam,Kentucky,03293500,"M FK BEARGRASS CR AT LEXINGTON RD AT LOUISVILLE,KY",unknown,45.58,2007-09-30,2026-09-27,19,4652
1742,John W. Flannagan Dam,Virginia,03524740,"CLINCH RIVER AT ROUTE 65 AT DUNGANNON, VA",unknown,45.6,2009-03-28,2026-09-28,17,6355
1816,Thorpe,North Carolina,03456991,"PIGEON RIVER NEAR CANTON, NC",unknown,45.6,2012-08-01,2026-09-28,14,5159
57,Kachess,Washington,12116100,"CANYON CREEK NEAR CEDAR FALLS, WA",unknown,45.61,2018-09-28,2026-09-27,8,2888
384,Jackson Lake,Wyoming,13016450,"FISH CREEK AT WILSON, WY",unknown,45.63,2010-04-29,2026-09-28,16,5828
1827,Winthrop University Dam,South Carolina,02124692,"GOOSE CR AT FAIRVIEW, NC",unknown,45.65,1999-11-09,2009-10-01,10,3495
1836,Keowee,South Carolina,02163001,"SALUDA RIVER NEAR WILLIAMSTON, SC",unknown,45.67,1996-09-30,2026-09-27,30,10455
374,Island Park,Idaho,06036805,"Firehole River at Old Faithful, YNP",unknown,45.68,2006-10-01,2026-09-27,20,7251
1294,Mansfield Dam,Texas,295858097521801,LR-67-02-104 (Kyle No. 2),unknown,45.73,2000-06-02,2014-01-12,14,3428
92,Fall Creek,Oregon,14159500,"SOUTH FORK MCKENZIE RIVER NEAR RAINBOW, OR",unknown,45.75,1955-07-15,2026-09-28,71,24435
1139,Lake Arrowhead Dam,Texas,07312130,"Wichita Rv at SH 25 nr Kamay, TX",unknown,45.79,1997-09-30,2002-09-29,5,1764
1809,Mountain Island,North Carolina,02124692,"GOOSE CR AT FAIRVIEW, NC",unknown,45.81,1999-11-09,2009-10-01,10,3495
85,Foster,Oregon,14159500,"SOUTH FORK MCKENZIE RIVER NEAR RAINBOW, OR",unknown,45.82,1955-07-15,2026-09-28,71,24435
132,Shasta,California,11525854,TRINITY R A DOUGLAS CITY CA,unknown,45.85,2019-10-01,2026-09-28,7,2400
1718,Taylorsville Lake Dam,Kentucky,03293530,"MUDDY FK AT MOCKINGBIRD VALLEY RD AT LOUISVILLE,KY",unknown,45.86,2007-10-01,2026-09-27,19,4755
88,Blue River Dam,Oregon,14164550,"CAMP CRK AT CAMP CRK RD BRIDGE, NR SPRINGFIELD, OR",unknown,45.87,2017-07-12,2026-09-28,9,3318
1249,Hords Creek Dam,Texas,08126380,"Colorado Rv nr Ballinger, TX",unknown,45.88,2001-02-09,2026-09-27,25,8581
100,Hills Creek,Oregon,14316495,"BOULDER CREEK NEAR TOKETEE FALLS, OR",unknown,45.89,1999-02-10,2024-10-21,25,6647
1862,Allatoona Lake Dam and Powerhouse,Georgia,02336360,"NANCY CREEK AT RICKENBACKER DRIVE, AT ATLANTA, GA",unknown,45.9,2003-05-24,2026-09-27,23,8451
542,Morrow Point,Colorado,383926107593001,LOUTSENHIZER ARROYO AT HWY 50 NEAR OLATHE CO,unknown,45.92,2017-10-25,2026-09-27,9,3253
1028,Birch Lake,Oklahoma,07178200,"Bird Ck at State Highway 266 near Catoosa, OK",unknown,45.92,2000-09-30,2023-09-30,23,7798
317,Pishkun Dike 1,Montana,06085800,Sun River at Simms MT,unknown,45.93,2006-07-07,2026-09-27,20,6216
364,Hebgen Dam,Montana,06036905,Firehole River near West Yellowstone MT,unknown,45.95,2002-10-01,2026-09-27,24,8747
384,Jackson Lake,Wyoming,13018300,"CACHE CREEK NEAR JACKSON, WY",unknown,45.98,2012-05-03,2026-09-27,14,5213
995,Lake Meredith,Colorado,07124000,"ARKANSAS RIVER AT LAS ANIMAS, CO.",unknown,45.99,1987-10-01,2026-09-28,39,13794
545,Donnells,California,11276500,TUOLUMNE R NR HETCH HETCHY CA,unknown,46.0,1971-10-01,2022-10-25,51,12421
1862,Allatoona Lake Dam and Powerhouse,Georgia,02336340,"NANCY CREEK AT JOHNSON FERRY RD, AT CHAMBLEE, GA",unknown,46.0,2012-12-06,2026-09-27,14,5032
919,Branched Oak Dam,Nebraska,410536096194801,"Mid-East Chute of Platte R nr Camp Ashland, Nebr.",unknown,46.01,2016-09-09,2022-10-02,6,1798
78,Wasco,Oregon,14141500,"LITTLE SANDY RIVER NEAR BULL RUN, OR",unknown,46.08,2006-05-26,2026-09-28,20,7383
1033,Beaver,Arkansas,07048550,"West Fork White River east of Fayetteville, AR",unknown,46.08,2014-10-11,2026-09-27,12,4139
1120,Waurika Lake,Oklahoma,07308500,"Red Rv nr Burkburnett, TX",unknown,46.08,1994-10-05,2011-09-21,17,5219
1828,Chatuge,North Carolina,02181350,"TALLULAH R AT TERRORA PWRHSE, NR TALLULAH FALLS,GA",unknown,46.09,2014-11-24,2026-09-27,12,3985
56,Howard A. Hanson Dam,Washington,12148000,"SOUTH FORK TOLT RIVER NEAR CARNATION, WA",unknown,46.1,1994-10-01,2026-09-27,32,11591
1585,Beltzville Dam,Pennsylvania,01455290,Pohatcong Crk at Creek Rd nr Carpentersville NJ,unknown,46.13,2019-04-04,2026-09-27,7,2730
1615,Blue Marsh Dam,Pennsylvania,403447075331801,"LE  SP15 Schantz Spring near Wescosville, PA",unknown,46.13,2020-02-13,2026-09-27,6,2419
111,Howard Prairie,Oregon,420451121510000,"KLAMATH STRAITS DRAIN NEAR HIGHWAY 97, OR",unknown,46.14,1989-12-29,2026-09-24,37,11703
2188,Littleville Dam,Massachusetts,01168250,"COLD RIVER AT FLORIDA, MA",unknown,46.16,2015-07-23,2026-06-30,11,3726
1302,Canyon Lake,Texas,293516098325501,AY-68-28-211 (Shavano Park at Fawn Drive),unknown,46.17,2014-03-01,2026-09-27,12,4400
186,Salt Springs,California,10336770,"TROUT CK AT USFS RD 12N01 NR MEYERS, CA",unknown,46.19,1997-10-01,2003-09-29,6,1930
89,Cougar,Oregon,14147500,"N FK OF M FK WILLAMETTE R NR OAKRIDGE, OR",unknown,46.24,2010-05-27,2026-09-28,16,5939
1183,Rockwall Forney Dam,Texas,08049500,"W Fk Trinity Rv at Grand Prairie, TX",unknown,46.26,1976-10-01,2025-03-11,49,15743
1863,Buford,Georgia,02203950,"SNAPFINGER CREEK NEAR DECATUR, GA",unknown,46.27,2012-03-16,2026-09-27,14,5284
320,Willow Creek,Montana,06073500,Dearborn River near Craig MT,unknown,46.29,1993-11-03,2026-09-27,33,7934
201,Alpine,California,11455780,SUISUN BAY A BENICIA BRIDGE NR BENICIA CA,unknown,46.33,1997-12-19,2016-09-29,19,5039
1812,Bear Creek,North Carolina,03446000,"MILLS RIVER NEAR MILLS RIVER, NC",unknown,46.33,2012-08-04,2026-09-27,14,5166
1718,Taylorsville Lake Dam,Kentucky,03292555,"S FK BEARGRASS CK AT E BRECKINRIDGE ST AT LSVL, KY",unknown,46.35,2016-07-11,2022-12-18,6,2085
1718,Taylorsville Lake Dam,Kentucky,03293532,"BEARGRASS CREEK AT BROWNSBORO RD NR LOUISVILLE, KY",unknown,46.37,2021-08-25,2026-09-27,5,1772
1896,West Point,Georgia,02338523,"HILLABAHATCHEE CREEK AT THAXTON RD, NR FRANKLIN,GA",unknown,46.38,2014-10-01,2026-09-27,12,4276
97,Dorena,Oregon,14169000,"LONG TOM RIVER NEAR ALVADORE, OR",unknown,46.46,2001-08-08,2026-09-28,25,8687
100,Hills Creek,Oregon,14162500,"MCKENZIE RIVER NEAR VIDA, OR",unknown,46.46,1961-06-09,2026-09-28,65,17951
1862,Allatoona Lake Dam and Powerhouse,Georgia,02336313,"WOODALL CREEK AT DEFOORS FERRY RD, AT ATLANTA, GA",unknown,46.48,2004-12-22,2026-09-27,22,7847
575,Vallecito,Colorado,09363500,"ANIMAS RIVER NEAR CEDAR HILL, NM",unknown,46.49,2016-03-08,2024-10-09,8,2770
1718,Taylorsville Lake Dam,Kentucky,03292470,"HARRODS CREEK AT HIGHWAY 329 NR GOSHEN, KY.",unknown,46.5,2008-09-30,2025-11-19,17,4605
623,Blue Ridge,Arizona,09505800,"WEST CLEAR CREEK NEAR CAMP VERDE, AZ",unknown,46.52,2012-03-08,2026-09-27,14,4632
56,Howard A. Hanson Dam,Washington,12148500,"TOLT RIVER NEAR CARNATION, WA",unknown,46.6,2016-10-01,2026-09-27,10,3639
1768,Old Hickory Dam,Tennessee,0343233905,"HARPETH RIVER AT MILE 90.5 NEAR FRANKLIN, TN",unknown,46.62,2015-09-17,2026-09-27,11,3988
57,Kachess,Washington,12116400,"CEDAR RIVER AT POWERPLANT AT CEDAR FALLS, WA",unknown,46.63,2018-10-13,2026-09-27,8,2903
980,Pomona Dam,Kansas,06889000,"KANSAS R AT TOPEKA, KS",unknown,46.64,1999-07-18,2005-09-29,6,1937
100,Hills Creek,Oregon,14155500,"ROW RIVER NEAR COTTAGE GROVE, OR",unknown,46.72,2001-08-01,2026-09-28,25,9174
1883,Wallace,Georgia,02223056,"OCONEE RIVER AT AVANT MINE, NEAR OCONEE, GA",unknown,46.73,2013-11-08,2020-10-14,7,1783
193,New Hogan Dam,California,11294500,NF STANISLAUS R NR AVERY CA,unknown,46.74,1990-06-14,1998-09-30,8,2858
574,Lemon,Colorado,09359010,"MINERAL CREEK AT SILVERTON, CO",unknown,46.74,2016-09-14,2023-11-15,7,1643
555,Lake Eleanor,California,11294500,NF STANISLAUS R NR AVERY CA,unknown,46.75,1990-06-14,1998-09-30,8,2858
85,Foster,Oregon,14189050,"SANTIAM RIVER NEAR JEFFERSON, OR",unknown,46.76,2001-05-25,2026-09-28,25,9158
1585,Beltzville Dam,Pennsylvania,01446500,Delaware River at Belvidere NJ,unknown,46.78,2019-03-14,2024-04-08,5,1822
1852,Wateree,South Carolina,02162035,"BROAD RIVER NEAR COLUMBIA, SC",unknown,46.78,2011-07-02,2026-09-27,15,5502
1863,Buford,Georgia,02336240,"S.F. PEACHTREE CREEK JOHNSON RD, NEAR ATLANTA, GA",unknown,46.85,2003-06-07,2026-09-27,23,8351
55,Keechelus,Washington,12147600,"SOUTH FORK TOLT RIVER NEAR INDEX, WA",unknown,46.86,1994-10-28,2026-09-27,32,11071
549,Silver Jack,Colorado,09358550,"CEMENT CREEK AT SILVERTON, CO",unknown,46.91,2016-04-06,2023-11-14,7,1828
55,Keechelus,Washington,12117500,"CEDAR RIVER NEAR LANDSBURG, WA",unknown,46.93,2018-09-05,2026-09-27,8,2933
1718,Taylorsville Lake Dam,Kentucky,03293510,"BEARGRASS CREEK AT RIVER ROAD AT LOUISVILLE, KY",unknown,46.93,2013-09-30,2026-09-27,13,4382
605,Terminus Dam,California,11204100,SF TULE R NR RESERVATION BNDRY NR PORTERVILLE CA,unknown,46.96,2006-01-26,2026-09-28,20,7111
1683,William H. Harsha Lake Dam,Ohio,03260100,"ELIJAHS CREEK @ ELIJAHS CREEK RD NR HEBRON, KY",unknown,46.97,2001-03-07,2014-09-29,13,3558
1092,Nimrod,Arkansas,07362693,"Middle Fork Saline River near Owensville, AR",unknown,47.07,2003-10-30,2009-03-03,6,1888
185,Monticello,California,11458370,NAPA R A MARE ISLAND CAUSEWAY NR VALLEJO CA,unknown,47.1,1998-10-01,2005-10-10,7,2308
1092,Nimrod,Arkansas,072632966,"Lake Maumelle at State Hwy 10 near Wye, AR",unknown,47.1,2008-02-14,2026-07-14,18,6156
94,Lookout Point,Oregon,14159500,"SOUTH FORK MCKENZIE RIVER NEAR RAINBOW, OR",unknown,47.12,1955-07-15,2026-09-28,71,24435
1862,Allatoona Lake Dam and Powerhouse,Georgia,02335405,"CHATTAHOOCHEE R 0.47 MI DS GA140, ALPHARETTA, GA",unknown,47.12,2018-04-30,2026-09-27,8,3039
612,Isabella Dam,California,11203580,SF TULE R NR CHOLOLLO CAMPGROUND NR PORTERVILLE CA,unknown,47.13,2006-01-25,2026-09-27,20,7276
965,Tuttle Creek Dam,Kansas,06856600,"REPUBLICAN R AT CLAY CENTER, KS",unknown,47.13,2018-07-24,2026-09-28,8,2725
1585,Beltzville Dam,Pennsylvania,01457500,Delaware River at Riegelsville NJ,unknown,47.2,2019-04-10,2026-09-27,7,2686
1615,Blue Marsh Dam,Pennsylvania,015765195,"Big Spring Run near Mylin Corners, PA",unknown,47.2,2012-11-15,2026-09-27,14,5024
2158,Hopkinton Flood Control Dam,New Hampshire,01073319,"LAMPREY RIVER AT LANGFORD ROAD, AT RAYMOND, NH",unknown,47.2,2008-07-04,2023-09-30,15,4235
964,Smithville Dam,Missouri,06818000,"Missouri River at St. Joseph, MO",unknown,47.22,2006-03-01,2026-09-27,20,7053
1862,Allatoona Lake Dam and Powerhouse,Georgia,02335400,"CHATTAHOOCHEE R 0.39 MI DS GA140, ALPHARETTA, GA",unknown,47.23,2018-04-28,2026-09-28,8,3069
2186,Quabbin Winsor Dam,Massachusetts,01095220,"STILLWATER RIVER NEAR STERLING, MA",unknown,47.24,1998-04-15,2026-09-27,28,10338
2186,Quabbin Winsor Dam,Massachusetts,01095434,"GATES BROOK NEAR WEST BOYLSTON, MA",unknown,47.29,2012-05-09,2026-09-27,14,4985
57,Kachess,Washington,12116500,"CEDAR RIVER AT CEDAR FALLS, WA",unknown,47.3,1999-03-18,2026-09-27,27,9827
1862,Allatoona Lake Dam and Powerhouse,Georgia,02336526,"PROCTOR CREEK AT JACKSON PARKWAY, AT ATLANTA, GA",unknown,47.3,2003-04-11,2026-09-27,23,8376
108,Four Mile Lake Dam,Oregon,420853121505500,"KLAMATH RIVER AT MILLER ISLAND BOAT RAMP, OR",unknown,47.31,1999-02-06,2026-09-17,27,9348
108,Four Mile Lake Dam,Oregon,420853121505501,KLAMATH RIVER AT MILLER ISLAND BOAT RAMP-BOTTOM,unknown,47.31,2003-05-01,2026-09-17,23,8361
1763,South Holston,Tennessee,03524000,"CLINCH RIVER AT CLEVELAND, VA",unknown,47.31,2007-03-14,2026-09-28,19,7032
1295,Conroe Dam,Texas,08069500,"W Fk San Jacinto Rv nr Humble, TX",unknown,47.34,2010-05-19,2024-11-13,14,5233
140,Bucks Storage,California,11390000,BUTTE C NR CHICO CA,unknown,47.35,1961-11-01,2026-09-28,65,16110
172,L.L. Anderson,California,10336700,"INCLINE CK NR CRYSTAL BAY, NV",unknown,47.36,2019-09-30,2024-09-30,5,1545
548,Relief,California,11278300,CHERRY C NR EARLY INTAKE CA,unknown,47.36,2008-05-28,2026-09-27,18,5210
384,Jackson Lake,Wyoming,432730110474601,40-116-06adc01 Streambank well at station 13018350,unknown,47.37,2009-10-21,2017-10-01,8,2901
529,Antero,Colorado,07079300,"EF ARKANSAS R AT US HIGHWAY 24, NR LEADVILLE, CO.",unknown,47.4,1990-05-12,1996-09-29,6,2192
1836,Keowee,South Carolina,02181350,"TALLULAH R AT TERRORA PWRHSE, NR TALLULAH FALLS,GA",unknown,47.42,2014-11-24,2026-09-27,12,3985
174,Lower Hell Hole,California,10345490,GRAY C NR FLORISTON CA,unknown,47.43,2001-12-07,2007-03-14,6,1807
111,Howard Prairie,Oregon,421401121480900,LINK RIVER DAM,unknown,47.45,2001-06-16,2026-09-24,25,9050
1036,Bull Shoals,Arkansas,07060500,"White River at Calico Rock, AR",unknown,47.45,1991-05-15,2026-09-27,35,11414
85,Foster,Oregon,14181500,"NORTH SANTIAM RIVER AT NIAGARA, OR",unknown,47.49,1953-01-12,2026-09-28,73,25080
1615,Blue Marsh Dam,Pennsylvania,01480500,"West Branch Brandywine Creek at Coatesville, PA",unknown,47.5,1995-01-05,2026-09-27,31,11447
1150,Millers Creek Dam,Texas,07311800,"S Wichita Rv nr Benjamin, TX",unknown,47.52,1997-09-30,2024-11-19,27,6132
204,Tulloch,California,11303000,STANISLAUS R A RIPON CA,unknown,47.58,1985-07-01,2023-04-05,38,11477
172,L.L. Anderson,California,10345490,GRAY C NR FLORISTON CA,unknown,47.6,2001-12-07,2007-03-14,6,1807
108,Four Mile Lake Dam,Oregon,14338000,"ELK CREEK NEAR TRAIL, OR",unknown,47.64,1973-06-01,2026-09-28,53,18787
374,Island Park,Idaho,06036905,Firehole River near West Yellowstone MT,unknown,47.65,2002-10-01,2026-09-27,24,8747
574,Lemon,Colorado,09358000,"ANIMAS RIVER AT SILVERTON, CO.",unknown,47.65,2016-09-15,2023-11-15,7,1671
1300,Lake Houston Dam,Texas,08068000,"W Fk San Jacinto Rv nr Conroe, TX",unknown,47.67,2014-02-06,2024-12-15,10,3921
163,Martis Creek Dam,California,10336779,"COLD CK AT MOUTH, CA",unknown,47.68,1997-09-30,2003-09-29,6,2062
184,Lower Bear,California,10336775,"TROUT CK AT PIONEER TRAIL NR SOUTH LAKE TAHOE, CA",unknown,47.68,1997-10-01,2003-09-29,6,1803
153,Independence,California,10348200,"TRUCKEE RV NR SPARKS, NV",unknown,47.71,1980-02-05,2026-09-28,46,11962
176,Loon Lake,California,10345490,GRAY C NR FLORISTON CA,unknown,47.74,2001-12-07,2007-03-14,6,1807
549,Silver Jack,Colorado,09358000,"ANIMAS RIVER AT SILVERTON, CO.",unknown,47.75,2016-09-15,2023-11-15,7,1671
89,Cougar,Oregon,14187200,"SOUTH SANTIAM RIVER NEAR FOSTER, OR",unknown,47.84,1973-07-19,2026-09-28,53,16891
108,Four Mile Lake Dam,Oregon,421209121463000,"KLAMATH RIVER AT RAILROAD BRIDGE, OR",unknown,47.84,2003-06-05,2010-11-30,7,2093
108,Four Mile Lake Dam,Oregon,421209121463001,KLAMATH RIVER AT RAILROAD BRIDGE - BOTTOM,unknown,47.84,2003-05-22,2010-11-30,7,2043
92,Fall Creek,Oregon,14169000,"LONG TOM RIVER NEAR ALVADORE, OR",unknown,47.85,2001-08-08,2026-09-28,25,8687
1768,Old Hickory Dam,Tennessee,03428200,"WEST FORK STONES RIVER AT MURFREESBORO, TN",unknown,47.9,1986-02-06,2013-09-29,27,9801
88,Blue River Dam,Oregon,14150000,"MIDDLE FORK WILLAMETTE RIVER NEAR DEXTER, OR",unknown,47.93,1955-08-24,2026-09-28,71,23689
113,Hyatt Dam,Oregon,420615121533600,"KLAMATH RIVER AT SITE 12A, NR ROCK QUARRY, OR",unknown,47.95,2005-04-28,2010-11-29,5,1735
113,Hyatt Dam,Oregon,420615121533601,"KLAMATH RIVER AT SITE 12A, NR ROCK QUARRY-BOTTOM",unknown,47.95,2005-06-22,2010-11-29,5,1632
509,Dillon,Colorado,07081200,"ARKANSAS RIVER NEAR LEADVILLE, CO",unknown,47.97,1990-05-12,1996-09-29,6,2307
1862,Allatoona Lake Dam and Powerhouse,Georgia,02335350,"CROOKED CREEK NEAR NORCROSS, GA",unknown,47.98,2001-03-24,2026-09-27,25,9248
1879,North Santee Dam,South Carolina,02172040,"BACK RIVER AT DUPONT INTAKE NR KITTREDGE, SC",unknown,47.98,1986-10-01,2026-09-27,40,13957
165,Donner Lake,California,10348200,"TRUCKEE RV NR SPARKS, NV",unknown,48.0,1980-02-05,2026-09-28,46,11962
1763,South Holston,Tennessee,03524740,"CLINCH RIVER AT ROUTE 65 AT DUNGANNON, VA",unknown,48.0,2009-03-28,2026-09-28,17,6355
78,Wasco,Oregon,14140000,"BULL RUN RIVER NEAR BULL RUN (RIVER ONLY), OR",unknown,48.03,2000-12-19,2006-09-30,6,2112
1606,Atwood Dam,Ohio,03086500,Mahoning River at Alliance OH,unknown,48.04,2010-11-20,2026-09-27,16,5753
1804,Cowans Ford,North Carolina,0214196125,"CATAWBA RIVER AT NC HIGHWAY 16 NR MILLERSVILLE, NC",unknown,48.04,2017-04-01,2026-09-27,9,2308
1790,Lookout Shoals,North Carolina,0214267602,"CATAWBA RIVER DNSTRM DECK MTN IS DAM NR MTN IS, NC",unknown,48.06,2015-05-30,2026-09-27,11,2806
575,Vallecito,Colorado,09359010,"MINERAL CREEK AT SILVERTON, CO",unknown,48.07,2016-09-14,2023-11-15,7,1643
111,Howard Prairie,Oregon,11507500,"LINK RIVER AT KLAMATH FALLS, OR",unknown,48.11,2003-09-30,2026-09-28,23,8328
1212,South Prong Dam,Texas,08057000,"Trinity Rv at Dallas, TX",unknown,48.14,2014-10-31,2025-03-11,11,2763
1164,Lewisville Dam,Texas,08048000,"W Fk Trinity Rv at Ft Worth, TX",unknown,48.23,2010-09-21,2025-03-11,15,4938
1170,Lavon Dam,Texas,08052700,"Little Elm Ck nr Aubrey, TX",unknown,48.23,2010-04-05,2025-03-11,15,4910
80,Detroit,Oregon,14209700,"FISH CREEK NEAR THREE LYNX, OR",unknown,48.26,2021-06-09,2026-09-27,5,1735
1656,Brookville Lake Dam,Indiana,03260100,"ELIJAHS CREEK @ ELIJAHS CREEK RD NR HEBRON, KY",unknown,48.26,2001-03-07,2014-09-29,13,3558
1828,Chatuge,North Carolina,0351706800,"CHEOAH RIVER NR BEARPEN GAP NR TAPOCO, NC",unknown,48.27,1999-09-30,2026-09-27,27,9842
544,New Spicer Meadow,California,11278000,ELEANOR C NR HETCH HETCHY CA,unknown,48.28,2006-04-26,2024-04-16,18,5500
1862,Allatoona Lake Dam and Powerhouse,Georgia,02336300,"PEACHTREE CREEK AT ATLANTA, GA",unknown,48.29,2003-04-17,2026-09-27,23,8163
56,Howard A. Hanson Dam,Washington,12147500,"NORTH FORK TOLT RIVER NEAR CARNATION, WA",unknown,48.36,1995-02-23,2026-09-27,31,10812
172,L.L. Anderson,California,10336779,"COLD CK AT MOUTH, CA",unknown,48.41,1997-09-30,2003-09-29,6,2062
654,Vail,California,11046050,SANTA MARGARITA R A MOUTH NR OCEANSIDE CA,unknown,48.44,1993-10-29,2010-10-20,17,5760
1827,Winthrop University Dam,South Carolina,02147310,"CATAWBA RIVER AT GREAT FALLS, SC",unknown,48.45,2016-06-17,2026-09-27,10,2614
88,Blue River Dam,Oregon,14147500,"N FK OF M FK WILLAMETTE R NR OAKRIDGE, OR",unknown,48.47,2010-05-27,2026-09-28,16,5939
184,Lower Bear,California,10336779,"COLD CK AT MOUTH, CA",unknown,48.49,1997-09-30,2003-09-29,6,2062
203,Farmington Dam,California,11274570,SAN JOAQUIN R A PATTERSON BR NR PATTERSON CA,unknown,48.51,1985-08-21,1995-09-30,10,3372
1834,Blue Ridge,Georgia,02385800,"HOLLY CREEK NEAR CHATSWORTH, GA",unknown,48.51,2005-01-12,2022-08-30,17,3848
529,Antero,Colorado,07081200,"ARKANSAS RIVER NEAR LEADVILLE, CO",unknown,48.55,1990-05-12,1996-09-29,6,2307
1295,Conroe Dam,Texas,08070200,"E Fk San Jacinto Rv nr New Caney, TX",unknown,48.56,1995-10-01,2024-11-21,29,8407
1656,Brookville Lake Dam,Indiana,03262001,"WOOLPER CREEK AT WOOLPER ROAD NEAR BURLINGTON, KY",unknown,48.57,2000-12-02,2014-09-29,14,4846
1842,Fishing Creek,South Carolina,02156500,"BROAD RIVER NEAR CARLISLE, SC",unknown,48.57,1983-12-08,2026-09-27,43,15083
545,Donnells,California,11278300,CHERRY C NR EARLY INTAKE CA,unknown,48.59,2008-05-28,2026-09-27,18,5210
1177,Eagle Mountain Dam,Texas,08049500,"W Fk Trinity Rv at Grand Prairie, TX",unknown,48.59,1976-10-01,2025-03-11,49,15743
89,Cougar,Oregon,14185900,"QUARTZVILLE CREEK NEAR CASCADIA, OR",unknown,48.6,1963-08-16,2026-09-28,63,13947
574,Lemon,Colorado,09358550,"CEMENT CREEK AT SILVERTON, CO",unknown,48.61,2016-04-06,2023-11-14,7,1828
163,Martis Creek Dam,California,10336775,"TROUT CK AT PIONEER TRAIL NR SOUTH LAKE TAHOE, CA",unknown,48.63,1997-10-01,2003-09-29,6,1803
93,Dexter,Oregon,14166000,"WILLAMETTE RIVER AT HARRISBURG, OR",unknown,48.64,1961-06-20,2026-09-28,65,17982
1788,Tellico,Tennessee,0351706800,"CHEOAH RIVER NR BEARPEN GAP NR TAPOCO, NC",unknown,48.64,1999-09-30,2026-09-27,27,9842
78,Wasco,Oregon,14140020,"BULL RUN R AT LARSON'S BRIDGE, NEAR BULL RUN, OR",unknown,48.65,2006-05-24,2026-09-28,20,7324
311,Dry Falls,Washington,12438000,"COLUMBIA RIVER AT BRIDGEPORT, WA",unknown,48.65,2013-07-24,2026-09-27,13,3301
108,Four Mile Lake Dam,Oregon,420615121533600,"KLAMATH RIVER AT SITE 12A, NR ROCK QUARRY, OR",unknown,48.7,2005-04-28,2010-11-29,5,1735
108,Four Mile Lake Dam,Oregon,420615121533601,"KLAMATH RIVER AT SITE 12A, NR ROCK QUARRY-BOTTOM",unknown,48.7,2005-06-22,2010-11-29,5,1632
580,Crane Val Stor,California,11264500,MERCED R A HAPPY ISLES BRIDGE NR YOSEMITE CA,unknown,48.73,1965-10-01,2022-10-04,57,12525
1133,Farmers Creek Dam,Texas,07316000,"Red River near Gainesville, TX",unknown,48.76,1996-09-30,2009-09-29,13,3044
995,Lake Meredith,Colorado,07128500,"PURGATOIRE RIVER NEAR LAS ANIMAS, CO",unknown,48.77,1989-09-30,1996-09-29,7,2482
102,Crescent Lake,Oregon,14316460,"NORTH UMPQUA R AT SODA SPGS, NR TOKETEE FALLS, OR",unknown,48.78,1997-10-29,2026-09-28,29,10329
2149,Franklin Falls Dam,New Hampshire,01091000,"SOUTH BRANCH PISCATAQUOG RIVER NEAR GOFFSTOWN, NH",unknown,48.78,2012-07-13,2025-09-30,13,4743
575,Vallecito,Colorado,09358000,"ANIMAS RIVER AT SILVERTON, CO.",unknown,48.79,2016-09-15,2023-11-15,7,1671
1879,North Santee Dam,South Carolina,02172050,"COOPER R NR GOOSE CREEK, SC",unknown,48.79,1983-12-08,2026-09-27,43,15244
80,Detroit,Oregon,14187200,"SOUTH SANTIAM RIVER NEAR FOSTER, OR",unknown,48.83,1973-07-19,2026-09-28,53,16891
111,Howard Prairie,Oregon,421015121471800,"LOST RIVER DIVERSION CHANNEL NR KLAMATH RIVER, OR",unknown,48.88,2007-04-05,2026-09-24,19,6678
190,Pardee,California,11294500,NF STANISLAUS R NR AVERY CA,unknown,48.88,1990-06-14,1998-09-30,8,2858
1863,Buford,Georgia,02336300,"PEACHTREE CREEK AT ATLANTA, GA",unknown,48.88,2003-04-17,2026-09-27,23,8163
1718,Taylorsville Lake Dam,Kentucky,03302050,"BRIER CREEK AT PENDELTON ROAD NEAR LOUISVILLE, KY",unknown,48.89,2008-09-30,2026-09-27,18,4773
88,Blue River Dam,Oregon,14164700,"CEDAR CREEK AT SPRINGFIELD, OR",unknown,48.9,2017-07-11,2026-09-28,9,3346
172,L.L. Anderson,California,10336775,"TROUT CK AT PIONEER TRAIL NR SOUTH LAKE TAHOE, CA",unknown,48.9,1997-10-01,2003-09-29,6,1803
548,Relief,California,11294500,NF STANISLAUS R NR AVERY CA,unknown,48.9,1990-06-14,1998-09-30,8,2858
549,Silver Jack,Colorado,09359010,"MINERAL CREEK AT SILVERTON, CO",unknown,48.91,2016-09-14,2023-11-15,7,1643
1862,Allatoona Lake Dam and Powerhouse,Georgia,02397000,"COOSA RIVER MAYOS BAR NEAR ROME, GA",unknown,48.92,1986-02-13,2026-09-27,40,14091
975,Clinton Dam,Kansas,06892518,"KANSAS R NR LAKE QUIVIRA, KS",unknown,48.93,2016-07-30,2026-09-28,10,3512
223,Coyote,California,11173500,CALAVERAS C NR SUNOL CA,unknown,48.94,2008-10-01,2023-07-04,15,5384
282,Hugh Keenleyside,"British Columbia, CAN",12398600,PEND OREILLE RIVER AT INTERNATIONAL BOUNDARY,unknown,48.94,1974-04-04,2026-09-27,52,11453
83,Green Peter,Oregon,14174000,"WILLAMETTE RIVER AT ALBANY, OR",unknown,48.95,2001-08-10,2026-09-28,25,9131
1036,Bull Shoals,Arkansas,07056515,"Bear Creek near Silver Hill, AR",unknown,48.95,1999-02-25,2015-12-08,16,5889
1249,Hords Creek Dam,Texas,08136500,"Concho Rv at Paint Rock, TX",unknown,49.0,2001-02-07,2011-10-25,10,3360
2180,Wachusett Reservoir Dam,Massachusetts,01093852,"SOUHEGAN RIVER (SITE WLR-1) NEAR MILFORD, NH",unknown,49.0,2016-06-17,2023-09-30,7,2653
1177,Eagle Mountain Dam,Texas,08090800,"Brazos Rv nr Dennis, TX",unknown,49.02,1986-10-01,1995-09-29,9,3155
204,Tulloch,California,11294500,NF STANISLAUS R NR AVERY CA,unknown,49.03,1990-06-14,1998-09-30,8,2858
97,Dorena,Oregon,14317600,"ROCK CREEK NEAR GLIDE, OR",unknown,49.08,2021-04-01,2026-09-28,5,1966
1862,Allatoona Lake Dam and Powerhouse,Georgia,02336728,"UTOY CREEK AT GREAT SOUTHWEST PKWY NR ATLANTA, GA",unknown,49.08,1994-09-01,2026-09-27,32,9228
191,Camanche,California,11446700,AMERICAN R A WILLIAM B POND PARK A CARMICHAEL CA,unknown,49.11,2000-10-11,2023-05-02,23,8224
1804,Cowans Ford,North Carolina,02124692,"GOOSE CR AT FAIRVIEW, NC",unknown,49.14,1999-11-09,2009-10-01,10,3495
108,Four Mile Lake Dam,Oregon,421015121471800,"LOST RIVER DIVERSION CHANNEL NR KLAMATH RIVER, OR",unknown,49.17,2007-04-05,2026-09-24,19,6678
191,Camanche,California,11447650,SACRAMENTO R A FREEPORT CA,unknown,49.17,1961-10-01,2023-03-22,62,20986
1186,Ferrells Bridge Dam,Texas,08022040,"Sabine Rv nr Beckville, TX",unknown,49.22,1986-10-01,1998-09-30,12,4277
92,Fall Creek,Oregon,14166000,"WILLAMETTE RIVER AT HARRISBURG, OR",unknown,49.26,1961-06-20,2026-09-28,65,17982
191,Camanche,California,11446500,AMERICAN R A FAIR OAKS CA,unknown,49.26,1959-11-18,2022-12-19,63,14614
1683,William H. Harsha Lake Dam,Ohio,03277075,"GUNPOWDER CR AT CAMP ERNST RD NR UNION, KY",unknown,49.29,2000-12-01,2015-09-30,15,4946
1078,Dardanelle Lock and Dam,Arkansas,07261090,"Cypress Creek nr Birdtown, AR",unknown,49.31,2009-07-08,2016-02-03,7,2384
1863,Buford,Georgia,02336410,"NANCY CREEK AT WEST WESLEY ROAD, AT ATLANTA, GA",unknown,49.31,1994-08-23,2026-09-27,32,9437
166,Lake Valley,California,10345490,GRAY C NR FLORISTON CA,unknown,49.32,2001-12-07,2007-03-14,6,1807
55,Keechelus,Washington,12148000,"SOUTH FORK TOLT RIVER NEAR CARNATION, WA",unknown,49.39,1994-10-01,2026-09-27,32,11591
442,Lost Creek,Utah,10133800,"EAST CANYON CREEK NEAR JEREMY RANCH, UT",unknown,49.4,2001-10-17,2026-09-27,25,9080
1033,Beaver,Arkansas,07048495,"Town Branch at Armstrong St. at Fayetteville, AR",unknown,49.44,2015-06-18,2023-04-24,8,2591
99,Cottage Grove,Oregon,14169000,"LONG TOM RIVER NEAR ALVADORE, OR",unknown,49.45,2001-08-08,2026-09-28,25,8687
1890,Pinopolis West Dam,South Carolina,021720709,"COOPER RIVER AT U.S. HWY 17 AT CHARLESTON, SC",unknown,49.46,1997-04-11,2026-09-28,29,9598
1790,Lookout Shoals,North Carolina,02111000,"YADKIN RIVER AT PATTERSON, NC",unknown,49.47,2012-11-07,2026-09-27,14,5017
89,Cougar,Oregon,14070620,"PROWELL SPRINGS DIVERSION POOL, NEAR BEND, OR",unknown,49.49,2017-10-10,2026-09-28,9,3240
1833,Nottely,Georgia,02333500,"CHESTATEE RIVER NEAR DAHLONEGA, GA",unknown,49.5,2011-10-01,2020-10-27,9,3031
100,Hills Creek,Oregon,14159500,"SOUTH FORK MCKENZIE RIVER NEAR RAINBOW, OR",unknown,49.51,1955-07-15,2026-09-28,71,24435
198,New Melones,California,11278300,CHERRY C NR EARLY INTAKE CA,unknown,49.51,2008-05-28,2026-09-27,18,5210
89,Cougar,Oregon,14070621,"DIVERSION CANAL TO BRIDGE CREEK, NEAR BEND, OR",unknown,49.52,2017-10-10,2026-09-28,9,3132
987,Pueblo,Colorado,07096000,"ARKANSAS RIVER AT CANON CITY, CO.",unknown,49.55,1993-10-23,2026-09-27,33,11713
1092,Nimrod,Arkansas,343057093031301,Arsenic Spring (17) @ HOSP N.P.,unknown,49.57,2000-08-16,2026-09-27,26,7229
108,Four Mile Lake Dam,Oregon,14337800,"ELK CREEK NEAR CASCADE GORGE,OREG.",unknown,49.64,1973-07-19,1998-09-30,25,7917
108,Four Mile Lake Dam,Oregon,14339000,"ROGUE RIVER AT DODGE BRIDGE, NEAR EAGLE POINT, OR",unknown,49.64,1973-08-13,2026-09-28,53,18529
7214,Ridges Basin,Colorado,09355500,"SAN JUAN RIVER NEAR ARCHULETA, NM",unknown,49.64,2014-03-05,2026-09-27,12,4543
1305,Medina Lake Dam,Texas,08180850,"Medina Rv at Applewhite Rd, San Antonio, TX",unknown,49.64,2008-03-19,2018-12-16,10,3902
1848,Sardis Dam,Mississippi,340841090134701,119M0072 QUITMAN (Allen),unknown,49.65,2016-09-29,2025-07-29,9,3161
1092,Nimrod,Arkansas,343054093031201,Spring 49 @ HOSP N.P.,unknown,49.67,2003-09-19,2026-09-27,23,6297
1848,Sardis Dam,Mississippi,07280010,"TALLAHATCHIE RIVER AT ALLEN, MS",unknown,49.69,2016-10-06,2025-07-29,9,2980
56,Howard A. Hanson Dam,Washington,12147600,"SOUTH FORK TOLT RIVER NEAR INDEX, WA",unknown,49.7,1994-10-28,2026-09-27,32,11071
72,Scoggins Reservoir,Oregon,14211010,"CLACKAMAS RIVER NEAR OREGON CITY, OR",unknown,49.72,2002-06-21,2026-09-28,24,8826
111,Howard Prairie,Oregon,421209121463000,"KLAMATH RIVER AT RAILROAD BRIDGE, OR",unknown,49.72,2003-06-05,2010-11-30,7,2093
111,Howard Prairie,Oregon,421209121463001,KLAMATH RIVER AT RAILROAD BRIDGE - BOTTOM,unknown,49.72,2003-05-22,2010-11-30,7,2043
1092,Nimrod,Arkansas,343052093031301,Hale Spr. in Hale Bath House @ HOSP N.P.,unknown,49.72,2000-08-15,2026-09-27,26,6753
94,Lookout Point,Oregon,14169000,"LONG TOM RIVER NEAR ALVADORE, OR",unknown,49.73,2001-08-08,2026-09-28,25,8687
186,Salt Springs,California,10336775,"TROUT CK AT PIONEER TRAIL NR SOUTH LAKE TAHOE, CA",unknown,49.74,1997-10-01,2003-09-29,6,1803
575,Vallecito,Colorado,09358550,"CEMENT CREEK AT SILVERTON, CO",unknown,49.8,2016-04-06,2023-11-14,7,1828
1615,Blue Marsh Dam,Pennsylvania,01573695,"Conewago Creek near Bellaire, PA",unknown,49.8,2012-01-09,2026-09-27,14,5343
113,Hyatt Dam,Oregon,14339000,"ROGUE RIVER AT DODGE BRIDGE, NEAR EAGLE POINT, OR",unknown,49.81,1973-08-13,2026-09-28,53,18529
1092,Nimrod,Arkansas,343049093031301,Fordyce Spr. 46 in Fordyce Bath House @ HOSP N.P.,unknown,49.81,2000-08-11,2026-09-27,26,7452
1092,Nimrod,Arkansas,343048093031301,Quapaw Spring,unknown,49.84,2003-09-18,2026-09-27,23,5656
1212,South Prong Dam,Texas,08049500,"W Fk Trinity Rv at Grand Prairie, TX",unknown,49.91,1976-10-01,2025-03-11,49,15743
159,Lake Fordyce,California,10336700,"INCLINE CK NR CRYSTAL BAY, NV",unknown,49.92,2019-09-30,2024-09-30,5,1545
1834,Blue Ridge,Georgia,02333500,"CHESTATEE RIVER NEAR DAHLONEGA, GA",unknown,49.93,2011-10-01,2020-10-27,9,3031
919,Branched Oak Dam,Nebraska,06796550,"Platte River near Venice, Nebr.",unknown,49.99,2010-09-30,2026-09-27,16,4935
987,Pueblo,Colorado,07099400,"ARKANSAS RIVER ABOVE PUEBLO, CO",upstream,0.83,2008-09-30,2026-09-27,18,6469
1804,Cowans Ford,North Carolina,0214264790,"CATAWBA R AT RR BRIDGE AB NC 73 AT COWANS FORD, NC",upstream,1.0,2016-06-29,2026-09-27,10,2527
100,Hills Creek,Oregon,14145500,"MF WILLAMETTE RIVER ABV SALT CRK, NEAR OAKRIDGE,OR",upstream,1.89,1960-10-01,2026-09-28,66,19326
353,Willow Creek Reservoir,Oregon,14034470,"WILLOW CREEK ABV WILLOW CR LAKE, NR HEPPNER, OR",upstream,2.22,2009-06-17,2026-09-28,17,5916
160,Prosser Creek,California,10339419,TRUCKEE R AB PROSSER C NR TRUCKEE CA,upstream,2.51,1993-03-24,1998-10-07,5,2003
157,Boca,California,10339419,TRUCKEE R AB PROSSER C NR TRUCKEE CA,upstream,3.04,1993-03-24,1998-10-07,5,2003
163,Martis Creek Dam,California,10339419,TRUCKEE R AB PROSSER C NR TRUCKEE CA,upstream,4.73,1993-03-24,1998-10-07,5,2003
450,East Canyon,Utah,10133980,"EAST CANYON CREEK AB EAST CYN RES NR MORGAN, UTAH",upstream,5.63,2007-07-12,2026-09-27,19,7005
1617,Tappan Dam,Ohio,03127989,Beaverdam Run above Tappan Lake OH,upstream,8.48,2015-06-25,2026-09-27,11,3985
7308,Richard B. Russell Dam,Georgia,02188100,"RUSSELL LAKE ABOVE CALHOUN FALLS, SC",upstream,8.56,2010-12-09,2026-09-28,16,5666
1620,Piedmont Dam,Ohio,03126395,Brushy Fork above Clendening Lake OH,upstream,8.61,2015-06-30,2026-09-27,11,4041
97,Dorena,Oregon,14154500,"ROW RIVER ABOVE PITCHER CREEK, NEAR DORENA, OR",upstream,8.62,2009-08-07,2026-09-28,17,6047
89,Cougar,Oregon,14159200,SO FK MCKENZIE RIVER ABV COUGAR LAKE NR RAINBOW OR,upstream,8.97,1967-10-01,2026-09-28,59,16036
1617,Tappan Dam,Ohio,03127980,Clear Fork above Tappan Lake OH,upstream,9.71,2015-06-30,2026-09-27,11,4086
1636,Senecaville Dam,Ohio,03140950,Beaver Creek above Senecaville Lake OH,upstream,10.09,2015-06-27,2026-09-27,11,3993
80,Detroit,Oregon,14179000,"BREITENBUSH R ABV FRENCH CR NR DETROIT, OR.",upstream,10.1,1950-12-21,2026-09-28,76,22062
1809,Mountain Island,North Carolina,0214264790,"CATAWBA R AT RR BRIDGE AB NC 73 AT COWANS FORD, NC",upstream,10.13,2016-06-29,2026-09-27,10,2527
92,Fall Creek,Oregon,14150290,"FALL CREEK ABOVE NORTH FORK, NEAR LOWELL, OR",upstream,10.35,2010-08-26,2026-09-28,16,5838
216,James H. Turner,California,11172945,ALAMEDA C AB DIV DAM NR SUNOL CA,upstream,10.56,2008-10-01,2023-07-04,15,4585
389,Deer Flat Upper,Idaho,13211210,"BOISE RIVER ABV INDIAN CREEK AT CALDWELL, ID",upstream,10.56,2015-11-13,2026-09-28,11,3940
1617,Tappan Dam,Ohio,03127986,Standingstone Fork above Tappan Lake OH,upstream,10.63,2015-06-24,2026-09-27,11,4011
94,Lookout Point,Oregon,14150290,"FALL CREEK ABOVE NORTH FORK, NEAR LOWELL, OR",upstream,11.33,2010-08-26,2026-09-28,16,5838
554,Cherry Valley,California,11276600,TUOLUMNE R AB EARLY INTAKE NR MATHER CA,upstream,11.37,1971-10-01,2022-11-28,51,12895
1619,Clendening Dam,Ohio,03126395,Brushy Fork above Clendening Lake OH,upstream,11.4,2015-06-30,2026-09-27,11,4041
151,Stampede,California,10339419,TRUCKEE R AB PROSSER C NR TRUCKEE CA,upstream,11.72,1993-03-24,1998-10-07,5,2003
1636,Senecaville Dam,Ohio,03140853,Seneca Fork above Senecaville Lake OH,upstream,11.76,2015-06-29,2026-09-27,11,3893
557,O'Shaughnessy,California,11274790,TUOLUMNE R A GRAND CYN OF TUOLUMNE AB HETCH HETCHY,upstream,11.81,2006-10-21,2022-10-03,16,5753
165,Donner Lake,California,10339419,TRUCKEE R AB PROSSER C NR TRUCKEE CA,upstream,11.92,1993-03-24,1998-10-07,5,2003
1636,Senecaville Dam,Ohio,03140900,South Fork above Senecaville Lake OH,upstream,12.0,2015-06-24,2026-09-27,11,3998
555,Lake Eleanor,California,11276600,TUOLUMNE R AB EARLY INTAKE NR MATHER CA,upstream,12.12,1971-10-01,2022-11-28,51,12895
59,Lake Tapps Dike 2-B,Washington,12098700,"WHITE RIVER AT HEADWORKS AB FLUME NR BUCKLEY, WA",upstream,12.37,2010-05-28,2024-09-29,14,4669
1831,Blewett Falls,North Carolina,02129375,"PEE DEE RIVER ABOVE JONES CREEK NEAR CORDOVA, NC",upstream,13.04,2017-05-20,2026-09-27,9,2000
213,Del Valle,California,11172945,ALAMEDA C AB DIV DAM NR SUNOL CA,upstream,13.15,2008-10-01,2023-07-04,15,4585
1617,Tappan Dam,Ohio,03126395,Brushy Fork above Clendening Lake OH,upstream,13.78,2015-06-30,2026-09-27,11,4041
1620,Piedmont Dam,Ohio,03125338,Stillwater Creek above Piedmont Lake OH,upstream,14.26,2015-06-30,2026-09-27,11,4098
1617,Tappan Dam,Ohio,03119341,McGuire Creek above Leesville Lake OH,upstream,14.45,2015-06-26,2026-09-27,11,3975
1606,Atwood Dam,Ohio,03119341,McGuire Creek above Leesville Lake OH,upstream,14.55,2015-06-26,2026-09-27,11,3975
1619,Clendening Dam,Ohio,03127986,Standingstone Fork above Tappan Lake OH,upstream,14.64,2015-06-24,2026-09-27,11,4011
99,Cottage Grove,Oregon,14154500,"ROW RIVER ABOVE PITCHER CREEK, NEAR DORENA, OR",upstream,14.8,2009-08-07,2026-09-28,17,6047
93,Dexter,Oregon,14150290,"FALL CREEK ABOVE NORTH FORK, NEAR LOWELL, OR",upstream,14.92,2010-08-26,2026-09-28,16,5838
1619,Clendening Dam,Ohio,03127989,Beaverdam Run above Tappan Lake OH,upstream,15.48,2015-06-25,2026-09-27,11,3985
183,Caples Lake,California,103366092,"UPPER TRUCKEE RV AT HWY 50 ABV MEYERS, CA",upstream,15.92,1997-10-01,2003-09-29,6,1845
1619,Clendening Dam,Ohio,03127980,Clear Fork above Tappan Lake OH,upstream,15.93,2015-06-30,2026-09-27,11,4086
1620,Piedmont Dam,Ohio,03127986,Standingstone Fork above Tappan Lake OH,upstream,15.94,2015-06-24,2026-09-27,11,4011
557,O'Shaughnessy,California,11276600,TUOLUMNE R AB EARLY INTAKE NR MATHER CA,upstream,15.99,1971-10-01,2022-11-28,51,12895
88,Blue River Dam,Oregon,14159200,SO FK MCKENZIE RIVER ABV COUGAR LAKE NR RAINBOW OR,upstream,16.6,1967-10-01,2026-09-28,59,16036
449,Echo,Utah,10133980,"EAST CANYON CREEK AB EAST CYN RES NR MORGAN, UTAH",upstream,16.8,2007-07-12,2026-09-27,19,7005
1300,Lake Houston Dam,Texas,294643095035200,"Lynchburg Res nr CWA Canal Inflow nr Baytown, TX",upstream,17.11,2016-08-20,2024-11-12,8,2967
153,Independence,California,10339419,TRUCKEE R AB PROSSER C NR TRUCKEE CA,upstream,17.65,1993-03-24,1998-10-07,5,2003
456,Wanship,Utah,10133980,"EAST CANYON CREEK AB EAST CYN RES NR MORGAN, UTAH",upstream,17.95,2007-07-12,2026-09-27,19,7005
1620,Piedmont Dam,Ohio,03127980,Clear Fork above Tappan Lake OH,upstream,18.57,2015-06-30,2026-09-27,11,4086
1620,Piedmont Dam,Ohio,03127989,Beaverdam Run above Tappan Lake OH,upstream,18.92,2015-06-25,2026-09-27,11,3985
56,Howard A. Hanson Dam,Washington,12098700,"WHITE RIVER AT HEADWORKS AB FLUME NR BUCKLEY, WA",upstream,20.39,2010-05-28,2024-09-29,14,4669
555,Lake Eleanor,California,11274790,TUOLUMNE R A GRAND CYN OF TUOLUMNE AB HETCH HETCHY,upstream,20.39,2006-10-21,2022-10-03,16,5753
93,Dexter,Oregon,14154500,"ROW RIVER ABOVE PITCHER CREEK, NEAR DORENA, OR",upstream,21.5,2009-08-07,2026-09-28,17,6047
94,Lookout Point,Oregon,14154500,"ROW RIVER ABOVE PITCHER CREEK, NEAR DORENA, OR",upstream,22.22,2009-08-07,2026-09-28,17,6047
537,Crawford,Colorado,09136100,"NORTH FK GUNNISON RIVER ABOVE MOUTH NR LAZEAR, CO",upstream,22.56,2009-04-16,2026-09-27,17,6337
554,Cherry Valley,California,11274790,TUOLUMNE R A GRAND CYN OF TUOLUMNE AB HETCH HETCHY,upstream,23.0,2006-10-21,2022-10-03,16,5753
1606,Atwood Dam,Ohio,03127989,Beaverdam Run above Tappan Lake OH,upstream,23.41,2015-06-25,2026-09-27,11,3985
89,Cougar,Oregon,14158798,SMITH RIVER ABV TRAIL BRDG RESV NR BELKNAP SPRINGS,upstream,23.76,2017-08-10,2026-09-28,9,3337
1595,Lake Mohawk Dam,Ohio,03119341,McGuire Creek above Leesville Lake OH,upstream,24.18,2015-06-26,2026-09-27,11,3975
1619,Clendening Dam,Ohio,03125338,Stillwater Creek above Piedmont Lake OH,upstream,24.43,2015-06-30,2026-09-27,11,4098
1606,Atwood Dam,Ohio,03127980,Clear Fork above Tappan Lake OH,upstream,24.78,2015-06-30,2026-09-27,11,4086
967,Perry Dam,Kansas,06888990,"KANSAS R AB TOPEKA WEIR AT TOPEKA, KS",upstream,24.9,2018-11-16,2026-09-28,8,2727
1619,Clendening Dam,Ohio,03119341,McGuire Creek above Leesville Lake OH,upstream,24.92,2015-06-26,2026-09-27,11,3975
92,Fall Creek,Oregon,14154500,"ROW RIVER ABOVE PITCHER CREEK, NEAR DORENA, OR",upstream,25.19,2009-08-07,2026-09-28,17,6047
88,Blue River Dam,Oregon,14158798,SMITH RIVER ABV TRAIL BRDG RESV NR BELKNAP SPRINGS,upstream,25.75,2017-08-10,2026-09-28,9,3337
72,Scoggins Reservoir,Oregon,14205350,"EF DAIRY CR ABV MURTAUGH CR NR MEACHAM CORNER, OR",upstream,26.4,2020-08-29,2026-09-28,6,2203
1890,Pinopolis West Dam,South Carolina,021720508,"COOPER RIVER ABOVE GOOSE CREEK, SC",upstream,26.46,2016-06-22,2026-09-27,10,3738
1606,Atwood Dam,Ohio,03127986,Standingstone Fork above Tappan Lake OH,upstream,27.26,2015-06-24,2026-09-27,11,4011
1217,Champion Creek Dam,Texas,08123850,"Colorado Rv abv Silver, TX",upstream,27.32,1980-10-01,2023-09-29,43,12640
89,Cougar,Oregon,14158790,"SMITH RIVER ABV SMITH R RESV,NR BELKNAP SPRNGS,OR",upstream,27.81,2017-07-14,2026-09-28,9,3364
524,Marlette Lake Dam,Nevada,10339419,TRUCKEE R AB PROSSER C NR TRUCKEE CA,upstream,28.21,1993-03-24,1998-10-07,5,2003
1243,Robert Lee Dam,Texas,08123850,"Colorado Rv abv Silver, TX",upstream,28.44,1980-10-01,2023-09-29,43,12640
88,Blue River Dam,Oregon,14158790,"SMITH RIVER ABV SMITH R RESV,NR BELKNAP SPRNGS,OR",upstream,28.67,2017-07-14,2026-09-28,9,3364
179,Ice House,California,103366092,"UPPER TRUCKEE RV AT HWY 50 ABV MEYERS, CA",upstream,29.1,1997-10-01,2003-09-29,6,1845
1863,Buford,Georgia,02335450,"CHATTAHOOCHEE RIVER ABOVE ROSWELL, GA",upstream,29.68,2004-01-29,2026-09-27,22,6258
176,Loon Lake,California,103366092,"UPPER TRUCKEE RV AT HWY 50 ABV MEYERS, CA",upstream,29.75,1997-10-01,2003-09-29,6,1845
131,Trinity,California,11526400,TRINITY R AB NF TRINITY R NR HELENA CA,upstream,30.06,2019-10-01,2026-09-28,7,2547
567,McPhee,Colorado,09371520,"MCELMO CREEK ABOVE TRAIL CANYON NEAR CORTEZ, CO",upstream,30.21,1993-10-01,2026-09-27,33,11599
1620,Piedmont Dam,Ohio,03119341,McGuire Creek above Leesville Lake OH,upstream,31.02,2015-06-26,2026-09-27,11,3975
507,Rifle Gap,Colorado,09085150,COLORADO R ABV SOUTH CANYON CR NR GLENWOOD SPGS CO,upstream,31.12,2006-05-12,2025-05-06,19,6896
1617,Tappan Dam,Ohio,03125338,Stillwater Creek above Piedmont Lake OH,upstream,31.43,2015-06-30,2026-09-27,11,4098
1636,Senecaville Dam,Ohio,03125338,Stillwater Creek above Piedmont Lake OH,upstream,31.6,2015-06-30,2026-09-27,11,4098
1606,Atwood Dam,Ohio,03126395,Brushy Fork above Clendening Lake OH,upstream,32.55,2015-06-30,2026-09-27,11,4041
159,Lake Fordyce,California,10339419,TRUCKEE R AB PROSSER C NR TRUCKEE CA,upstream,32.79,1993-03-24,1998-10-07,5,2003
97,Dorena,Oregon,14150290,"FALL CREEK ABOVE NORTH FORK, NEAR LOWELL, OR",upstream,32.83,2010-08-26,2026-09-28,16,5838
94,Lookout Point,Oregon,14145500,"MF WILLAMETTE RIVER ABV SALT CRK, NEAR OAKRIDGE,OR",upstream,33.0,1960-10-01,2026-09-28,66,19326
467,Bor Jordanelle,Utah,10133980,"EAST CANYON CREEK AB EAST CYN RES NR MORGAN, UTAH",upstream,33.07,2007-07-12,2026-09-27,19,7005
1214,Lake Colorado City Dam,Texas,08123850,"Colorado Rv abv Silver, TX",upstream,33.12,1980-10-01,2023-09-29,43,12640
100,Hills Creek,Oregon,14150290,"FALL CREEK ABOVE NORTH FORK, NEAR LOWELL, OR",upstream,33.25,2010-08-26,2026-09-28,16,5838
88,Blue River Dam,Oregon,14150290,"FALL CREEK ABOVE NORTH FORK, NEAR LOWELL, OR",upstream,33.27,2010-08-26,2026-09-28,16,5838
98,Crane Prairie,Oregon,14070615,"M F TUMALO CREEK ABV PROWELL SPRINGS, NR BEND, OR",upstream,33.36,2017-10-05,2026-09-28,9,2478
1620,Piedmont Dam,Ohio,03140950,Beaver Creek above Senecaville Lake OH,upstream,33.42,2015-06-27,2026-09-27,11,3993
605,Terminus Dam,California,11206820,MARBLE FORK KAWEAH R AB HORSE C NR LODGEPOLE CA,upstream,34.35,2013-10-01,2026-09-28,13,4553
1851,Hartwell Dam,Georgia,02188100,"RUSSELL LAKE ABOVE CALHOUN FALLS, SC",upstream,34.45,2010-12-09,2026-09-28,16,5666
551,Main Strawberry,California,11276600,TUOLUMNE R AB EARLY INTAKE NR MATHER CA,upstream,35.56,1971-10-01,2022-11-28,51,12895
92,Fall Creek,Oregon,14145500,"MF WILLAMETTE RIVER ABV SALT CRK, NEAR OAKRIDGE,OR",upstream,35.61,1960-10-01,2026-09-28,66,19326
178,Union Valley,California,103366092,"UPPER TRUCKEE RV AT HWY 50 ABV MEYERS, CA",upstream,35.76,1997-10-01,2003-09-29,6,1845
89,Cougar,Oregon,14150290,"FALL CREEK ABOVE NORTH FORK, NEAR LOWELL, OR",upstream,35.81,2010-08-26,2026-09-28,16,5838
100,Hills Creek,Oregon,14154500,"ROW RIVER ABOVE PITCHER CREEK, NEAR DORENA, OR",upstream,36.5,2009-08-07,2026-09-28,17,6047
1595,Lake Mohawk Dam,Ohio,03127989,Beaverdam Run above Tappan Lake OH,upstream,36.68,2015-06-25,2026-09-27,11,3985
93,Dexter,Oregon,14145500,"MF WILLAMETTE RIVER ABV SALT CRK, NEAR OAKRIDGE,OR",upstream,37.0,1960-10-01,2026-09-28,66,19326
975,Clinton Dam,Kansas,06888990,"KANSAS R AB TOPEKA WEIR AT TOPEKA, KS",upstream,37.38,2018-11-16,2026-09-28,8,2727
1620,Piedmont Dam,Ohio,03140853,Seneca Fork above Senecaville Lake OH,upstream,37.49,2015-06-29,2026-09-27,11,3893
524,Marlette Lake Dam,Nevada,103366092,"UPPER TRUCKEE RV AT HWY 50 ABV MEYERS, CA",upstream,37.66,1997-10-01,2003-09-29,6,1845
1595,Lake Mohawk Dam,Ohio,03127980,Clear Fork above Tappan Lake OH,upstream,37.78,2015-06-30,2026-09-27,11,4086
507,Rifle Gap,Colorado,393259107194801,"COLORADO R ABV ROARING FORK R AT GLENWOOD SPGS, CO",upstream,37.81,2021-09-23,2026-09-27,5,1828
192,Beardsley,California,11276600,TUOLUMNE R AB EARLY INTAKE NR MATHER CA,upstream,37.99,1971-10-01,2022-11-28,51,12895
111,Howard Prairie,Oregon,11509370,"KLAMATH RIVER ABOVE KENO DAM, AT KENO, OR",upstream,38.36,1991-05-24,2026-09-28,35,10930
111,Howard Prairie,Oregon,420741121554001,"KLAMATH RIVER ABV KENO DAM, AT KENO - BOTTOM",upstream,38.44,2003-05-16,2026-09-28,23,7768
442,Lost Creek,Utah,10133980,"EAST CANYON CREEK AB EAST CYN RES NR MORGAN, UTAH",upstream,38.57,2007-07-12,2026-09-27,19,7005
572,Jackson Gulch,Colorado,09371520,"MCELMO CREEK ABOVE TRAIL CANYON NEAR CORTEZ, CO",upstream,38.63,1993-10-01,2026-09-27,33,11599
1790,Lookout Shoals,North Carolina,0214264790,"CATAWBA R AT RR BRIDGE AB NC 73 AT COWANS FORD, NC",upstream,38.64,2016-06-29,2026-09-27,10,2527
1620,Piedmont Dam,Ohio,03140900,South Fork above Senecaville Lake OH,upstream,38.85,2015-06-24,2026-09-27,11,3998
101,Wickiup Reservoir,Oregon,14070615,"M F TUMALO CREEK ABV PROWELL SPRINGS, NR BEND, OR",upstream,39.84,2017-10-05,2026-09-28,9,2478
184,Lower Bear,California,103366092,"UPPER TRUCKEE RV AT HWY 50 ABV MEYERS, CA",upstream,39.86,1997-10-01,2003-09-29,6,1845
174,Lower Hell Hole,California,103366092,"UPPER TRUCKEE RV AT HWY 50 ABV MEYERS, CA",upstream,40.49,1997-10-01,2003-09-29,6,1845
1595,Lake Mohawk Dam,Ohio,03127986,Standingstone Fork above Tappan Lake OH,upstream,40.71,2015-06-24,2026-09-27,11,4011
507,Rifle Gap,Colorado,09071750,"COLORADO RIVER ABOVE GLENWOOD SPRINGS, CO",upstream,40.88,1995-10-01,2026-09-27,31,11173
548,Relief,California,11274790,TUOLUMNE R A GRAND CYN OF TUOLUMNE AB HETCH HETCHY,upstream,40.91,2006-10-21,2022-10-03,16,5753
100,Hills Creek,Oregon,14159200,SO FK MCKENZIE RIVER ABV COUGAR LAKE NR RAINBOW OR,upstream,41.04,1967-10-01,2026-09-28,59,16036
1619,Clendening Dam,Ohio,03140950,Beaver Creek above Senecaville Lake OH,upstream,41.2,2015-06-27,2026-09-27,11,3993
1814,Tillery,North Carolina,02129375,"PEE DEE RIVER ABOVE JONES CREEK NEAR CORDOVA, NC",upstream,41.67,2017-05-20,2026-09-27,9,2000
172,L.L. Anderson,California,10339419,TRUCKEE R AB PROSSER C NR TRUCKEE CA,upstream,41.82,1993-03-24,1998-10-07,5,2003
83,Green Peter,Oregon,14158790,"SMITH RIVER ABV SMITH R RESV,NR BELKNAP SPRNGS,OR",upstream,41.85,2017-07-14,2026-09-28,9,3364
186,Salt Springs,California,103366092,"UPPER TRUCKEE RV AT HWY 50 ABV MEYERS, CA",upstream,42.12,1997-10-01,2003-09-29,6,1845
97,Dorena,Oregon,14145500,"MF WILLAMETTE RIVER ABV SALT CRK, NEAR OAKRIDGE,OR",upstream,42.13,1960-10-01,2026-09-28,66,19326
166,Lake Valley,California,10339419,TRUCKEE R AB PROSSER C NR TRUCKEE CA,upstream,42.16,1993-03-24,1998-10-07,5,2003
551,Main Strawberry,California,11274790,TUOLUMNE R A GRAND CYN OF TUOLUMNE AB HETCH HETCHY,upstream,42.29,2006-10-21,2022-10-03,16,5753
458,Smith and Morehouse Dam,Utah,10133980,"EAST CANYON CREEK AB EAST CYN RES NR MORGAN, UTAH",upstream,42.32,2007-07-12,2026-09-27,19,7005
174,Lower Hell Hole,California,10339419,TRUCKEE R AB PROSSER C NR TRUCKEE CA,upstream,42.46,1993-03-24,1998-10-07,5,2003
1862,Allatoona Lake Dam and Powerhouse,Georgia,02335450,"CHATTAHOOCHEE RIVER ABOVE ROSWELL, GA",upstream,42.75,2004-01-29,2026-09-27,22,6258
386,Owyhee,Oregon,13211210,"BOISE RIVER ABV INDIAN CREEK AT CALDWELL, ID",upstream,43.08,2015-11-13,2026-09-28,11,3940
214,Exchequer Main,California,11276600,TUOLUMNE R AB EARLY INTAKE NR MATHER CA,upstream,43.28,1971-10-01,2022-11-28,51,12895
1636,Senecaville Dam,Ohio,03126395,Brushy Fork above Clendening Lake OH,upstream,43.41,2015-06-30,2026-09-27,11,4041
1890,Pinopolis West Dam,South Carolina,021720698,"WANDO RIVER ABOVE MT PLEASANT, SC",upstream,43.52,1997-05-02,2026-09-27,29,9860
83,Green Peter,Oregon,14158798,SMITH RIVER ABV TRAIL BRDG RESV NR BELKNAP SPRINGS,upstream,43.55,2017-08-10,2026-09-28,9,3337
176,Loon Lake,California,10339419,TRUCKEE R AB PROSSER C NR TRUCKEE CA,upstream,44.14,1993-03-24,1998-10-07,5,2003
99,Cottage Grove,Oregon,14150290,"FALL CREEK ABOVE NORTH FORK, NEAR LOWELL, OR",upstream,44.29,2010-08-26,2026-09-28,16,5838
1718,Taylorsville Lake Dam,Kentucky,0329247350,"WOLF PEN BR AB POND DISCHARGE NR PROSPECT, KY",upstream,44.33,2021-07-22,2026-09-27,5,1868
92,Fall Creek,Oregon,14159200,SO FK MCKENZIE RIVER ABV COUGAR LAKE NR RAINBOW OR,upstream,44.46,1967-10-01,2026-09-28,59,16036
113,Hyatt Dam,Oregon,11509370,"KLAMATH RIVER ABOVE KENO DAM, AT KENO, OR",upstream,44.68,1991-05-24,2026-09-28,35,10930
113,Hyatt Dam,Oregon,420741121554001,"KLAMATH RIVER ABV KENO DAM, AT KENO - BOTTOM",upstream,44.77,2003-05-16,2026-09-28,23,7768
102,Crescent Lake,Oregon,14145500,"MF WILLAMETTE RIVER ABV SALT CRK, NEAR OAKRIDGE,OR",upstream,44.83,1960-10-01,2026-09-28,66,19326
108,Four Mile Lake Dam,Oregon,11509370,"KLAMATH RIVER ABOVE KENO DAM, AT KENO, OR",upstream,44.85,1991-05-24,2026-09-28,35,10930
108,Four Mile Lake Dam,Oregon,420741121554001,"KLAMATH RIVER ABV KENO DAM, AT KENO - BOTTOM",upstream,44.88,2003-05-16,2026-09-28,23,7768
430,Wild Horse Dam,Nevada,10317480,"BEAVER CK ABV CONF N FK HUMBOLDT RV NR HALLECK, NV",upstream,45.1,2018-02-20,2026-09-28,8,1790
94,Lookout Point,Oregon,14159200,SO FK MCKENZIE RIVER ABV COUGAR LAKE NR RAINBOW OR,upstream,45.11,1967-10-01,2026-09-28,59,16036
531,Paonia,Colorado,09136100,"NORTH FK GUNNISON RIVER ABOVE MOUTH NR LAZEAR, CO",upstream,45.29,2009-04-16,2026-09-27,17,6337
542,Morrow Point,Colorado,09136100,"NORTH FK GUNNISON RIVER ABOVE MOUTH NR LAZEAR, CO",upstream,45.29,2009-04-16,2026-09-27,17,6337
1827,Winthrop University Dam,South Carolina,0214264790,"CATAWBA R AT RR BRIDGE AB NC 73 AT COWANS FORD, NC",upstream,45.33,2016-06-29,2026-09-27,10,2527
1619,Clendening Dam,Ohio,03140853,Seneca Fork above Senecaville Lake OH,upstream,45.37,2015-06-29,2026-09-27,11,3893
162,Lake Spaulding,California,10339419,TRUCKEE R AB PROSSER C NR TRUCKEE CA,upstream,45.56,1993-03-24,1998-10-07,5,2003
1634,Clarence J. Brown Dam,Ohio,395339083130100,Big Darby Creek above Georgesville OH,upstream,45.58,2020-04-23,2026-09-27,6,1858
80,Detroit,Oregon,14158790,"SMITH RIVER ABV SMITH R RESV,NR BELKNAP SPRNGS,OR",upstream,45.65,2017-07-14,2026-09-28,9,3364
210,Don Pedro,California,11276600,TUOLUMNE R AB EARLY INTAKE NR MATHER CA,upstream,45.88,1971-10-01,2022-11-28,51,12895
517,Ruedi,Colorado,09071750,"COLORADO RIVER ABOVE GLENWOOD SPRINGS, CO",upstream,46.23,1995-10-01,2026-09-27,31,11173
98,Crane Prairie,Oregon,14159200,SO FK MCKENZIE RIVER ABV COUGAR LAKE NR RAINBOW OR,upstream,46.58,1967-10-01,2026-09-28,59,16036
1619,Clendening Dam,Ohio,03140900,South Fork above Senecaville Lake OH,upstream,46.65,2015-06-24,2026-09-27,11,3998
223,Coyote,California,11172945,ALAMEDA C AB DIV DAM NR SUNOL CA,upstream,46.68,2008-10-01,2023-07-04,15,4585
1232,Oak Creek Dam,Texas,08123850,"Colorado Rv abv Silver, TX",upstream,46.75,1980-10-01,2023-09-29,43,12640
111,Howard Prairie,Oregon,420448121503100,"KLAMATH STRAITS DRAIN ABOVE F-FF PUMPS, WORDEN, OR",upstream,46.8,2018-05-11,2026-09-28,8,2659
100,Hills Creek,Oregon,14316500,"N UMPQUA RIVER ABV COPELAND CK NR TOKETEE FALLS,OR",upstream,46.81,1998-06-26,2026-09-28,28,8744
83,Green Peter,Oregon,14179000,"BREITENBUSH R ABV FRENCH CR NR DETROIT, OR.",upstream,47.08,1950-12-21,2026-09-28,76,22062
1595,Lake Mohawk Dam,Ohio,03126395,Brushy Fork above Clendening Lake OH,upstream,47.43,2015-06-30,2026-09-27,11,4041
89,Cougar,Oregon,14145500,"MF WILLAMETTE RIVER ABV SALT CRK, NEAR OAKRIDGE,OR",upstream,47.76,1960-10-01,2026-09-28,66,19326
438,Pineview,Utah,10133980,"EAST CANYON CREEK AB EAST CYN RES NR MORGAN, UTAH",upstream,47.88,2007-07-12,2026-09-27,19,7005
172,L.L. Anderson,California,103366092,"UPPER TRUCKEE RV AT HWY 50 ABV MEYERS, CA",upstream,47.97,1997-10-01,2003-09-29,6,1845
548,Relief,California,11276600,TUOLUMNE R AB EARLY INTAKE NR MATHER CA,upstream,48.33,1971-10-01,2022-11-28,51,12895
192,Beardsley,California,11274790,TUOLUMNE R A GRAND CYN OF TUOLUMNE AB HETCH HETCHY,upstream,48.42,2006-10-21,2022-10-03,16,5753
980,Pomona Dam,Kansas,06888990,"KANSAS R AB TOPEKA WEIR AT TOPEKA, KS",upstream,48.53,2018-11-16,2026-09-28,8,2727
521,Vega,Colorado,09136100,"NORTH FK GUNNISON RIVER ABOVE MOUTH NR LAZEAR, CO",upstream,48.71,2009-04-16,2026-09-27,17,6337
1786,Oxford,North Carolina,0214264790,"CATAWBA R AT RR BRIDGE AB NC 73 AT COWANS FORD, NC",upstream,48.77,2016-06-29,2026-09-27,10,2527
517,Ruedi,Colorado,393259107194801,"COLORADO R ABV ROARING FORK R AT GLENWOOD SPGS, CO",upstream,48.8,2021-09-23,2026-09-27,5,1828
1703,Patoka Lake Dam,Indiana,03373980,"WHITE RIVER ABOVE PETERSBURG, IN",upstream,48.83,2000-10-01,2026-09-27,26,9290
469,Red Fleet,Utah,404417108524900,"GREEN RIVER ABOVE GATES OF LODORE, CO",upstream,48.9,2002-06-19,2026-09-27,24,8471
93,Dexter,Oregon,14159200,SO FK MCKENZIE RIVER ABV COUGAR LAKE NR RAINBOW OR,upstream,49.01,1967-10-01,2026-09-28,59,16036
364,Hebgen Dam,Montana,06043120,"Gallatin River above Deer Creek, near Big Sky, MT",upstream,49.22,2019-05-02,2026-09-27,7,1727
56,Howard A. Hanson Dam,Washington,12147470,"NF TOLT RIVER ABOVE YELLOW CREEK NR CARNATION, WA",upstream,49.28,2015-10-01,2026-09-27,11,3916
89,Cougar,Oregon,14070615,"M F TUMALO CREEK ABV PROWELL SPRINGS, NR BEND, OR",upstream,49.51,2017-10-05,2026-09-28,9,2478
451,Flaming Gorge,Utah,404417108524900,"GREEN RIVER ABOVE GATES OF LODORE, CO",upstream,49.56,2002-06-19,2026-09-27,24,8471
596,Wishon Main,California,11206820,MARBLE FORK KAWEAH R AB HORSE C NR LODGEPOLE CA,upstream,49.62,2013-10-01,2026-09-28,13,4553
99,Cottage Grove,Oregon,14145500,"MF WILLAMETTE RIVER ABV SALT CRK, NEAR OAKRIDGE,OR",upstream,49.7,1960-10-01,2026-09-28,66,19326
