site_no,year,src,n_events,mean_dur,maxI,cumI,hw_days,MWMT7,Dexceed22
01073319,2010,tmax,2,7.0,3.14,19.3,14,28.69,71
01073319,2011,tmax,1,5.0,2.4,6.4,5,27.99,67
01073319,2012,tmax,4,8.0,6.94,73.6,32,26.84,56
01073319,2016,tmax,1,5.0,2.56,5.2,5,28.07,79
01073319,2017,tmax,3,5.7,2.39,17.0,17,26.71,69
01073319,2020,tmax,1,5.0,1.5,5.1,5,28.33,93
01073319,2021,tmax,4,6.0,4.29,33.2,24,27.7,62
01073319,2022,tmax,4,7.0,4.9,44.9,28,29.04,92
01073319,2023,tmax,4,9.0,2.78,31.4,36,24.16,35
01073319,2008,tmax,0,0.0,0.0,0.0,0,26.57,0
01073319,2009,tmax,0,0.0,0.0,0.0,0,26.7,0
01073319,2013,tmax,0,0.0,0.0,0.0,0,24.89,0
01073319,2014,tmax,0,0.0,0.0,0.0,0,,0
01073319,2015,tmax,0,0.0,0.0,0.0,0,,0
01073319,2018,tmax,0,0.0,0.0,0.0,0,28.49,0
01073319,2019,tmax,0,0.0,0.0,0.0,0,27.76,0
01073389,2014,tmax,0,0.0,0.0,0.0,0,26.89,0
01073389,2015,tmax,0,0.0,0.0,0.0,0,28.6,0
01073389,2016,tmax,0,0.0,0.0,0.0,0,28.4,0
01073389,2017,tmax,0,0.0,0.0,0.0,0,28.54,0
01093852,2016,tmax,2,7.0,1.65,11.2,14,30.5,88
01093852,2020,tmax,2,5.0,2.46,8.4,10,28.34,93
01093852,2021,tmax,2,5.5,2.1,9.3,11,26.89,36
01093852,2022,tmax,5,6.8,4.0,49.7,34,30.9,77
01093852,2023,tmax,2,6.5,3.72,20.5,13,24.27,38
01093852,2017,tmax,0,0.0,0.0,0.0,0,26.01,0
01093852,2018,tmax,0,0.0,0.0,0.0,0,26.96,0
01093852,2019,tmax,0,0.0,0.0,0.0,0,26.1,0
01120790,2016,tmax,2,135.5,23.83,3256.3,271,28.29,91
01120790,2017,tmax,3,83.0,21.62,2961.4,249,24.91,57
01120790,2015,tmax,0,0.0,0.0,0.0,0,7.79,0
01120790,2018,tmax,0,0.0,0.0,0.0,0,1.33,0
01124000,2015,tmax,0,0.0,0.0,0.0,0,28.5,0
01124000,2016,tmax,0,0.0,0.0,0.0,0,29.37,0
01124000,2017,tmax,0,0.0,0.0,0.0,0,25.83,0
01184000,2002,tmax,1,54.0,7.85,235.0,54,29.29,55
01184000,2003,tmax,1,55.0,5.06,157.5,55,27.73,71
01184000,2004,tmax,2,17.0,4.09,63.3,34,26.63,68
01184000,2001,tmax,0,0.0,0.0,0.0,0,7.67,0
01200600,2014,tmax,2,7.5,3.2,23.2,15,24.27,58
01200600,2015,tmax,3,18.0,4.52,105.4,54,26.49,82
01200600,1998,tmax,0,0.0,0.0,0.0,0,26.0,0
01200600,1999,tmax,0,0.0,0.0,0.0,0,,0
01200600,2000,tmax,0,0.0,0.0,0.0,0,,0
01200600,2001,tmax,0,0.0,0.0,0.0,0,,0
01200600,2002,tmax,0,0.0,0.0,0.0,0,,0
01200600,2003,tmax,0,0.0,0.0,0.0,0,,0
01200600,2004,tmax,0,0.0,0.0,0.0,0,,0
01200600,2005,tmax,0,0.0,0.0,0.0,0,,0
01200600,2006,tmax,0,0.0,0.0,0.0,0,,0
01200600,2007,tmax,0,0.0,0.0,0.0,0,,0
01200600,2008,tmax,0,0.0,0.0,0.0,0,,0
01200600,2009,tmax,0,0.0,0.0,0.0,0,,0
01200600,2010,tmax,0,0.0,0.0,0.0,0,,0
01200600,2011,tmax,0,0.0,0.0,0.0,0,,0
01200600,2012,tmax,0,0.0,0.0,0.0,0,,0
01200600,2013,tmax,0,0.0,0.0,0.0,0,18.01,0
01200600,2016,tmax,0,0.0,0.0,0.0,0,16.23,0
01457500,2022,tmax,3,8.0,4.14,31.9,24,28.34,76
01457500,2023,tmax,4,9.5,3.92,64.8,38,26.34,86
01457500,2024,tmax,8,5.9,3.62,60.8,47,28.24,91
01457500,2025,tmax,2,14.0,4.12,46.1,28,27.67,88
01457500,2019,tmax,0,0.0,0.0,0.0,0,26.94,0
01457500,2020,tmax,0,0.0,0.0,0.0,0,28.64,0
01457500,2021,tmax,0,0.0,0.0,0.0,0,27.14,0
01467471,2007,tmean,0,0.0,0.0,0.0,0,16.74,0
01467471,2008,tmean,0,0.0,0.0,0.0,0,18.86,0
01467471,2009,tmean,0,0.0,0.0,0.0,0,17.51,0
01467471,2010,tmean,0,0.0,0.0,0.0,0,19.24,0
01467492,2008,tmean,3,12.7,2.98,47.6,38,20.66,0
01467492,2007,tmean,0,0.0,0.0,0.0,0,19.66,0
01467492,2009,tmean,0,0.0,0.0,0.0,0,18.77,0
01467492,2010,tmean,0,0.0,0.0,0.0,0,17.99,0
01467688,2007,tmax,0,0.0,0.0,0.0,0,,0
01467688,2008,tmax,0,0.0,0.0,0.0,0,25.11,0
01467688,2009,tmax,0,0.0,0.0,0.0,0,21.43,0
01467688,2010,tmax,0,0.0,0.0,0.0,0,22.01,0
01467689,2007,tmax,0,0.0,0.0,0.0,0,11.31,0
01467689,2008,tmax,0,0.0,0.0,0.0,0,11.19,0
01467689,2009,tmax,0,0.0,0.0,0.0,0,11.87,0
01467689,2010,tmax,0,0.0,0.0,0.0,0,11.64,0
01467752,2007,tmax,0,0.0,0.0,0.0,0,18.06,0
01467752,2008,tmax,0,0.0,0.0,0.0,0,19.29,0
01467752,2009,tmax,0,0.0,0.0,0.0,0,19.19,0
01467752,2010,tmax,0,0.0,0.0,0.0,0,19.5,0
01467861,2008,tmax,1,6.0,1.7,6.5,6,20.49,0
01467861,2007,tmax,0,0.0,0.0,0.0,0,17.33,0
01467861,2009,tmax,0,0.0,0.0,0.0,0,18.19,0
01467861,2010,tmax,0,0.0,0.0,0.0,0,19.1,0
01472157,1998,tmax,1,6.0,3.24,10.3,6,10.71,0
01472157,2017,tmax,2,5.0,2.18,10.5,10,28.29,86
01472157,2020,tmax,3,5.3,5.75,29.5,16,28.84,96
01472157,2021,tmax,2,5.5,3.62,16.3,11,27.63,99
01472157,2022,tmax,5,5.6,4.3,38.8,28,29.34,96
01472157,2023,tmax,6,6.2,5.2,68.0,37,28.17,96
01472157,2024,tmax,4,6.2,3.12,36.9,25,29.79,100
01472157,2025,tmax,3,6.0,2.6,24.4,18,27.94,87
01472157,1999,tmax,0,0.0,0.0,0.0,0,28.36,0
01472157,2000,tmax,0,0.0,0.0,0.0,0,24.0,0
01472157,2001,tmax,0,0.0,0.0,0.0,0,26.86,0
01472157,2002,tmax,0,0.0,0.0,0.0,0,,0
01472157,2003,tmax,0,0.0,0.0,0.0,0,,0
01472157,2004,tmax,0,0.0,0.0,0.0,0,,0
01472157,2005,tmax,0,0.0,0.0,0.0,0,,0
01472157,2006,tmax,0,0.0,0.0,0.0,0,,0
01472157,2007,tmax,0,0.0,0.0,0.0,0,,0
01472157,2008,tmax,0,0.0,0.0,0.0,0,,0
01472157,2009,tmax,0,0.0,0.0,0.0,0,,0
01472157,2010,tmax,0,0.0,0.0,0.0,0,,0
01472157,2011,tmax,0,0.0,0.0,0.0,0,,0
01472157,2012,tmax,0,0.0,0.0,0.0,0,,0
01472157,2013,tmax,0,0.0,0.0,0.0,0,,0
01472157,2014,tmax,0,0.0,0.0,0.0,0,,0
01472157,2015,tmax,0,0.0,0.0,0.0,0,,0
01472157,2016,tmax,0,0.0,0.0,0.0,0,17.17,0
01472157,2018,tmax,0,0.0,0.0,0.0,0,26.47,0
01472157,2019,tmax,0,0.0,0.0,0.0,0,26.66,0
01473000,2021,tmax,1,5.0,3.24,9.9,5,29.41,113
01473000,2022,tmax,2,5.5,3.21,19.0,11,31.09,118
01473000,2023,tmax,5,9.6,5.12,84.0,48,29.77,119
01473000,2024,tmax,4,5.8,4.52,45.3,23,30.89,131
01473000,2025,tmax,2,6.0,4.02,21.0,12,30.26,114
01473000,2018,tmax,0,0.0,0.0,0.0,0,6.36,0
01473000,2019,tmax,0,0.0,0.0,0.0,0,29.33,0
01473000,2020,tmax,0,0.0,0.0,0.0,0,30.91,0
01473169,2021,tmax,1,5.0,2.3,4.8,5,21.53,5
01473169,2023,tmax,3,5.3,3.2,22.0,16,21.6,4
01473169,2024,tmax,3,5.3,2.42,13.2,16,22.23,13
01473169,2025,tmax,3,5.7,2.66,20.3,17,21.66,6
01473169,2018,tmax,0,0.0,0.0,0.0,0,17.96,0
01473169,2019,tmax,0,0.0,0.0,0.0,0,21.9,0
01473169,2020,tmax,0,0.0,0.0,0.0,0,21.7,0
01473169,2022,tmax,0,0.0,0.0,0.0,0,21.91,0
01480400,2000,tmax,1,9.0,3.3,15.0,9,23.27,19
01480400,2001,tmax,3,9.0,2.3,28.2,27,19.96,0
01480400,2002,tmax,4,6.2,1.5,16.8,25,24.5,51
01480400,2003,tmax,2,6.5,2.5,14.7,13,25.43,46
01480400,2004,tmax,1,16.0,5.0,36.2,16,24.67,41
01480400,2005,tmax,2,6.0,2.1,9.3,12,22.53,28
01480400,2006,tmax,5,10.6,4.31,77.9,53,26.99,55
01480400,2007,tmax,3,7.0,2.21,20.4,21,25.47,26
01480400,2008,tmax,3,7.3,5.3,43.8,22,27.99,33
01480400,2010,tmax,3,9.0,3.9,38.8,27,22.54,22
01480400,2011,tmax,2,6.0,2.4,16.5,12,25.41,41
01480400,2012,tmax,1,8.0,1.7,5.9,8,23.73,20
01480400,2013,tmax,3,6.3,3.5,36.5,19,27.89,58
01480400,2015,tmax,2,31.5,5.1,158.3,63,23.43,10
01480400,2017,tmax,1,10.0,2.6,12.9,10,21.76,5
01480400,2018,tmax,6,8.5,4.2,84.6,51,26.69,60
01480400,2019,tmax,1,5.0,1.54,3.7,5,26.21,47
01480400,2020,tmax,1,7.0,3.4,12.5,7,26.37,28
01480400,2021,tmax,2,6.0,4.2,17.6,12,24.8,30
01480400,2023,tmax,2,11.5,2.13,22.1,23,22.53,14
01480400,2024,tmax,6,7.5,4.3,52.2,45,26.49,11
01480400,2025,tmax,1,6.0,1.9,6.1,6,26.53,24
01480400,1996,tmax,0,0.0,0.0,0.0,0,24.37,0
01480400,1997,tmax,0,0.0,0.0,0.0,0,18.21,0
01480400,1998,tmax,0,0.0,0.0,0.0,0,20.77,0
01480400,1999,tmax,0,0.0,0.0,0.0,0,19.54,0
01480400,2009,tmax,0,0.0,0.0,0.0,0,23.23,0
01480400,2014,tmax,0,0.0,0.0,0.0,0,23.8,0
01480400,2016,tmax,0,0.0,0.0,0.0,0,22.97,0
01480400,2022,tmax,0,0.0,0.0,0.0,0,20.93,0
01480500,1995,tmax,1,8.0,3.64,17.1,8,26.89,78
01480500,1998,tmax,1,5.0,2.0,5.7,5,23.79,50
01480500,1999,tmax,1,6.0,2.4,11.2,6,26.47,70
01480500,2000,tmax,1,6.0,3.3,14.3,6,23.56,48
01480500,2001,tmax,1,5.0,3.0,9.6,5,25.31,64
01480500,2002,tmax,4,8.5,6.2,65.8,34,27.23,86
01480500,2003,tmax,1,6.0,1.7,7.0,6,23.77,48
01480500,2004,tmax,1,8.0,2.44,11.3,8,24.54,53
01480500,2005,tmax,2,6.5,1.7,10.0,13,25.61,82
01480500,2007,tmax,1,7.0,2.5,8.8,7,25.13,72
01480500,2008,tmax,2,6.5,2.5,12.2,13,25.5,63
01480500,2009,tmax,1,6.0,3.91,14.8,6,24.27,45
01480500,2010,tmax,2,7.5,4.1,24.3,15,26.36,87
01480500,2011,tmax,1,6.0,2.2,6.9,6,27.19,76
01480500,2012,tmax,2,9.5,5.7,43.6,19,26.01,80
01480500,2015,tmax,3,8.0,6.0,60.1,24,24.57,93
01480500,2016,tmax,5,6.0,4.14,45.1,30,26.79,95
01480500,2017,tmax,4,5.2,5.65,34.6,21,25.04,61
01480500,2021,tmax,1,5.0,2.8,7.6,5,25.06,68
01480500,2022,tmax,1,5.0,1.25,3.2,5,25.76,71
01480500,2023,tmax,3,5.3,2.94,21.2,16,24.79,65
01480500,2024,tmax,4,6.0,1.84,25.6,24,26.26,74
01480500,1996,tmax,0,0.0,0.0,0.0,0,22.67,0
01480500,1997,tmax,0,0.0,0.0,0.0,0,24.5,0
01480500,2006,tmax,0,0.0,0.0,0.0,0,26.63,0
01480500,2013,tmax,0,0.0,0.0,0.0,0,26.14,0
01480500,2014,tmax,0,0.0,0.0,0.0,0,24.37,0
01480500,2018,tmax,0,0.0,0.0,0.0,0,25.13,0
01480500,2019,tmax,0,0.0,0.0,0.0,0,25.91,0
01480500,2020,tmax,0,0.0,0.0,0.0,0,25.79,0
01480500,2025,tmax,0,0.0,0.0,0.0,0,25.67,0
01480617,1985,tmax,7,6.9,5.91,103.2,48,27.84,108
01480617,1986,tmax,7,6.6,3.7,66.8,46,28.14,109
01480617,1987,tmax,4,6.5,3.2,50.6,26,29.5,87
01480617,1988,tmax,5,8.8,6.0,105.8,44,30.44,89
01480617,1990,tmax,2,9.0,5.2,46.4,18,27.01,85
01480617,1991,tmax,4,7.2,3.9,54.4,29,27.7,101
01480617,1993,tmax,2,11.5,3.3,33.6,23,28.33,93
01480617,1994,tmax,1,8.0,3.74,17.1,8,28.49,83
01480617,1995,tmax,1,5.0,1.8,5.2,5,27.93,37
01480617,1997,tmax,1,5.0,1.2,4.1,5,27.31,80
01480617,1998,tmax,2,5.5,3.47,16.8,11,26.16,99
01480617,1999,tmax,2,5.5,3.5,23.5,11,27.86,94
01480617,2000,tmax,1,6.0,3.0,11.3,6,24.43,64
01480617,2001,tmax,2,5.0,3.3,19.3,10,27.37,92
01480617,2002,tmax,4,8.0,6.3,60.3,32,28.21,104
01480617,2003,tmax,1,6.0,3.13,7.4,6,23.79,53
01480617,2004,tmax,2,7.5,2.7,18.3,15,24.2,78
01480617,2005,tmax,1,5.0,0.9,2.7,5,26.44,100
01480617,2006,tmax,1,5.0,3.66,8.4,5,27.47,71
01480617,2007,tmax,1,6.0,1.66,5.6,6,25.73,79
01480617,2008,tmax,1,6.0,2.3,7.2,6,26.54,88
01480617,2010,tmax,1,8.0,3.26,13.8,8,26.89,93
01480617,2011,tmax,1,5.0,2.5,6.7,5,28.11,82
01480617,2012,tmax,2,9.5,4.5,40.1,19,27.09,91
01480617,2016,tmax,2,7.5,1.99,13.3,15,27.64,107
01480617,2017,tmax,2,5.5,1.9,9.7,11,26.46,82
01480617,2020,tmax,1,6.0,4.5,10.6,6,26.71,85
01480617,2021,tmax,1,5.0,3.04,9.2,5,25.83,76
01480617,2022,tmax,1,5.0,1.6,3.5,5,26.69,88
01480617,2023,tmax,3,5.3,2.56,20.5,16,25.61,77
01480617,2024,tmax,2,6.5,1.7,13.0,13,27.34,85
01480617,2025,tmax,1,5.0,1.9,5.5,5,26.06,70
01480617,1992,tmax,0,0.0,0.0,0.0,0,26.4,0
01480617,1996,tmax,0,0.0,0.0,0.0,0,24.26,0
01480617,2009,tmax,0,0.0,0.0,0.0,0,24.91,0
01480617,2013,tmax,0,0.0,0.0,0.0,0,25.87,0
01480617,2014,tmax,0,0.0,0.0,0.0,0,24.54,0
01480617,2015,tmax,0,0.0,0.0,0.0,0,25.26,0
01480617,2018,tmax,0,0.0,0.0,0.0,0,26.17,0
01480617,2019,tmax,0,0.0,0.0,0.0,0,25.31,0
01480870,1985,tmax,4,6.5,7.9,83.4,26,26.9,105
01480870,1986,tmax,2,6.0,3.1,18.2,12,26.09,93
01480870,1987,tmax,2,6.0,2.0,12.3,12,27.9,94
01480870,1988,tmax,1,14.0,2.33,19.8,14,28.54,77
01480870,1991,tmax,1,11.0,2.81,16.4,11,28.01,95
01480870,1993,tmax,1,6.0,1.5,4.7,6,27.5,75
01480870,1994,tmax,1,5.0,3.04,8.8,5,28.17,74
01480870,1995,tmax,4,5.8,3.0,24.5,23,28.27,89
01480870,1997,tmax,1,7.0,1.71,7.2,7,28.44,87
01480870,1998,tmax,2,7.5,4.0,22.8,15,26.57,94
01480870,1999,tmax,2,6.5,3.7,23.9,13,28.66,93
01480870,2001,tmax,1,7.0,2.8,11.1,7,26.73,95
01480870,2002,tmax,5,7.4,7.46,71.3,37,28.14,102
01480870,2004,tmax,1,8.0,2.41,11.9,8,25.83,103
01480870,2005,tmax,1,5.0,1.0,2.5,5,26.7,98
01480870,2008,tmax,1,7.0,2.3,7.2,7,27.04,82
01480870,2012,tmax,1,12.0,4.7,36.6,12,27.79,96
01480870,2016,tmax,4,6.2,3.13,33.7,25,28.41,111
01480870,2017,tmax,2,5.5,2.0,9.2,11,27.13,90
01480870,2020,tmax,1,5.0,1.03,4.5,5,28.13,93
01480870,2021,tmax,2,5.0,3.37,15.3,10,26.64,89
01480870,2022,tmax,4,5.2,3.8,28.3,21,28.2,96
01480870,2023,tmax,4,6.0,3.4,27.0,24,25.91,84
01480870,2024,tmax,4,5.8,2.3,31.5,23,28.06,101
01480870,2025,tmax,3,5.7,3.06,20.6,17,26.33,83
01480870,1990,tmax,0,0.0,0.0,0.0,0,26.34,0
01480870,1992,tmax,0,0.0,0.0,0.0,0,26.07,0
01480870,1996,tmax,0,0.0,0.0,0.0,0,23.7,0
01480870,2000,tmax,0,0.0,0.0,0.0,0,24.59,0
01480870,2003,tmax,0,0.0,0.0,0.0,0,24.54,0
01480870,2006,tmax,0,0.0,0.0,0.0,0,27.11,0
01480870,2007,tmax,0,0.0,0.0,0.0,0,26.01,0
01480870,2009,tmax,0,0.0,0.0,0.0,0,23.86,0
01480870,2010,tmax,0,0.0,0.0,0.0,0,27.04,0
01480870,2011,tmax,0,0.0,0.0,0.0,0,28.46,0
01480870,2013,tmax,0,0.0,0.0,0.0,0,26.79,0
01480870,2014,tmax,0,0.0,0.0,0.0,0,24.27,0
01480870,2015,tmax,0,0.0,0.0,0.0,0,25.93,0
01480870,2018,tmax,0,0.0,0.0,0.0,0,26.64,0
01480870,2019,tmax,0,0.0,0.0,0.0,0,27.06,0
0157155010,1997,tmax,1,5.0,1.3,4.7,5,20.57,0
0157155010,1998,tmax,2,6.5,3.3,25.4,13,20.0,0
0157155010,1999,tmax,2,5.0,1.8,8.0,10,20.07,0
0157155010,2000,tmax,1,6.0,2.8,10.5,6,18.8,0
0157155010,2002,tmax,3,7.3,2.7,19.4,22,21.91,6
0157155010,2003,tmax,1,6.0,1.7,4.8,6,18.21,0
0157155010,2006,tmax,2,5.5,2.5,9.8,11,20.67,0
0157155010,1996,tmax,0,0.0,0.0,0.0,0,11.7,0
0157155010,2001,tmax,0,0.0,0.0,0.0,0,20.66,0
0157155010,2004,tmax,0,0.0,0.0,0.0,0,18.47,0
0157155010,2005,tmax,0,0.0,0.0,0.0,0,20.33,0
0157155010,2007,tmax,0,0.0,0.0,0.0,0,18.03,0
0157155014,1997,tmax,1,5.0,1.95,3.6,5,20.81,1
0157155014,1998,tmax,2,6.0,3.64,24.6,12,20.1,0
0157155014,1999,tmax,4,6.0,3.2,29.4,24,22.07,6
0157155014,2000,tmax,1,7.0,3.2,12.6,7,19.43,0
0157155014,2002,tmax,4,7.8,3.1,31.7,31,22.23,10
0157155014,2006,tmax,1,6.0,2.9,7.1,6,21.13,2
0157155014,1996,tmax,0,0.0,0.0,0.0,0,18.79,0
0157155014,2001,tmax,0,0.0,0.0,0.0,0,20.63,0
0157155014,2003,tmax,0,0.0,0.0,0.0,0,17.16,0
0157155014,2004,tmax,0,0.0,0.0,0.0,0,17.16,0
0157155014,2005,tmax,0,0.0,0.0,0.0,0,20.69,0
0157155014,2007,tmax,0,0.0,0.0,0.0,0,18.21,0
01571778,2002,tmax,6,6.5,3.24,44.0,39,20.94,1
01571778,2004,tmax,1,6.0,1.27,4.7,6,17.64,0
01571778,2005,tmax,1,6.0,2.0,4.2,6,18.19,0
01571778,1999,tmax,0,0.0,0.0,0.0,0,11.93,0
01571778,2000,tmax,0,0.0,0.0,0.0,0,16.69,0
01571778,2001,tmax,0,0.0,0.0,0.0,0,16.91,0
01571778,2003,tmax,0,0.0,0.0,0.0,0,17.4,0
01571778,2006,tmax,0,0.0,0.0,0.0,0,16.69,0
01571778,2007,tmax,0,0.0,0.0,0.0,0,15.79,0
01571820,1997,tmax,1,5.0,1.9,4.3,5,22.3,6
01571820,1998,tmax,2,6.0,3.2,23.2,12,21.24,0
01571820,1999,tmax,3,6.0,4.2,29.4,18,25.01,40
01571820,2002,tmax,2,8.0,2.52,18.3,16,24.64,36
01571820,2003,tmax,1,5.0,1.1,2.9,5,19.9,0
01571820,2006,tmax,1,5.0,2.05,4.2,5,22.34,4
01571820,1996,tmax,0,0.0,0.0,0.0,0,19.83,0
01571820,2000,tmax,0,0.0,0.0,0.0,0,20.27,0
01571820,2001,tmax,0,0.0,0.0,0.0,0,22.1,0
01571820,2004,tmax,0,0.0,0.0,0.0,0,19.81,0
01571820,2005,tmax,0,0.0,0.0,0.0,0,22.26,0
01571820,2007,tmax,0,0.0,0.0,0.0,0,20.81,0
11254000,2013,tmax,1,8.0,1.78,6.0,8,28.21,122
11254000,2014,tmax,6,7.2,2.2,33.0,43,26.81,177
11254000,2015,tmax,6,7.5,2.04,37.3,45,26.59,159
11254000,2016,tmax,1,10.0,1.06,7.3,10,27.41,138
11254000,2018,tmax,1,12.0,0.58,3.9,12,28.17,131
11254000,2020,tmax,4,6.5,1.38,14.7,26,27.79,168
11254000,2021,tmax,1,6.0,0.96,3.0,6,26.91,139
11254000,2017,tmax,0,0.0,0.0,0.0,0,27.13,0
11254000,2019,tmax,0,0.0,0.0,0.0,0,27.74,0
11261500,1986,tmax,2,5.0,2.82,17.5,10,29.43,93
11261500,1987,tmax,1,10.0,1.6,9.8,10,29.43,158
11261500,1988,tmax,4,6.2,2.09,21.9,25,31.29,144
11261500,1989,tmax,1,10.0,3.5,21.9,10,29.93,155
11261500,2001,tmax,1,8.0,2.0,9.4,8,11.57,0
11261500,2002,tmax,1,5.0,1.8,5.7,5,30.79,162
11261500,2003,tmax,1,6.0,1.0,3.1,6,31.86,152
11261500,2004,tmax,1,9.0,1.89,9.0,9,30.43,167
11261500,2005,tmax,1,11.0,2.5,15.0,11,31.07,129
11261500,2006,tmax,1,6.0,2.69,11.3,6,33.0,122
11261500,2007,tmax,3,6.0,1.9,13.8,18,30.7,151
11261500,2008,tmax,3,6.0,2.9,15.4,18,31.03,158
11261500,2009,tmax,2,6.5,1.76,12.2,13,30.21,158
11261500,2010,tmax,1,6.0,0.7,3.2,6,29.86,128
11261500,2012,tmax,2,6.5,4.29,19.3,13,30.41,174
11261500,2014,tmax,11,6.5,2.77,66.1,71,31.66,185
11261500,2015,tmax,5,9.0,3.26,57.8,45,32.19,186
11261500,2016,tmax,3,8.7,2.3,27.8,26,30.69,158
11261500,2017,tmax,1,6.0,1.59,6.8,6,29.3,123
11261500,2018,tmax,2,7.5,1.4,8.6,15,31.01,163
11261500,2021,tmax,3,6.0,2.17,20.7,18,31.8,161
11261500,2023,tmax,1,5.0,1.6,4.4,5,,0
11261500,2024,tmax,7,8.6,2.01,51.4,60,32.84,172
11261500,2025,tmax,2,9.0,2.07,16.5,18,30.29,170
11261500,1990,tmax,0,0.0,0.0,0.0,0,,0
11261500,1991,tmax,0,0.0,0.0,0.0,0,,0
11261500,1992,tmax,0,0.0,0.0,0.0,0,,0
11261500,1993,tmax,0,0.0,0.0,0.0,0,,0
11261500,1994,tmax,0,0.0,0.0,0.0,0,,0
11261500,1995,tmax,0,0.0,0.0,0.0,0,,0
11261500,1996,tmax,0,0.0,0.0,0.0,0,,0
11261500,1997,tmax,0,0.0,0.0,0.0,0,,0
11261500,1998,tmax,0,0.0,0.0,0.0,0,,0
11261500,1999,tmax,0,0.0,0.0,0.0,0,,0
11261500,2000,tmax,0,0.0,0.0,0.0,0,,0
11261500,2011,tmax,0,0.0,0.0,0.0,0,28.61,0
11261500,2013,tmax,0,0.0,0.0,0.0,0,32.1,0
11261500,2019,tmax,0,0.0,0.0,0.0,0,30.04,0
11261500,2020,tmax,0,0.0,0.0,0.0,0,30.63,0
11261500,2022,tmax,0,0.0,0.0,0.0,0,29.34,0
11262900,1985,tmax,1,8.0,1.9,9.4,8,19.5,0
11262900,1986,tmax,5,7.8,4.85,84.8,39,30.5,144
11262900,1988,tmax,4,7.0,2.4,29.5,28,33.43,163
11262900,1989,tmax,1,6.0,1.5,5.9,6,32.86,169
11262900,1990,tmax,7,5.9,3.8,64.4,41,33.21,177
11262900,1991,tmax,5,12.4,3.45,85.1,62,32.14,143
11262900,1992,tmax,5,7.2,2.78,45.1,36,33.07,135
11262900,1993,tmax,1,10.0,3.05,16.5,10,31.57,170
11262900,1994,tmax,2,7.5,2.5,17.6,15,30.93,178
11262900,1995,tmax,4,6.5,2.5,26.0,26,31.86,143
11262900,1996,tmax,6,6.3,3.4,63.9,38,33.57,140
11262900,1997,tmax,1,7.0,1.4,5.4,7,29.07,168
11262900,2000,tmax,1,6.0,1.0,4.7,6,29.21,165
11262900,2001,tmax,1,6.0,1.56,5.7,6,29.64,139
11262900,2002,tmax,1,5.0,1.6,4.3,5,29.93,165
11262900,2004,tmax,1,7.0,1.5,7.5,7,29.71,175
11262900,2005,tmax,1,10.0,2.5,12.7,10,31.79,153
11262900,2006,tmax,1,6.0,2.4,9.9,6,33.5,152
11262900,2007,tmax,2,6.0,1.5,8.2,12,30.81,160
11262900,2008,tmax,2,5.5,2.9,12.8,11,30.69,161
11262900,2010,tmax,2,5.0,1.14,5.5,10,30.81,153
11262900,2011,tmax,1,6.0,1.1,3.8,6,31.07,156
11262900,2012,tmax,2,6.0,1.1,8.0,12,31.27,178
11262900,2014,tmax,8,8.0,3.0,97.5,64,33.46,189
11262900,2015,tmax,4,7.2,3.02,26.7,29,31.7,142
11262900,2016,tmax,3,9.0,2.4,29.7,27,32.17,169
11262900,2017,tmax,2,6.5,2.9,17.5,13,32.19,153
11262900,2018,tmax,3,9.7,1.55,22.5,29,32.23,177
11262900,2019,tmax,1,6.0,2.0,5.5,6,32.5,161
11262900,2020,tmax,2,5.5,2.2,10.2,11,31.83,184
11262900,2021,tmax,3,5.0,2.22,18.6,15,31.67,183
11262900,2022,tmax,2,5.5,1.15,5.1,11,30.49,177
11262900,1998,tmax,0,0.0,0.0,0.0,0,30.57,0
11262900,1999,tmax,0,0.0,0.0,0.0,0,30.0,0
11262900,2003,tmax,0,0.0,0.0,0.0,0,31.29,0
11262900,2009,tmax,0,0.0,0.0,0.0,0,31.41,0
11262900,2013,tmax,0,0.0,0.0,0.0,0,31.63,0
11273400,2009,tmax,1,8.0,1.91,6.1,8,28.97,36
11273400,2010,tmax,1,5.0,0.51,1.7,5,30.49,140
11273400,2012,tmax,1,8.0,0.7,3.1,8,31.19,172
11273400,2014,tmax,10,6.6,2.82,71.7,66,33.43,193
11273400,2015,tmax,7,8.6,3.5,68.6,60,32.86,196
11273400,2016,tmax,2,7.5,1.9,17.2,15,31.4,162
11273400,2017,tmax,1,6.0,1.92,8.2,6,30.39,133
11273400,2018,tmax,1,9.0,1.5,7.1,9,31.2,155
11273400,2021,tmax,1,5.0,1.1,3.1,5,32.47,172
11273400,2022,tmax,1,6.0,2.64,8.2,6,31.73,165
11273400,2023,tmax,1,5.0,2.28,6.4,5,,0
11273400,2024,tmax,2,12.0,2.79,21.6,24,32.96,168
11273400,2025,tmax,1,10.0,2.22,12.8,10,30.6,175
11273400,2011,tmax,0,0.0,0.0,0.0,0,28.34,0
11273400,2013,tmax,0,0.0,0.0,0.0,0,32.73,0
11273400,2019,tmax,0,0.0,0.0,0.0,0,30.39,0
11273400,2020,tmax,0,0.0,0.0,0.0,0,31.96,0
11273500,1992,tmax,4,16.5,9.5,244.1,66,31.93,151
11273500,1993,tmax,1,9.0,1.5,7.6,9,27.29,83
11273500,1994,tmax,3,9.7,3.5,47.7,29,30.71,152
11273500,1995,tmax,3,7.7,2.5,22.5,23,23.93,36
11273500,1996,tmax,1,5.0,1.35,4.1,5,30.29,114
11273500,1997,tmax,1,5.0,0.6,2.5,5,29.0,48
11273500,2000,tmax,1,5.0,1.0,3.0,5,30.29,115
11273500,2001,tmax,2,5.5,3.0,17.9,11,30.5,143
11273500,2002,tmax,2,5.5,2.0,10.8,11,31.29,120
11273500,2003,tmax,1,5.0,1.5,5.2,5,29.64,90
11273500,2004,tmax,1,16.0,1.5,13.4,16,30.86,131
11273500,1998,tmax,0,0.0,0.0,0.0,0,25.5,0
11273500,1999,tmax,0,0.0,0.0,0.0,0,31.79,0
11274538,1992,tmax,1,8.0,3.5,15.0,8,28.36,129
11274538,1993,tmax,1,5.0,2.09,8.1,5,29.21,141
11274538,1994,tmax,2,8.0,3.5,22.1,16,28.5,135
11274538,1995,tmax,4,10.5,4.42,69.0,42,28.43,94
11274538,1996,tmax,4,6.8,3.48,41.1,27,30.0,119
11274538,1997,tmax,1,5.0,1.5,4.5,5,28.79,127
11274538,1998,tmax,1,8.0,2.5,12.2,8,29.21,112
11274538,1999,tmax,1,6.0,1.5,5.3,6,28.0,125
11274538,2001,tmax,5,6.2,3.5,48.8,31,30.79,151
11274538,2003,tmax,1,8.0,1.5,6.6,8,29.93,124
11274538,2005,tmax,2,7.5,3.0,19.8,15,29.43,101
11274538,2009,tmax,1,5.0,3.8,11.6,5,28.01,106
11274538,2010,tmax,1,5.0,0.9,3.3,5,25.63,19
11274538,2014,tmax,1,6.0,2.57,8.2,6,13.24,0
11274538,2017,tmax,1,5.0,0.49,1.4,5,19.14,0
11274538,2000,tmax,0,0.0,0.0,0.0,0,28.57,0
11274538,2002,tmax,0,0.0,0.0,0.0,0,28.29,0
11274538,2004,tmax,0,0.0,0.0,0.0,0,27.36,0
11274538,2006,tmax,0,0.0,0.0,0.0,0,24.14,0
11274538,2007,tmax,0,0.0,0.0,0.0,0,26.63,0
11274538,2008,tmax,0,0.0,0.0,0.0,0,26.77,0
11274538,2011,tmax,0,0.0,0.0,0.0,0,27.21,0
11274538,2012,tmax,0,0.0,0.0,0.0,0,27.97,0
11274538,2013,tmax,0,0.0,0.0,0.0,0,26.46,0
11274538,2015,tmax,0,0.0,0.0,0.0,0,10.3,0
11274538,2016,tmax,0,0.0,0.0,0.0,0,17.41,0
11274538,2018,tmax,0,0.0,0.0,0.0,0,28.2,0
11274550,1996,tmax,3,6.0,2.5,20.3,18,29.57,126
11274550,1997,tmax,1,5.0,0.5,1.6,5,28.36,143
11274550,2000,tmax,1,6.0,1.4,5.6,6,29.07,141
11274550,2001,tmax,2,6.0,2.0,12.7,12,29.29,135
11274550,2002,tmax,2,5.0,1.62,8.8,10,30.21,136
11274550,2003,tmax,1,13.0,1.8,11.6,13,30.93,143
11274550,2004,tmax,1,7.0,1.35,5.9,7,29.5,146
11274550,2005,tmax,2,8.5,1.9,17.2,17,27.0,76
11274550,2007,tmax,2,6.0,0.74,4.8,12,29.34,132
11274550,2008,tmax,1,6.0,0.6,2.8,6,29.93,142
11274550,2009,tmax,2,6.0,2.1,9.8,12,29.96,152
11274550,2010,tmax,1,6.0,0.9,3.8,6,23.56,9
11274550,2012,tmax,5,6.4,3.0,25.7,32,29.27,158
11274550,2013,tmax,3,7.0,2.1,19.4,21,31.26,153
11274550,2014,tmax,9,7.6,3.52,71.9,68,30.16,182
11274550,2015,tmax,8,8.6,3.2,87.8,69,29.89,182
11274550,2016,tmax,3,9.3,2.3,28.3,28,30.0,156
11274550,2017,tmax,1,6.0,1.5,6.1,6,27.8,103
11274550,2018,tmax,3,8.0,1.6,15.3,24,29.03,130
11274550,2020,tmax,2,5.0,1.7,7.5,10,29.93,156
11274550,2021,tmax,1,5.0,1.3,3.8,5,29.29,160
11274550,2023,tmax,1,5.0,2.0,4.9,5,,0
11274550,2024,tmax,4,9.5,2.17,31.1,38,30.64,144
11274550,2025,tmax,1,8.0,1.8,8.9,8,29.29,156
11274550,1998,tmax,0,0.0,0.0,0.0,0,27.64,0
11274550,1999,tmax,0,0.0,0.0,0.0,0,29.5,0
11274550,2006,tmax,0,0.0,0.0,0.0,0,29.86,0
11274550,2011,tmax,0,0.0,0.0,0.0,0,26.33,0
11274550,2019,tmax,0,0.0,0.0,0.0,0,28.67,0
11274550,2022,tmax,0,0.0,0.0,0.0,0,28.19,0
11290000,1988,tmax,1,37.0,3.5,66.3,37,25.0,21
11290000,1989,tmax,1,10.0,0.9,5.8,10,28.0,142
11290000,1990,tmax,3,6.3,2.2,19.8,19,32.64,138
11290000,1991,tmax,7,11.7,4.59,161.9,82,33.43,154
11290000,1992,tmax,7,12.1,2.67,109.0,85,32.71,153
11290000,1993,tmax,1,20.0,3.97,45.2,20,28.36,46
11290000,1994,tmax,5,5.8,2.0,18.8,29,32.29,103
11290000,1995,tmax,1,8.0,1.6,6.3,8,13.21,0
11290000,2001,tmax,2,9.5,1.86,15.3,19,30.07,139
11290000,2002,tmax,1,7.0,1.17,6.2,7,31.21,137
11290000,2003,tmax,2,7.5,1.5,9.4,15,29.21,127
11290000,2012,tmax,2,7.0,4.08,20.3,14,30.99,137
11290000,2014,tmax,10,7.7,2.9,77.7,77,31.89,177
11290000,2015,tmax,7,12.7,3.72,116.7,89,32.3,186
11290000,2016,tmax,4,7.0,1.52,22.4,28,32.63,140
11290000,2017,tmax,1,5.0,0.6,2.0,5,18.57,0
11290000,2018,tmax,3,6.3,0.6,5.3,19,30.66,124
11290000,2020,tmax,4,6.2,2.2,21.8,25,32.5,148
11290000,2021,tmax,8,8.2,2.33,55.5,66,32.91,162
11290000,2022,tmax,5,9.0,2.9,44.8,45,32.67,165
11290000,1996,tmax,0,0.0,0.0,0.0,0,,0
11290000,1997,tmax,0,0.0,0.0,0.0,0,,0
11290000,1998,tmax,0,0.0,0.0,0.0,0,,0
11290000,1999,tmax,0,0.0,0.0,0.0,0,,0
11290000,2000,tmax,0,0.0,0.0,0.0,0,,0
11290000,2004,tmax,0,0.0,0.0,0.0,0,21.86,0
11290000,2005,tmax,0,0.0,0.0,0.0,0,23.5,0
11290000,2006,tmax,0,0.0,0.0,0.0,0,21.07,0
11290000,2007,tmax,0,0.0,0.0,0.0,0,29.64,0
11290000,2008,tmax,0,0.0,0.0,0.0,0,30.47,0
11290000,2009,tmax,0,0.0,0.0,0.0,0,30.63,0
11290000,2010,tmax,0,0.0,0.0,0.0,0,24.51,0
11290000,2011,tmax,0,0.0,0.0,0.0,0,21.09,0
11290000,2013,tmax,0,0.0,0.0,0.0,0,33.09,0
11290000,2019,tmax,0,0.0,0.0,0.0,0,26.51,0
11290000,2023,tmax,0,0.0,0.0,0.0,0,11.43,0
11303500,1985,tmax,3,12.0,3.3,46.1,36,26.79,67
11303500,1986,tmax,3,7.0,4.0,29.1,21,25.93,67
11303500,1987,tmax,3,9.7,5.2,76.1,29,27.07,118
11303500,1988,tmax,5,9.2,7.0,103.1,46,26.79,105
11303500,1989,tmax,7,14.0,6.4,262.9,98,27.86,101
11303500,1990,tmax,13,14.0,8.4,555.1,182,34.36,177
11303500,1991,tmax,8,7.5,5.5,85.0,60,30.29,149
11303500,1992,tmax,6,11.2,3.54,117.5,67,29.36,147
11303500,1993,tmax,2,8.0,2.0,14.6,16,27.14,89
11303500,1994,tmax,2,7.0,2.7,17.4,14,27.14,128
11303500,1995,tmax,1,7.0,1.0,5.1,7,24.79,53
11303500,1996,tmax,1,6.0,2.0,7.0,6,27.5,106
11303500,2000,tmax,1,5.0,0.8,2.8,5,27.43,73
11303500,2001,tmax,3,9.0,1.94,29.4,27,27.79,129
11303500,2002,tmax,2,6.0,1.0,6.5,12,28.0,82
11303500,2003,tmax,1,5.0,1.3,3.8,5,29.14,124
11303500,2005,tmax,1,8.0,1.5,8.5,8,25.21,63
11303500,2007,tmax,2,5.5,1.6,7.0,11,27.67,71
11303500,2008,tmax,1,6.0,0.78,2.3,6,27.69,110
11303500,2012,tmax,1,9.0,1.3,8.3,9,28.1,112
11303500,2013,tmax,2,10.5,1.88,18.3,21,30.37,121
11303500,2014,tmax,8,7.1,3.82,76.5,57,29.19,128
11303500,2015,tmax,13,12.5,5.8,281.6,163,30.57,166
11303500,2016,tmax,5,9.6,2.6,61.3,48,29.99,125
11303500,2018,tmax,2,6.5,0.9,6.6,13,28.69,104
11303500,2020,tmax,4,8.0,2.9,36.2,32,29.81,115
11303500,2021,tmax,1,10.0,4.0,21.1,10,25.56,67
11303500,2022,tmax,3,5.3,2.3,21.4,16,27.36,130
11303500,1997,tmax,0,0.0,0.0,0.0,0,27.5,0
11303500,1998,tmax,0,0.0,0.0,0.0,0,24.14,0
11303500,1999,tmax,0,0.0,0.0,0.0,0,26.79,0
11303500,2004,tmax,0,0.0,0.0,0.0,0,27.93,0
11303500,2006,tmax,0,0.0,0.0,0.0,0,26.14,0
11303500,2009,tmax,0,0.0,0.0,0.0,0,28.31,0
11303500,2010,tmax,0,0.0,0.0,0.0,0,26.79,0
11303500,2011,tmax,0,0.0,0.0,0.0,0,21.89,0
11303500,2017,tmax,0,0.0,0.0,0.0,0,22.06,0
11303500,2019,tmax,0,0.0,0.0,0.0,0,22.91,0
11303500,2023,tmax,0,0.0,0.0,0.0,0,18.36,0
11389500,1995,tmax,0,0.0,0.0,0.0,0,16.64,0
11389500,1996,tmax,0,0.0,0.0,0.0,0,19.86,0
11389500,1997,tmax,0,0.0,0.0,0.0,0,20.71,0
11389500,1998,tmax,0,0.0,0.0,0.0,0,19.43,0
11390500,1985,tmax,2,11.0,2.05,21.3,22,21.93,0
11390500,1986,tmax,1,5.0,1.0,3.9,5,22.71,9
11390500,1987,tmax,2,11.5,1.5,22.4,23,22.0,1
11390500,1988,tmax,2,14.5,2.2,34.7,29,23.71,31
11390500,1989,tmax,2,6.5,1.5,8.0,13,21.07,0
11390500,1990,tmax,3,6.0,1.3,9.8,18,23.0,31
11390500,1991,tmax,5,13.4,2.0,46.4,67,23.93,40
11390500,1992,tmax,6,10.7,1.7,48.1,64,24.93,77
11390500,1995,tmax,1,9.0,0.88,4.6,9,20.71,0
11390500,1996,tmax,1,5.0,0.7,2.1,5,20.64,0
11390500,1997,tmax,1,6.0,0.62,2.3,6,20.5,0
11390500,1998,tmax,1,8.0,1.0,6.2,8,20.64,0
11390500,1999,tmax,1,5.0,0.8,3.0,5,20.86,0
11390500,2002,tmax,1,9.0,1.5,5.5,9,22.0,1
11390500,2005,tmax,2,8.0,1.5,16.7,16,21.93,0
11390500,2007,tmax,1,7.0,0.9,4.8,7,21.81,3
11390500,2008,tmax,2,6.0,0.4,3.7,12,21.97,7
11390500,2009,tmax,1,12.0,0.78,4.8,12,22.86,29
11390500,2012,tmax,1,5.0,0.7,2.0,5,21.77,3
11390500,2014,tmax,14,10.8,2.5,139.9,151,24.29,104
11390500,2015,tmax,10,20.6,5.0,280.1,206,26.71,104
11390500,2016,tmax,5,8.2,1.73,32.3,41,25.04,63
11390500,2018,tmax,3,10.7,1.9,25.4,32,22.26,22
11390500,2020,tmax,2,7.0,0.63,5.2,14,22.59,27
11390500,2021,tmax,8,12.9,2.9,96.6,103,25.89,90
11390500,2022,tmax,8,19.5,4.4,359.3,156,26.96,116
11390500,1993,tmax,0,0.0,0.0,0.0,0,20.86,0
11390500,1994,tmax,0,0.0,0.0,0.0,0,21.14,0
11390500,2000,tmax,0,0.0,0.0,0.0,0,21.29,0
11390500,2001,tmax,0,0.0,0.0,0.0,0,21.29,0
11390500,2003,tmax,0,0.0,0.0,0.0,0,21.64,0
11390500,2004,tmax,0,0.0,0.0,0.0,0,21.29,0
11390500,2006,tmax,0,0.0,0.0,0.0,0,21.36,0
11390500,2010,tmax,0,0.0,0.0,0.0,0,22.31,0
11390500,2011,tmax,0,0.0,0.0,0.0,0,21.56,0
11390500,2013,tmax,0,0.0,0.0,0.0,0,22.13,0
11390500,2017,tmax,0,0.0,0.0,0.0,0,23.61,0
11390500,2019,tmax,0,0.0,0.0,0.0,0,22.7,0
11390500,2023,tmax,0,0.0,0.0,0.0,0,13.54,0
11390890,1996,tmax,5,25.0,8.4,510.2,125,29.21,106
11390890,1997,tmax,2,31.0,5.9,182.4,62,26.36,54
11390890,1995,tmax,0,0.0,0.0,0.0,0,16.07,0
11390890,1998,tmax,0,0.0,0.0,0.0,0,22.07,0
11425500,1996,tmax,2,6.0,1.5,8.1,12,22.36,11
11425500,1997,tmax,1,5.0,0.5,1.3,5,23.64,36
11425500,2008,tmax,2,6.5,2.03,10.5,13,25.26,113
11425500,2009,tmax,1,10.0,1.0,5.4,10,24.27,71
11425500,2014,tmax,11,7.5,2.72,75.1,82,26.51,139
11425500,2015,tmax,13,10.4,3.91,130.6,135,26.9,125
11425500,2016,tmax,2,6.5,1.14,5.9,13,23.24,24
11425500,1995,tmax,0,0.0,0.0,0.0,0,16.79,0
11425500,1998,tmax,0,0.0,0.0,0.0,0,22.21,0
11425500,1999,tmax,0,0.0,0.0,0.0,0,,0
11425500,2000,tmax,0,0.0,0.0,0.0,0,,0
11425500,2001,tmax,0,0.0,0.0,0.0,0,,0
11425500,2002,tmax,0,0.0,0.0,0.0,0,,0
11425500,2003,tmax,0,0.0,0.0,0.0,0,,0
11425500,2004,tmax,0,0.0,0.0,0.0,0,,0
11425500,2005,tmax,0,0.0,0.0,0.0,0,,0
11425500,2006,tmax,0,0.0,0.0,0.0,0,,0
11425500,2007,tmax,0,0.0,0.0,0.0,0,,0
11425500,2010,tmax,0,0.0,0.0,0.0,0,23.01,0
11425500,2011,tmax,0,0.0,0.0,0.0,0,22.21,0
11425500,2012,tmax,0,0.0,0.0,0.0,0,23.39,0
11425500,2013,tmax,0,0.0,0.0,0.0,0,24.54,0
11425500,2017,tmax,0,0.0,0.0,0.0,0,23.73,0
11451800,2019,tmax,1,5.0,1.3,2.7,5,22.94,6
11451800,2020,tmax,1,7.0,1.95,6.1,7,21.26,0
11451800,2021,tmax,1,5.0,0.68,1.4,5,22.31,6
11451800,2022,tmax,4,12.2,5.72,87.6,49,24.07,21
11451800,2023,tmax,1,7.0,3.16,13.3,7,22.01,5
11451800,2024,tmax,1,16.0,3.86,29.1,16,20.69,0
11451800,2025,tmax,1,10.0,3.25,21.0,10,20.93,0
11451800,2016,tmax,0,0.0,0.0,0.0,0,19.24,0
11451800,2017,tmax,0,0.0,0.0,0.0,0,19.06,0
11451800,2018,tmax,0,0.0,0.0,0.0,0,20.13,0
11452600,2014,tmax,1,5.0,2.3,6.6,5,21.27,5
11452600,2011,tmax,0,0.0,0.0,0.0,0,22.1,0
11452600,2012,tmax,0,0.0,0.0,0.0,0,23.76,0
11452600,2013,tmax,0,0.0,0.0,0.0,0,19.3,0
11452600,2015,tmax,0,0.0,0.0,0.0,0,,0
11452600,2016,tmax,0,0.0,0.0,0.0,0,20.36,0
11452800,2016,tmax,0,0.0,0.0,0.0,0,19.47,0
11452800,2017,tmax,0,0.0,0.0,0.0,0,20.17,0
11452800,2018,tmax,0,0.0,0.0,0.0,0,,0
11452800,2019,tmax,0,0.0,0.0,0.0,0,19.47,0
11452900,2018,tmean,1,7.0,2.57,7.6,7,11.91,0
11452900,2019,tmean,2,27.5,11.93,198.4,55,22.36,5
11452900,2020,tmean,4,9.5,4.7,66.7,38,15.71,0
11452900,2023,tmean,1,157.0,14.6,1484.1,157,25.29,72
11452900,2024,tmean,3,24.0,11.02,281.5,72,21.91,2
11452900,2025,tmean,3,16.0,8.65,176.7,48,20.41,0
11452900,2016,tmean,0,0.0,0.0,0.0,0,8.34,0
11452900,2017,tmean,0,0.0,0.0,0.0,0,11.16,0
11452900,2021,tmean,0,0.0,0.0,0.0,0,,0
11452900,2022,tmean,0,0.0,0.0,0.0,0,,0
11455780,2001,tmax,3,7.3,1.5,12.2,22,21.86,1
11455780,2003,tmax,1,5.0,0.9,2.2,5,22.36,4
11455780,2004,tmax,2,7.0,1.6,6.6,14,22.43,3
11455780,2005,tmax,2,7.5,1.0,5.0,15,21.79,0
11455780,2006,tmax,2,9.5,2.0,15.0,19,23.5,11
11455780,2011,tmax,1,5.0,0.8,1.5,5,21.29,0
11455780,2013,tmax,2,7.5,1.2,7.5,15,22.04,3
11455780,2014,tmax,5,13.8,1.9,46.7,69,21.97,1
11455780,2015,tmax,9,14.4,2.24,73.8,130,22.5,17
11455780,2016,tmax,2,8.5,0.68,6.2,17,21.29,0
11455780,1997,tmax,0,0.0,0.0,0.0,0,10.49,0
11455780,1998,tmax,0,0.0,0.0,0.0,0,22.03,0
11455780,1999,tmax,0,0.0,0.0,0.0,0,,0
11455780,2000,tmax,0,0.0,0.0,0.0,0,,0
11455780,2002,tmax,0,0.0,0.0,0.0,0,21.43,0
11455780,2007,tmax,0,0.0,0.0,0.0,0,21.71,0
11455780,2008,tmax,0,0.0,0.0,0.0,0,21.93,0
11455780,2009,tmax,0,0.0,0.0,0.0,0,21.14,0
11455780,2010,tmax,0,0.0,0.0,0.0,0,20.43,0
11455780,2012,tmax,0,0.0,0.0,0.0,0,20.41,0
11455820,2001,tmax,2,7.0,1.0,8.7,14,21.0,0
11455820,2004,tmax,1,5.0,0.5,2.1,5,21.64,0
11455820,2005,tmax,1,5.0,1.44,4.0,5,21.14,0
11455820,2006,tmax,1,11.0,1.1,6.5,11,22.71,7
11455820,2014,tmax,6,19.2,2.5,98.9,115,21.91,1
11455820,2015,tmax,6,19.7,1.8,81.3,118,22.44,10
11455820,2016,tmax,3,9.0,1.1,8.5,27,20.79,0
11455820,1998,tmax,0,0.0,0.0,0.0,0,16.71,0
11455820,1999,tmax,0,0.0,0.0,0.0,0,20.57,0
11455820,2000,tmax,0,0.0,0.0,0.0,0,20.5,0
11455820,2002,tmax,0,0.0,0.0,0.0,0,21.07,0
11455820,2003,tmax,0,0.0,0.0,0.0,0,21.79,0
11455820,2007,tmax,0,0.0,0.0,0.0,0,21.5,0
11455820,2008,tmax,0,0.0,0.0,0.0,0,21.43,0
11455820,2009,tmax,0,0.0,0.0,0.0,0,20.79,0
11455820,2010,tmax,0,0.0,0.0,0.0,0,20.14,0
11455820,2011,tmax,0,0.0,0.0,0.0,0,21.0,0
11455820,2012,tmax,0,0.0,0.0,0.0,0,19.56,0
11455820,2013,tmax,0,0.0,0.0,0.0,0,16.96,0
11458370,2003,tmax,3,6.3,1.5,15.2,19,22.36,10
11458370,2004,tmax,3,7.3,1.5,15.9,22,22.93,11
11458370,2005,tmax,1,7.0,1.5,7.7,7,22.0,2
11458370,1998,tmax,0,0.0,0.0,0.0,0,18.21,0
11458370,1999,tmax,0,0.0,0.0,0.0,0,22.0,0
11458370,2000,tmax,0,0.0,0.0,0.0,0,21.5,0
11458370,2001,tmax,0,0.0,0.0,0.0,0,21.93,0
11458370,2002,tmax,0,0.0,0.0,0.0,0,21.57,0
11468900,2001,tmax,1,7.0,1.3,4.8,7,25.57,66
11468900,2002,tmax,4,6.0,1.6,14.1,24,26.29,89
11468900,2003,tmax,2,8.5,1.24,10.2,17,26.87,75
11468900,2004,tmax,4,7.8,1.6,25.0,31,27.69,89
11468900,2005,tmax,1,7.0,1.4,4.3,7,24.36,41
11468900,2007,tmax,1,5.0,1.5,4.4,5,24.34,20
11468900,2008,tmax,1,7.0,4.24,20.5,7,24.37,63
11468900,2009,tmax,1,5.0,1.9,6.0,5,26.44,61
11468900,2012,tmax,1,5.0,1.4,4.1,5,25.07,53
11468900,2014,tmax,2,11.5,1.8,23.1,23,26.93,73
11468900,2015,tmax,7,7.7,2.15,40.5,54,26.5,89
11468900,2016,tmax,1,5.0,0.7,2.2,5,26.79,67
11468900,2017,tmax,1,6.0,1.76,5.3,6,24.77,37
11468900,2020,tmax,1,6.0,0.61,2.0,6,25.16,61
11468900,2021,tmax,4,8.0,1.9,27.5,32,26.64,88
11468900,2022,tmax,1,12.0,1.9,12.2,12,24.14,56
11468900,2023,tmax,2,5.0,1.4,8.3,10,26.46,61
11468900,2024,tmax,3,10.0,1.52,16.9,30,26.04,56
11468900,2025,tmax,3,8.0,1.5,18.7,24,25.34,69
11468900,2006,tmax,0,0.0,0.0,0.0,0,13.07,0
11468900,2010,tmax,0,0.0,0.0,0.0,0,23.0,0
11468900,2011,tmax,0,0.0,0.0,0.0,0,23.43,0
11468900,2013,tmax,0,0.0,0.0,0.0,0,25.21,0
11468900,2018,tmax,0,0.0,0.0,0.0,0,25.53,0
11468900,2019,tmax,0,0.0,0.0,0.0,0,24.39,0
11474500,2003,tmax,1,5.0,0.43,0.8,5,29.51,121
11474500,2004,tmax,2,5.0,1.15,6.0,10,30.51,124
11474500,2002,tmax,0,0.0,0.0,0.0,0,26.86,0
11474500,2005,tmax,0,0.0,0.0,0.0,0,29.67,0
11492200,1987,tmax,2,20.5,1.4,23.8,41,15.0,0
11492200,1988,tmax,1,9.0,0.9,5.2,9,16.57,0
11492200,1991,tmax,2,13.0,1.96,21.5,26,16.86,0
11492200,1992,tmax,3,16.3,2.6,45.9,49,17.07,0
11492200,1998,tmax,1,8.0,0.71,3.5,8,18.07,0
11492200,2001,tmax,1,5.0,1.3,3.9,5,16.57,0
11492200,2003,tmax,4,14.8,0.65,15.6,59,18.83,0
11492200,2004,tmax,10,9.0,1.95,42.7,90,20.03,0
11492200,1990,tmax,0,0.0,0.0,0.0,0,17.43,0
11492200,1993,tmax,0,0.0,0.0,0.0,0,14.21,0
11492200,1994,tmax,0,0.0,0.0,0.0,0,18.36,0
11492200,1995,tmax,0,0.0,0.0,0.0,0,15.14,0
11492200,1996,tmax,0,0.0,0.0,0.0,0,16.21,0
11492200,1997,tmax,0,0.0,0.0,0.0,0,16.0,0
11492200,1999,tmax,0,0.0,0.0,0.0,0,15.79,0
11492200,2000,tmax,0,0.0,0.0,0.0,0,16.86,0
11492200,2002,tmax,0,0.0,0.0,0.0,0,17.64,0
12113390,1996,tmax,1,6.0,0.41,1.2,6,23.03,14
12113390,1998,tmax,3,6.7,1.2,11.3,20,23.39,15
12113390,2014,tmax,4,5.5,1.0,10.4,22,21.54,0
12113390,2015,tmax,13,6.9,3.26,97.1,90,24.17,25
12113390,2016,tmax,3,6.0,2.41,23.0,18,21.37,2
12113390,2021,tmax,2,5.5,1.1,5.9,11,22.17,14
12113390,2022,tmax,1,6.0,0.7,2.5,6,22.31,5
12113390,2023,tmax,2,6.0,2.51,16.0,12,23.01,18
12113390,2025,tmax,7,7.9,2.0,51.4,55,22.66,9
12113390,1997,tmax,0,0.0,0.0,0.0,0,21.2,0
12113390,1999,tmax,0,0.0,0.0,0.0,0,20.26,0
12113390,2000,tmax,0,0.0,0.0,0.0,0,,0
12113390,2001,tmax,0,0.0,0.0,0.0,0,,0
12113390,2002,tmax,0,0.0,0.0,0.0,0,,0
12113390,2003,tmax,0,0.0,0.0,0.0,0,,0
12113390,2004,tmax,0,0.0,0.0,0.0,0,,0
12113390,2005,tmax,0,0.0,0.0,0.0,0,,0
12113390,2006,tmax,0,0.0,0.0,0.0,0,,0
12113390,2007,tmax,0,0.0,0.0,0.0,0,,0
12113390,2008,tmax,0,0.0,0.0,0.0,0,,0
12113390,2009,tmax,0,0.0,0.0,0.0,0,,0
12113390,2010,tmax,0,0.0,0.0,0.0,0,,0
12113390,2011,tmax,0,0.0,0.0,0.0,0,,0
12113390,2012,tmax,0,0.0,0.0,0.0,0,,0
12113390,2013,tmax,0,0.0,0.0,0.0,0,6.73,0
12113390,2017,tmax,0,0.0,0.0,0.0,0,21.57,0
12113390,2018,tmax,0,0.0,0.0,0.0,0,22.76,0
12113390,2019,tmax,0,0.0,0.0,0.0,0,21.81,0
12113390,2020,tmax,0,0.0,0.0,0.0,0,21.16,0
12113390,2024,tmax,0,0.0,0.0,0.0,0,21.7,0
12113415,2016,tmax,2,5.0,1.63,5.8,10,21.46,1
12113415,2015,tmax,0,0.0,0.0,0.0,0,22.59,0
12113415,2017,tmax,0,0.0,0.0,0.0,0,21.81,0
12113415,2018,tmax,0,0.0,0.0,0.0,0,23.09,0
12113415,2019,tmax,0,0.0,0.0,0.0,0,22.06,0
12119000,1992,tmax,6,6.5,2.4,31.4,39,20.2,0
12119000,1994,tmax,4,6.0,1.5,10.9,24,20.36,0
12119000,1995,tmax,4,5.8,2.1,17.5,23,20.79,0
12119000,2002,tmax,1,5.0,0.9,3.2,5,18.63,0
12119000,2003,tmax,1,5.0,1.3,2.6,5,20.14,0
12119000,2004,tmax,3,5.0,1.5,10.2,15,20.81,1
12119000,2005,tmax,3,11.0,2.69,34.1,33,19.79,0
12119000,2007,tmax,2,6.0,1.04,7.5,12,18.97,0
12119000,2008,tmax,1,5.0,0.6,2.1,5,18.0,0
12119000,2009,tmax,1,8.0,1.52,7.1,8,21.81,3
12119000,2010,tmax,2,5.0,0.7,4.6,10,18.21,0
12119000,2014,tmax,3,5.0,1.03,8.4,15,19.7,0
12119000,2015,tmax,8,9.2,3.6,91.1,74,21.86,2
12119000,2016,tmax,4,6.5,2.57,21.8,26,20.06,0
12119000,2018,tmax,1,9.0,0.82,3.0,9,21.2,0
12119000,2019,tmax,2,6.5,1.9,10.8,13,20.46,0
12119000,2020,tmax,1,5.0,0.9,2.4,5,18.37,0
12119000,2021,tmax,5,5.6,2.82,23.9,28,20.46,0
12119000,2022,tmax,3,5.7,1.5,9.7,17,20.03,0
12119000,2023,tmax,5,7.2,2.2,26.6,36,20.93,0
12119000,2024,tmax,1,11.0,1.27,9.1,11,20.47,0
12119000,2025,tmax,7,7.9,3.0,56.6,55,21.07,0
12119000,1993,tmax,0,0.0,0.0,0.0,0,13.16,0
12119000,1996,tmax,0,0.0,0.0,0.0,0,19.19,0
12119000,1997,tmax,0,0.0,0.0,0.0,0,12.86,0
12119000,1998,tmax,0,0.0,0.0,0.0,0,19.6,0
12119000,1999,tmax,0,0.0,0.0,0.0,0,14.11,0
12119000,2000,tmax,0,0.0,0.0,0.0,0,19.79,0
12119000,2001,tmax,0,0.0,0.0,0.0,0,19.14,0
12119000,2006,tmax,0,0.0,0.0,0.0,0,20.01,0
12119000,2011,tmax,0,0.0,0.0,0.0,0,17.41,0
12119000,2012,tmax,0,0.0,0.0,0.0,0,18.56,0
12119000,2013,tmax,0,0.0,0.0,0.0,0,19.31,0
12119000,2017,tmax,0,0.0,0.0,0.0,0,19.83,0
12189500,2019,tmax,1,5.0,0.76,2.0,5,18.79,0
12189500,2020,tmax,1,8.0,1.14,3.7,8,17.34,0
12189500,2022,tmax,3,8.3,1.43,14.2,25,17.7,0
12189500,2023,tmax,8,7.6,2.79,66.6,61,19.47,0
12189500,2024,tmax,7,7.0,2.23,29.9,49,18.99,0
12189500,2025,tmax,9,8.2,1.99,60.3,74,18.86,0
12189500,2016,tmax,0,0.0,0.0,0.0,0,12.03,0
12189500,2017,tmax,0,0.0,0.0,0.0,0,17.83,0
12189500,2018,tmax,0,0.0,0.0,0.0,0,18.49,0
12189500,2021,tmax,0,0.0,0.0,0.0,0,18.31,0
12438000,2013,tmax,1,17.0,0.6,5.1,17,20.11,0
12438000,2014,tmax,1,13.0,0.4,3.5,13,19.63,0
12438000,2015,tmax,4,6.8,0.8,9.3,27,19.9,0
12438000,2016,tmax,2,15.0,0.77,13.1,30,19.07,0
12438000,2020,tmax,1,5.0,0.2,0.9,5,19.13,0
12438000,2022,tmax,2,6.5,0.4,2.6,13,19.54,0
12438000,2023,tmax,2,8.5,0.4,3.7,17,19.59,0
12438000,2024,tmax,3,12.3,0.6,9.4,37,20.24,0
12438000,2025,tmax,2,37.0,1.2,36.3,74,20.81,0
12438000,2017,tmax,0,0.0,0.0,0.0,0,19.73,0
12438000,2018,tmax,0,0.0,0.0,0.0,0,19.49,0
12438000,2019,tmax,0,0.0,0.0,0.0,0,19.2,0
12438000,2021,tmax,0,0.0,0.0,0.0,0,19.86,0
12447302,2013,tmax,1,6.0,1.24,5.2,6,26.06,41
12447302,2014,tmax,1,6.0,0.86,2.1,6,26.2,51
12447302,2015,tmax,6,7.0,1.77,34.6,42,27.89,68
12447302,2016,tmax,1,5.0,1.12,2.3,5,25.23,48
12447302,2019,tmax,2,6.5,0.95,6.8,13,25.74,65
12447302,2020,tmax,1,5.0,0.78,3.3,5,24.79,41
12447302,2022,tmax,5,6.2,1.86,23.3,31,27.06,49
12447302,2023,tmax,5,7.6,3.27,38.8,38,26.94,57
12447302,2024,tmax,5,7.6,2.8,47.4,38,28.16,50
12447302,2025,tmax,6,11.7,2.48,78.5,70,27.27,93
12447302,2017,tmax,0,0.0,0.0,0.0,0,24.76,0
12447302,2018,tmax,0,0.0,0.0,0.0,0,25.07,0
12447302,2021,tmax,0,0.0,0.0,0.0,0,25.97,0
12450480,2015,tmax,3,7.3,2.3,21.6,22,23.83,38
12450480,2016,tmax,1,5.0,1.02,3.2,5,23.36,14
12450480,2019,tmax,2,7.0,1.4,11.3,14,23.63,31
12450480,2020,tmax,2,6.5,1.71,9.3,13,23.7,30
12450480,2022,tmax,1,9.0,0.77,3.5,9,22.91,20
12450480,2023,tmax,3,6.3,2.07,16.3,19,24.76,32
12450480,2024,tmax,2,6.5,1.47,11.5,13,24.81,32
12450480,2025,tmax,2,9.0,1.87,17.1,18,24.13,32
12450480,2013,tmax,0,0.0,0.0,0.0,0,8.29,0
12450480,2014,tmax,0,0.0,0.0,0.0,0,22.2,0
12450480,2017,tmax,0,0.0,0.0,0.0,0,21.61,0
12450480,2018,tmax,0,0.0,0.0,0.0,0,22.79,0
12450480,2021,tmax,0,0.0,0.0,0.0,0,23.76,0
13342450,1998,tmax,0,0.0,0.0,0.0,0,27.94,0
13342450,1999,tmax,0,0.0,0.0,0.0,0,,0
13342450,2000,tmax,0,0.0,0.0,0.0,0,26.91,0
13342450,2001,tmax,0,0.0,0.0,0.0,0,8.99,0
13342450,2002,tmax,0,0.0,0.0,0.0,0,27.87,0
13342450,2003,tmax,0,0.0,0.0,0.0,0,27.4,0
13342500,1985,tmax,2,30.5,6.5,202.2,61,21.14,1
13342500,1986,tmax,2,25.0,6.5,209.3,50,21.0,0
13342500,1987,tmax,6,24.2,7.5,442.9,145,22.43,3
13342500,1988,tmax,4,20.2,8.0,227.8,81,23.14,5
13342500,1989,tmax,3,24.0,8.5,207.6,72,21.21,2
13342500,1990,tmax,3,25.0,10.35,375.4,75,24.14,21
13342500,1991,tmax,4,17.0,8.5,312.4,68,23.07,14
13342500,1992,tmax,6,19.2,8.0,342.3,115,24.0,16
13342500,1994,tmax,7,11.6,8.0,240.4,81,22.5,4
13342500,1995,tmax,2,14.5,5.0,59.9,29,20.5,0
13342500,1996,tmax,3,15.3,2.5,70.2,46,19.07,0
13342500,1997,tmax,3,15.3,5.1,114.5,46,21.21,0
13342500,1998,tmax,6,9.8,9.0,121.5,59,20.93,2
13342500,1999,tmax,3,5.3,3.0,21.4,16,19.14,0
13342500,2000,tmax,2,6.0,2.0,13.8,12,18.43,0
13342500,2001,tmax,4,6.5,2.95,31.8,26,20.36,0
13342500,2002,tmax,1,6.0,1.0,4.2,6,16.5,0
13342500,2004,tmax,2,5.0,1.62,7.3,10,19.36,0
13342500,2005,tmax,1,8.0,1.5,7.2,8,17.86,0
13342500,2010,tmax,5,6.4,3.5,36.7,32,16.36,0
13342500,2012,tmax,1,5.0,1.5,3.8,5,15.5,0
13342500,2013,tmax,1,5.0,2.0,8.5,5,16.43,0
13342500,2014,tmax,2,7.5,2.0,13.4,15,15.71,0
13342500,2015,tmax,1,30.0,4.0,57.6,30,18.29,0
13342500,2016,tmax,4,6.8,3.5,29.6,27,17.21,0
13342500,2018,tmax,1,7.0,0.7,2.3,7,15.51,0
13342500,2021,tmax,2,7.0,2.1,11.7,14,17.97,0
13342500,2022,tmax,2,5.0,1.0,3.7,10,16.0,0
13342500,2023,tmax,3,10.3,2.4,33.4,31,18.44,0
13342500,2024,tmax,4,10.5,2.1,31.3,42,16.46,0
13342500,2025,tmax,4,10.2,2.0,35.4,41,16.01,0
13342500,1993,tmax,0,0.0,0.0,0.0,0,15.79,0
13342500,2003,tmax,0,0.0,0.0,0.0,0,19.21,0
13342500,2006,tmax,0,0.0,0.0,0.0,0,19.14,0
13342500,2007,tmax,0,0.0,0.0,0.0,0,17.0,0
13342500,2008,tmax,0,0.0,0.0,0.0,0,14.93,0
13342500,2009,tmax,0,0.0,0.0,0.0,0,16.57,0
13342500,2011,tmax,0,0.0,0.0,0.0,0,15.71,0
13342500,2017,tmax,0,0.0,0.0,0.0,0,17.63,0
13342500,2019,tmax,0,0.0,0.0,0.0,0,17.51,0
13342500,2020,tmax,0,0.0,0.0,0.0,0,16.2,0
13343000,2010,tmax,2,7.0,3.48,21.0,14,15.9,0
13343000,2011,tmax,1,9.0,1.4,6.4,9,14.97,0
13343000,2014,tmax,1,7.0,1.47,5.9,7,14.93,0
13343000,2015,tmax,3,10.0,1.88,27.9,30,18.3,0
13343000,2016,tmax,1,5.0,0.7,2.7,5,17.23,0
13343000,2008,tmax,0,0.0,0.0,0.0,0,,0
13343000,2009,tmax,0,0.0,0.0,0.0,0,17.13,0
13343000,2012,tmax,0,0.0,0.0,0.0,0,15.67,0
13343000,2013,tmax,0,0.0,0.0,0.0,0,16.2,0
13343000,2017,tmax,0,0.0,0.0,0.0,0,17.06,0
13343000,2018,tmax,0,0.0,0.0,0.0,0,15.89,0
14174000,2002,tmax,1,5.0,1.6,4.6,5,22.07,4
14174000,2003,tmax,3,9.3,2.5,28.2,28,22.63,18
14174000,2004,tmax,3,6.7,1.6,12.5,20,23.26,32
14174000,2005,tmax,3,10.7,2.48,26.9,32,22.16,5
14174000,2006,tmax,1,7.0,2.7,10.3,7,23.53,13
14174000,2010,tmax,3,5.3,1.49,9.5,16,21.51,1
14174000,2012,tmax,1,6.0,0.89,3.0,6,20.04,0
14174000,2013,tmax,2,6.5,1.3,8.7,13,21.79,3
14174000,2014,tmax,2,8.5,1.74,11.4,17,22.33,11
14174000,2015,tmax,7,8.3,3.0,47.8,58,23.79,48
14174000,2016,tmax,4,5.5,0.9,11.6,22,22.5,15
14174000,2020,tmax,1,5.0,1.0,2.5,5,23.09,13
14174000,2021,tmax,9,6.1,2.48,53.6,55,23.89,48
14174000,2022,tmax,1,8.0,1.0,3.1,8,23.51,13
14174000,2023,tmax,6,9.0,2.2,41.8,54,24.0,42
14174000,2024,tmax,3,6.3,1.1,8.0,19,22.21,9
14174000,2025,tmax,9,7.7,3.3,60.9,69,23.9,34
14174000,2001,tmax,0,0.0,0.0,0.0,0,22.01,0
14174000,2007,tmax,0,0.0,0.0,0.0,0,23.01,0
14174000,2008,tmax,0,0.0,0.0,0.0,0,21.14,0
14174000,2009,tmax,0,0.0,0.0,0.0,0,23.41,0
14174000,2011,tmax,0,0.0,0.0,0.0,0,20.5,0
14174000,2017,tmax,0,0.0,0.0,0.0,0,22.07,0
14174000,2018,tmax,0,0.0,0.0,0.0,0,23.16,0
14174000,2019,tmax,0,0.0,0.0,0.0,0,22.13,0
14184100,1986,tmax,3,7.0,1.42,10.2,21,19.11,0
14184100,2009,tmax,1,7.0,3.1,7.3,7,24.03,9
14184100,2011,tmax,1,5.0,1.22,3.9,5,20.59,0
14184100,2014,tmax,3,5.7,1.4,10.2,17,22.76,19
14184100,2015,tmax,15,8.1,3.3,115.4,121,22.44,22
14184100,2016,tmax,2,5.5,1.6,6.9,11,22.79,6
14184100,2018,tmax,1,5.0,1.3,4.0,5,23.03,16
14184100,2021,tmax,5,5.8,2.62,27.0,29,21.93,4
14184100,2023,tmax,1,7.0,1.5,5.6,7,21.17,1
14184100,2024,tmax,1,5.0,1.0,3.2,5,21.64,0
14184100,2025,tmax,6,11.5,2.32,55.4,69,22.46,5
14184100,1990,tmax,0,0.0,0.0,0.0,0,,0
14184100,1991,tmax,0,0.0,0.0,0.0,0,,0
14184100,1992,tmax,0,0.0,0.0,0.0,0,,0
14184100,1993,tmax,0,0.0,0.0,0.0,0,,0
14184100,1994,tmax,0,0.0,0.0,0.0,0,,0
14184100,1995,tmax,0,0.0,0.0,0.0,0,,0
14184100,1996,tmax,0,0.0,0.0,0.0,0,,0
14184100,1997,tmax,0,0.0,0.0,0.0,0,,0
14184100,1998,tmax,0,0.0,0.0,0.0,0,,0
14184100,1999,tmax,0,0.0,0.0,0.0,0,,0
14184100,2000,tmax,0,0.0,0.0,0.0,0,,0
14184100,2001,tmax,0,0.0,0.0,0.0,0,,0
14184100,2002,tmax,0,0.0,0.0,0.0,0,,0
14184100,2003,tmax,0,0.0,0.0,0.0,0,,0
14184100,2004,tmax,0,0.0,0.0,0.0,0,,0
14184100,2005,tmax,0,0.0,0.0,0.0,0,,0
14184100,2006,tmax,0,0.0,0.0,0.0,0,,0
14184100,2007,tmax,0,0.0,0.0,0.0,0,,0
14184100,2008,tmax,0,0.0,0.0,0.0,0,,0
14184100,2010,tmax,0,0.0,0.0,0.0,0,21.33,0
14184100,2012,tmax,0,0.0,0.0,0.0,0,21.4,0
14184100,2013,tmax,0,0.0,0.0,0.0,0,21.69,0
14184100,2017,tmax,0,0.0,0.0,0.0,0,21.69,0
14184100,2019,tmax,0,0.0,0.0,0.0,0,21.44,0
14184100,2020,tmax,0,0.0,0.0,0.0,0,21.17,0
14184100,2022,tmax,0,0.0,0.0,0.0,0,22.84,0
14189050,2001,tmax,4,8.5,1.8,27.7,34,22.17,4
14189050,2003,tmax,2,6.5,2.5,17.7,13,22.39,8
14189050,2004,tmax,3,6.3,0.9,8.0,19,22.66,17
14189050,2005,tmax,2,13.5,2.89,28.5,27,22.13,6
14189050,2008,tmax,1,5.0,0.82,2.9,5,21.64,2
14189050,2013,tmax,1,7.0,1.4,4.8,7,21.89,5
14189050,2014,tmax,1,8.0,1.3,5.7,8,22.54,16
14189050,2015,tmax,15,9.9,3.9,157.8,149,23.36,27
14189050,2016,tmax,4,5.5,3.5,29.4,22,22.5,7
14189050,2018,tmax,1,5.0,1.1,2.2,5,22.26,10
14189050,2019,tmax,1,5.0,2.12,5.8,5,20.81,0
14189050,2021,tmax,7,7.4,3.26,55.5,52,23.14,9
14189050,2022,tmax,1,7.0,1.2,3.6,7,23.0,9
14189050,2023,tmax,2,8.0,1.2,10.6,16,21.57,1
14189050,2024,tmax,5,6.8,2.4,24.5,34,22.53,12
14189050,2025,tmax,5,10.2,3.5,53.5,51,22.66,12
14189050,2002,tmax,0,0.0,0.0,0.0,0,21.36,0
14189050,2006,tmax,0,0.0,0.0,0.0,0,22.21,0
14189050,2007,tmax,0,0.0,0.0,0.0,0,21.73,0
14189050,2009,tmax,0,0.0,0.0,0.0,0,21.87,0
14189050,2010,tmax,0,0.0,0.0,0.0,0,21.33,0
14189050,2011,tmax,0,0.0,0.0,0.0,0,21.19,0
14189050,2012,tmax,0,0.0,0.0,0.0,0,21.64,0
14189050,2017,tmax,0,0.0,0.0,0.0,0,22.19,0
14189050,2020,tmax,0,0.0,0.0,0.0,0,21.37,0
14192015,2001,tmax,3,9.0,2.2,27.1,27,24.16,17
14192015,2002,tmax,2,5.0,1.4,8.2,10,23.04,25
14192015,2003,tmax,4,8.0,2.2,28.1,32,23.69,37
14192015,2004,tmax,1,5.0,1.4,3.8,5,23.91,36
14192015,2005,tmax,2,12.5,2.8,27.2,25,22.63,17
14192015,2008,tmax,1,6.0,0.8,3.3,6,22.43,5
14192015,2009,tmax,1,7.0,2.1,6.9,7,25.21,26
14192015,2010,tmax,3,7.3,1.2,11.9,22,22.81,30
14192015,2012,tmax,1,5.0,0.9,2.7,5,22.79,14
14192015,2013,tmax,1,7.0,1.8,6.8,7,23.87,35
14192015,2014,tmax,2,8.5,1.7,12.7,17,23.99,41
14192015,2015,tmax,15,8.6,4.0,147.9,129,25.67,70
14192015,2016,tmax,4,5.2,2.5,24.4,21,23.54,31
14192015,2021,tmax,8,6.5,3.1,58.3,52,23.97,59
14192015,2022,tmax,2,5.5,1.1,5.2,11,24.73,32
14192015,2023,tmax,2,5.5,1.44,7.0,11,23.36,46
14192015,2024,tmax,2,10.5,1.3,10.8,21,23.14,27
14192015,2025,tmax,5,9.8,3.4,53.1,49,24.4,43
14192015,2000,tmax,0,0.0,0.0,0.0,0,12.37,0
14192015,2006,tmax,0,0.0,0.0,0.0,0,24.13,0
14192015,2007,tmax,0,0.0,0.0,0.0,0,23.81,0
14192015,2011,tmax,0,0.0,0.0,0.0,0,22.2,0
14192015,2017,tmax,0,0.0,0.0,0.0,0,23.04,0
14192015,2018,tmax,0,0.0,0.0,0.0,0,24.21,0
14192015,2019,tmax,0,0.0,0.0,0.0,0,22.79,0
14192015,2020,tmax,0,0.0,0.0,0.0,0,21.8,0
14201300,1994,tmax,5,5.8,2.38,28.4,29,23.27,8
14201300,1995,tmax,6,8.7,2.5,56.3,52,21.91,5
14201300,1996,tmax,4,5.2,4.16,24.6,21,22.94,13
14201300,1997,tmax,1,10.0,2.86,19.1,10,21.51,1
14201300,1998,tmax,2,7.0,2.36,13.1,14,22.96,16
14201300,1999,tmax,2,6.0,1.7,10.3,12,19.96,0
14201300,2000,tmax,1,9.0,0.8,4.7,9,22.09,9
14201300,2003,tmax,2,6.0,3.07,14.9,12,21.57,3
14201300,1993,tmax,0,0.0,0.0,0.0,0,20.87,0
14201300,2001,tmax,0,0.0,0.0,0.0,0,22.37,0
14201300,2002,tmax,0,0.0,0.0,0.0,0,21.79,0
14201300,2004,tmax,0,0.0,0.0,0.0,0,21.76,0
14206950,1995,tmax,4,9.5,2.7,45.6,38,23.13,9
14206950,2003,tmax,1,5.0,1.6,3.5,5,22.76,17
14206950,2005,tmax,1,6.0,1.3,5.7,6,22.16,8
14206950,2008,tmax,1,5.0,1.93,6.5,5,22.44,12
14206950,2009,tmax,1,5.0,1.04,3.5,5,25.26,18
14206950,2010,tmax,1,5.0,0.54,2.0,5,21.91,8
14206950,2013,tmax,2,6.0,1.7,11.5,12,23.63,19
14206950,2014,tmax,5,5.8,2.2,25.1,29,23.4,41
14206950,2015,tmax,4,7.8,2.1,33.9,31,25.73,48
14206950,2016,tmax,6,5.8,3.3,47.0,35,23.36,28
14206950,2017,tmax,1,7.0,1.19,5.3,7,24.06,34
14206950,2018,tmax,2,8.0,1.64,12.5,16,25.41,42
14206950,2019,tmax,3,7.0,3.27,20.3,21,23.73,33
14206950,2020,tmax,2,6.0,0.8,4.9,12,24.43,36
14206950,2021,tmax,7,7.0,5.0,74.3,49,26.47,62
14206950,2022,tmax,4,6.5,2.02,17.1,26,25.46,54
14206950,2023,tmax,5,6.2,3.3,45.3,31,24.8,64
14206950,2024,tmax,8,7.6,2.7,51.9,61,25.27,42
14206950,2025,tmax,8,8.6,4.03,90.5,69,25.07,61
14206950,1993,tmax,0,0.0,0.0,0.0,0,12.51,0
14206950,1994,tmax,0,0.0,0.0,0.0,0,22.83,0
14206950,1996,tmax,0,0.0,0.0,0.0,0,9.33,0
14206950,1997,tmax,0,0.0,0.0,0.0,0,,0
14206950,1998,tmax,0,0.0,0.0,0.0,0,,0
14206950,1999,tmax,0,0.0,0.0,0.0,0,,0
14206950,2000,tmax,0,0.0,0.0,0.0,0,,0
14206950,2001,tmax,0,0.0,0.0,0.0,0,,0
14206950,2002,tmax,0,0.0,0.0,0.0,0,17.84,0
14206950,2004,tmax,0,0.0,0.0,0.0,0,23.16,0
14206950,2006,tmax,0,0.0,0.0,0.0,0,23.71,0
14206950,2007,tmax,0,0.0,0.0,0.0,0,22.67,0
14206950,2011,tmax,0,0.0,0.0,0.0,0,21.73,0
14206950,2012,tmax,0,0.0,0.0,0.0,0,22.34,0
14207740,2003,tmax,1,22.0,1.39,15.9,22,25.44,70
14207740,2001,tmax,0,0.0,0.0,0.0,0,24.3,0
14207740,2002,tmax,0,0.0,0.0,0.0,0,23.79,0
14210000,2001,tmax,2,8.0,0.6,4.4,16,17.94,0
14210000,2003,tmax,1,8.0,1.08,5.1,8,19.36,0
14210000,2004,tmax,2,7.0,0.94,8.1,14,19.13,0
14210000,2005,tmax,1,7.0,1.1,4.6,7,19.04,0
14210000,2009,tmax,1,5.0,0.4,1.4,5,19.44,0
14210000,2010,tmax,1,8.0,0.4,1.7,8,17.39,0
14210000,2014,tmax,3,5.3,1.4,9.5,16,18.14,0
14210000,2015,tmax,8,17.5,2.07,125.9,140,20.54,0
14210000,2016,tmax,9,7.8,1.65,34.1,70,18.61,0
14210000,2018,tmax,4,6.2,1.18,10.7,25,19.36,0
14210000,2019,tmax,2,7.0,1.07,5.8,14,18.56,0
14210000,2020,tmax,2,9.5,0.7,7.2,19,18.97,0
14210000,2021,tmax,5,17.8,2.2,76.4,89,20.26,0
14210000,2022,tmax,3,16.7,1.25,28.1,50,19.24,0
14210000,2023,tmax,6,10.5,1.3,25.0,63,19.74,0
14210000,2024,tmax,4,8.5,1.0,13.7,34,19.64,0
14210000,2025,tmax,7,18.6,2.78,106.1,130,20.13,0
14210000,2002,tmax,0,0.0,0.0,0.0,0,18.59,0
14210000,2006,tmax,0,0.0,0.0,0.0,0,18.79,0
14210000,2007,tmax,0,0.0,0.0,0.0,0,18.8,0
14210000,2008,tmax,0,0.0,0.0,0.0,0,16.71,0
14210000,2011,tmax,0,0.0,0.0,0.0,0,16.59,0
14210000,2012,tmax,0,0.0,0.0,0.0,0,17.19,0
14210000,2013,tmax,0,0.0,0.0,0.0,0,17.89,0
14210000,2017,tmax,0,0.0,0.0,0.0,0,18.53,0
14211010,2003,tmax,1,5.0,1.18,3.7,5,23.04,20
14211010,2004,tmax,2,5.5,1.68,8.2,11,23.1,31
14211010,2005,tmax,1,18.0,2.0,16.2,18,22.81,15
14211010,2006,tmax,1,5.0,0.5,1.6,5,23.31,11
14211010,2010,tmax,1,5.0,0.7,2.0,5,21.23,0
14211010,2013,tmax,1,6.0,1.0,4.4,6,21.87,3
14211010,2014,tmax,3,6.3,1.19,10.0,19,22.7,16
14211010,2015,tmax,11,11.5,2.68,116.9,126,24.53,44
14211010,2016,tmax,7,6.3,2.0,35.0,44,22.41,14
14211010,2018,tmax,3,7.0,2.4,11.9,21,23.56,28
14211010,2019,tmax,1,8.0,0.6,2.4,8,22.49,9
14211010,2020,tmax,2,8.5,1.3,10.2,17,22.81,17
14211010,2021,tmax,8,6.9,3.9,54.2,55,24.17,51
14211010,2022,tmax,5,8.2,1.4,27.9,41,23.64,23
14211010,2023,tmax,6,5.3,1.9,19.9,32,23.41,45
14211010,2024,tmax,4,8.8,1.6,21.3,35,23.76,32
14211010,2025,tmax,7,11.6,3.0,95.6,81,24.09,43
14211010,2002,tmax,0,0.0,0.0,0.0,0,22.44,0
14211010,2007,tmax,0,0.0,0.0,0.0,0,22.8,0
14211010,2008,tmax,0,0.0,0.0,0.0,0,20.94,0
14211010,2009,tmax,0,0.0,0.0,0.0,0,23.54,0
14211010,2011,tmax,0,0.0,0.0,0.0,0,20.24,0
14211010,2012,tmax,0,0.0,0.0,0.0,0,21.5,0
14211010,2017,tmax,0,0.0,0.0,0.0,0,22.76,0
14211499,2003,tmax,1,5.0,2.6,7.9,5,20.21,0
14211499,2004,tmax,1,5.0,3.0,7.0,5,20.74,0
14211499,2005,tmax,1,8.0,1.8,9.2,8,20.09,0
14211499,2006,tmax,2,5.0,1.74,8.1,10,21.59,2
14211499,2008,tmax,1,6.0,2.9,8.2,6,20.41,1
14211499,2009,tmax,1,7.0,2.1,8.5,7,22.76,6
14211499,2012,tmax,1,5.0,1.3,3.7,5,17.0,0
14211499,2013,tmax,1,6.0,1.81,6.5,6,21.53,3
14211499,2014,tmax,3,6.7,3.1,28.7,20,21.36,1
14211499,2015,tmax,6,7.3,2.64,39.8,44,22.24,6
14211499,2016,tmax,5,6.4,7.4,70.7,32,22.0,4
14211499,2017,tmax,2,6.5,0.76,5.7,13,21.61,3
14211499,2019,tmax,1,11.0,2.0,10.8,11,20.49,0
14211499,2021,tmax,6,5.8,4.3,49.9,35,23.23,15
14211499,2022,tmax,1,9.0,1.4,5.3,9,22.26,5
14211499,2023,tmax,3,6.0,2.5,22.8,18,20.87,0
14211499,2024,tmax,2,6.0,1.13,7.8,12,20.53,0
14211499,2025,tmax,1,22.0,2.8,33.6,22,20.47,0
14211499,2000,tmax,0,0.0,0.0,0.0,0,19.17,0
14211499,2001,tmax,0,0.0,0.0,0.0,0,18.93,0
14211499,2002,tmax,0,0.0,0.0,0.0,0,19.91,0
14211499,2007,tmax,0,0.0,0.0,0.0,0,18.86,0
14211499,2010,tmax,0,0.0,0.0,0.0,0,19.76,0
14211499,2011,tmax,0,0.0,0.0,0.0,0,18.99,0
14211499,2018,tmax,0,0.0,0.0,0.0,0,21.37,0
14211499,2020,tmax,0,0.0,0.0,0.0,0,20.89,0
14211500,1999,tmax,2,5.5,1.5,7.7,11,20.8,1
14211500,2001,tmax,1,5.0,1.73,3.7,5,21.36,0
14211500,2003,tmax,1,5.0,2.2,7.5,5,22.13,8
14211500,2004,tmax,1,6.0,3.3,9.7,6,22.94,25
14211500,2005,tmax,1,14.0,2.6,18.9,14,22.41,13
14211500,2006,tmax,1,5.0,1.93,6.2,5,23.93,14
14211500,2008,tmax,1,6.0,4.13,13.8,6,23.37,22
14211500,2009,tmax,2,7.0,2.8,21.9,14,26.29,29
14211500,2010,tmax,1,6.0,1.7,7.0,6,23.17,16
14211500,2011,tmax,2,5.0,1.2,6.9,10,21.87,6
14211500,2012,tmax,1,5.0,1.4,3.8,5,23.47,20
14211500,2013,tmax,3,6.7,2.6,24.3,20,23.93,16
14211500,2014,tmax,2,7.0,1.4,13.6,14,23.76,36
14211500,2015,tmax,5,7.6,2.73,40.3,38,25.57,44
14211500,2016,tmax,6,6.0,4.2,51.1,36,23.49,30
14211500,2017,tmax,2,11.5,1.9,25.2,23,25.37,47
14211500,2018,tmax,2,6.0,2.2,11.7,12,24.93,38
14211500,2019,tmax,1,8.0,1.86,8.3,8,23.06,23
14211500,2020,tmax,2,7.0,0.7,4.8,14,23.81,23
14211500,2021,tmax,9,6.7,5.83,84.9,60,26.71,52
14211500,2022,tmax,3,6.7,2.2,14.9,20,25.73,43
14211500,2023,tmax,4,6.2,3.93,43.5,25,24.56,50
14211500,2024,tmax,4,9.2,2.9,39.4,37,25.56,34
14211500,2025,tmax,4,11.0,4.13,63.8,44,24.87,44
14211500,1998,tmax,0,0.0,0.0,0.0,0,23.34,0
14211500,2000,tmax,0,0.0,0.0,0.0,0,21.71,0
14211500,2002,tmax,0,0.0,0.0,0.0,0,21.87,0
14211500,2007,tmax,0,0.0,0.0,0.0,0,23.66,0
14211550,1999,tmax,2,5.5,1.8,7.7,11,21.0,2
14211550,2001,tmax,3,6.0,3.13,18.1,18,23.84,36
14211550,2002,tmax,1,5.0,1.0,3.1,5,23.63,38
14211550,2003,tmax,2,6.0,3.1,12.4,12,23.94,43
14211550,2004,tmax,4,5.2,3.3,20.0,21,24.23,47
14211550,2005,tmax,2,12.0,3.7,38.6,24,23.44,32
14211550,2007,tmax,1,5.0,0.6,1.7,5,23.27,17
14211550,2008,tmax,3,5.0,2.96,17.5,15,22.89,20
14211550,2009,tmax,1,9.0,2.9,13.6,9,25.66,31
14211550,2011,tmax,1,5.0,1.3,4.3,5,21.9,4
14211550,2013,tmax,1,7.0,2.4,7.4,7,23.74,13
14211550,2014,tmax,3,7.0,1.5,15.3,21,23.44,27
14211550,2015,tmax,4,7.0,1.73,21.2,28,24.4,36
14211550,2016,tmax,2,6.0,1.7,7.9,12,22.11,10
14211550,2018,tmax,1,8.0,1.68,6.4,8,22.67,16
14211550,2019,tmax,1,8.0,1.6,6.9,8,22.84,22
14211550,2020,tmax,1,5.0,0.62,2.2,5,23.41,30
14211550,2021,tmax,5,7.6,4.39,57.3,38,26.03,55
14211550,2023,tmax,1,8.0,2.16,11.9,8,22.07,19
14211550,2025,tmax,1,15.0,2.3,19.0,15,22.5,13
14211550,1998,tmax,0,0.0,0.0,0.0,0,22.56,0
14211550,2000,tmax,0,0.0,0.0,0.0,0,22.86,0
14211550,2006,tmax,0,0.0,0.0,0.0,0,24.4,0
14211550,2010,tmax,0,0.0,0.0,0.0,0,23.27,0
14211550,2012,tmax,0,0.0,0.0,0.0,0,22.31,0
14211550,2017,tmax,0,0.0,0.0,0.0,0,21.83,0
14211550,2022,tmax,0,0.0,0.0,0.0,0,23.51,0
14211550,2024,tmax,0,0.0,0.0,0.0,0,22.87,0
14211720,2003,tmax,5,8.4,1.56,24.9,42,25.33,65
14211720,2004,tmax,4,6.5,0.86,12.2,26,25.06,51
14211720,2005,tmax,1,19.0,1.96,23.0,19,24.19,42
14211720,2009,tmax,1,11.0,1.3,8.3,11,26.07,28
14211720,2010,tmax,1,6.0,0.16,0.6,6,22.36,20
14211720,2013,tmax,1,6.0,0.98,4.2,6,23.76,57
14211720,2014,tmax,2,7.5,1.4,11.9,15,24.53,58
14211720,2015,tmax,6,22.8,2.8,112.5,137,26.57,82
14211720,2016,tmax,7,7.0,1.7,30.1,49,23.94,52
14211720,2018,tmax,3,6.3,0.7,5.9,19,25.14,48
14211720,2019,tmax,2,6.5,0.8,5.7,13,23.91,56
14211720,2021,tmax,9,8.2,2.08,54.4,74,25.33,65
14211720,2022,tmax,4,8.0,0.95,11.0,32,25.57,56
14211720,2023,tmax,5,6.2,1.3,16.1,31,24.7,60
14211720,2024,tmax,3,10.0,1.1,16.3,30,24.9,46
14211720,2025,tmax,7,12.7,2.26,72.1,89,25.36,78
14211720,2001,tmax,0,0.0,0.0,0.0,0,11.27,0
14211720,2002,tmax,0,0.0,0.0,0.0,0,24.31,0
14211720,2006,tmax,0,0.0,0.0,0.0,0,,0
14211720,2007,tmax,0,0.0,0.0,0.0,0,,0
14211720,2008,tmax,0,0.0,0.0,0.0,0,,0
14211720,2011,tmax,0,0.0,0.0,0.0,0,22.47,0
14211720,2012,tmax,0,0.0,0.0,0.0,0,23.69,0
14211720,2017,tmax,0,0.0,0.0,0.0,0,24.73,0
14211720,2020,tmax,0,0.0,0.0,0.0,0,24.59,0
14301500,2011,tmax,0,0.0,0.0,0.0,0,21.07,0
14301500,2012,tmax,0,0.0,0.0,0.0,0,21.3,0
14301500,2013,tmax,0,0.0,0.0,0.0,0,20.96,0
14301500,2014,tmax,0,0.0,0.0,0.0,0,21.94,0
14302480,2025,tmax,3,11.7,3.5,56.1,35,22.09,4
14302480,2011,tmax,0,0.0,0.0,0.0,0,19.97,0
14302480,2012,tmax,0,0.0,0.0,0.0,0,20.24,0
14302480,2013,tmax,0,0.0,0.0,0.0,0,20.09,0
14302480,2014,tmax,0,0.0,0.0,0.0,0,21.34,0
14302480,2015,tmax,0,0.0,0.0,0.0,0,,0
14302480,2016,tmax,0,0.0,0.0,0.0,0,,0
14302480,2017,tmax,0,0.0,0.0,0.0,0,,0
14302480,2018,tmax,0,0.0,0.0,0.0,0,,0
14302480,2019,tmax,0,0.0,0.0,0.0,0,,0
14302480,2020,tmax,0,0.0,0.0,0.0,0,,0
14302480,2021,tmax,0,0.0,0.0,0.0,0,,0
14302480,2022,tmax,0,0.0,0.0,0.0,0,,0
14302480,2023,tmax,0,0.0,0.0,0.0,0,,0
14302480,2024,tmax,0,0.0,0.0,0.0,0,,0
14320934,2008,tmax,1,6.0,2.63,10.2,6,19.2,0
14320934,2010,tmax,1,6.0,0.63,2.3,6,18.4,0
14320934,2013,tmax,1,10.0,1.2,6.6,10,19.84,0
14320934,2014,tmax,7,7.1,2.04,36.0,50,20.29,0
14320934,2015,tmax,5,7.4,2.3,25.2,37,21.11,1
14320934,2016,tmax,3,5.3,1.9,14.9,16,19.71,0
14320934,2019,tmax,2,8.0,2.63,19.9,16,20.7,0
14320934,2020,tmax,2,5.0,1.3,3.8,10,21.43,1
14320934,2021,tmax,7,12.6,5.13,157.8,88,24.31,37
14320934,2022,tmax,3,7.0,1.0,9.3,21,21.79,1
14320934,2023,tmax,4,8.0,2.33,26.6,32,21.74,3
14320934,2024,tmax,5,8.2,2.0,30.7,41,21.93,4
14320934,2025,tmax,7,10.6,4.4,117.9,74,22.39,18
14320934,2007,tmax,0,0.0,0.0,0.0,0,16.09,0
14320934,2009,tmax,0,0.0,0.0,0.0,0,21.2,0
14320934,2011,tmax,0,0.0,0.0,0.0,0,18.5,0
14320934,2012,tmax,0,0.0,0.0,0.0,0,19.53,0
14320934,2017,tmax,0,0.0,0.0,0.0,0,20.24,0
14320934,2018,tmax,0,0.0,0.0,0.0,0,19.97,0
285531082412600,2007,tmax,2,5.0,0.9,4.9,10,32.86,238
285531082412600,2009,tmax,1,10.0,2.3,14.1,10,32.39,231
285531082412600,2010,tmax,1,7.0,1.1,4.1,7,32.89,223
285531082412600,2011,tmax,1,9.0,1.1,5.6,9,32.74,236
285531082412600,2012,tmax,2,5.0,1.2,5.2,10,32.11,232
285531082412600,2013,tmax,2,6.5,1.51,10.6,13,31.86,242
285531082412600,2015,tmax,6,8.0,2.75,53.2,48,32.76,275
285531082412600,2016,tmax,1,10.0,1.1,7.0,10,33.14,250
285531082412600,2017,tmax,1,6.0,2.0,7.4,6,32.36,247
285531082412600,2018,tmax,5,8.8,1.54,35.9,44,32.06,253
285531082412600,2019,tmax,3,6.3,2.04,17.8,19,31.91,255
285531082412600,2020,tmax,6,7.7,2.84,45.5,46,33.27,269
285531082412600,2021,tmax,1,5.0,0.9,2.3,5,31.69,246
285531082412600,2022,tmax,2,5.5,2.8,10.7,11,32.46,263
285531082412600,2023,tmax,5,9.0,2.8,40.2,45,33.41,255
285531082412600,2024,tmax,4,7.0,1.6,21.6,28,32.84,249
285531082412600,2025,tmax,7,7.7,2.25,45.8,54,33.27,242
285531082412600,2006,tmax,0,0.0,0.0,0.0,0,26.5,0
285531082412600,2008,tmax,0,0.0,0.0,0.0,0,31.37,0
285531082412600,2014,tmax,0,0.0,0.0,0.0,0,31.94,0
293424098134701,2012,tmax,1,5.0,0.03,0.1,5,28.27,225
293424098134701,2008,tmax,0,0.0,0.0,0.0,0,27.21,0
293424098134701,2009,tmax,0,0.0,0.0,0.0,0,27.3,0
293424098134701,2010,tmax,0,0.0,0.0,0.0,0,27.3,0
293424098134701,2011,tmax,0,0.0,0.0,0.0,0,27.3,0
293424098134701,2013,tmax,0,0.0,0.0,0.0,0,28.2,0
295858097521801,2000,tmax,2,17.0,0.8,17.7,34,26.4,88
295858097521801,2003,tmax,4,22.0,0.1,7.5,88,25.8,157
295858097521801,2004,tmax,6,14.5,0.2,8.9,87,25.8,269
295858097521801,2001,tmax,0,0.0,0.0,0.0,0,25.5,0
295858097521801,2002,tmax,0,0.0,0.0,0.0,0,,0
295858097521801,2005,tmax,0,0.0,0.0,0.0,0,25.7,0
295858097521801,2006,tmax,0,0.0,0.0,0.0,0,25.69,0
295858097521801,2007,tmax,0,0.0,0.0,0.0,0,25.6,0
295858097521801,2008,tmax,0,0.0,0.0,0.0,0,25.6,0
295858097521801,2009,tmax,0,0.0,0.0,0.0,0,25.6,0
295858097521801,2010,tmax,0,0.0,0.0,0.0,0,25.6,0
295858097521801,2011,tmax,0,0.0,0.0,0.0,0,25.59,0
295858097521801,2012,tmax,0,0.0,0.0,0.0,0,25.6,0
295858097521801,2013,tmax,0,0.0,0.0,0.0,0,25.6,0
295858097521801,2014,tmax,0,0.0,0.0,0.0,0,25.6,0
325728091002701,2020,tmean,2,5.5,0.1,0.9,11,19.8,0
325728091002701,2014,tmean,0,0.0,0.0,0.0,0,18.9,0
325728091002701,2015,tmean,0,0.0,0.0,0.0,0,18.7,0
325728091002701,2016,tmean,0,0.0,0.0,0.0,0,19.5,0
325728091002701,2017,tmean,0,0.0,0.0,0.0,0,19.6,0
325728091002701,2018,tmean,0,0.0,0.0,0.0,0,19.6,0
325728091002701,2019,tmean,0,0.0,0.0,0.0,0,19.7,0
325817090464201,2010,tmean,0,0.0,0.0,0.0,0,20.1,0
325817090464201,2011,tmean,0,0.0,0.0,0.0,0,19.9,0
325817090464201,2012,tmean,0,0.0,0.0,0.0,0,,0
325817090464201,2013,tmean,0,0.0,0.0,0.0,0,,0
325817090464201,2014,tmean,0,0.0,0.0,0.0,0,19.1,0
325817090464201,2015,tmean,0,0.0,0.0,0.0,0,19.1,0
325817090464201,2016,tmean,0,0.0,0.0,0.0,0,20.4,0
325817090464201,2017,tmean,0,0.0,0.0,0.0,0,20.5,0
325817090464201,2018,tmean,0,0.0,0.0,0.0,0,20.2,0
325817090464201,2019,tmean,0,0.0,0.0,0.0,0,20.9,0
325817090464201,2020,tmean,0,0.0,0.0,0.0,0,18.6,0
330152090595601,2020,tmean,8,10.6,0.8,33.7,85,20.44,0
330152090595601,2021,tmean,1,11.0,0.5,4.5,11,20.47,0
330152090595601,2014,tmean,0,0.0,0.0,0.0,0,18.94,0
330152090595601,2015,tmean,0,0.0,0.0,0.0,0,19.0,0
330152090595601,2016,tmean,0,0.0,0.0,0.0,0,19.1,0
330152090595601,2017,tmean,0,0.0,0.0,0.0,0,19.7,0
330152090595601,2018,tmean,0,0.0,0.0,0.0,0,19.71,0
330152090595601,2019,tmean,0,0.0,0.0,0.0,0,19.6,0
330152090595601,2022,tmean,0,0.0,0.0,0.0,0,19.4,0
330152090595601,2023,tmean,0,0.0,0.0,0.0,0,19.34,0
330152090595601,2024,tmean,0,0.0,0.0,0.0,0,19.4,0
331346117243401,1994,tmax,1,5.0,1.71,4.8,5,31.93,170
331346117243401,1995,tmax,5,6.6,1.74,20.6,33,30.57,154
331346117243401,1996,tmax,4,6.2,5.3,46.0,25,33.64,212
331346117243401,1997,tmax,5,6.2,6.3,48.9,31,32.64,191
331346117243401,1998,tmax,1,5.0,2.5,7.5,5,32.14,192
331346117243401,2003,tmax,1,6.0,2.3,6.3,6,31.27,209
331346117243401,2006,tmax,1,9.0,1.36,5.6,9,32.83,191
331346117243401,2007,tmax,1,5.0,1.0,3.6,5,32.5,178
331346117243401,2008,tmax,1,5.0,1.1,2.5,5,30.79,172
331346117243401,2009,tmax,1,5.0,0.86,3.1,5,31.79,209
331346117243401,1999,tmax,0,0.0,0.0,0.0,0,29.79,0
331346117243401,2000,tmax,0,0.0,0.0,0.0,0,29.21,0
331346117243401,2001,tmax,0,0.0,0.0,0.0,0,30.0,0
331346117243401,2002,tmax,0,0.0,0.0,0.0,0,30.47,0
331346117243401,2004,tmax,0,0.0,0.0,0.0,0,30.06,0
331346117243401,2005,tmax,0,0.0,0.0,0.0,0,31.84,0
331346117243401,2010,tmax,0,0.0,0.0,0.0,0,30.99,0
332348090505301,2020,tmean,2,7.0,0.6,3.6,14,19.84,0
332348090505301,2021,tmean,1,5.0,0.3,0.9,5,19.9,0
332348090505301,2022,tmean,3,32.3,0.7,35.5,97,19.9,0
332348090505301,2023,tmean,2,56.0,0.6,40.8,112,19.9,0
332348090505301,2024,tmean,1,5.0,0.1,0.4,5,19.9,0
332348090505301,2014,tmean,0,0.0,0.0,0.0,0,18.37,0
332348090505301,2015,tmean,0,0.0,0.0,0.0,0,18.5,0
332348090505301,2016,tmean,0,0.0,0.0,0.0,0,18.8,0
332348090505301,2017,tmean,0,0.0,0.0,0.0,0,19.3,0
332348090505301,2018,tmean,0,0.0,0.0,0.0,0,19.4,0
332348090505301,2019,tmean,0,0.0,0.0,0.0,0,19.5,0
333904090123801,2018,tmean,1,5.0,0.2,0.5,5,18.5,0
333904090123801,2021,tmean,2,53.0,0.5,23.6,106,19.1,0
333904090123801,2014,tmean,0,0.0,0.0,0.0,0,17.6,0
333904090123801,2015,tmean,0,0.0,0.0,0.0,0,17.6,0
333904090123801,2016,tmean,0,0.0,0.0,0.0,0,17.6,0
333904090123801,2017,tmean,0,0.0,0.0,0.0,0,18.5,0
333904090123801,2019,tmean,0,0.0,0.0,0.0,0,18.3,0
333904090123801,2020,tmean,0,0.0,0.0,0.0,0,18.73,0
333904090123801,2022,tmean,0,0.0,0.0,0.0,0,,0
333904090123801,2023,tmean,0,0.0,0.0,0.0,0,,0
333904090123801,2024,tmean,0,0.0,0.0,0.0,0,18.2,0
380624121384401,2006,tmax,1,8.0,0.95,3.9,8,20.31,0
380624121384401,2005,tmax,0,0.0,0.0,0.0,0,19.69,0
380624121384401,2007,tmax,0,0.0,0.0,0.0,0,18.24,0
380624121384401,2008,tmax,0,0.0,0.0,0.0,0,7.23,0
380624121384601,2005,tmax,1,27.0,1.37,19.8,27,20.2,0
380624121384601,2006,tmax,3,6.7,0.92,6.8,20,20.99,0
380624121384601,2007,tmax,1,7.0,1.03,4.0,7,19.51,0
380624121384601,2008,tmax,0,0.0,0.0,0.0,0,6.66,0
380624121384602,2005,tmax,1,5.0,0.76,1.9,5,21.76,2
380624121384602,2006,tmax,4,5.8,1.11,10.3,23,22.9,7
380624121384602,2007,tmax,0,0.0,0.0,0.0,0,19.86,0
380624121384602,2008,tmax,0,0.0,0.0,0.0,0,8.6,0
380625121384302,2005,tmax,1,6.0,0.41,1.5,6,21.19,0
380625121384302,2006,tmax,6,11.3,4.84,97.5,68,25.29,13
380625121384302,2007,tmax,7,15.0,4.89,187.6,105,24.06,21
380625121384302,2008,tmax,0,0.0,0.0,0.0,0,9.4,0
380626121384701,2007,tmax,2,10.5,2.28,21.5,21,20.84,0
380626121384701,2005,tmax,0,0.0,0.0,0.0,0,23.44,0
380626121384701,2006,tmax,0,0.0,0.0,0.0,0,22.39,0
380626121384701,2008,tmax,0,0.0,0.0,0.0,0,8.31,0
380626121384702,2005,tmax,1,62.0,7.8,222.5,62,23.66,17
380626121384702,2006,tmax,2,24.5,2.63,51.8,49,19.4,0
380626121384702,2007,tmax,1,96.0,9.74,276.0,96,20.86,3
380626121384702,2008,tmax,0,0.0,0.0,0.0,0,8.14,0
444424095312301,2017,tmean,1,18.0,0.11,1.7,18,9.6,0
444424095312301,2018,tmean,1,294.0,0.8,130.0,294,9.6,0
444424095312301,2007,tmean,0,0.0,0.0,0.0,0,9.1,0
444424095312301,2008,tmean,0,0.0,0.0,0.0,0,9.1,0
444424095312301,2009,tmean,0,0.0,0.0,0.0,0,9.1,0
444424095312301,2010,tmean,0,0.0,0.0,0.0,0,9.2,0
444424095312301,2011,tmean,0,0.0,0.0,0.0,0,9.2,0
444424095312301,2012,tmean,0,0.0,0.0,0.0,0,9.2,0
444424095312301,2013,tmean,0,0.0,0.0,0.0,0,9.0,0
444424095312301,2014,tmean,0,0.0,0.0,0.0,0,9.56,0
444424095312301,2015,tmean,0,0.0,0.0,0.0,0,9.4,0
444424095312301,2016,tmean,0,0.0,0.0,0.0,0,9.4,0
444424095312301,2019,tmean,0,0.0,0.0,0.0,0,10.2,0
444431095324101,2017,tmean,2,55.0,0.1,10.8,110,9.6,0
444431095324101,2018,tmean,1,57.0,0.1,5.6,57,9.6,0
444431095324101,2007,tmean,0,0.0,0.0,0.0,0,9.44,0
444431095324101,2008,tmean,0,0.0,0.0,0.0,0,9.4,0
444431095324101,2009,tmean,0,0.0,0.0,0.0,0,9.3,0
444431095324101,2010,tmean,0,0.0,0.0,0.0,0,9.3,0
444431095324101,2011,tmean,0,0.0,0.0,0.0,0,9.4,0
444431095324101,2012,tmean,0,0.0,0.0,0.0,0,9.4,0
444431095324101,2013,tmean,0,0.0,0.0,0.0,0,9.6,0
444431095324101,2014,tmean,0,0.0,0.0,0.0,0,9.5,0
444431095324101,2015,tmean,0,0.0,0.0,0.0,0,9.5,0
444431095324101,2016,tmean,0,0.0,0.0,0.0,0,9.5,0
444431095324101,2019,tmean,0,0.0,0.0,0.0,0,9.5,0
444431095324101,2020,tmean,0,0.0,0.0,0.0,0,9.4,0
444443095305001,2018,tmean,1,7.0,0.1,0.7,7,9.23,0
444443095305001,2019,tmean,2,63.5,0.1,12.7,127,9.3,0
444443095305001,2007,tmean,0,0.0,0.0,0.0,0,9.2,0
444443095305001,2008,tmean,0,0.0,0.0,0.0,0,9.2,0
444443095305001,2009,tmean,0,0.0,0.0,0.0,0,9.2,0
444443095305001,2010,tmean,0,0.0,0.0,0.0,0,9.2,0
444443095305001,2011,tmean,0,0.0,0.0,0.0,0,9.2,0
444443095305001,2012,tmean,0,0.0,0.0,0.0,0,9.2,0
444443095305001,2013,tmean,0,0.0,0.0,0.0,0,9.1,0
444443095305001,2014,tmean,0,0.0,0.0,0.0,0,9.1,0
444443095305001,2015,tmean,0,0.0,0.0,0.0,0,9.2,0
444443095305001,2016,tmean,0,0.0,0.0,0.0,0,9.2,0
444443095305001,2017,tmean,0,0.0,0.0,0.0,0,9.2,0
444447095293501,2005,tmean,0,0.0,0.0,0.0,0,9.0,0
444447095293501,2006,tmean,0,0.0,0.0,0.0,0,8.96,0
444447095293501,2007,tmean,0,0.0,0.0,0.0,0,9.0,0
444447095293501,2008,tmean,0,0.0,0.0,0.0,0,9.0,0
444447095293501,2009,tmean,0,0.0,0.0,0.0,0,9.0,0
444447095293501,2010,tmean,0,0.0,0.0,0.0,0,9.0,0
444447095293501,2011,tmean,0,0.0,0.0,0.0,0,9.0,0
444447095293501,2012,tmean,0,0.0,0.0,0.0,0,9.0,0
444447095293501,2013,tmean,0,0.0,0.0,0.0,0,9.0,0
444447095293501,2014,tmean,0,0.0,0.0,0.0,0,9.0,0
444447095293501,2015,tmean,0,0.0,0.0,0.0,0,9.0,0
444447095293501,2016,tmean,0,0.0,0.0,0.0,0,9.0,0
444447095293501,2017,tmean,0,0.0,0.0,0.0,0,9.0,0
444447095293501,2018,tmean,0,0.0,0.0,0.0,0,8.9,0
444447095293501,2019,tmean,0,0.0,0.0,0.0,0,8.9,0
444447095293501,2020,tmean,0,0.0,0.0,0.0,0,8.9,0
444510095322101,2015,tmean,0,0.0,0.0,0.0,0,9.5,0
444510095322101,2016,tmean,0,0.0,0.0,0.0,0,9.9,0
444510095322101,2017,tmean,0,0.0,0.0,0.0,0,9.9,0
444510095322101,2018,tmean,0,0.0,0.0,0.0,0,9.76,0
444510095322101,2019,tmean,0,0.0,0.0,0.0,0,9.2,0
452559122472401,2001,tmax,5,10.2,4.97,96.9,51,24.47,51
452559122472401,2002,tmax,0,0.0,0.0,0.0,0,,0
452559122472401,2003,tmax,0,0.0,0.0,0.0,0,,0
452559122472401,2004,tmax,0,0.0,0.0,0.0,0,,0
452559122472401,2005,tmax,0,0.0,0.0,0.0,0,,0
452559122472401,2006,tmax,0,0.0,0.0,0.0,0,,0
452559122472401,2007,tmax,0,0.0,0.0,0.0,0,,0
452559122472401,2008,tmax,0,0.0,0.0,0.0,0,,0
452559122472401,2009,tmax,0,0.0,0.0,0.0,0,,0
452559122472401,2010,tmax,0,0.0,0.0,0.0,0,,0
452559122472401,2011,tmax,0,0.0,0.0,0.0,0,,0
452559122472401,2012,tmax,0,0.0,0.0,0.0,0,,0
452559122472401,2013,tmax,0,0.0,0.0,0.0,0,,0
452559122472401,2014,tmax,0,0.0,0.0,0.0,0,,0
452559122472401,2015,tmax,0,0.0,0.0,0.0,0,,0
452559122472401,2016,tmax,0,0.0,0.0,0.0,0,18.53,0
452559122472401,2017,tmax,0,0.0,0.0,0.0,0,22.27,0
453845121564001,2004,tmax,3,6.7,0.5,6.6,20,23.11,27
453845121564001,2009,tmax,1,8.0,1.06,5.2,8,23.34,11
453845121564001,2010,tmax,1,5.0,0.3,0.8,5,22.3,5
453845121564001,2014,tmax,1,6.0,0.4,1.9,6,22.63,19
453845121564001,2015,tmax,2,45.5,1.9,93.3,91,22.9,39
453845121564001,2016,tmax,3,9.7,0.9,13.6,29,22.21,15
453845121564001,2017,tmax,1,7.0,0.5,1.4,7,23.04,17
453845121564001,2019,tmax,2,6.5,0.37,2.7,13,22.3,18
453845121564001,2021,tmax,3,7.3,0.75,7.6,22,23.3,25
453845121564001,2023,tmax,1,11.0,0.7,4.6,11,22.81,27
453845121564001,2024,tmax,1,8.0,0.58,2.5,8,22.07,7
453845121564001,2025,tmax,5,7.8,0.9,17.6,39,22.99,35
453845121564001,2005,tmax,0,0.0,0.0,0.0,0,22.23,0
453845121564001,2006,tmax,0,0.0,0.0,0.0,0,22.09,0
453845121564001,2007,tmax,0,0.0,0.0,0.0,0,21.67,0
453845121564001,2008,tmax,0,0.0,0.0,0.0,0,21.64,0
453845121564001,2011,tmax,0,0.0,0.0,0.0,0,21.29,0
453845121564001,2012,tmax,0,0.0,0.0,0.0,0,21.73,0
453845121564001,2013,tmax,0,0.0,0.0,0.0,0,22.27,0
453845121564001,2018,tmax,0,0.0,0.0,0.0,0,22.87,0
453845121564001,2020,tmax,0,0.0,0.0,0.0,0,21.64,0
453845121564001,2022,tmax,0,0.0,0.0,0.0,0,22.26,0
01573695,2012,tmax,1,13.0,4.0,27.2,13,28.83,84
01573695,2013,tmax,1,6.0,2.39,8.2,6,29.47,77
01573695,2015,tmax,3,8.0,4.8,61.4,24,27.03,103
01573695,2016,tmax,1,5.0,0.96,3.4,5,27.61,110
01573695,2017,tmax,2,6.0,5.49,24.6,12,27.11,80
01573695,2018,tmax,1,5.0,1.19,4.3,5,27.3,61
01573695,2020,tmax,1,5.0,1.33,4.1,5,28.37,93
01573695,2021,tmax,1,5.0,2.38,7.1,5,27.0,93
01573695,2022,tmax,1,5.0,1.8,5.8,5,28.13,89
01573695,2023,tmax,2,6.0,3.6,21.6,12,27.73,96
01573695,2024,tmax,5,5.4,4.0,43.4,27,28.99,99
01573695,2025,tmax,2,6.0,3.89,23.6,12,26.24,72
01573695,2014,tmax,0,0.0,0.0,0.0,0,25.7,0
01573695,2019,tmax,0,0.0,0.0,0.0,0,26.03,0
01576000,2016,tmax,1,6.0,0.89,2.9,6,31.94,114
01576000,2015,tmax,0,0.0,0.0,0.0,0,29.39,0
01576000,2017,tmax,0,0.0,0.0,0.0,0,29.4,0
015765185,2015,tmax,1,5.0,2.57,6.6,5,29.46,100
015765185,2013,tmax,0,0.0,0.0,0.0,0,27.54,0
015765185,2014,tmax,0,0.0,0.0,0.0,0,28.09,0
015765185,2016,tmax,0,0.0,0.0,0.0,0,29.37,0
015765185,2017,tmax,0,0.0,0.0,0.0,0,27.19,0
015765195,2015,tmax,1,7.0,3.29,12.9,7,22.26,17
015765195,2016,tmax,1,5.0,2.14,5.5,5,22.54,9
015765195,2012,tmax,0,0.0,0.0,0.0,0,11.71,0
015765195,2013,tmax,0,0.0,0.0,0.0,0,23.94,0
015765195,2014,tmax,0,0.0,0.0,0.0,0,21.99,0
015765195,2017,tmax,0,0.0,0.0,0.0,0,22.29,0
015765195,2018,tmax,0,0.0,0.0,0.0,0,22.46,0
015765195,2019,tmax,0,0.0,0.0,0.0,0,22.09,0
015765195,2020,tmax,0,0.0,0.0,0.0,0,21.5,0
015765195,2021,tmax,0,0.0,0.0,0.0,0,23.4,0
015765195,2022,tmax,0,0.0,0.0,0.0,0,20.96,0
015765195,2023,tmax,0,0.0,0.0,0.0,0,20.6,0
015765195,2024,tmax,0,0.0,0.0,0.0,0,23.03,0
015765195,2025,tmax,0,0.0,0.0,0.0,0,22.46,0
02051500,2006,tmean,0,0.0,0.0,0.0,0,8.06,0
02051500,2007,tmean,0,0.0,0.0,0.0,0,26.16,0
02051500,2008,tmean,0,0.0,0.0,0.0,0,27.06,0
02051500,2009,tmean,0,0.0,0.0,0.0,0,26.13,0
02148315,1985,tmax,9,8.1,6.5,142.8,73,36.61,173
02148315,1986,tmax,4,10.2,3.1,44.7,41,32.33,170
02148315,1989,tmax,1,10.0,2.08,9.5,10,29.43,135
02148315,1990,tmax,1,22.0,2.0,15.3,22,30.21,155
02148315,1995,tmax,1,6.0,1.1,4.6,6,32.07,160
02148315,1997,tmax,1,5.0,0.84,2.6,5,30.07,144
02148315,1998,tmax,1,8.0,2.47,11.2,8,31.0,154
02148315,1999,tmax,2,6.0,1.0,7.5,12,31.0,149
02148315,2001,tmax,3,6.7,2.6,27.9,20,31.43,150
02148315,2002,tmax,4,7.2,4.2,49.6,29,31.17,163
02148315,2003,tmax,1,5.0,1.67,6.3,5,29.66,143
02148315,2004,tmax,1,7.0,1.7,8.0,7,30.89,162
02148315,2005,tmax,1,9.0,0.96,5.8,9,31.24,157
02148315,2006,tmax,1,5.0,0.43,1.5,5,31.81,164
02148315,2007,tmax,6,8.2,2.17,36.4,49,32.57,171
02148315,2008,tmax,2,10.0,2.7,28.3,20,32.13,134
02148315,2009,tmax,1,6.0,1.7,5.9,6,30.89,161
02148315,2010,tmax,3,7.0,1.23,11.4,21,32.11,167
02148315,2011,tmax,2,7.5,1.9,9.8,15,31.79,159
02148315,2012,tmax,6,8.8,2.9,67.9,53,31.71,171
02148315,2013,tmax,1,14.0,2.0,12.5,14,28.83,151
02148315,1991,tmax,0,0.0,0.0,0.0,0,30.14,0
02148315,1992,tmax,0,0.0,0.0,0.0,0,30.21,0
02148315,1993,tmax,0,0.0,0.0,0.0,0,30.71,0
02148315,1994,tmax,0,0.0,0.0,0.0,0,30.57,0
02148315,1996,tmax,0,0.0,0.0,0.0,0,29.86,0
02148315,2000,tmax,0,0.0,0.0,0.0,0,30.71,0
02148315,2014,tmax,0,0.0,0.0,0.0,0,29.97,0
02160991,1985,tmax,3,5.0,2.2,15.8,15,29.64,176
02160991,1986,tmax,4,6.8,2.5,28.1,27,32.07,170
02160991,1990,tmax,1,7.0,2.75,13.5,7,30.36,158
02160991,1997,tmax,2,5.5,1.45,6.8,11,28.71,131
02160991,1998,tmax,2,8.5,2.62,22.0,17,30.79,162
02160991,1999,tmax,1,6.0,2.5,6.6,6,30.86,145
02160991,2001,tmax,2,11.0,1.14,12.0,22,29.86,157
02160991,2002,tmax,2,8.0,2.7,21.1,16,30.53,179
02160991,2004,tmax,1,9.0,0.9,3.0,9,30.33,161
02160991,2007,tmax,2,8.5,1.74,13.2,17,31.27,172
02160991,2010,tmax,5,7.8,1.12,19.2,39,31.93,169
02160991,2011,tmax,3,8.0,1.0,10.4,24,31.77,170
02160991,2012,tmax,4,11.8,3.74,67.5,47,31.49,174
02160991,2013,tmax,1,6.0,1.5,6.5,6,28.44,156
02160991,2015,tmax,4,8.8,4.0,45.0,35,31.39,149
02160991,2016,tmax,5,8.2,3.4,39.8,41,31.29,187
02160991,2017,tmax,4,14.2,2.8,76.4,57,30.93,173
02160991,2018,tmax,3,11.7,3.5,47.4,35,30.86,170
02160991,2019,tmax,5,9.0,2.55,38.1,45,31.44,181
02160991,2020,tmax,2,8.0,2.35,17.9,16,30.76,150
02160991,2021,tmax,2,11.0,3.1,22.6,22,31.09,153
02160991,2022,tmax,4,6.0,1.4,15.9,24,31.21,164
02160991,2023,tmax,1,18.0,3.3,31.6,18,31.07,159
02160991,2024,tmax,2,17.0,2.28,30.0,34,32.4,150
02160991,2025,tmax,6,9.0,2.5,55.3,54,32.84,180
02160991,1991,tmax,0,0.0,0.0,0.0,0,30.43,0
02160991,1992,tmax,0,0.0,0.0,0.0,0,29.86,0
02160991,1993,tmax,0,0.0,0.0,0.0,0,31.29,0
02160991,1994,tmax,0,0.0,0.0,0.0,0,28.79,0
02160991,1995,tmax,0,0.0,0.0,0.0,0,30.21,0
02160991,1996,tmax,0,0.0,0.0,0.0,0,29.86,0
02160991,2000,tmax,0,0.0,0.0,0.0,0,30.57,0
02160991,2003,tmax,0,0.0,0.0,0.0,0,28.86,0
02160991,2005,tmax,0,0.0,0.0,0.0,0,30.7,0
02160991,2006,tmax,0,0.0,0.0,0.0,0,31.24,0
02160991,2008,tmax,0,0.0,0.0,0.0,0,30.79,0
02160991,2009,tmax,0,0.0,0.0,0.0,0,30.46,0
02160991,2014,tmax,0,0.0,0.0,0.0,0,29.63,0
02162035,2011,tmax,2,6.5,2.0,12.7,13,33.29,90
02162035,2012,tmax,4,10.0,2.65,49.0,40,33.34,183
02162035,2013,tmax,1,6.0,1.29,4.4,6,29.03,158
02162035,2015,tmax,4,5.8,3.5,27.1,23,32.43,148
02162035,2016,tmax,1,6.0,1.0,2.7,6,32.24,174
02162035,2017,tmax,2,7.0,2.1,13.0,14,31.34,174
02162035,2018,tmax,2,8.0,1.63,12.8,16,30.96,170
02162035,2019,tmax,2,9.5,2.3,16.3,19,31.77,168
02162035,2020,tmax,2,6.0,3.4,15.6,12,31.53,154
02162035,2021,tmax,1,12.0,3.2,17.5,12,31.19,157
02162035,2022,tmax,1,5.0,2.25,6.6,5,32.1,154
02162035,2023,tmax,1,12.0,2.45,14.2,12,31.6,152
02162035,2024,tmax,3,8.3,2.0,26.9,25,32.9,170
02162035,2025,tmax,3,6.0,2.0,13.8,18,33.09,174
02162035,2014,tmax,0,0.0,0.0,0.0,0,30.57,0
02168500,1993,tmax,1,15.0,15.0,189.4,15,32.29,15
02168500,1994,tmax,2,21.0,4.0,59.2,42,24.57,26
02168500,1998,tmax,1,23.0,1.2,13.5,23,23.0,7
02168500,2001,tmax,5,29.8,11.56,576.0,149,30.36,49
02168500,2002,tmax,2,7.0,0.8,4.3,14,21.59,7
02168500,2003,tmax,4,37.2,6.2,405.2,149,25.76,92
02168500,2007,tmax,1,15.0,0.61,3.9,15,18.31,0
02168500,2012,tmax,1,9.0,1.3,5.1,9,19.01,0
02168500,2013,tmax,1,65.0,4.1,131.3,65,24.57,60
02168500,2015,tmax,1,29.0,1.7,23.5,29,19.34,0
02168500,2017,tmax,4,23.0,2.9,57.7,92,21.4,3
02168500,2018,tmax,2,5.0,1.1,4.4,10,22.09,5
02168500,2020,tmax,6,10.5,2.02,31.2,63,22.19,13
02168500,2022,tmax,2,31.5,2.4,47.9,63,19.23,0
02168500,2023,tmax,2,14.0,4.6,22.7,28,20.63,0
02168500,1992,tmax,0,0.0,0.0,0.0,0,22.07,0
02168500,1995,tmax,0,0.0,0.0,0.0,0,23.14,0
02168500,1996,tmax,0,0.0,0.0,0.0,0,21.57,0
02168500,1997,tmax,0,0.0,0.0,0.0,0,22.07,0
02168500,1999,tmax,0,0.0,0.0,0.0,0,19.14,0
02168500,2000,tmax,0,0.0,0.0,0.0,0,20.71,0
02168500,2004,tmax,0,0.0,0.0,0.0,0,22.26,0
02168500,2005,tmax,0,0.0,0.0,0.0,0,21.83,0
02168500,2006,tmax,0,0.0,0.0,0.0,0,19.43,0
02168500,2008,tmax,0,0.0,0.0,0.0,0,18.9,0
02168500,2009,tmax,0,0.0,0.0,0.0,0,18.24,0
02168500,2010,tmax,0,0.0,0.0,0.0,0,15.76,0
02168500,2011,tmax,0,0.0,0.0,0.0,0,18.81,0
02168500,2014,tmax,0,0.0,0.0,0.0,0,18.4,0
02168500,2016,tmax,0,0.0,0.0,0.0,0,17.91,0
02168500,2019,tmax,0,0.0,0.0,0.0,0,18.9,0
02168500,2021,tmax,0,0.0,0.0,0.0,0,19.54,0
02168500,2024,tmax,0,0.0,0.0,0.0,0,12.47,0
02168504,1989,tmax,1,17.0,3.0,20.9,17,22.0,2
02168504,1990,tmax,10,8.3,5.0,133.1,83,22.5,7
02168504,1991,tmax,3,35.3,5.32,152.4,106,22.57,10
02168504,1992,tmax,2,6.5,2.8,13.1,13,18.0,0
02168504,1994,tmax,1,14.0,1.97,12.5,14,21.5,0
02168504,1995,tmax,1,6.0,0.6,2.1,6,20.64,0
02168504,1996,tmax,2,6.5,1.6,9.0,13,21.29,0
02168504,1997,tmax,2,6.5,2.32,19.0,13,21.5,1
02168504,1998,tmax,3,7.3,1.8,15.0,22,19.71,0
02168504,1999,tmax,2,7.0,2.0,15.8,14,20.21,0
02168504,2000,tmax,2,6.5,2.0,19.7,13,19.29,0
02168504,2001,tmax,4,9.0,2.5,34.3,36,18.79,0
02168504,2002,tmax,3,9.0,1.45,11.6,27,16.19,0
02168504,2003,tmax,1,102.0,4.1,211.0,102,23.81,40
02168504,2006,tmax,1,9.0,0.6,3.1,9,18.8,0
02168504,2007,tmax,3,14.3,1.3,21.1,43,17.64,0
02168504,2008,tmax,5,13.0,1.9,46.5,65,18.46,0
02168504,2009,tmax,1,5.0,0.4,1.2,5,17.11,0
02168504,2012,tmax,3,7.7,2.8,27.6,23,17.0,0
02168504,2013,tmax,1,12.0,0.6,4.2,12,20.83,0
02168504,2016,tmax,1,18.0,1.05,11.1,18,17.13,0
02168504,2017,tmax,2,12.5,0.9,6.7,25,18.3,0
02168504,2020,tmax,8,13.2,2.1,62.4,106,21.17,0
02168504,2022,tmax,4,12.0,1.86,31.9,48,19.24,1
02168504,2023,tmax,3,5.3,2.7,7.5,16,19.46,0
02168504,2024,tmax,1,18.0,2.4,22.5,18,20.3,0
02168504,1993,tmax,0,0.0,0.0,0.0,0,17.07,0
02168504,2004,tmax,0,0.0,0.0,0.0,0,17.51,0
02168504,2005,tmax,0,0.0,0.0,0.0,0,19.59,0
02168504,2010,tmax,0,0.0,0.0,0.0,0,15.27,0
02168504,2011,tmax,0,0.0,0.0,0.0,0,17.41,0
02168504,2014,tmax,0,0.0,0.0,0.0,0,16.34,0
02168504,2015,tmax,0,0.0,0.0,0.0,0,18.67,0
02168504,2018,tmax,0,0.0,0.0,0.0,0,19.57,0
02168504,2019,tmax,0,0.0,0.0,0.0,0,17.66,0
02168504,2021,tmax,0,0.0,0.0,0.0,0,18.57,0
02168504,2025,tmax,0,0.0,0.0,0.0,0,18.43,0
02169000,1988,tmax,7,9.1,3.9,101.2,64,24.49,36
02169000,1989,tmax,2,8.5,9.0,57.8,17,26.79,18
02169000,1990,tmax,6,8.3,3.91,70.3,50,22.79,24
02169000,1991,tmax,5,16.0,3.74,118.2,80,23.5,59
02169000,1994,tmax,1,12.0,1.5,9.9,12,21.64,2
02169000,1995,tmax,1,5.0,1.0,2.4,5,20.93,0
02169000,1996,tmax,1,6.0,0.85,2.9,6,20.64,0
02169000,1998,tmax,3,13.7,2.9,50.4,41,23.0,15
02169000,1999,tmax,5,6.0,2.84,38.3,30,23.0,23
02169000,2000,tmax,2,5.5,3.2,15.6,11,22.64,7
02169000,2001,tmax,3,7.7,3.08,33.2,23,22.14,4
02169000,2002,tmax,3,6.0,2.1,19.1,18,19.13,0
02169000,2003,tmax,2,40.0,3.0,103.9,80,23.34,54
02169000,2004,tmax,1,7.0,1.4,5.6,7,21.21,4
02169000,2005,tmax,1,9.0,0.5,2.6,9,21.76,1
02169000,2006,tmax,7,7.1,2.3,39.0,50,23.21,30
02169000,2007,tmax,1,5.0,0.7,2.7,5,20.93,0
02169000,2008,tmax,6,6.2,2.1,41.0,37,22.17,8
02169000,2012,tmax,6,6.0,3.3,42.0,36,21.24,1
02169000,2013,tmax,1,8.0,1.0,5.9,8,20.64,0
02169000,2015,tmax,1,23.0,1.4,16.7,23,19.1,1
02169000,2017,tmax,2,8.0,2.2,16.4,16,21.56,1
02169000,2020,tmax,4,14.5,1.6,51.1,58,22.91,18
02169000,2021,tmax,1,14.0,1.3,10.1,14,20.64,1
02169000,2022,tmax,1,7.0,3.1,11.2,7,23.37,9
02169000,2024,tmax,1,10.0,2.9,9.3,10,22.06,5
02169000,1992,tmax,0,0.0,0.0,0.0,0,19.0,0
02169000,1993,tmax,0,0.0,0.0,0.0,0,21.36,0
02169000,1997,tmax,0,0.0,0.0,0.0,0,21.5,0
02169000,2009,tmax,0,0.0,0.0,0.0,0,21.11,0
02169000,2010,tmax,0,0.0,0.0,0.0,0,22.24,0
02169000,2011,tmax,0,0.0,0.0,0.0,0,22.34,0
02169000,2014,tmax,0,0.0,0.0,0.0,0,19.6,0
02169000,2016,tmax,0,0.0,0.0,0.0,0,20.34,0
02169000,2018,tmax,0,0.0,0.0,0.0,0,20.27,0
02169000,2019,tmax,0,0.0,0.0,0.0,0,20.47,0
02169000,2023,tmax,0,0.0,0.0,0.0,0,21.17,0
02169000,2025,tmax,0,0.0,0.0,0.0,0,21.31,0
02171920,2015,tmax,1,5.0,1.16,3.7,5,33.27,198
02171920,2016,tmax,1,9.0,2.9,14.8,9,33.04,199
02171920,2017,tmax,2,6.5,1.68,11.3,13,32.6,208
02171920,2018,tmax,1,7.0,2.6,13.1,7,32.49,179
02171920,2019,tmax,1,7.0,1.42,6.1,7,32.8,189
02171920,2020,tmax,2,7.5,2.72,27.8,15,33.37,210
02171920,2021,tmax,1,6.0,2.94,11.7,6,31.93,193
02171920,2022,tmax,2,5.5,2.81,11.6,11,32.74,179
02171920,2023,tmax,1,9.0,3.0,16.9,9,32.81,185
02171920,2024,tmax,2,5.0,3.02,11.9,10,32.33,202
02171920,2025,tmax,2,8.0,3.24,19.7,16,33.73,186
02171920,2013,tmax,0,0.0,0.0,0.0,0,31.86,0
02171920,2014,tmax,0,0.0,0.0,0.0,0,31.9,0
021720677,1998,tmax,2,12.5,3.15,30.1,25,30.93,170
021720677,1999,tmax,4,8.2,1.81,26.2,33,31.71,132
021720677,2000,tmax,1,7.0,1.08,3.6,7,30.93,153
021720677,2002,tmax,1,5.0,0.7,2.2,5,27.91,28
021720677,2004,tmax,2,5.5,0.8,3.3,11,30.64,161
021720677,2005,tmax,1,5.0,0.5,1.5,5,31.09,169
021720677,2007,tmax,2,10.0,1.1,12.0,20,31.16,181
021720677,2010,tmax,3,11.7,1.54,15.5,35,31.6,186
021720677,2011,tmax,3,12.3,1.29,25.0,37,32.3,164
021720677,2012,tmax,2,20.5,1.9,36.0,41,30.87,184
021720677,2013,tmax,1,8.0,1.4,5.0,8,30.21,167
021720677,2015,tmax,2,18.0,4.4,60.6,36,30.81,159
021720677,2016,tmax,1,9.0,1.5,7.0,9,31.37,191
021720677,2017,tmax,4,16.0,1.9,48.4,64,30.79,196
021720677,2018,tmax,3,16.3,2.52,46.8,49,30.51,175
021720677,2019,tmax,4,9.5,1.3,22.4,38,31.0,185
021720677,2020,tmax,8,8.1,2.1,46.5,65,31.31,181
021720677,2021,tmax,1,9.0,1.3,5.5,9,30.3,182
021720677,2022,tmax,1,9.0,1.7,7.8,9,30.87,168
021720677,2023,tmax,1,22.0,3.15,40.7,22,30.69,170
021720677,2024,tmax,1,21.0,1.5,17.5,21,30.27,179
021720677,2025,tmax,1,9.0,1.7,8.1,9,31.5,176
021720677,1997,tmax,0,0.0,0.0,0.0,0,30.43,0
021720677,2001,tmax,0,0.0,0.0,0.0,0,30.29,0
021720677,2003,tmax,0,0.0,0.0,0.0,0,30.06,0
021720677,2006,tmax,0,0.0,0.0,0.0,0,31.27,0
021720677,2008,tmax,0,0.0,0.0,0.0,0,30.54,0
021720677,2009,tmax,0,0.0,0.0,0.0,0,27.7,0
021720677,2014,tmax,0,0.0,0.0,0.0,0,30.37,0
0217206935,2016,tmax,1,7.0,0.4,1.7,7,31.16,127
0217206935,2017,tmax,2,8.0,0.2,1.3,16,30.71,192
0217206935,2018,tmax,1,7.0,0.34,1.4,7,30.14,169
0217206935,2019,tmax,1,5.0,0.16,0.5,5,30.77,179
0217206935,2020,tmax,6,7.7,1.4,18.2,46,31.23,182
0217206935,2021,tmax,2,7.5,1.4,7.2,15,30.14,185
0217206935,2022,tmax,4,7.5,0.98,12.3,30,30.67,168
0217206935,2023,tmax,1,15.0,2.02,16.8,15,30.83,166
0217206935,2024,tmax,4,7.0,0.9,13.8,28,30.79,179
0217206935,2025,tmax,3,7.0,1.9,13.7,21,31.77,175
0217206962,2016,tmax,1,5.0,1.1,2.6,5,32.51,135
0217206962,2018,tmax,2,6.5,0.92,5.0,13,31.87,179
0217206962,2019,tmax,2,8.0,0.65,4.5,16,32.0,205
0217206962,2020,tmax,3,7.3,2.34,20.1,22,32.86,208
0217206962,2021,tmax,1,6.0,2.1,7.1,6,31.5,195
0217206962,2022,tmax,3,6.3,2.44,17.3,19,32.07,178
0217206962,2023,tmax,2,9.0,2.58,17.6,18,31.93,181
0217206962,2024,tmax,2,6.5,1.75,10.4,13,31.71,199
0217206962,2025,tmax,3,7.0,2.1,17.0,21,32.63,165
0217206962,2017,tmax,0,0.0,0.0,0.0,0,31.84,0
021720709,1998,tmax,1,13.0,2.88,22.3,13,30.5,158
021720709,1999,tmax,2,9.0,2.2,16.4,18,31.21,148
021720709,2000,tmax,1,5.0,0.72,2.3,5,30.71,152
021720709,2001,tmax,1,20.0,2.49,23.2,20,30.21,164
021720709,2002,tmax,4,7.0,1.5,20.6,28,30.66,183
021720709,2003,tmax,1,8.0,0.4,1.9,8,29.59,178
021720709,2006,tmax,1,18.0,1.9,15.9,18,15.04,0
021720709,2007,tmax,1,8.0,1.1,4.5,8,31.14,175
021720709,2008,tmax,2,5.5,0.5,2.6,11,30.39,168
021720709,2010,tmax,4,8.5,0.9,16.1,34,31.4,186
021720709,2011,tmax,2,5.5,0.4,3.4,11,31.23,183
021720709,2012,tmax,2,18.5,2.1,32.3,37,30.84,187
021720709,2013,tmax,1,5.0,1.3,2.5,5,29.8,165
021720709,2014,tmax,1,5.0,0.6,2.3,5,30.57,173
021720709,2015,tmax,3,12.7,4.8,66.0,38,31.0,167
021720709,2016,tmax,3,6.3,2.0,12.0,19,31.53,189
021720709,2017,tmax,4,16.0,2.5,53.5,64,31.04,196
021720709,2018,tmax,4,15.0,2.54,51.9,60,30.54,173
021720709,2019,tmax,3,10.0,1.8,20.9,30,31.1,179
021720709,2020,tmax,8,8.1,2.58,56.0,65,31.46,196
021720709,2021,tmax,1,10.0,2.31,11.1,10,30.27,184
021720709,2022,tmax,1,9.0,2.0,9.8,9,30.74,170
021720709,2023,tmax,2,13.5,4.1,51.8,27,31.16,174
021720709,2024,tmax,1,18.0,1.7,18.3,18,31.09,186
021720709,2025,tmax,3,7.3,1.5,15.1,22,31.67,172
021720709,1997,tmax,0,0.0,0.0,0.0,0,30.07,0
021720709,2004,tmax,0,0.0,0.0,0.0,0,30.21,0
021720709,2005,tmax,0,0.0,0.0,0.0,0,18.94,0
021720709,2009,tmax,0,0.0,0.0,0.0,0,28.61,0
021720710,1994,tmax,1,5.0,0.6,1.9,5,29.64,153
021720710,1997,tmax,1,14.0,1.2,9.8,14,30.43,161
021720710,1998,tmax,1,15.0,3.2,27.5,15,30.36,170
021720710,1999,tmax,3,9.3,2.0,21.5,28,31.43,136
021720710,2001,tmax,1,30.0,2.54,49.2,30,29.64,146
021720710,2002,tmax,3,8.0,1.45,15.1,24,29.7,128
021720710,2003,tmax,1,5.0,0.8,2.8,5,29.66,182
021720710,2004,tmax,3,6.3,0.62,4.8,19,30.96,184
021720710,2005,tmax,1,5.0,0.3,1.2,5,31.04,168
021720710,2006,tmax,1,6.0,0.4,1.6,6,31.37,178
021720710,2007,tmax,2,11.0,1.58,18.5,22,31.07,177
021720710,2010,tmax,5,7.6,1.1,21.6,38,31.36,186
021720710,2011,tmax,2,9.5,1.4,8.7,19,31.19,182
021720710,2012,tmax,2,16.0,2.0,25.1,32,30.9,188
021720710,2013,tmax,1,9.0,1.72,4.7,9,29.96,168
021720710,2015,tmax,3,15.0,4.77,65.8,45,31.06,177
021720710,2016,tmax,2,7.0,1.2,6.9,14,31.37,192
021720710,2017,tmax,6,12.0,2.24,56.0,72,31.03,196
021720710,2018,tmax,4,14.2,2.74,54.2,57,30.8,168
021720710,2019,tmax,3,11.3,1.3,18.5,34,31.39,155
021720710,2020,tmax,7,9.0,2.5,58.1,63,31.61,173
021720710,2021,tmax,1,9.0,1.6,6.6,9,30.57,183
021720710,2022,tmax,2,6.5,2.1,10.4,13,31.24,176
021720710,2023,tmax,5,10.6,3.75,70.4,53,31.7,181
021720710,2024,tmax,3,9.7,1.5,21.4,29,31.13,185
021720710,2025,tmax,1,9.0,1.4,6.5,9,25.7,29
021720710,1993,tmax,0,0.0,0.0,0.0,0,30.07,0
021720710,1995,tmax,0,0.0,0.0,0.0,0,,0
021720710,1996,tmax,0,0.0,0.0,0.0,0,24.44,0
021720710,2000,tmax,0,0.0,0.0,0.0,0,30.57,0
021720710,2008,tmax,0,0.0,0.0,0.0,0,30.37,0
021720710,2009,tmax,0,0.0,0.0,0.0,0,30.37,0
021720710,2014,tmax,0,0.0,0.0,0.0,0,30.56,0
02172080,2004,tmax,1,5.0,1.87,5.5,5,27.97,146
02172080,2001,tmax,0,0.0,0.0,0.0,0,26.14,0
02172080,2002,tmax,0,0.0,0.0,0.0,0,29.23,0
02172080,2003,tmax,0,0.0,0.0,0.0,0,26.44,0
02172080,2005,tmax,0,0.0,0.0,0.0,0,19.46,0
02172081,1994,tmax,1,7.0,2.52,10.2,7,19.86,0
02172081,1995,tmax,1,8.0,2.5,9.9,8,30.43,142
02172081,1996,tmax,0,0.0,0.0,0.0,0,,0
02172081,1997,tmax,0,0.0,0.0,0.0,0,,0
02172081,1998,tmax,0,0.0,0.0,0.0,0,,0
02172081,1999,tmax,0,0.0,0.0,0.0,0,,0
02172081,2000,tmax,0,0.0,0.0,0.0,0,31.5,0
02172081,2001,tmax,0,0.0,0.0,0.0,0,30.57,0
02172081,2002,tmax,0,0.0,0.0,0.0,0,31.79,0
02172081,2003,tmax,0,0.0,0.0,0.0,0,26.57,0
021720816,2002,tmax,1,5.0,0.98,1.7,5,33.57,206
021720816,2001,tmax,0,0.0,0.0,0.0,0,32.07,0
021720816,2003,tmax,0,0.0,0.0,0.0,0,33.67,0
021720825,2017,tmax,1,5.0,2.5,5.6,5,30.4,166
021720825,2018,tmax,2,6.5,1.38,6.8,13,31.2,159
021720825,2019,tmax,2,8.0,0.98,5.7,16,31.0,199
021720825,2020,tmax,4,6.2,1.74,18.5,25,31.57,180
021720825,2021,tmax,1,5.0,1.42,5.0,5,29.54,189
021720825,2022,tmax,4,9.0,2.52,42.8,36,32.7,160
021720825,2023,tmax,2,8.5,2.9,24.5,17,31.57,181
021720825,2024,tmax,5,7.2,4.76,46.5,36,31.53,187
021720825,2025,tmax,5,8.8,3.32,48.0,44,32.16,183
021720869,2004,tmax,3,5.3,1.93,8.4,16,31.46,190
021720869,2005,tmax,1,6.0,0.4,1.3,6,32.07,155
021720869,2007,tmax,4,5.5,1.35,13.6,22,32.03,182
021720869,2008,tmax,1,6.0,0.66,2.4,6,31.23,176
021720869,2010,tmax,4,6.5,1.06,9.8,26,32.2,197
021720869,2011,tmax,2,6.5,0.8,5.4,13,31.96,187
021720869,2012,tmax,3,11.3,2.1,28.3,34,31.36,194
021720869,2015,tmax,3,10.3,5.21,63.5,31,31.94,177
021720869,2016,tmax,2,7.0,2.0,12.6,14,32.11,181
021720869,2017,tmax,6,8.0,1.9,36.3,48,31.51,199
021720869,2018,tmax,5,8.2,2.8,35.2,41,31.5,178
021720869,2019,tmax,4,8.2,1.98,29.8,33,31.83,201
021720869,2020,tmax,7,8.3,3.33,58.0,58,32.27,199
021720869,2021,tmax,1,6.0,2.2,8.3,6,30.86,187
021720869,2022,tmax,3,6.7,2.7,20.4,20,31.64,173
021720869,2023,tmax,1,19.0,3.26,30.4,19,31.73,180
021720869,2024,tmax,2,11.5,2.53,28.6,23,31.83,170
021720869,2025,tmax,3,9.3,2.5,22.7,28,32.6,186
021720869,2006,tmax,0,0.0,0.0,0.0,0,32.01,0
021720869,2009,tmax,0,0.0,0.0,0.0,0,30.64,0
021720869,2013,tmax,0,0.0,0.0,0.0,0,30.4,0
021720869,2014,tmax,0,0.0,0.0,0.0,0,30.94,0
02172100,1993,tmax,2,7.5,1.0,10.5,15,31.43,117
02172100,1994,tmax,3,6.0,1.4,12.5,18,29.94,169
02172100,1995,tmax,1,6.0,0.65,2.4,6,31.43,184
02172100,2004,tmax,3,6.3,1.8,10.1,19,30.67,180
02172100,2005,tmax,1,6.0,0.55,1.4,6,31.41,169
02172100,2006,tmax,2,5.0,0.96,4.1,10,31.84,177
02172100,2007,tmax,1,5.0,1.7,5.6,5,31.34,173
02172100,2008,tmax,1,5.0,1.95,5.0,5,30.79,160
02172100,2012,tmax,1,6.0,1.73,3.8,6,29.6,72
02172100,1996,tmax,0,0.0,0.0,0.0,0,30.01,0
02172100,1997,tmax,0,0.0,0.0,0.0,0,,0
02172100,1998,tmax,0,0.0,0.0,0.0,0,,0
02172100,1999,tmax,0,0.0,0.0,0.0,0,,0
02172100,2000,tmax,0,0.0,0.0,0.0,0,,0
02172100,2001,tmax,0,0.0,0.0,0.0,0,,0
02172100,2002,tmax,0,0.0,0.0,0.0,0,,0
02172100,2003,tmax,0,0.0,0.0,0.0,0,,0
02172100,2009,tmax,0,0.0,0.0,0.0,0,28.59,0
02172100,2010,tmax,0,0.0,0.0,0.0,0,,0
02172100,2011,tmax,0,0.0,0.0,0.0,0,,0
02172300,2012,tmax,1,5.0,1.29,4.3,5,26.63,103
02172300,2015,tmax,2,8.5,3.3,31.3,17,27.04,121
02172300,2016,tmax,3,5.7,1.39,10.4,17,27.67,134
02172300,2017,tmax,3,6.3,1.8,19.2,19,27.27,145
02172300,2018,tmax,1,12.0,2.64,17.9,12,26.21,152
02172300,2019,tmax,1,7.0,1.1,4.2,7,27.39,151
02172300,2020,tmax,5,8.4,4.99,66.2,42,27.89,133
02172300,2021,tmax,1,5.0,2.1,6.5,5,27.41,129
02172300,2022,tmax,1,5.0,0.49,1.5,5,27.17,134
02172300,2023,tmax,3,8.3,2.38,28.6,25,27.1,120
02172300,2024,tmax,3,6.0,2.19,13.9,18,27.64,144
02172300,2025,tmax,6,9.5,2.5,49.6,57,28.79,128
02172300,2013,tmax,0,0.0,0.0,0.0,0,26.07,0
02172300,2014,tmax,0,0.0,0.0,0.0,0,26.3,0
02212600,2012,tmax,1,7.0,2.0,8.4,7,28.54,141
02212600,2015,tmax,1,7.0,2.14,7.5,7,28.27,122
02212600,2017,tmax,2,7.0,2.2,18.3,14,26.77,146
02212600,2018,tmax,1,7.0,2.84,12.1,7,25.57,137
02212600,2019,tmax,5,8.2,4.8,48.3,41,28.91,160
02212600,2020,tmax,1,7.0,1.27,5.1,7,28.84,117
02212600,2011,tmax,0,0.0,0.0,0.0,0,18.44,0
02212600,2013,tmax,0,0.0,0.0,0.0,0,26.13,0
02212600,2014,tmax,0,0.0,0.0,0.0,0,26.4,0
02212600,2016,tmax,0,0.0,0.0,0.0,0,28.91,0
02219000,2015,tmax,2,6.0,2.38,16.7,12,30.77,136
02219000,2016,tmax,2,5.0,0.9,4.5,10,29.6,147
02219000,2017,tmax,1,8.0,2.0,9.0,8,28.74,140
02219000,2018,tmax,1,5.0,0.98,3.4,5,29.81,139
02219000,2019,tmax,2,5.5,1.26,6.8,11,28.79,148
02219000,2013,tmax,0,0.0,0.0,0.0,0,21.97,0
02219000,2014,tmax,0,0.0,0.0,0.0,0,28.29,0
02219000,2020,tmax,0,0.0,0.0,0.0,0,28.34,0
02223056,2017,tmax,4,7.8,1.7,16.8,31,29.79,77
02223056,2019,tmax,1,5.0,1.0,2.2,5,32.51,95
02223056,2013,tmax,0,0.0,0.0,0.0,0,17.53,0
02223056,2014,tmax,0,0.0,0.0,0.0,0,31.67,0
02223056,2015,tmax,0,0.0,0.0,0.0,0,33.26,0
02223056,2016,tmax,0,0.0,0.0,0.0,0,33.14,0
02223056,2018,tmax,0,0.0,0.0,0.0,0,,0
02223056,2020,tmax,0,0.0,0.0,0.0,0,10.3,0
02310545,2006,tmax,2,6.0,0.9,5.7,12,28.16,288
02310545,2007,tmax,1,6.0,1.17,4.2,6,29.11,336
02310545,2009,tmax,1,6.0,1.23,4.0,6,28.5,323
02310545,2010,tmax,1,6.0,1.18,2.1,6,28.57,293
02310545,2004,tmax,0,0.0,0.0,0.0,0,27.84,0
02310545,2005,tmax,0,0.0,0.0,0.0,0,27.4,0
02310545,2008,tmax,0,0.0,0.0,0.0,0,28.13,0
02310545,2011,tmax,0,0.0,0.0,0.0,0,28.54,0
02310545,2012,tmax,0,0.0,0.0,0.0,0,27.5,0
02310545,2013,tmax,0,0.0,0.0,0.0,0,24.1,0
02310600,2003,tmax,0,0.0,0.0,0.0,0,31.61,0
02310600,2004,tmax,0,0.0,0.0,0.0,0,32.09,0
02310600,2005,tmax,0,0.0,0.0,0.0,0,31.8,0
02310650,2007,tmax,2,5.5,1.3,6.3,11,26.04,334
02310650,2009,tmax,2,5.5,0.5,2.0,11,25.86,340
02310650,2015,tmax,1,5.0,0.3,0.9,5,25.26,361
02310650,2017,tmax,1,5.0,0.9,3.3,5,25.93,358
02310650,2018,tmax,2,5.5,0.3,2.2,11,25.04,350
02310650,2020,tmax,3,5.3,1.67,9.5,16,25.99,354
02310650,2021,tmax,5,6.0,1.1,11.6,30,25.87,357
02310650,2023,tmax,10,6.2,1.6,35.8,62,26.4,361
02310650,2024,tmax,7,8.4,1.2,25.2,59,26.16,364
02310650,2025,tmax,4,6.8,1.6,19.7,27,26.26,310
02310650,2004,tmax,0,0.0,0.0,0.0,0,24.99,0
02310650,2005,tmax,0,0.0,0.0,0.0,0,24.96,0
02310650,2006,tmax,0,0.0,0.0,0.0,0,25.47,0
02310650,2008,tmax,0,0.0,0.0,0.0,0,25.3,0
02310650,2010,tmax,0,0.0,0.0,0.0,0,25.13,0
02310650,2011,tmax,0,0.0,0.0,0.0,0,25.54,0
02310650,2012,tmax,0,0.0,0.0,0.0,0,25.24,0
02310650,2013,tmax,0,0.0,0.0,0.0,0,25.27,0
02310650,2014,tmax,0,0.0,0.0,0.0,0,25.01,0
02310650,2016,tmax,0,0.0,0.0,0.0,0,25.34,0
02310650,2019,tmax,0,0.0,0.0,0.0,0,25.14,0
02310650,2022,tmax,0,0.0,0.0,0.0,0,25.23,0
02310663,2003,tmax,1,6.0,0.9,3.1,6,29.93,211
02310663,2007,tmax,4,5.5,2.6,14.0,22,32.44,228
02310663,2009,tmax,2,10.5,2.9,22.8,21,32.54,281
02310663,2010,tmax,3,5.7,1.9,13.0,17,32.53,243
02310663,2011,tmax,1,9.0,0.86,4.9,9,32.3,291
02310663,2013,tmax,1,8.0,1.0,4.5,8,31.54,289
02310663,2015,tmax,5,8.8,1.7,31.0,44,31.74,307
02310663,2016,tmax,1,8.0,1.6,4.9,8,32.66,281
02310663,2017,tmax,1,6.0,1.06,4.1,6,31.76,319
02310663,2018,tmax,3,10.0,1.08,15.2,30,31.64,290
02310663,2019,tmax,2,9.0,1.8,15.1,18,31.63,307
02310663,2020,tmax,3,9.3,1.62,23.7,28,32.39,300
02310663,2021,tmax,1,5.0,1.1,3.5,5,31.37,304
02310663,2023,tmax,6,8.2,1.9,40.1,49,33.17,295
02310663,2024,tmax,7,5.9,2.3,32.6,41,32.44,290
02310663,2025,tmax,6,7.0,1.44,28.8,42,32.14,237
02310663,2004,tmax,0,0.0,0.0,0.0,0,30.0,0
02310663,2005,tmax,0,0.0,0.0,0.0,0,27.1,0
02310663,2006,tmax,0,0.0,0.0,0.0,0,31.04,0
02310663,2008,tmax,0,0.0,0.0,0.0,0,31.54,0
02310663,2012,tmax,0,0.0,0.0,0.0,0,31.01,0
02310663,2014,tmax,0,0.0,0.0,0.0,0,31.49,0
02310663,2022,tmax,0,0.0,0.0,0.0,0,31.73,0
02310673,2007,tmax,2,6.5,1.55,8.8,13,32.77,256
02310673,2009,tmax,1,10.0,2.1,13.7,10,32.97,241
02310673,2010,tmax,4,5.2,1.3,14.2,21,33.29,226
02310673,2011,tmax,2,7.5,1.24,8.1,15,33.36,251
02310673,2013,tmax,1,7.0,1.48,6.0,7,32.43,252
02310673,2015,tmax,4,8.8,2.0,38.7,35,32.81,283
02310673,2017,tmax,1,6.0,1.8,5.9,6,32.74,263
02310673,2018,tmax,5,10.4,2.0,41.6,52,32.23,264
02310673,2019,tmax,3,5.3,2.14,16.1,16,32.74,260
02310673,2020,tmax,3,8.3,2.4,31.4,25,32.9,254
02310673,2021,tmax,1,6.0,1.3,4.1,6,30.53,88
02310673,2022,tmax,1,5.0,2.6,8.2,5,32.7,271
02310673,2023,tmax,4,9.0,2.9,41.9,36,33.99,262
02310673,2024,tmax,2,8.5,1.98,14.2,17,32.97,246
02310673,2025,tmax,3,8.3,2.3,26.6,25,33.61,241
02310673,2005,tmax,0,0.0,0.0,0.0,0,29.63,0
02310673,2006,tmax,0,0.0,0.0,0.0,0,31.87,0
02310673,2008,tmax,0,0.0,0.0,0.0,0,32.14,0
02310673,2012,tmax,0,0.0,0.0,0.0,0,32.13,0
02310673,2014,tmax,0,0.0,0.0,0.0,0,32.54,0
02310673,2016,tmax,0,0.0,0.0,0.0,0,33.37,0
02310674,2007,tmax,2,5.0,1.5,5.4,10,32.8,236
02310674,2009,tmax,1,10.0,2.26,14.9,10,32.74,216
02310674,2010,tmax,3,5.0,1.5,9.1,15,33.14,225
02310674,2011,tmax,2,7.0,1.3,10.1,14,33.33,245
02310674,2013,tmax,1,8.0,2.1,9.8,8,32.21,249
02310674,2015,tmax,6,8.3,2.64,54.2,50,32.91,280
02310674,2016,tmax,1,10.0,1.7,8.4,10,33.64,259
02310674,2017,tmax,1,6.0,2.08,9.4,6,32.63,261
02310674,2018,tmax,4,9.0,1.72,29.1,36,32.33,259
02310674,2019,tmax,3,5.7,2.72,18.6,17,32.3,260
02310674,2020,tmax,4,5.8,2.7,32.8,23,33.03,265
02310674,2022,tmax,2,5.0,2.7,12.5,10,32.29,268
02310674,2023,tmax,5,7.0,3.0,35.0,35,33.87,256
02310674,2024,tmax,4,7.0,1.36,17.4,28,32.89,261
02310674,2025,tmax,5,7.0,2.5,31.0,35,33.67,239
02310674,2005,tmax,0,0.0,0.0,0.0,0,27.69,0
02310674,2006,tmax,0,0.0,0.0,0.0,0,32.27,0
02310674,2008,tmax,0,0.0,0.0,0.0,0,32.43,0
02310674,2012,tmax,0,0.0,0.0,0.0,0,32.19,0
02310674,2014,tmax,0,0.0,0.0,0.0,0,32.41,0
02310674,2021,tmax,0,0.0,0.0,0.0,0,31.79,0
02310678,2007,tmax,1,5.0,0.1,0.5,5,23.64,365
02310678,2009,tmax,2,7.5,0.4,3.3,15,23.8,364
02310678,2014,tmax,1,6.0,0.1,0.6,6,23.63,349
02310678,2015,tmax,1,25.0,0.4,7.3,25,23.71,363
02310678,2016,tmax,1,6.0,0.1,0.6,6,24.19,360
02310678,2020,tmax,1,10.0,0.1,1.0,10,23.61,364
02310678,2021,tmax,2,9.0,0.2,1.9,18,23.71,365
02310678,2022,tmax,5,6.0,0.2,3.2,30,23.71,365
02310678,2023,tmax,10,7.5,1.8,9.5,75,24.19,360
02310678,2024,tmax,9,27.3,0.3,31.6,246,24.26,354
02310678,2025,tmax,13,11.8,0.3,19.7,154,23.79,272
02310678,2004,tmax,0,0.0,0.0,0.0,0,23.56,0
02310678,2005,tmax,0,0.0,0.0,0.0,0,23.51,0
02310678,2006,tmax,0,0.0,0.0,0.0,0,24.07,0
02310678,2008,tmax,0,0.0,0.0,0.0,0,23.63,0
02310678,2010,tmax,0,0.0,0.0,0.0,0,23.56,0
02310678,2011,tmax,0,0.0,0.0,0.0,0,23.56,0
02310678,2012,tmax,0,0.0,0.0,0.0,0,23.71,0
02310678,2013,tmax,0,0.0,0.0,0.0,0,23.6,0
02310678,2017,tmax,0,0.0,0.0,0.0,0,23.87,0
02310678,2018,tmax,0,0.0,0.0,0.0,0,24.2,0
02310678,2019,tmax,0,0.0,0.0,0.0,0,23.6,0
02310688,2008,tmax,1,7.0,0.44,2.1,7,25.8,342
02310688,2009,tmax,1,8.0,0.7,2.0,8,25.57,363
02310688,2012,tmax,1,6.0,0.3,1.0,6,25.51,363
02310688,2015,tmax,1,5.0,0.5,1.6,5,25.64,355
02310688,2016,tmax,1,7.0,0.4,1.4,7,26.31,353
02310688,2017,tmax,2,5.0,1.3,5.3,10,25.81,361
02310688,2018,tmax,2,12.5,1.0,8.7,25,25.86,345
02310688,2019,tmax,2,5.0,0.7,3.8,10,25.73,355
02310688,2020,tmax,1,6.0,0.2,0.8,6,25.34,366
02310688,2023,tmax,5,6.8,1.1,13.8,34,26.34,363
02310688,2024,tmax,5,8.2,1.95,17.9,41,26.19,366
02310688,2025,tmax,3,7.7,0.8,7.2,23,25.63,362
02310688,2006,tmax,0,0.0,0.0,0.0,0,25.37,0
02310688,2007,tmax,0,0.0,0.0,0.0,0,25.57,0
02310688,2010,tmax,0,0.0,0.0,0.0,0,25.39,0
02310688,2011,tmax,0,0.0,0.0,0.0,0,25.51,0
02310688,2013,tmax,0,0.0,0.0,0.0,0,25.36,0
02310688,2014,tmax,0,0.0,0.0,0.0,0,25.17,0
02310688,2021,tmax,0,0.0,0.0,0.0,0,25.73,0
02310688,2022,tmax,0,0.0,0.0,0.0,0,25.51,0
02310689,2013,tmax,1,5.0,0.91,2.1,5,32.6,283
02310689,2014,tmax,1,6.0,1.28,4.6,6,33.61,265
02310689,2015,tmax,2,8.0,1.79,14.8,16,33.94,285
02310689,2016,tmax,1,5.0,1.9,7.1,5,34.0,290
02310689,2018,tmax,1,6.0,0.54,1.3,6,32.43,283
02310689,2020,tmax,5,5.6,1.9,21.1,28,33.23,293
02310689,2023,tmax,2,5.5,2.28,10.8,11,33.09,281
02310689,2025,tmax,5,6.8,2.2,26.7,34,33.7,269
02310689,2012,tmax,0,0.0,0.0,0.0,0,31.34,0
02310689,2017,tmax,0,0.0,0.0,0.0,0,32.89,0
02310689,2019,tmax,0,0.0,0.0,0.0,0,32.2,0
02310689,2021,tmax,0,0.0,0.0,0.0,0,31.47,0
02310689,2022,tmax,0,0.0,0.0,0.0,0,31.96,0
02310689,2024,tmax,0,0.0,0.0,0.0,0,32.64,0
02310690,2006,tmax,1,5.0,1.0,3.8,5,32.3,168
02310690,2007,tmax,2,6.5,1.98,10.5,13,32.59,293
02310690,2008,tmax,1,6.0,0.58,1.9,6,31.53,280
02310690,2009,tmax,1,6.0,1.4,5.1,6,32.31,238
02310690,2015,tmax,5,8.2,2.0,34.5,41,32.31,300
02310690,2016,tmax,1,5.0,1.1,4.1,5,32.54,299
02310690,2018,tmax,1,8.0,1.28,6.1,8,30.87,146
02310690,2020,tmax,4,5.8,1.69,17.8,23,32.0,293
02310690,2022,tmax,1,5.0,1.78,4.4,5,31.29,289
02310690,2023,tmax,5,6.8,1.68,24.6,34,32.06,288
02310690,2024,tmax,5,7.0,1.34,19.8,35,31.74,288
02310690,2025,tmax,8,7.0,2.1,38.7,56,32.89,293
02310690,2010,tmax,0,0.0,0.0,0.0,0,,0
02310690,2011,tmax,0,0.0,0.0,0.0,0,,0
02310690,2012,tmax,0,0.0,0.0,0.0,0,,0
02310690,2013,tmax,0,0.0,0.0,0.0,0,,0
02310690,2014,tmax,0,0.0,0.0,0.0,0,22.49,0
02310690,2017,tmax,0,0.0,0.0,0.0,0,31.5,0
02310690,2019,tmax,0,0.0,0.0,0.0,0,29.73,0
02310690,2021,tmax,0,0.0,0.0,0.0,0,30.64,0
02310700,2006,tmax,1,7.0,0.4,2.2,7,31.91,264
02310700,2007,tmax,6,5.5,1.4,15.4,33,32.94,269
02310700,2008,tmax,1,6.0,0.7,2.4,6,31.96,266
02310700,2009,tmax,4,7.2,2.2,24.1,29,33.16,257
02310700,2010,tmax,2,6.0,1.9,10.9,12,32.76,228
02310700,2011,tmax,2,7.5,1.14,7.0,15,32.67,272
02310700,2012,tmax,1,5.0,1.1,3.3,5,31.2,270
02310700,2013,tmax,1,7.0,0.8,4.5,7,32.01,269
02310700,2015,tmax,6,8.2,1.55,35.8,49,32.34,292
02310700,2016,tmax,2,7.0,1.0,7.6,14,32.96,287
02310700,2017,tmax,1,7.0,1.28,4.5,7,32.1,292
02310700,2018,tmax,2,11.0,1.3,13.1,22,31.34,273
02310700,2019,tmax,2,7.0,1.3,9.8,14,32.09,279
02310700,2020,tmax,5,7.0,1.7,33.2,35,32.49,282
02310700,2022,tmax,1,5.0,2.5,5.9,5,31.77,280
02310700,2023,tmax,4,9.8,1.9,34.5,39,33.6,283
02310700,2024,tmax,5,6.8,1.76,21.1,34,32.67,271
02310700,2025,tmax,2,10.0,1.69,15.1,20,32.64,260
02310700,2004,tmax,0,0.0,0.0,0.0,0,31.57,0
02310700,2005,tmax,0,0.0,0.0,0.0,0,30.97,0
02310700,2014,tmax,0,0.0,0.0,0.0,0,32.19,0
02310700,2021,tmax,0,0.0,0.0,0.0,0,31.49,0
02310712,2007,tmax,1,5.0,0.8,2.0,5,33.37,250
02310712,2015,tmax,3,11.0,2.22,33.7,33,33.06,277
02310712,2016,tmax,1,9.0,1.0,5.1,9,33.79,249
02310712,2017,tmax,1,6.0,1.9,8.1,6,32.94,266
02310712,2018,tmax,4,6.8,1.6,14.9,27,32.89,256
02310712,2019,tmax,2,5.5,1.38,7.2,11,32.7,264
02310712,2020,tmax,4,6.2,2.79,33.6,25,33.39,272
02310712,2022,tmax,1,6.0,1.0,4.3,6,32.91,272
02310712,2023,tmax,5,7.8,2.47,35.2,39,34.14,259
02310712,2024,tmax,4,6.2,1.28,13.8,25,33.67,259
02310712,2025,tmax,6,7.7,2.3,35.8,46,34.06,234
02310712,2006,tmax,0,0.0,0.0,0.0,0,30.07,0
02310712,2008,tmax,0,0.0,0.0,0.0,0,32.61,0
02310712,2009,tmax,0,0.0,0.0,0.0,0,32.94,0
02310712,2010,tmax,0,0.0,0.0,0.0,0,,0
02310712,2011,tmax,0,0.0,0.0,0.0,0,,0
02310712,2012,tmax,0,0.0,0.0,0.0,0,,0
02310712,2013,tmax,0,0.0,0.0,0.0,0,,0
02310712,2014,tmax,0,0.0,0.0,0.0,0,20.56,0
02310712,2021,tmax,0,0.0,0.0,0.0,0,32.41,0
02310740,2016,tmax,1,5.0,0.95,2.8,5,28.71,189
02310740,2017,tmax,1,5.0,0.55,1.5,5,28.97,347
02310740,2020,tmax,1,6.0,0.62,2.2,6,29.49,349
02310740,2023,tmax,8,7.0,2.1,42.9,56,30.13,342
02310740,2024,tmax,6,8.5,2.2,44.8,51,29.94,345
02310740,2025,tmax,6,6.8,1.55,31.7,41,29.46,306
02310740,2018,tmax,0,0.0,0.0,0.0,0,28.49,0
02310740,2019,tmax,0,0.0,0.0,0.0,0,28.94,0
02310740,2021,tmax,0,0.0,0.0,0.0,0,28.67,0
02310740,2022,tmax,0,0.0,0.0,0.0,0,27.74,0
02310742,2007,tmax,4,6.2,1.37,11.6,25,31.2,275
02310742,2008,tmax,1,5.0,0.6,1.8,5,30.33,266
02310742,2009,tmax,2,9.5,1.8,17.6,19,31.26,264
02310742,2010,tmax,2,5.5,1.12,6.1,11,31.23,236
02310742,2011,tmax,1,10.0,1.0,6.0,10,31.0,250
02310742,2012,tmax,1,5.0,0.5,1.2,5,29.57,272
02310742,2013,tmax,1,8.0,0.93,5.7,8,30.26,274
02310742,2015,tmax,5,8.0,1.73,25.9,40,31.0,293
02310742,2016,tmax,1,5.0,0.5,1.4,5,27.99,87
02310742,2018,tmax,5,7.6,1.0,14.2,38,30.16,279
02310742,2019,tmax,2,8.5,1.43,8.9,17,30.37,291
02310742,2020,tmax,5,8.4,1.9,28.4,42,31.04,289
02310742,2021,tmax,1,5.0,0.6,2.1,5,29.86,298
02310742,2022,tmax,1,5.0,0.84,2.7,5,30.34,250
02310742,2023,tmax,7,8.6,2.0,50.8,60,31.87,293
02310742,2024,tmax,7,7.0,1.2,29.3,49,31.07,288
02310742,2025,tmax,8,6.9,1.5,39.2,55,31.41,261
02310742,2006,tmax,0,0.0,0.0,0.0,0,22.39,0
02310742,2014,tmax,0,0.0,0.0,0.0,0,30.56,0
02310742,2017,tmax,0,0.0,0.0,0.0,0,30.6,0
02310743,2020,tmax,2,5.0,1.23,5.4,10,28.1,363
02310743,2022,tmax,1,5.0,0.54,2.0,5,27.0,356
02310743,2023,tmax,6,6.0,2.28,32.4,36,28.46,357
02310743,2024,tmax,6,5.2,1.7,26.9,31,28.27,342
02310743,2025,tmax,3,6.3,2.04,12.7,19,27.76,244
02310743,2017,tmax,0,0.0,0.0,0.0,0,28.13,0
02310743,2018,tmax,0,0.0,0.0,0.0,0,27.19,0
02310743,2019,tmax,0,0.0,0.0,0.0,0,27.17,0
02310743,2021,tmax,0,0.0,0.0,0.0,0,27.3,0
02310747,2003,tmax,2,6.5,1.3,8.6,13,29.64,195
02310747,2005,tmax,2,6.0,0.3,2.0,12,31.56,246
02310747,2006,tmax,1,6.0,0.9,4.0,6,31.13,243
02310747,2007,tmax,3,6.0,0.93,8.9,18,32.14,261
02310747,2009,tmax,1,10.0,1.9,10.6,10,31.44,251
02310747,2010,tmax,3,5.0,1.4,9.7,15,31.89,223
02310747,2011,tmax,2,7.0,1.39,6.6,14,31.83,258
02310747,2013,tmax,1,7.0,0.88,4.0,7,31.16,259
02310747,2015,tmax,6,8.2,2.22,38.9,49,31.73,221
02310747,2016,tmax,4,5.2,0.91,10.2,21,31.99,274
02310747,2017,tmax,1,7.0,1.28,6.4,7,31.57,292
02310747,2018,tmax,4,9.8,1.47,27.5,39,31.33,271
02310747,2019,tmax,2,7.0,1.87,11.3,14,30.99,285
02310747,2020,tmax,3,9.7,1.8,24.9,29,31.67,284
02310747,2021,tmax,3,5.3,1.46,9.7,16,30.84,276
02310747,2002,tmax,0,0.0,0.0,0.0,0,30.2,0
02310747,2004,tmax,0,0.0,0.0,0.0,0,31.01,0
02310747,2008,tmax,0,0.0,0.0,0.0,0,30.63,0
02310747,2012,tmax,0,0.0,0.0,0.0,0,30.73,0
02310747,2014,tmax,0,0.0,0.0,0.0,0,31.36,0
02310747,2022,tmax,0,0.0,0.0,0.0,0,31.43,0
02310752,2007,tmax,2,5.5,1.65,8.3,11,33.04,251
02310752,2009,tmax,1,8.0,2.4,12.9,8,32.86,240
02310752,2010,tmax,1,5.0,0.7,1.7,5,33.34,224
02310752,2011,tmax,1,9.0,1.0,6.2,9,33.3,245
02310752,2013,tmax,1,6.0,1.5,6.0,6,32.47,250
02310752,2015,tmax,5,8.4,2.6,55.2,42,33.41,284
02310752,2016,tmax,2,5.5,1.4,6.6,11,33.69,261
02310752,2017,tmax,1,6.0,1.94,9.0,6,32.97,277
02310752,2018,tmax,5,8.6,1.88,36.3,43,32.63,262
02310752,2019,tmax,3,6.3,2.68,19.0,19,32.86,267
02310752,2020,tmax,5,6.0,3.0,34.0,30,33.71,279
02310752,2022,tmax,2,5.0,3.0,12.1,10,33.09,269
02310752,2023,tmax,5,9.0,2.7,42.4,45,34.34,265
02310752,2024,tmax,3,7.7,1.65,18.9,23,33.46,268
02310752,2025,tmax,5,7.6,1.9,32.9,38,34.11,237
02310752,2006,tmax,0,0.0,0.0,0.0,0,27.86,0
02310752,2008,tmax,0,0.0,0.0,0.0,0,32.21,0
02310752,2012,tmax,0,0.0,0.0,0.0,0,32.37,0
02310752,2014,tmax,0,0.0,0.0,0.0,0,32.73,0
02310752,2021,tmax,0,0.0,0.0,0.0,0,32.27,0
02313272,2007,tmax,4,5.5,3.02,23.5,22,33.97,240
02313272,2009,tmax,2,8.0,3.64,24.2,16,33.44,234
02313272,2010,tmax,1,5.0,2.06,4.8,5,33.71,225
02313272,2012,tmax,1,5.0,1.5,5.0,5,32.71,237
02313272,2013,tmax,1,7.0,2.05,8.8,7,32.46,229
02313272,2015,tmax,7,8.4,3.1,68.9,59,33.4,272
02313272,2016,tmax,2,7.5,1.6,11.6,15,34.24,254
02313272,2017,tmax,1,7.0,2.08,7.8,7,33.3,243
02313272,2018,tmax,1,18.0,2.2,21.5,18,32.29,248
02313272,2019,tmax,3,6.0,2.26,21.5,18,32.56,245
02313272,2020,tmax,3,9.0,2.92,33.1,27,33.93,260
02313272,2021,tmax,1,5.0,1.32,4.0,5,31.59,233
02313272,2022,tmax,2,5.0,2.36,11.7,10,33.0,232
02313272,2023,tmax,1,12.0,2.66,17.5,12,33.87,253
02313272,2024,tmax,2,8.5,2.0,16.7,17,33.21,246
02313272,2025,tmax,5,7.6,2.4,32.7,38,33.97,233
02313272,2005,tmax,0,0.0,0.0,0.0,0,33.29,0
02313272,2006,tmax,0,0.0,0.0,0.0,0,33.41,0
02313272,2008,tmax,0,0.0,0.0,0.0,0,33.06,0
02313272,2011,tmax,0,0.0,0.0,0.0,0,33.53,0
02313272,2014,tmax,0,0.0,0.0,0.0,0,32.41,0
02313274,2005,tmax,1,5.0,1.8,6.0,5,33.3,216
02313274,2006,tmax,1,5.0,1.26,3.2,5,33.67,222
02313274,2007,tmax,2,7.0,2.85,21.8,14,33.66,242
02313274,2009,tmax,1,8.0,2.64,9.0,8,33.4,230
02313274,2010,tmax,2,5.5,3.2,11.8,11,34.29,224
02313274,2011,tmax,2,5.5,1.87,11.3,11,34.06,242
02313274,2012,tmax,2,5.0,1.47,9.5,10,33.06,235
02313274,2013,tmax,1,6.0,2.38,9.7,6,33.03,205
02313274,2008,tmax,0,0.0,0.0,0.0,0,33.0,0
02335815,2017,tmax,1,11.0,2.4,13.9,11,25.27,53
02335815,2018,tmax,2,9.0,2.62,20.5,18,22.94,32
02335815,2020,tmax,5,9.6,3.5,78.8,48,24.66,59
02335815,2021,tmax,3,6.7,3.7,38.9,20,23.3,52
02335815,2022,tmax,2,5.0,1.26,6.9,10,20.76,0
02335815,2004,tmax,0,0.0,0.0,0.0,0,22.11,0
02335815,2005,tmax,0,0.0,0.0,0.0,0,21.49,0
02335815,2006,tmax,0,0.0,0.0,0.0,0,22.27,0
02335815,2007,tmax,0,0.0,0.0,0.0,0,,0
02335815,2008,tmax,0,0.0,0.0,0.0,0,,0
02335815,2009,tmax,0,0.0,0.0,0.0,0,,0
02335815,2010,tmax,0,0.0,0.0,0.0,0,,0
02335815,2011,tmax,0,0.0,0.0,0.0,0,,0
02335815,2012,tmax,0,0.0,0.0,0.0,0,,0
02335815,2013,tmax,0,0.0,0.0,0.0,0,19.31,0
02335815,2014,tmax,0,0.0,0.0,0.0,0,21.36,0
02335815,2015,tmax,0,0.0,0.0,0.0,0,16.54,0
02335815,2016,tmax,0,0.0,0.0,0.0,0,22.29,0
02335815,2019,tmax,0,0.0,0.0,0.0,0,24.23,0
02343805,2019,tmax,1,5.0,0.63,1.4,5,31.06,179
02343805,2020,tmax,2,6.5,0.54,3.1,13,30.51,169
02343805,2021,tmax,2,10.5,2.16,22.2,21,30.13,179
02343805,2022,tmax,2,6.5,0.7,5.6,13,30.44,164
02343805,2023,tmax,3,11.0,2.2,32.8,33,30.9,162
02343805,2024,tmax,4,11.8,2.18,35.6,47,31.3,179
02343805,2025,tmax,4,8.0,1.2,17.8,32,31.37,172
02343805,2017,tmax,0,0.0,0.0,0.0,0,30.47,0
02343805,2018,tmax,0,0.0,0.0,0.0,0,30.33,0
02356000,2017,tmax,2,5.0,0.76,4.8,10,29.71,191
02356000,2019,tmax,3,5.7,0.3,2.0,17,29.81,188
02356000,2020,tmax,5,5.8,1.2,16.0,29,29.53,175
02356000,2021,tmax,1,6.0,2.53,11.0,6,29.03,172
02356000,2022,tmax,4,8.8,1.56,23.7,35,29.83,160
02356000,2023,tmax,1,13.0,2.4,16.6,13,29.26,156
02356000,2024,tmax,1,19.0,2.0,25.8,19,29.5,181
02356000,2025,tmax,2,7.5,1.92,16.7,15,28.67,108
02356000,2018,tmax,0,0.0,0.0,0.0,0,29.41,0
02397000,1986,tmax,3,15.3,4.0,60.4,46,30.19,152
02397000,1988,tmax,2,5.5,1.8,8.0,11,28.79,138
02397000,1990,tmax,1,8.0,3.34,12.6,8,27.09,95
02397000,1992,tmax,1,6.0,0.5,1.9,6,26.31,94
02397000,1996,tmax,1,8.0,1.6,8.5,8,27.0,108
02397000,1998,tmax,1,10.0,3.1,15.2,10,27.64,122
02397000,1999,tmax,4,6.0,2.5,24.6,24,27.79,116
02397000,2001,tmax,1,7.0,1.1,3.8,7,26.34,105
02397000,2002,tmax,1,5.0,1.6,6.4,5,28.33,132
02397000,2004,tmax,1,10.0,1.2,8.3,10,26.57,103
02397000,2006,tmax,1,6.0,1.71,5.7,6,28.59,129
02397000,2007,tmax,7,6.1,2.1,37.8,43,29.24,157
02397000,2008,tmax,1,11.0,3.2,14.9,11,28.79,123
02397000,2009,tmax,1,12.0,1.6,11.6,12,28.81,121
02397000,2010,tmax,1,6.0,0.83,2.6,6,29.36,129
02397000,2011,tmax,2,8.5,1.4,12.6,17,28.73,127
02397000,2012,tmax,5,12.6,3.5,80.9,63,29.37,143
02397000,2015,tmax,2,8.5,4.61,40.6,17,27.93,129
02397000,2016,tmax,8,8.2,2.0,50.2,66,29.21,147
02397000,2017,tmax,6,8.7,3.92,72.3,52,28.14,138
02397000,2018,tmax,3,8.0,1.55,18.2,24,27.7,142
02397000,2019,tmax,3,10.0,2.48,32.0,30,28.59,146
02397000,2020,tmax,3,8.0,2.5,26.9,24,28.2,121
02397000,2021,tmax,1,9.0,3.53,20.0,9,27.33,139
02397000,2022,tmax,2,8.0,1.53,10.8,16,27.9,132
02397000,2023,tmax,2,11.0,1.97,22.6,22,28.81,135
02397000,2024,tmax,3,11.3,2.5,34.1,34,29.47,136
02397000,2025,tmax,4,6.8,2.91,26.4,27,28.9,134
02397000,1991,tmax,0,0.0,0.0,0.0,0,27.59,0
02397000,1993,tmax,0,0.0,0.0,0.0,0,27.86,0
02397000,1994,tmax,0,0.0,0.0,0.0,0,26.49,0
02397000,1995,tmax,0,0.0,0.0,0.0,0,28.34,0
02397000,1997,tmax,0,0.0,0.0,0.0,0,26.66,0
02397000,2000,tmax,0,0.0,0.0,0.0,0,25.61,0
02397000,2003,tmax,0,0.0,0.0,0.0,0,26.77,0
02397000,2005,tmax,0,0.0,0.0,0.0,0,26.9,0
02397000,2013,tmax,0,0.0,0.0,0.0,0,25.54,0
02397000,2014,tmax,0,0.0,0.0,0.0,0,27.3,0
03086500,2012,tmax,3,9.0,6.4,59.7,27,26.13,86
03086500,2013,tmax,3,5.3,4.3,29.7,16,26.66,70
03086500,2015,tmax,2,7.0,2.46,24.1,14,24.09,43
03086500,2016,tmax,1,6.0,1.6,4.2,6,25.73,64
03086500,2017,tmax,2,8.0,4.58,36.4,16,23.76,30
03086500,2018,tmax,1,6.0,2.0,9.0,6,23.83,75
03086500,2020,tmax,1,6.0,2.6,6.4,6,26.03,80
03086500,2021,tmax,2,6.5,4.2,19.9,13,24.97,74
03086500,2022,tmax,4,5.2,3.0,29.4,21,26.76,84
03086500,2023,tmax,2,8.0,4.78,36.0,16,25.27,58
03086500,2024,tmax,7,6.0,4.1,73.9,42,25.37,81
03086500,2025,tmax,2,6.5,2.5,17.9,13,26.33,71
03086500,2010,tmax,0,0.0,0.0,0.0,0,7.2,0
03086500,2011,tmax,0,0.0,0.0,0.0,0,27.37,0
03086500,2014,tmax,0,0.0,0.0,0.0,0,24.21,0
03086500,2019,tmax,0,0.0,0.0,0.0,0,25.59,0
03090500,2010,tmax,4,10.0,1.0,19.1,40,26.77,98
03090500,2011,tmax,5,8.8,2.17,27.1,44,26.13,67
03090500,2012,tmax,6,12.0,1.6,41.4,72,26.5,68
03090500,2015,tmax,2,12.0,1.1,16.0,24,23.83,51
03090500,2016,tmax,2,7.5,0.62,5.0,15,26.0,55
03090500,2017,tmax,4,6.2,2.0,11.1,25,24.03,61
03090500,2019,tmax,2,10.5,1.2,10.8,21,24.86,65
03090500,2023,tmax,1,7.0,0.58,1.9,7,23.37,31
03090500,2024,tmax,4,9.5,1.52,28.7,38,23.89,46
03090500,2025,tmax,2,9.5,1.1,11.5,19,23.77,22
03090500,2009,tmax,0,0.0,0.0,0.0,0,17.23,0
03090500,2013,tmax,0,0.0,0.0,0.0,0,23.21,0
03090500,2014,tmax,0,0.0,0.0,0.0,0,23.49,0
03090500,2018,tmax,0,0.0,0.0,0.0,0,24.83,0
03090500,2020,tmax,0,0.0,0.0,0.0,0,24.06,0
03090500,2021,tmax,0,0.0,0.0,0.0,0,24.4,0
03090500,2022,tmax,0,0.0,0.0,0.0,0,23.3,0
03091500,2009,tmax,1,7.0,0.7,2.8,7,18.1,0
03091500,2010,tmax,1,7.0,0.91,3.6,7,25.93,72
03091500,2014,tmax,1,5.0,1.81,6.6,5,24.61,84
03091500,2015,tmax,2,11.0,3.12,29.8,22,25.33,92
03091500,2016,tmax,5,6.4,1.1,10.3,32,26.83,67
03091500,2017,tmax,4,8.2,3.51,34.1,33,25.69,76
03091500,2018,tmax,2,5.0,1.61,7.2,10,26.33,85
03091500,2019,tmax,5,6.8,2.31,23.8,34,26.49,107
03091500,2020,tmax,1,9.0,1.21,7.1,9,25.56,61
03091500,2021,tmax,3,6.7,3.21,17.0,20,26.19,79
03091500,2022,tmax,2,10.5,1.5,14.6,21,26.73,90
03091500,2023,tmax,2,17.0,3.7,44.0,34,25.4,63
03091500,2024,tmax,6,15.7,4.8,110.2,94,25.91,94
03091500,2025,tmax,5,8.0,3.7,32.1,40,25.59,78
03091500,2011,tmax,0,0.0,0.0,0.0,0,24.27,0
03091500,2012,tmax,0,0.0,0.0,0.0,0,24.37,0
03091500,2013,tmax,0,0.0,0.0,0.0,0,23.97,0
03092090,2012,tmax,2,9.0,5.76,51.7,18,25.97,79
03092090,2015,tmax,4,6.5,3.87,41.0,26,24.97,66
03092090,2016,tmax,2,5.0,2.9,13.4,10,25.77,88
03092090,2017,tmax,2,8.0,6.38,44.2,16,25.06,60
03092090,2018,tmax,1,5.0,2.1,6.3,5,25.03,65
03092090,2019,tmax,1,5.0,2.88,9.5,5,25.19,72
03092090,2020,tmax,1,6.0,4.44,14.0,6,26.41,73
03092090,2021,tmax,2,5.0,4.0,21.2,10,25.09,75
03092090,2022,tmax,1,5.0,2.07,6.3,5,26.1,82
03092090,2023,tmax,1,5.0,2.6,7.5,5,22.71,26
03092090,2024,tmax,4,6.0,5.47,47.8,24,24.49,51
03092090,2025,tmax,1,6.0,2.26,7.4,6,26.04,59
03092090,2011,tmax,0,0.0,0.0,0.0,0,15.36,0
03092090,2013,tmax,0,0.0,0.0,0.0,0,23.23,0
03092090,2014,tmax,0,0.0,0.0,0.0,0,23.69,0
03092460,2009,tmax,1,12.0,0.9,5.6,12,17.19,0
03092460,2011,tmax,1,5.0,0.2,0.6,5,20.27,0
03092460,2015,tmax,1,31.0,4.12,31.2,31,22.54,18
03092460,2016,tmax,3,7.3,1.0,11.0,22,22.26,10
03092460,2017,tmax,1,15.0,2.5,14.2,15,21.73,4
03092460,2019,tmax,5,8.4,2.1,29.6,42,22.77,19
03092460,2020,tmax,1,8.0,0.9,4.5,8,20.39,0
03092460,2021,tmax,2,7.5,1.1,6.1,15,22.04,5
03092460,2023,tmax,2,20.0,3.6,46.9,40,24.23,36
03092460,2024,tmax,5,14.0,2.9,63.5,70,22.09,9
03092460,2025,tmax,4,5.8,1.7,14.4,23,22.41,7
03092460,2010,tmax,0,0.0,0.0,0.0,0,21.73,0
03092460,2012,tmax,0,0.0,0.0,0.0,0,21.71,0
03092460,2013,tmax,0,0.0,0.0,0.0,0,21.83,0
03092460,2014,tmax,0,0.0,0.0,0.0,0,21.47,0
03092460,2018,tmax,0,0.0,0.0,0.0,0,20.03,0
03092460,2022,tmax,0,0.0,0.0,0.0,0,22.11,0
03353670,2016,tmean,1,7.0,2.92,10.6,7,25.7,85
03353670,2017,tmean,2,6.0,2.9,18.2,12,25.49,79
03353670,2018,tmean,3,6.0,2.9,20.5,18,26.44,121
03353670,2021,tmean,1,5.0,1.35,4.0,5,25.89,88
03353670,2015,tmean,0,0.0,0.0,0.0,0,15.67,0
03353670,2019,tmean,0,0.0,0.0,0.0,0,27.2,0
03353670,2020,tmean,0,0.0,0.0,0.0,0,26.13,0
03353670,2022,tmean,0,0.0,0.0,0.0,0,25.14,0
03353670,2023,tmean,0,0.0,0.0,0.0,0,6.86,0
03354000,1990,tmax,2,5.5,2.2,16.0,11,28.2,92
03354000,1991,tmax,4,5.2,1.9,14.9,21,29.74,127
03354000,1992,tmax,1,9.0,4.7,29.9,9,25.64,108
03354000,1995,tmax,2,5.0,1.66,9.0,10,29.67,99
03354000,1998,tmax,3,7.3,4.7,38.5,22,26.86,113
03354000,2000,tmax,1,6.0,4.98,16.7,6,24.8,71
03354000,2001,tmax,2,12.0,4.72,49.9,24,30.21,121
03354000,2002,tmax,2,7.5,3.3,14.4,15,30.3,117
03354000,2004,tmax,2,7.5,4.0,26.2,15,25.67,21
03354000,2005,tmax,4,6.0,2.3,27.2,24,30.23,130
03354000,2006,tmax,3,7.7,2.41,22.7,23,31.23,114
03354000,2007,tmax,7,8.0,5.86,83.5,56,31.71,150
03354000,2008,tmax,1,6.0,1.9,5.7,6,26.0,114
03354000,2009,tmax,1,5.0,2.07,8.9,5,27.73,119
03354000,2010,tmax,3,6.3,2.43,21.1,19,30.03,127
03354000,2011,tmax,2,8.0,2.25,15.4,16,31.51,110
03354000,2012,tmax,4,11.0,6.3,98.2,44,31.47,130
03354000,2015,tmax,1,7.0,2.3,11.3,7,27.44,27
03354000,2017,tmax,3,7.3,4.3,33.0,22,27.0,116
03354000,2018,tmax,4,6.8,2.6,25.8,27,29.67,141
03354000,2019,tmax,1,6.0,2.6,9.4,6,28.26,121
03354000,2022,tmax,2,6.0,1.52,8.8,12,29.77,126
03354000,2023,tmax,4,8.0,3.8,46.1,32,30.0,139
03354000,2024,tmax,10,6.5,3.98,90.8,65,29.31,142
03354000,2025,tmax,5,6.6,5.4,65.8,33,29.74,129
03354000,1993,tmax,0,0.0,0.0,0.0,0,27.67,0
03354000,1994,tmax,0,0.0,0.0,0.0,0,26.23,0
03354000,1996,tmax,0,0.0,0.0,0.0,0,27.76,0
03354000,1997,tmax,0,0.0,0.0,0.0,0,28.51,0
03354000,1999,tmax,0,0.0,0.0,0.0,0,30.8,0
03354000,2003,tmax,0,0.0,0.0,0.0,0,,0
03354000,2013,tmax,0,0.0,0.0,0.0,0,29.37,0
03354000,2014,tmax,0,0.0,0.0,0.0,0,27.04,0
03354000,2016,tmax,0,0.0,0.0,0.0,0,29.24,0
03354000,2020,tmax,0,0.0,0.0,0.0,0,29.27,0
03354000,2021,tmax,0,0.0,0.0,0.0,0,26.79,0
03400800,1986,tmean,1,10.0,1.8,10.8,10,25.64,13
03400800,1987,tmean,1,51.0,2.3,52.6,51,27.93,100
03400800,1988,tmean,1,12.0,1.4,6.7,12,27.03,86
03400800,1991,tmean,3,14.7,1.2,21.9,44,26.26,103
03400800,1992,tmean,1,7.0,1.9,6.7,7,25.26,89
03400800,1993,tmean,3,27.0,4.4,138.5,81,27.43,113
03400800,1997,tmean,3,6.3,1.7,16.7,19,27.71,97
03400800,1999,tmean,3,8.0,1.11,13.4,24,25.07,108
03400800,2001,tmean,1,10.0,1.4,6.2,10,25.89,72
03400800,2002,tmean,1,12.0,1.3,6.0,12,25.9,103
03400800,2003,tmean,6,5.7,1.5,16.9,34,26.39,83
03400800,2004,tmean,2,7.0,4.8,31.4,14,24.71,47
03400800,2018,tmean,3,10.3,0.81,12.1,31,27.09,93
03400800,2019,tmean,1,10.0,0.5,2.3,10,25.97,112
03400800,2023,tmean,2,7.5,1.77,10.8,15,22.83,8
03400800,2024,tmean,5,12.0,2.87,76.0,60,24.46,64
03400800,2025,tmean,2,8.5,0.77,9.1,17,26.27,105
03400800,1990,tmean,0,0.0,0.0,0.0,0,17.64,0
03400800,1994,tmean,0,0.0,0.0,0.0,0,,0
03400800,1995,tmean,0,0.0,0.0,0.0,0,,0
03400800,1996,tmean,0,0.0,0.0,0.0,0,19.93,0
03400800,1998,tmean,0,0.0,0.0,0.0,0,26.03,0
03400800,2000,tmean,0,0.0,0.0,0.0,0,21.2,0
03400800,2005,tmean,0,0.0,0.0,0.0,0,,0
03400800,2006,tmean,0,0.0,0.0,0.0,0,,0
03400800,2007,tmean,0,0.0,0.0,0.0,0,,0
03400800,2008,tmean,0,0.0,0.0,0.0,0,,0
03400800,2009,tmean,0,0.0,0.0,0.0,0,,0
03400800,2010,tmean,0,0.0,0.0,0.0,0,,0
03400800,2011,tmean,0,0.0,0.0,0.0,0,,0
03400800,2012,tmean,0,0.0,0.0,0.0,0,,0
03400800,2013,tmean,0,0.0,0.0,0.0,0,,0
03400800,2014,tmean,0,0.0,0.0,0.0,0,,0
03400800,2015,tmean,0,0.0,0.0,0.0,0,26.83,0
03400800,2016,tmean,0,0.0,0.0,0.0,0,25.79,0
03400800,2017,tmean,0,0.0,0.0,0.0,0,26.39,0
03400800,2020,tmean,0,0.0,0.0,0.0,0,,0
03400800,2021,tmean,0,0.0,0.0,0.0,0,,0
03400800,2022,tmean,0,0.0,0.0,0.0,0,,0
04024000,2012,tmax,4,6.5,2.69,29.1,26,26.81,68
04024000,2013,tmax,1,8.0,2.8,14.8,8,26.53,53
04024000,2015,tmax,3,8.0,3.31,25.2,24,26.33,66
04024000,2016,tmax,2,10.5,1.5,15.6,21,25.33,59
04024000,2018,tmax,3,7.0,3.15,21.4,21,26.17,65
04024000,2020,tmax,1,13.0,2.7,15.9,13,28.39,74
04024000,2021,tmax,3,13.3,4.3,61.2,40,26.71,88
04024000,2022,tmax,2,5.0,1.0,7.5,10,25.71,61
04024000,2023,tmax,4,7.0,4.1,35.3,28,26.04,91
04024000,2024,tmax,4,20.5,5.4,139.3,82,26.01,59
04024000,2025,tmax,5,8.6,3.72,45.8,43,25.63,58
04024000,2011,tmax,0,0.0,0.0,0.0,0,26.19,0
04024000,2014,tmax,0,0.0,0.0,0.0,0,24.96,0
04024000,2017,tmax,0,0.0,0.0,0.0,0,26.01,0
04024000,2019,tmax,0,0.0,0.0,0.0,0,24.77,0
05314510,2006,tmax,0,0.0,0.0,0.0,0,31.0,0
05314510,2007,tmax,0,0.0,0.0,0.0,0,28.93,0
05314510,2008,tmax,0,0.0,0.0,0.0,0,27.99,0
05595000,2015,tmax,2,7.0,2.72,20.6,14,22.8,9
05595000,2016,tmax,3,6.7,2.58,22.8,20,30.41,125
05595000,2017,tmax,4,6.2,2.2,23.0,25,31.29,130
05595000,2018,tmax,5,6.4,1.88,24.1,32,30.37,148
05595000,2019,tmax,0,0.0,0.0,0.0,0,28.84,0
05595000,2020,tmax,0,0.0,0.0,0.0,0,29.63,0
05595000,2021,tmax,0,0.0,0.0,0.0,0,29.31,0
07017610,2012,tmean,6,7.3,4.28,74.1,44,29.51,116
07017610,2014,tmean,1,7.0,1.58,6.5,7,28.56,113
07017610,2015,tmean,1,5.0,3.45,11.7,5,27.7,94
07017610,2016,tmean,2,7.0,2.48,15.9,14,28.27,96
07017610,2017,tmean,2,7.0,3.92,28.4,14,27.86,97
07017610,2018,tmean,2,6.0,2.0,12.7,12,28.79,133
07017610,2019,tmean,1,5.0,2.34,9.0,5,27.29,110
07017610,2022,tmean,3,5.7,1.92,17.7,17,29.37,89
07017610,2024,tmean,4,6.8,3.67,40.0,27,28.59,111
07017610,2025,tmean,3,7.0,2.78,34.0,21,29.03,72
07017610,2011,tmean,0,0.0,0.0,0.0,0,15.49,0
07017610,2013,tmean,0,0.0,0.0,0.0,0,27.11,0
07017610,2020,tmean,0,0.0,0.0,0.0,0,28.86,0
07017610,2021,tmean,0,0.0,0.0,0.0,0,27.8,0
07017610,2023,tmean,0,0.0,0.0,0.0,0,16.97,0
07179730,2007,tmax,3,30.0,8.09,365.5,90,30.8,111
07179730,2008,tmax,2,41.0,6.69,214.1,82,28.9,93
07179730,2009,tmax,0,0.0,0.0,0.0,0,22.83,0
07182250,2015,tmean,2,6.0,2.0,8.2,12,29.09,114
07182250,2016,tmean,2,8.0,1.8,11.2,16,29.93,106
07182250,2017,tmean,3,6.0,1.64,12.8,18,31.11,127
07182250,2018,tmean,4,7.2,2.18,32.9,29,30.8,138
07182250,2020,tmean,1,5.0,1.05,2.6,5,29.6,100
07182250,2019,tmean,0,0.0,0.0,0.0,0,27.93,0
07182250,2021,tmean,0,0.0,0.0,0.0,0,27.96,0
07263296,2008,tmax,1,6.0,1.73,6.0,6,31.63,124
07263296,2009,tmax,1,5.0,2.2,8.8,5,30.29,112
07263296,2010,tmax,1,13.0,3.1,17.4,13,31.36,142
07263296,2011,tmax,5,6.4,2.04,28.5,32,32.64,124
07263296,2012,tmax,7,9.3,4.0,108.4,65,32.64,153
07263296,2013,tmax,1,5.0,1.1,3.6,5,30.34,138
07263296,2015,tmax,2,6.5,3.0,19.7,13,30.56,123
07263296,2016,tmax,2,9.5,3.1,26.4,19,30.41,112
07263296,2017,tmax,4,8.0,2.63,35.2,32,29.94,140
07263296,2018,tmax,2,10.0,1.4,14.2,20,31.24,152
07263296,2019,tmax,1,6.0,0.32,1.2,6,28.69,141
07263296,2021,tmax,2,6.5,4.1,26.9,13,29.54,128
07263296,2022,tmax,1,8.0,1.96,11.9,8,30.57,132
07263296,2023,tmax,3,5.7,4.8,24.9,17,29.73,143
07263296,2024,tmax,6,18.0,5.48,235.6,108,31.79,161
07263296,2025,tmax,3,9.7,3.4,39.5,29,30.21,146
07263296,2007,tmax,0,0.0,0.0,0.0,0,23.94,0
07263296,2014,tmax,0,0.0,0.0,0.0,0,29.27,0
07263296,2020,tmax,0,0.0,0.0,0.0,0,29.49,0
072632966,2009,tmax,1,5.0,1.7,5.0,5,33.1,133
072632966,2010,tmax,4,9.2,3.0,41.3,37,35.51,158
072632966,2011,tmax,7,7.6,3.5,50.9,53,34.86,154
072632966,2012,tmax,6,6.8,4.02,59.5,41,32.54,168
072632966,2015,tmax,3,5.3,2.3,11.3,16,33.33,154
072632966,2018,tmax,1,7.0,1.3,6.9,7,32.84,151
072632966,2019,tmax,4,7.2,1.58,20.8,29,32.34,146
072632966,2020,tmax,1,6.0,1.5,5.0,6,31.97,142
072632966,2021,tmax,1,9.0,4.1,22.9,9,32.24,144
072632966,2022,tmax,1,5.0,2.3,6.8,5,32.96,150
072632966,2023,tmax,6,7.2,5.05,61.3,43,34.06,152
072632966,2024,tmax,4,13.2,3.48,70.2,53,31.5,162
072632966,2025,tmax,6,9.8,5.6,113.5,59,29.94,59
072632966,2008,tmax,0,0.0,0.0,0.0,0,33.47,0
072632966,2013,tmax,0,0.0,0.0,0.0,0,32.03,0
072632966,2014,tmax,0,0.0,0.0,0.0,0,31.44,0
072632966,2016,tmax,0,0.0,0.0,0.0,0,32.29,0
072632966,2017,tmax,0,0.0,0.0,0.0,0,29.96,0
07281600,2010,tmean,6,7.2,1.5,17.0,43,32.69,153
07281600,2016,tmean,1,14.0,1.9,14.2,14,31.4,78
07281600,2017,tmean,8,7.4,3.0,72.0,59,31.64,171
07281600,2019,tmean,2,6.5,1.24,5.7,13,29.46,128
07281600,2021,tmean,1,5.0,1.22,3.3,5,27.73,35
07281600,2022,tmean,1,12.0,4.75,38.2,12,25.89,17
07281600,2023,tmean,4,8.2,2.55,30.9,33,31.87,154
07281600,2024,tmean,4,12.8,1.86,37.2,51,30.93,105
07281600,2009,tmean,0,0.0,0.0,0.0,0,27.44,0
07281600,2011,tmean,0,0.0,0.0,0.0,0,20.01,0
07281600,2012,tmean,0,0.0,0.0,0.0,0,,0
07281600,2013,tmean,0,0.0,0.0,0.0,0,,0
07281600,2014,tmean,0,0.0,0.0,0.0,0,29.91,0
07281600,2015,tmean,0,0.0,0.0,0.0,0,30.6,0
07281600,2018,tmean,0,0.0,0.0,0.0,0,30.04,0
07281600,2020,tmean,0,0.0,0.0,0.0,0,30.23,0
07288650,2007,tmean,2,5.5,3.1,21.9,11,32.11,172
07288650,2010,tmean,3,5.0,1.74,12.8,15,32.81,161
07288650,2012,tmean,2,5.0,2.0,9.7,10,32.24,172
07288650,2016,tmean,2,6.5,1.78,8.4,13,32.67,106
07288650,2017,tmean,3,6.7,1.86,15.5,20,31.36,178
07288650,2024,tmean,3,8.0,3.62,45.4,24,31.6,112
07288650,2025,tmean,1,11.0,4.24,29.8,11,15.89,0
07288650,2006,tmean,0,0.0,0.0,0.0,0,25.61,0
07288650,2008,tmean,0,0.0,0.0,0.0,0,31.74,0
07288650,2009,tmean,0,0.0,0.0,0.0,0,27.61,0
07288650,2011,tmean,0,0.0,0.0,0.0,0,22.04,0
07288650,2013,tmean,0,0.0,0.0,0.0,0,29.89,0
07288650,2014,tmean,0,0.0,0.0,0.0,0,30.89,0
07288650,2015,tmean,0,0.0,0.0,0.0,0,19.21,0
07288650,2018,tmean,0,0.0,0.0,0.0,0,30.57,0
07288650,2019,tmean,0,0.0,0.0,0.0,0,29.53,0
07288650,2020,tmean,0,0.0,0.0,0.0,0,,0
07288650,2021,tmean,0,0.0,0.0,0.0,0,,0
07288650,2022,tmean,0,0.0,0.0,0.0,0,,0
07288650,2023,tmean,0,0.0,0.0,0.0,0,,0
0728875070,2002,tmax,2,5.5,2.87,12.7,11,33.17,168
0728875070,2004,tmax,1,15.0,4.4,37.3,15,31.56,184
0728875070,2005,tmax,3,7.0,2.93,24.2,21,33.69,161
0728875070,2006,tmax,1,5.0,3.8,11.3,5,33.86,174
0728875070,2007,tmax,2,5.0,2.4,11.7,10,33.77,180
0728875070,2009,tmax,1,6.0,3.87,14.6,6,33.07,156
0728875070,2010,tmax,4,8.0,2.0,21.9,32,34.41,183
0728875070,2011,tmax,6,8.0,4.26,70.9,48,35.46,178
0728875070,2012,tmax,9,7.1,5.24,92.8,64,33.43,166
0728875070,2015,tmax,2,7.5,6.19,36.0,15,32.91,167
0728875070,2016,tmax,1,7.0,2.91,8.2,7,32.64,174
0728875070,2017,tmax,2,10.0,3.24,30.2,20,31.21,105
0728875070,2001,tmax,0,0.0,0.0,0.0,0,13.43,0
0728875070,2003,tmax,0,0.0,0.0,0.0,0,32.2,0
0728875070,2008,tmax,0,0.0,0.0,0.0,0,33.26,0
0728875070,2013,tmax,0,0.0,0.0,0.0,0,32.61,0
0728875070,2014,tmax,0,0.0,0.0,0.0,0,31.6,0
0728875070,2018,tmax,0,0.0,0.0,0.0,0,30.19,0
0728875070,2019,tmax,0,0.0,0.0,0.0,0,16.71,0
07288847,2011,tmax,2,6.5,3.01,18.0,13,34.69,167
07288847,2012,tmax,5,6.2,2.97,36.4,31,34.51,190
07288847,2013,tmax,1,5.0,2.9,10.5,5,33.89,167
07288847,2015,tmax,2,6.5,4.52,23.1,13,35.17,187
07288847,2016,tmax,2,6.5,2.7,13.9,13,34.9,197
07288847,2017,tmax,2,5.0,2.34,14.6,10,34.91,196
07288847,2023,tmax,1,10.0,1.7,8.8,10,32.56,169
07288847,2010,tmax,0,0.0,0.0,0.0,0,34.86,0
07288847,2014,tmax,0,0.0,0.0,0.0,0,32.8,0
07288847,2018,tmax,0,0.0,0.0,0.0,0,33.64,0
07288847,2019,tmax,0,0.0,0.0,0.0,0,,0
07288847,2020,tmax,0,0.0,0.0,0.0,0,,0
07288847,2021,tmax,0,0.0,0.0,0.0,0,32.29,0
07288847,2022,tmax,0,0.0,0.0,0.0,0,,0
07288847,2024,tmax,0,0.0,0.0,0.0,0,32.6,0
08067100,2004,tmax,1,12.0,2.26,14.3,12,32.76,193
08067100,2005,tmax,3,6.0,2.2,15.6,18,35.01,162
08067100,2014,tmax,2,7.0,2.88,18.3,14,34.0,199
08067100,2016,tmax,4,5.5,1.7,15.2,22,34.39,205
08067100,2017,tmax,5,9.0,4.55,67.2,45,33.9,211
08067100,2018,tmax,5,6.2,1.8,25.1,31,34.64,183
08067100,2020,tmax,1,10.0,0.72,3.8,10,34.41,196
08067100,2021,tmax,2,11.5,4.1,46.3,23,32.81,190
08067100,2022,tmax,5,9.6,3.2,53.7,48,34.63,207
08067100,2023,tmax,7,13.4,4.8,102.4,94,35.49,192
08067100,2024,tmax,2,9.5,7.4,35.4,19,32.47,133
08067100,2003,tmax,0,0.0,0.0,0.0,0,25.59,0
08067100,2006,tmax,0,0.0,0.0,0.0,0,,0
08067100,2007,tmax,0,0.0,0.0,0.0,0,,0
08067100,2008,tmax,0,0.0,0.0,0.0,0,,0
08067100,2009,tmax,0,0.0,0.0,0.0,0,,0
08067100,2010,tmax,0,0.0,0.0,0.0,0,,0
08067100,2011,tmax,0,0.0,0.0,0.0,0,,0
08067100,2012,tmax,0,0.0,0.0,0.0,0,,0
08067100,2013,tmax,0,0.0,0.0,0.0,0,28.31,0
08067100,2015,tmax,0,0.0,0.0,0.0,0,32.57,0
08067100,2019,tmax,0,0.0,0.0,0.0,0,34.56,0
08067118,1996,tmax,1,5.0,1.7,5.0,5,33.43,159
08067118,1998,tmax,4,5.5,5.33,41.5,22,37.61,179
08067118,1999,tmax,3,5.3,5.11,36.0,16,37.74,233
08067118,2000,tmax,3,6.3,4.92,29.1,19,37.26,250
08067118,2001,tmax,1,9.0,3.69,16.2,9,38.31,210
08067118,2002,tmax,1,5.0,3.01,7.9,5,36.87,202
08067118,2004,tmax,1,14.0,2.74,22.1,14,35.67,216
08067118,2005,tmax,1,10.0,3.3,16.5,10,34.44,195
08067118,2006,tmax,2,5.5,3.3,18.5,11,37.83,191
08067118,2007,tmax,1,7.0,3.82,19.4,7,32.63,210
08067118,2008,tmax,3,7.0,5.64,36.7,21,37.43,223
08067118,2009,tmax,3,8.7,5.2,57.8,26,37.94,206
08067118,2010,tmax,3,5.7,2.7,28.3,17,38.57,208
08067118,2011,tmax,3,8.7,3.41,37.5,26,36.66,244
08067118,2012,tmax,1,6.0,2.32,7.1,6,34.64,230
08067118,2013,tmax,2,5.5,3.0,16.0,11,35.07,214
08067118,2016,tmax,3,5.7,6.3,44.7,17,37.46,226
08067118,2017,tmax,4,6.8,4.85,52.1,27,36.89,255
08067118,2018,tmax,4,7.0,5.3,35.1,28,35.81,202
08067118,2021,tmax,1,9.0,4.63,31.5,9,34.83,232
08067118,2022,tmax,2,9.5,3.7,29.5,19,36.67,228
08067118,2023,tmax,1,16.0,4.3,41.9,16,36.21,210
08067118,2024,tmax,2,8.0,3.9,25.1,16,37.4,237
08067118,1993,tmax,0,0.0,0.0,0.0,0,10.71,0
08067118,1994,tmax,0,0.0,0.0,0.0,0,35.03,0
08067118,1995,tmax,0,0.0,0.0,0.0,0,33.61,0
08067118,1997,tmax,0,0.0,0.0,0.0,0,35.34,0
08067118,2003,tmax,0,0.0,0.0,0.0,0,33.54,0
08067118,2014,tmax,0,0.0,0.0,0.0,0,35.61,0
08067118,2015,tmax,0,0.0,0.0,0.0,0,36.47,0
08067118,2019,tmax,0,0.0,0.0,0.0,0,37.6,0
08067118,2020,tmax,0,0.0,0.0,0.0,0,36.6,0
08067215,2005,tmax,4,6.8,1.5,11.6,27,33.21,145
08067215,2006,tmax,5,9.4,3.2,50.6,47,32.96,176
08067215,2013,tmax,1,8.0,1.42,5.3,8,33.06,193
08067215,2014,tmax,1,5.0,2.3,5.3,5,32.43,193
08067215,2016,tmax,5,8.4,2.18,30.6,42,34.14,206
08067215,2017,tmax,4,10.0,5.2,92.7,40,33.01,224
08067215,2018,tmax,2,15.5,1.4,18.2,31,33.27,180
08067215,2019,tmax,2,7.0,0.7,3.9,14,33.3,179
08067215,2020,tmax,2,5.5,0.8,4.1,11,33.57,191
08067215,2021,tmax,2,8.0,4.06,36.6,16,32.26,193
08067215,2022,tmax,4,10.5,3.4,47.2,42,33.24,166
08067215,2023,tmax,5,22.4,5.7,136.2,112,34.26,200
08067215,2024,tmax,2,20.5,2.14,42.9,41,32.71,170
08067215,2002,tmax,0,0.0,0.0,0.0,0,27.84,0
08067215,2003,tmax,0,0.0,0.0,0.0,0,33.36,0
08067215,2004,tmax,0,0.0,0.0,0.0,0,32.63,0
08067215,2007,tmax,0,0.0,0.0,0.0,0,,0
08067215,2008,tmax,0,0.0,0.0,0.0,0,,0
08067215,2009,tmax,0,0.0,0.0,0.0,0,,0
08067215,2010,tmax,0,0.0,0.0,0.0,0,,0
08067215,2011,tmax,0,0.0,0.0,0.0,0,,0
08067215,2012,tmax,0,0.0,0.0,0.0,0,,0
08067215,2015,tmax,0,0.0,0.0,0.0,0,32.27,0
08067252,1995,tmax,2,14.5,1.8,20.1,29,32.99,97
08067252,1996,tmax,2,5.0,1.6,6.8,10,32.07,126
08067252,1997,tmax,1,5.0,1.11,2.2,5,33.21,158
08067252,1998,tmax,4,8.0,2.6,24.2,32,33.11,187
08067252,1999,tmax,2,7.5,1.7,10.4,15,33.73,172
08067252,2000,tmax,8,8.1,3.3,76.0,65,33.41,204
08067252,2003,tmax,1,5.0,1.1,1.9,5,32.89,207
08067252,2004,tmax,1,14.0,2.3,21.5,14,33.0,198
08067252,2005,tmax,4,8.5,3.02,34.9,34,32.63,199
08067252,2006,tmax,4,8.0,4.44,40.6,32,32.54,199
08067252,2007,tmax,1,6.0,3.73,12.9,6,31.5,188
08067252,2009,tmax,3,9.0,4.4,35.1,27,33.09,189
08067252,2010,tmax,3,7.3,2.03,17.0,22,33.53,199
08067252,2011,tmax,3,14.7,3.5,54.9,44,32.29,222
08067252,2012,tmax,6,7.0,4.09,57.1,42,31.94,216
08067252,2013,tmax,3,10.7,4.36,37.0,32,32.21,190
08067252,2016,tmax,5,7.8,4.56,41.6,39,33.73,207
08067252,2017,tmax,4,10.0,3.6,60.8,40,33.03,226
08067252,2018,tmax,1,14.0,2.2,16.8,14,32.59,177
08067252,2019,tmax,1,8.0,1.0,3.7,8,33.4,173
08067252,2020,tmax,1,6.0,1.6,6.8,6,33.03,197
08067252,2021,tmax,2,10.0,5.4,55.4,20,32.44,195
08067252,2022,tmax,5,8.4,2.9,42.1,42,34.01,206
08067252,2023,tmax,3,11.3,3.5,36.5,34,32.93,191
08067252,2024,tmax,4,12.0,2.5,45.1,48,33.79,216
08067252,2001,tmax,0,0.0,0.0,0.0,0,33.14,0
08067252,2002,tmax,0,0.0,0.0,0.0,0,32.19,0
08067252,2008,tmax,0,0.0,0.0,0.0,0,32.37,0
08067252,2014,tmax,0,0.0,0.0,0.0,0,32.41,0
08067252,2015,tmax,0,0.0,0.0,0.0,0,32.54,0
08068500,2000,tmax,2,7.0,3.36,22.1,14,34.41,207
08068500,2002,tmax,1,5.0,1.68,4.1,5,33.56,196
08068500,2004,tmax,1,8.0,2.2,10.8,8,33.3,213
08068500,2005,tmax,4,6.5,2.43,27.8,26,34.89,217
08068500,2006,tmax,1,8.0,4.46,19.6,8,35.01,226
08068500,2011,tmax,6,5.7,2.9,33.5,34,35.64,245
08068500,2013,tmax,1,7.0,3.05,13.9,7,34.3,219
08068500,2015,tmax,1,6.0,3.0,8.5,6,34.51,221
08068500,2016,tmax,4,7.0,3.5,38.4,28,35.94,207
08068500,2017,tmax,3,6.3,3.02,27.2,19,35.31,230
08068500,2018,tmax,3,6.0,2.77,19.6,18,36.04,198
08068500,2019,tmax,2,10.5,2.2,16.6,21,34.24,68
08068500,2020,tmax,4,7.0,3.66,34.6,28,36.07,243
08068500,2021,tmax,4,6.8,5.73,60.2,27,35.91,238
08068500,2022,tmax,8,11.2,3.97,199.3,90,37.67,240
08068500,2023,tmax,8,13.1,4.1,202.2,105,37.3,238
08068500,2024,tmax,7,11.4,3.7,117.8,80,36.66,244
08068500,1999,tmax,0,0.0,0.0,0.0,0,16.0,0
08068500,2001,tmax,0,0.0,0.0,0.0,0,33.23,0
08068500,2003,tmax,0,0.0,0.0,0.0,0,34.91,0
08068500,2007,tmax,0,0.0,0.0,0.0,0,33.81,0
08068500,2008,tmax,0,0.0,0.0,0.0,0,33.44,0
08068500,2009,tmax,0,0.0,0.0,0.0,0,34.11,0
08068500,2010,tmax,0,0.0,0.0,0.0,0,35.33,0
08068500,2012,tmax,0,0.0,0.0,0.0,0,34.19,0
08068500,2014,tmax,0,0.0,0.0,0.0,0,33.97,0
08074000,1987,tmax,2,7.0,6.2,43.6,14,36.23,49
08074000,1988,tmax,3,9.7,4.5,56.6,29,25.46,45
08074000,1990,tmax,4,7.0,4.26,32.0,28,31.41,186
08074000,1991,tmax,1,5.0,1.03,3.2,5,30.73,201
08074000,1993,tmax,1,5.0,1.24,3.9,5,31.19,170
08074000,1995,tmax,2,5.0,2.26,13.6,10,30.19,179
08074000,1996,tmax,1,5.0,1.11,3.3,5,31.99,223
08074000,1998,tmax,2,6.0,1.5,7.4,12,32.41,188
08074000,1999,tmax,2,5.5,2.8,11.3,11,31.93,206
08074000,2000,tmax,1,6.0,1.34,3.5,6,32.37,187
08074000,1992,tmax,0,0.0,0.0,0.0,0,28.31,0
08074000,1994,tmax,0,0.0,0.0,0.0,0,31.24,0
08074000,1997,tmax,0,0.0,0.0,0.0,0,31.41,0
08211450,2009,tmean,2,100.0,9.78,1281.8,200,31.83,212
08211450,2010,tmean,2,98.0,10.18,1219.5,196,32.29,200
08211450,2008,tmean,0,0.0,0.0,0.0,0,21.86,0
08211450,2011,tmean,0,0.0,0.0,0.0,0,,0
11046050,1995,tmax,7,5.9,2.5,37.7,41,29.71,169
11046050,1996,tmax,10,7.1,4.0,111.6,71,31.0,213
11046050,1997,tmax,7,9.9,3.0,85.8,69,29.5,153
11046050,1998,tmax,1,6.0,4.0,17.2,6,29.57,120
11046050,1999,tmax,1,6.0,1.57,5.6,6,28.14,150
11046050,2003,tmax,1,7.0,1.7,6.7,7,28.7,157
11046050,2005,tmax,1,5.0,1.1,3.7,5,29.0,121
11046050,2006,tmax,2,6.5,2.36,14.5,13,30.21,154
11046050,1993,tmax,0,0.0,0.0,0.0,0,18.71,0
11046050,1994,tmax,0,0.0,0.0,0.0,0,29.0,0
11046050,2000,tmax,0,0.0,0.0,0.0,0,29.0,0
11046050,2001,tmax,0,0.0,0.0,0.0,0,28.14,0
11046050,2002,tmax,0,0.0,0.0,0.0,0,27.3,0
11046050,2004,tmax,0,0.0,0.0,0.0,0,29.34,0
11046050,2007,tmax,0,0.0,0.0,0.0,0,29.21,0
11046050,2008,tmax,0,0.0,0.0,0.0,0,28.64,0
11046050,2009,tmax,0,0.0,0.0,0.0,0,29.17,0
11046050,2010,tmax,0,0.0,0.0,0.0,0,27.13,0
11046062,2003,tmax,2,6.5,1.67,7.5,13,23.69,80
11046062,2004,tmax,4,7.5,2.44,23.1,30,26.63,127
11046062,2005,tmax,7,7.0,4.9,71.6,49,31.51,91
11046062,2006,tmax,2,7.5,2.85,17.6,15,28.13,110
11046062,2008,tmax,3,6.3,1.37,9.8,19,28.36,113
11046062,2010,tmax,1,7.0,1.27,6.7,7,27.86,62
11046062,2007,tmax,0,0.0,0.0,0.0,0,24.17,0
11046062,2009,tmax,0,0.0,0.0,0.0,0,25.53,0
11046072,2005,tmax,2,5.0,1.43,8.9,10,29.87,102
11046072,2006,tmax,1,5.0,0.44,1.3,5,30.71,192
11046072,2007,tmax,2,9.5,4.62,45.0,19,33.89,161
11046072,2008,tmax,2,9.5,3.7,43.8,19,30.51,216
11046072,2010,tmax,1,5.0,0.61,1.7,5,29.77,206
11046072,2003,tmax,0,0.0,0.0,0.0,0,27.67,0
11046072,2004,tmax,0,0.0,0.0,0.0,0,29.34,0
11046072,2009,tmax,0,0.0,0.0,0.0,0,29.24,0
11046082,2005,tmax,1,7.0,2.1,8.2,7,30.76,95
11046082,2006,tmax,4,6.2,2.2,20.8,25,32.41,155
11046082,2008,tmax,1,6.0,1.57,5.6,6,30.74,161
11046082,2003,tmax,0,0.0,0.0,0.0,0,27.9,0
11046082,2004,tmax,0,0.0,0.0,0.0,0,28.36,0
11046082,2007,tmax,0,0.0,0.0,0.0,0,33.01,0
11046082,2009,tmax,0,0.0,0.0,0.0,0,32.04,0
11046082,2010,tmax,0,0.0,0.0,0.0,0,30.43,0
11046102,2003,tmax,1,12.0,5.8,29.0,12,31.51,137
11046102,2004,tmax,1,5.0,1.3,2.3,5,29.16,168
11046102,2005,tmax,2,5.5,1.66,9.1,11,29.84,101
11046102,2007,tmax,2,6.0,3.32,18.8,12,30.83,140
11046102,2008,tmax,4,6.5,4.62,32.2,26,30.11,147
11046102,2010,tmax,1,7.0,1.29,6.0,7,26.76,137
11046102,2006,tmax,0,0.0,0.0,0.0,0,28.17,0
11046102,2009,tmax,0,0.0,0.0,0.0,0,28.64,0
11046252,2005,tmax,4,6.0,4.8,33.1,24,31.17,109
11046252,2006,tmax,2,8.0,2.02,12.5,16,29.21,137
11046252,2007,tmax,1,5.0,1.8,4.8,5,27.79,102
11046252,2008,tmax,1,7.0,2.25,9.9,7,26.43,139
11046252,2003,tmax,0,0.0,0.0,0.0,0,22.1,0
11046252,2004,tmax,0,0.0,0.0,0.0,0,21.69,0
11046252,2009,tmax,0,0.0,0.0,0.0,0,28.56,0
11046252,2010,tmax,0,0.0,0.0,0.0,0,25.94,0
11046372,2005,tmax,1,8.0,1.7,7.2,8,28.14,110
11046372,2006,tmax,5,7.0,1.4,19.7,35,28.79,150
11046372,2007,tmax,2,5.5,1.5,7.5,11,27.27,138
11046372,2008,tmax,3,5.7,6.34,25.5,17,26.31,81
11046372,2010,tmax,2,6.5,2.26,11.4,13,23.31,37
11046372,2003,tmax,0,0.0,0.0,0.0,0,25.69,0
11046372,2004,tmax,0,0.0,0.0,0.0,0,26.43,0
11046372,2009,tmax,0,0.0,0.0,0.0,0,23.34,0
11162753,2010,tmax,1,8.0,1.12,5.7,8,19.04,0
11162753,2011,tmax,1,15.0,0.6,5.0,15,19.49,0
11162753,2013,tmax,4,38.0,6.22,397.1,152,24.29,43
11162753,2014,tmax,5,6.6,1.21,17.3,33,22.0,3
11162753,2015,tmax,3,19.7,1.2,16.7,59,18.56,0
11162753,2017,tmax,1,12.0,0.6,3.2,12,17.7,0
11162753,2018,tmax,1,8.0,0.2,0.8,8,16.9,0
11162753,2008,tmax,0,0.0,0.0,0.0,0,18.34,0
11162753,2009,tmax,0,0.0,0.0,0.0,0,18.64,0
11162753,2012,tmax,0,0.0,0.0,0.0,0,18.73,0
11162753,2016,tmax,0,0.0,0.0,0.0,0,18.24,0
11162753,2019,tmax,0,0.0,0.0,0.0,0,17.87,0
11162753,2020,tmax,0,0.0,0.0,0.0,0,18.31,0
11162753,2021,tmax,0,0.0,0.0,0.0,0,17.71,0
11162753,2022,tmax,0,0.0,0.0,0.0,0,18.43,0
11162753,2023,tmax,0,0.0,0.0,0.0,0,16.83,0
01104405,1998,tmean,1,5.0,5.7,14.1,5,19.71,0
01104405,2012,tmean,1,7.0,5.72,25.9,7,22.94,12
01104405,2015,tmean,4,6.5,4.6,42.5,26,22.73,10
01104405,2016,tmean,2,5.5,4.5,18.0,11,21.03,1
01104405,2017,tmean,2,5.0,3.3,14.1,10,19.53,0
01104405,2020,tmean,5,6.8,3.76,40.1,34,23.29,33
01104405,2021,tmean,3,5.7,5.3,44.9,17,23.06,15
01104405,2022,tmean,3,6.7,3.1,29.5,20,23.79,13
01104405,2023,tmean,3,7.7,3.6,23.5,23,21.26,0
01104405,2024,tmean,4,12.2,3.53,77.7,49,25.27,35
01104405,1997,tmean,0,0.0,0.0,0.0,0,12.51,0
01104405,1999,tmean,0,0.0,0.0,0.0,0,8.66,0
01104405,2000,tmean,0,0.0,0.0,0.0,0,,0
01104405,2001,tmean,0,0.0,0.0,0.0,0,,0
01104405,2002,tmean,0,0.0,0.0,0.0,0,,0
01104405,2003,tmean,0,0.0,0.0,0.0,0,,0
01104405,2004,tmean,0,0.0,0.0,0.0,0,,0
01104405,2005,tmean,0,0.0,0.0,0.0,0,,0
01104405,2006,tmean,0,0.0,0.0,0.0,0,,0
01104405,2007,tmean,0,0.0,0.0,0.0,0,,0
01104405,2008,tmean,0,0.0,0.0,0.0,0,,0
01104405,2009,tmean,0,0.0,0.0,0.0,0,,0
01104405,2010,tmean,0,0.0,0.0,0.0,0,,0
01104405,2011,tmean,0,0.0,0.0,0.0,0,8.83,0
01104405,2013,tmean,0,0.0,0.0,0.0,0,22.26,0
01104405,2014,tmean,0,0.0,0.0,0.0,0,20.43,0
01104405,2018,tmean,0,0.0,0.0,0.0,0,21.73,0
01104405,2019,tmean,0,0.0,0.0,0.0,0,20.99,0
01104405,2025,tmean,0,0.0,0.0,0.0,0,22.89,0
01104410,1998,tmean,1,6.0,6.1,16.8,6,20.06,0
01104410,2011,tmean,1,6.0,4.11,11.4,6,8.54,0
01104410,2012,tmean,2,6.0,4.6,25.8,12,22.23,9
01104410,2015,tmean,2,5.5,3.1,19.3,11,21.26,2
01104410,2016,tmean,1,5.0,2.4,6.8,5,18.64,0
01104410,2020,tmean,1,6.0,3.23,8.0,6,20.66,2
01104410,2022,tmean,1,5.0,2.3,7.0,5,16.37,0
01104410,2023,tmean,1,8.0,2.13,9.8,8,15.21,0
01104410,2024,tmean,2,8.0,2.0,16.9,16,22.8,9
01104410,1997,tmean,0,0.0,0.0,0.0,0,6.5,0
01104410,1999,tmean,0,0.0,0.0,0.0,0,,0
01104410,2000,tmean,0,0.0,0.0,0.0,0,,0
01104410,2001,tmean,0,0.0,0.0,0.0,0,,0
01104410,2002,tmean,0,0.0,0.0,0.0,0,,0
01104410,2003,tmean,0,0.0,0.0,0.0,0,,0
01104410,2004,tmean,0,0.0,0.0,0.0,0,,0
01104410,2005,tmean,0,0.0,0.0,0.0,0,,0
01104410,2006,tmean,0,0.0,0.0,0.0,0,,0
01104410,2007,tmean,0,0.0,0.0,0.0,0,,0
01104410,2008,tmean,0,0.0,0.0,0.0,0,,0
01104410,2009,tmean,0,0.0,0.0,0.0,0,,0
01104410,2010,tmean,0,0.0,0.0,0.0,0,,0
01104410,2013,tmean,0,0.0,0.0,0.0,0,22.47,0
01104410,2014,tmean,0,0.0,0.0,0.0,0,20.51,0
01104410,2017,tmean,0,0.0,0.0,0.0,0,19.77,0
01104410,2018,tmean,0,0.0,0.0,0.0,0,22.36,0
01104410,2019,tmean,0,0.0,0.0,0.0,0,20.57,0
01104410,2021,tmean,0,0.0,0.0,0.0,0,20.53,0
01104410,2025,tmean,0,0.0,0.0,0.0,0,21.81,0
02147801,2018,tmax,2,5.0,0.7,2.3,10,30.3,155
02147801,2019,tmax,1,5.0,1.04,3.3,5,30.44,165
02147801,2020,tmax,1,5.0,0.74,1.8,5,30.71,152
02147801,2022,tmax,1,5.0,0.6,2.1,5,30.67,145
02147801,2023,tmax,1,6.0,0.5,1.3,6,30.26,151
02147801,2024,tmax,2,6.5,1.2,4.7,13,30.56,150
02147801,2025,tmax,3,9.3,1.4,14.8,28,31.43,167
02147801,2017,tmax,0,0.0,0.0,0.0,0,30.23,0
02147801,2021,tmax,0,0.0,0.0,0.0,0,30.06,0
02148000,1993,tmax,1,8.0,1.2,3.7,8,32.36,117
02148000,1995,tmax,1,6.0,4.08,12.4,6,28.14,138
02148000,1998,tmax,1,11.0,1.8,8.9,11,31.14,165
02148000,1999,tmax,1,7.0,0.5,1.9,7,30.86,146
02148000,2001,tmax,1,8.0,2.1,7.8,8,30.43,153
02148000,2002,tmax,2,5.5,1.7,10.0,11,31.7,176
02148000,2017,tmax,1,5.0,1.07,2.4,5,32.4,176
02148000,2018,tmax,4,11.0,2.8,40.0,44,32.2,172
02148000,2019,tmax,4,9.2,1.9,29.1,37,32.47,182
02148000,2020,tmax,3,12.0,2.72,34.1,36,31.86,157
02148000,2021,tmax,1,22.0,3.6,38.1,22,31.7,181
02148000,2022,tmax,4,7.8,2.92,39.4,31,32.66,163
02148000,2023,tmax,2,12.0,1.74,22.0,24,32.39,159
02148000,2024,tmax,2,11.5,1.2,12.7,23,32.36,176
02148000,2025,tmax,4,8.2,2.1,24.9,33,33.04,183
02148000,1990,tmax,0,0.0,0.0,0.0,0,,0
02148000,1991,tmax,0,0.0,0.0,0.0,0,13.71,0
02148000,1992,tmax,0,0.0,0.0,0.0,0,25.36,0
02148000,1994,tmax,0,0.0,0.0,0.0,0,30.64,0
02148000,1996,tmax,0,0.0,0.0,0.0,0,29.79,0
02148000,1997,tmax,0,0.0,0.0,0.0,0,29.93,0
02148000,2000,tmax,0,0.0,0.0,0.0,0,30.5,0
02148000,2003,tmax,0,0.0,0.0,0.0,0,29.89,0
02148000,2004,tmax,0,0.0,0.0,0.0,0,,0
02148000,2005,tmax,0,0.0,0.0,0.0,0,,0
02148000,2006,tmax,0,0.0,0.0,0.0,0,,0
02148000,2007,tmax,0,0.0,0.0,0.0,0,,0
02148000,2008,tmax,0,0.0,0.0,0.0,0,,0
02148000,2009,tmax,0,0.0,0.0,0.0,0,,0
02148000,2010,tmax,0,0.0,0.0,0.0,0,,0
02148000,2011,tmax,0,0.0,0.0,0.0,0,,0
02148000,2012,tmax,0,0.0,0.0,0.0,0,,0
02148000,2013,tmax,0,0.0,0.0,0.0,0,,0
02148000,2014,tmax,0,0.0,0.0,0.0,0,,0
02148000,2015,tmax,0,0.0,0.0,0.0,0,,0
02148000,2016,tmax,0,0.0,0.0,0.0,0,,0
02172002,2004,tmax,1,7.0,1.0,3.0,7,29.67,158
02172002,2016,tmax,2,8.0,0.6,4.1,16,30.67,117
02172002,2018,tmax,3,9.7,0.76,10.7,29,29.84,154
02172002,2019,tmax,1,5.0,0.4,1.1,5,30.24,140
02172002,2020,tmax,7,7.0,1.85,29.4,49,30.14,166
02172002,2021,tmax,1,13.0,1.62,9.7,13,29.69,172
02172002,2022,tmax,1,18.0,1.77,12.9,18,30.33,148
02172002,2023,tmax,1,17.0,2.29,20.5,17,30.31,147
02172002,2024,tmax,2,14.5,2.15,21.1,29,30.14,162
02172002,2025,tmax,3,10.3,1.6,20.4,31,31.07,162
02172002,2005,tmax,0,0.0,0.0,0.0,0,18.69,0
02172002,2006,tmax,0,0.0,0.0,0.0,0,,0
02172002,2007,tmax,0,0.0,0.0,0.0,0,,0
02172002,2008,tmax,0,0.0,0.0,0.0,0,,0
02172002,2009,tmax,0,0.0,0.0,0.0,0,,0
02172002,2010,tmax,0,0.0,0.0,0.0,0,,0
02172002,2011,tmax,0,0.0,0.0,0.0,0,,0
02172002,2012,tmax,0,0.0,0.0,0.0,0,,0
02172002,2013,tmax,0,0.0,0.0,0.0,0,,0
02172002,2014,tmax,0,0.0,0.0,0.0,0,,0
02172002,2015,tmax,0,0.0,0.0,0.0,0,,0
02172002,2017,tmax,0,0.0,0.0,0.0,0,29.83,0
021720813,2001,tmax,0,0.0,0.0,0.0,0,28.79,0
021720813,2002,tmax,0,0.0,0.0,0.0,0,28.76,0
021720813,2003,tmax,0,0.0,0.0,0.0,0,28.56,0
02312700,2007,tmean,1,6.0,1.17,3.9,6,33.0,217
02312700,2006,tmean,0,0.0,0.0,0.0,0,32.07,0
02312700,2008,tmean,0,0.0,0.0,0.0,0,31.17,0
03277450,1990,tmax,2,9.5,2.6,16.5,19,24.56,52
03277450,2023,tmax,4,8.2,2.6,23.1,33,23.41,29
03277450,2024,tmax,2,18.5,2.7,43.5,37,25.01,42
03277450,2025,tmax,2,9.0,1.2,10.0,18,23.56,35
03277450,1991,tmax,0,0.0,0.0,0.0,0,,0
03277450,1992,tmax,0,0.0,0.0,0.0,0,,0
03277450,1993,tmax,0,0.0,0.0,0.0,0,,0
03277450,1994,tmax,0,0.0,0.0,0.0,0,,0
03277450,1995,tmax,0,0.0,0.0,0.0,0,,0
03277450,1996,tmax,0,0.0,0.0,0.0,0,,0
03277450,1997,tmax,0,0.0,0.0,0.0,0,,0
03277450,1998,tmax,0,0.0,0.0,0.0,0,,0
03277450,1999,tmax,0,0.0,0.0,0.0,0,13.43,0
03277450,2000,tmax,0,0.0,0.0,0.0,0,22.24,0
03277450,2001,tmax,0,0.0,0.0,0.0,0,,0
03277450,2002,tmax,0,0.0,0.0,0.0,0,,0
03277450,2003,tmax,0,0.0,0.0,0.0,0,,0
03277450,2004,tmax,0,0.0,0.0,0.0,0,,0
03277450,2005,tmax,0,0.0,0.0,0.0,0,,0
03277450,2006,tmax,0,0.0,0.0,0.0,0,,0
03277450,2007,tmax,0,0.0,0.0,0.0,0,,0
03277450,2008,tmax,0,0.0,0.0,0.0,0,,0
03277450,2009,tmax,0,0.0,0.0,0.0,0,,0
03277450,2010,tmax,0,0.0,0.0,0.0,0,,0
03277450,2011,tmax,0,0.0,0.0,0.0,0,,0
03277450,2012,tmax,0,0.0,0.0,0.0,0,,0
03277450,2013,tmax,0,0.0,0.0,0.0,0,,0
03277450,2014,tmax,0,0.0,0.0,0.0,0,,0
03277450,2015,tmax,0,0.0,0.0,0.0,0,,0
03277450,2016,tmax,0,0.0,0.0,0.0,0,,0
03277450,2017,tmax,0,0.0,0.0,0.0,0,,0
03277450,2018,tmax,0,0.0,0.0,0.0,0,27.37,0
03277450,2019,tmax,0,0.0,0.0,0.0,0,21.13,0
03277450,2020,tmax,0,0.0,0.0,0.0,0,,0
03277450,2021,tmax,0,0.0,0.0,0.0,0,,0
03277450,2022,tmax,0,0.0,0.0,0.0,0,21.99,0
06340590,2025,tmax,4,8.5,8.1,105.5,34,30.84,99
06340590,2013,tmax,0,0.0,0.0,0.0,0,28.43,0
06340590,2014,tmax,0,0.0,0.0,0.0,0,,0
06340590,2015,tmax,0,0.0,0.0,0.0,0,,0
06340590,2016,tmax,0,0.0,0.0,0.0,0,30.81,0
06340590,2017,tmax,0,0.0,0.0,0.0,0,,0
06340590,2018,tmax,0,0.0,0.0,0.0,0,,0
06340590,2019,tmax,0,0.0,0.0,0.0,0,29.83,0
06340590,2020,tmax,0,0.0,0.0,0.0,0,,0
06340590,2021,tmax,0,0.0,0.0,0.0,0,,0
06340590,2022,tmax,0,0.0,0.0,0.0,0,30.69,0
06340590,2023,tmax,0,0.0,0.0,0.0,0,,0
06340590,2024,tmax,0,0.0,0.0,0.0,0,,0
07346080,2007,tmax,1,7.0,0.68,2.9,7,29.6,127
07346080,2006,tmax,0,0.0,0.0,0.0,0,32.89,0
07346080,2008,tmax,0,0.0,0.0,0.0,0,31.67,0
07346080,2009,tmax,0,0.0,0.0,0.0,0,30.81,0
08064100,2001,tmax,2,7.0,1.07,8.3,14,33.04,155
08064100,2003,tmax,1,5.0,1.75,5.6,5,31.37,130
08064100,2000,tmax,0,0.0,0.0,0.0,0,14.0,0
08064100,2002,tmax,0,0.0,0.0,0.0,0,31.39,0
08067071,2008,tmax,0,0.0,0.0,0.0,0,32.41,0
08067071,2009,tmax,0,0.0,0.0,0.0,0,33.26,0
08067071,2010,tmax,0,0.0,0.0,0.0,0,34.29,0
08067900,2002,tmax,1,6.0,1.65,6.2,6,27.43,30
08067900,2003,tmax,6,11.2,4.28,140.8,67,32.03,185
08067900,2004,tmax,5,8.0,2.98,48.8,40,30.71,162
08169000,1996,tmax,0,0.0,0.0,0.0,0,26.6,0
08169000,1997,tmax,0,0.0,0.0,0.0,0,25.54,0
08169000,1998,tmax,0,0.0,0.0,0.0,0,26.27,0
11044300,2000,tmax,1,5.0,0.84,2.2,5,26.93,148
11044300,1999,tmax,0,0.0,0.0,0.0,0,10.71,0
11044300,2001,tmax,0,0.0,0.0,0.0,0,26.36,0
11044300,2002,tmax,0,0.0,0.0,0.0,0,26.47,0
11044300,2003,tmax,0,0.0,0.0,0.0,0,14.3,0
11176900,2004,tmax,3,6.7,2.55,16.0,20,29.0,152
11176900,2005,tmax,1,13.0,2.6,22.1,13,27.41,109
11176900,2006,tmax,2,6.0,4.07,21.7,12,31.39,133
11176900,2007,tmax,1,5.0,1.55,5.3,5,28.09,128
11176900,2008,tmax,2,5.0,2.87,12.7,10,29.01,141
11176900,2009,tmax,1,10.0,1.0,6.4,10,28.37,148
11176900,2013,tmax,1,5.0,1.46,3.7,5,29.19,139
11176900,2014,tmax,6,7.8,2.4,47.1,47,29.43,161
11176900,2015,tmax,3,7.0,2.7,25.8,21,28.53,140
11176900,2016,tmax,5,7.6,2.11,35.8,38,27.59,136
11176900,2017,tmax,3,6.3,3.4,28.4,19,30.66,131
11176900,2018,tmax,2,7.5,0.7,5.1,15,28.19,130
11176900,2020,tmax,4,8.0,1.71,19.9,32,28.61,158
11176900,2023,tmax,1,5.0,0.67,2.9,5,27.24,58
11176900,2003,tmax,0,0.0,0.0,0.0,0,13.57,0
11176900,2010,tmax,0,0.0,0.0,0.0,0,28.23,0
11176900,2011,tmax,0,0.0,0.0,0.0,0,28.0,0
11176900,2012,tmax,0,0.0,0.0,0.0,0,28.0,0
11176900,2019,tmax,0,0.0,0.0,0.0,0,28.17,0
11176900,2021,tmax,0,0.0,0.0,0.0,0,27.36,0
11176900,2022,tmax,0,0.0,0.0,0.0,0,26.96,0
11177000,2000,tmax,1,36.0,6.95,109.0,36,21.21,3
11177000,2001,tmax,1,54.0,7.25,146.2,54,23.57,10
11177000,2002,tmax,2,49.0,17.7,948.9,98,35.93,102
11177000,1999,tmax,0,0.0,0.0,0.0,0,10.43,0
11179000,2001,tmax,2,9.0,14.64,48.0,18,28.6,24
11179000,2009,tmax,2,7.0,1.1,7.2,14,27.29,131
11179000,2010,tmax,1,5.0,1.4,3.3,5,26.26,102
11179000,2012,tmax,1,6.0,0.62,2.1,6,26.4,114
11179000,2013,tmax,1,7.0,1.5,8.2,7,27.76,124
11179000,2014,tmax,4,9.0,3.25,39.8,36,26.69,136
11179000,2015,tmax,4,5.5,2.5,24.2,22,26.19,111
11179000,2016,tmax,1,10.0,1.5,6.3,10,26.64,105
11179000,2017,tmax,2,5.0,1.5,9.8,10,26.84,113
11179000,2020,tmax,2,5.0,2.94,11.1,10,26.5,122
11179000,2022,tmax,2,6.0,4.9,20.8,12,26.71,116
11179000,2000,tmax,0,0.0,0.0,0.0,0,23.94,0
11179000,2002,tmax,0,0.0,0.0,0.0,0,,0
11179000,2003,tmax,0,0.0,0.0,0.0,0,,0
11179000,2004,tmax,0,0.0,0.0,0.0,0,,0
11179000,2005,tmax,0,0.0,0.0,0.0,0,,0
11179000,2006,tmax,0,0.0,0.0,0.0,0,,0
11179000,2007,tmax,0,0.0,0.0,0.0,0,17.83,0
11179000,2008,tmax,0,0.0,0.0,0.0,0,26.63,0
11179000,2011,tmax,0,0.0,0.0,0.0,0,26.94,0
11179000,2018,tmax,0,0.0,0.0,0.0,0,26.67,0
11179000,2019,tmax,0,0.0,0.0,0.0,0,25.61,0
11179000,2021,tmax,0,0.0,0.0,0.0,0,26.44,0
11179000,2023,tmax,0,0.0,0.0,0.0,0,25.41,0
11335000,2001,tmax,1,7.0,1.76,7.0,7,,0
11335000,2014,tmax,2,5.0,1.0,6.2,10,31.29,70
11335000,2015,tmax,4,7.8,2.0,22.4,31,31.44,94
11335000,2002,tmax,0,0.0,0.0,0.0,0,29.31,0
11335000,2003,tmax,0,0.0,0.0,0.0,0,30.36,0
11335000,2004,tmax,0,0.0,0.0,0.0,0,,0
11335000,2005,tmax,0,0.0,0.0,0.0,0,,0
11335000,2006,tmax,0,0.0,0.0,0.0,0,,0
11335000,2007,tmax,0,0.0,0.0,0.0,0,,0
11335000,2008,tmax,0,0.0,0.0,0.0,0,,0
11335000,2009,tmax,0,0.0,0.0,0.0,0,,0
11335000,2010,tmax,0,0.0,0.0,0.0,0,,0
11335000,2011,tmax,0,0.0,0.0,0.0,0,,0
11335000,2012,tmax,0,0.0,0.0,0.0,0,30.34,0
11335000,2013,tmax,0,0.0,0.0,0.0,0,31.56,0
11335000,2016,tmax,0,0.0,0.0,0.0,0,11.47,0
11421000,1990,tmax,7,16.9,7.5,359.1,118,26.36,53
11421000,1991,tmax,3,11.7,5.5,72.3,35,24.5,37
11421000,1992,tmax,10,15.9,9.0,491.3,159,27.57,79
11421000,1994,tmax,3,22.7,7.3,155.0,68,26.14,41
11421000,2000,tmax,2,5.5,0.8,5.6,11,20.86,0
11421000,2001,tmax,7,7.7,2.0,58.1,54,24.0,32
11421000,1993,tmax,0,0.0,0.0,0.0,0,18.07,0
11421000,1995,tmax,0,0.0,0.0,0.0,0,19.0,0
11421000,1996,tmax,0,0.0,0.0,0.0,0,19.21,0
11421000,1997,tmax,0,0.0,0.0,0.0,0,23.71,0
11421000,1998,tmax,0,0.0,0.0,0.0,0,19.57,0
11421000,1999,tmax,0,0.0,0.0,0.0,0,19.29,0
11421000,2002,tmax,0,0.0,0.0,0.0,0,20.43,0
11421000,2003,tmax,0,0.0,0.0,0.0,0,18.71,0
12182500,2016,tmax,1,8.0,0.9,2.2,8,10.47,0
12182500,2017,tmax,1,5.0,0.24,0.8,5,15.07,0
12182500,2018,tmax,1,5.0,0.58,1.5,5,15.81,0
12182500,2019,tmax,2,5.0,0.9,4.3,10,15.61,0
12182500,2020,tmax,1,6.0,0.4,1.1,6,14.66,0
12182500,2022,tmax,4,9.2,1.0,12.7,37,15.44,0
12182500,2023,tmax,6,7.8,2.2,48.5,47,16.37,0
12182500,2024,tmax,5,9.2,1.5,24.0,46,16.01,0
12182500,2025,tmax,8,8.1,1.8,39.7,65,15.77,0
12182500,2021,tmax,0,0.0,0.0,0.0,0,15.37,0
12447200,2005,tmax,1,5.0,1.06,3.2,5,26.27,37
12447200,2006,tmax,4,8.5,3.35,30.2,34,28.69,69
12447200,2008,tmax,2,5.0,2.4,16.6,10,26.39,43
12447200,2009,tmax,5,7.0,2.15,40.5,35,28.14,58
12447200,2010,tmax,6,9.3,2.72,45.6,56,25.03,43
12447200,2012,tmax,1,8.0,1.64,6.6,8,24.5,38
12447200,2014,tmax,1,5.0,1.1,3.1,5,24.0,40
12447200,2015,tmax,5,11.4,4.0,75.1,57,27.33,70
12447200,2016,tmax,6,8.0,2.74,37.2,48,26.03,51
12447200,2019,tmax,4,7.8,2.8,28.2,31,25.49,66
12447200,2020,tmax,3,6.0,1.99,14.9,18,25.6,40
12447200,2021,tmax,3,6.7,1.1,8.5,20,25.31,55
12447200,2022,tmax,4,9.5,2.0,33.2,38,27.2,49
12447200,2023,tmax,6,11.0,2.8,64.2,66,27.19,68
12447200,2024,tmax,3,8.0,3.2,31.5,24,23.9,15
12447200,2025,tmax,6,12.8,3.6,105.0,77,27.06,87
12447200,2007,tmax,0,0.0,0.0,0.0,0,25.97,0
12447200,2011,tmax,0,0.0,0.0,0.0,0,23.86,0
12447200,2013,tmax,0,0.0,0.0,0.0,0,25.27,0
12447200,2017,tmax,0,0.0,0.0,0.0,0,24.87,0
12447200,2018,tmax,0,0.0,0.0,0.0,0,26.23,0
14202650,2012,tmax,1,5.0,0.76,2.1,5,24.43,22
14202650,2020,tmax,1,5.0,3.02,4.7,5,21.71,5
14202650,2021,tmax,2,5.0,1.03,5.1,10,23.23,15
14202650,2022,tmax,3,11.3,3.02,42.1,34,24.06,27
14202650,2023,tmax,2,8.0,5.5,33.7,16,23.19,13
14202650,2024,tmax,8,8.8,3.62,72.0,70,23.26,16
14202650,2025,tmax,4,10.0,3.82,65.3,40,22.57,18
14202650,2010,tmax,0,0.0,0.0,0.0,0,21.41,0
14202650,2011,tmax,0,0.0,0.0,0.0,0,13.57,0
14202650,2013,tmax,0,0.0,0.0,0.0,0,15.0,0
14202650,2014,tmax,0,0.0,0.0,0.0,0,,0
14202650,2015,tmax,0,0.0,0.0,0.0,0,,0
14202650,2016,tmax,0,0.0,0.0,0.0,0,,0
14202650,2017,tmax,0,0.0,0.0,0.0,0,,0
14202650,2018,tmax,0,0.0,0.0,0.0,0,,0
14202650,2019,tmax,0,0.0,0.0,0.0,0,,0
14203500,2016,tmax,4,5.8,3.0,22.9,23,17.53,0
14203500,2020,tmax,1,5.0,1.2,3.7,5,16.8,0
14203500,2021,tmax,4,6.0,1.5,10.5,24,18.27,0
14203500,2022,tmax,5,9.8,3.6,60.1,49,17.46,0
14203500,2023,tmax,2,10.5,3.9,33.5,21,17.5,0
14203500,2024,tmax,4,10.5,2.6,44.9,42,17.1,0
14203500,2025,tmax,4,19.5,3.8,109.8,78,20.49,0
14203500,2017,tmax,0,0.0,0.0,0.0,0,15.57,0
14203500,2018,tmax,0,0.0,0.0,0.0,0,16.76,0
14203500,2019,tmax,0,0.0,0.0,0.0,0,15.86,0
14205400,2013,tmax,2,5.0,1.4,5.6,10,18.71,0
14205400,2014,tmax,2,6.0,1.88,11.5,12,19.86,0
14205400,2015,tmax,2,10.0,2.6,26.6,20,21.17,0
14205400,2016,tmax,1,7.0,1.78,6.0,7,19.9,0
14205400,2002,tmax,0,0.0,0.0,0.0,0,16.26,0
14205400,2003,tmax,0,0.0,0.0,0.0,0,19.24,0
14205400,2004,tmax,0,0.0,0.0,0.0,0,20.39,0
14205400,2005,tmax,0,0.0,0.0,0.0,0,,0
14205400,2006,tmax,0,0.0,0.0,0.0,0,,0
14205400,2007,tmax,0,0.0,0.0,0.0,0,,0
14205400,2008,tmax,0,0.0,0.0,0.0,0,,0
14205400,2009,tmax,0,0.0,0.0,0.0,0,,0
14205400,2010,tmax,0,0.0,0.0,0.0,0,,0
14205400,2011,tmax,0,0.0,0.0,0.0,0,,0
14205400,2012,tmax,0,0.0,0.0,0.0,0,19.34,0
14205400,2017,tmax,0,0.0,0.0,0.0,0,19.81,0
14205400,2018,tmax,0,0.0,0.0,0.0,0,20.63,0
14205400,2019,tmax,0,0.0,0.0,0.0,0,19.8,0
14205400,2020,tmax,0,0.0,0.0,0.0,0,17.09,0
313430097113801,2007,tmax,3,7.7,2.13,16.9,23,32.41,176
313430097113801,2005,tmax,0,0.0,0.0,0.0,0,12.33,0
313430097113801,2006,tmax,0,0.0,0.0,0.0,0,32.54,0
313430097113801,2008,tmax,0,0.0,0.0,0.0,0,31.57,0
452230122512201,2002,tmax,2,5.0,2.4,10.8,10,22.01,7
452230122512201,2003,tmax,2,5.5,2.36,14.4,11,21.84,4
452230122512201,2004,tmax,2,5.5,1.05,4.5,11,22.53,9
452230122512201,2005,tmax,1,5.0,1.59,4.6,5,22.39,10
452230122512201,2006,tmax,3,5.0,3.4,19.7,15,23.01,8
452230122512201,2008,tmax,1,5.0,1.95,6.4,5,20.57,0
452230122512201,2009,tmax,1,7.0,1.5,6.1,7,23.34,8
452230122512201,2021,tmax,8,6.9,3.83,65.3,55,24.0,17
452230122512201,2023,tmax,3,7.3,3.0,38.7,22,22.94,13
452230122512201,2024,tmax,6,6.0,1.8,26.3,36,22.41,11
452230122512201,2025,tmax,7,11.1,3.7,102.5,78,22.94,16
452230122512201,2001,tmax,0,0.0,0.0,0.0,0,21.1,0
452230122512201,2007,tmax,0,0.0,0.0,0.0,0,21.0,0
452230122512201,2010,tmax,0,0.0,0.0,0.0,0,20.34,0
452230122512201,2011,tmax,0,0.0,0.0,0.0,0,20.0,0
452230122512201,2012,tmax,0,0.0,0.0,0.0,0,,0
452230122512201,2013,tmax,0,0.0,0.0,0.0,0,,0
452230122512201,2014,tmax,0,0.0,0.0,0.0,0,,0
452230122512201,2015,tmax,0,0.0,0.0,0.0,0,,0
452230122512201,2016,tmax,0,0.0,0.0,0.0,0,,0
452230122512201,2017,tmax,0,0.0,0.0,0.0,0,,0
452230122512201,2018,tmax,0,0.0,0.0,0.0,0,,0
452230122512201,2019,tmax,0,0.0,0.0,0.0,0,8.31,0
452230122512201,2020,tmax,0,0.0,0.0,0.0,0,20.97,0
452230122512201,2022,tmax,0,0.0,0.0,0.0,0,22.23,0
453104122551201,2001,tmax,0,0.0,0.0,0.0,0,22.27,0
453104122551201,2002,tmax,0,0.0,0.0,0.0,0,22.36,0
453104122551201,2003,tmax,0,0.0,0.0,0.0,0,22.49,0
01022500,2006,tmax,2,7.0,1.95,13.3,14,25.9,45
01022500,2012,tmax,3,7.3,2.45,28.2,22,25.7,62
01022500,2013,tmax,1,5.0,2.85,10.6,5,27.33,33
01022500,2014,tmax,1,6.0,2.0,5.8,6,25.26,50
01022500,2015,tmax,1,6.0,2.31,8.7,6,25.49,67
01022500,2023,tmax,2,7.5,1.95,13.1,15,16.33,0
01022500,2024,tmax,6,8.5,5.16,72.1,51,28.09,77
01022500,2025,tmax,1,5.0,3.24,7.9,5,26.29,35
01022500,2004,tmax,0,0.0,0.0,0.0,0,25.16,0
01022500,2005,tmax,0,0.0,0.0,0.0,0,26.47,0
01022500,2007,tmax,0,0.0,0.0,0.0,0,,0
01022500,2008,tmax,0,0.0,0.0,0.0,0,,0
01022500,2009,tmax,0,0.0,0.0,0.0,0,,0
01022500,2010,tmax,0,0.0,0.0,0.0,0,16.21,0
01022500,2011,tmax,0,0.0,0.0,0.0,0,26.76,0
01022500,2016,tmax,0,0.0,0.0,0.0,0,,0
01022500,2017,tmax,0,0.0,0.0,0.0,0,,0
01022500,2018,tmax,0,0.0,0.0,0.0,0,,0
01022500,2019,tmax,0,0.0,0.0,0.0,0,,0
01022500,2020,tmax,0,0.0,0.0,0.0,0,,0
01022500,2021,tmax,0,0.0,0.0,0.0,0,,0
01022500,2022,tmax,0,0.0,0.0,0.0,0,,0
01037380,2012,tmax,3,7.7,4.72,30.1,23,24.56,35
01037380,2014,tmax,1,5.0,1.58,5.2,5,24.84,49
01037380,2015,tmax,1,5.0,2.16,5.0,5,23.9,31
01037380,2010,tmax,0,0.0,0.0,0.0,0,15.24,0
01037380,2011,tmax,0,0.0,0.0,0.0,0,24.77,0
01037380,2013,tmax,0,0.0,0.0,0.0,0,26.0,0
01091000,2015,tmax,3,7.0,3.36,36.1,21,29.83,97
01091000,2016,tmax,4,5.0,2.98,24.2,20,31.99,111
01091000,2017,tmax,1,6.0,2.37,8.1,6,27.87,74
01091000,2020,tmax,2,5.5,3.29,14.4,11,31.37,110
01091000,2021,tmax,2,5.5,5.56,30.5,11,29.41,67
01091000,2023,tmax,5,8.6,2.59,45.8,43,26.81,69
01091000,2024,tmax,5,9.0,3.0,45.5,45,32.51,103
01091000,2025,tmax,2,5.5,2.89,17.6,11,31.11,89
01091000,2012,tmax,0,0.0,0.0,0.0,0,30.31,0
01091000,2013,tmax,0,0.0,0.0,0.0,0,29.21,0
01091000,2014,tmax,0,0.0,0.0,0.0,0,26.2,0
01091000,2018,tmax,0,0.0,0.0,0.0,0,30.66,0
01091000,2019,tmax,0,0.0,0.0,0.0,0,29.77,0
01091000,2022,tmax,0,0.0,0.0,0.0,0,29.1,0
01170100,2015,tmax,2,7.5,3.68,23.5,15,12.79,0
01170100,2016,tmax,1,5.0,1.45,3.6,5,25.54,68
01170100,2017,tmax,1,5.0,2.1,6.4,5,22.09,7
01170100,2018,tmax,1,5.0,1.9,4.8,5,26.69,33
01170100,2020,tmax,1,5.0,1.8,4.9,5,26.24,58
01170100,2021,tmax,3,5.0,3.4,22.4,15,24.83,20
01170100,2022,tmax,2,5.5,3.95,24.6,11,26.33,63
01170100,2023,tmax,4,6.8,1.75,23.6,27,22.34,5
01170100,2019,tmax,0,0.0,0.0,0.0,0,24.93,0
01170100,2024,tmax,0,0.0,0.0,0.0,0,25.36,0
01170100,2025,tmax,0,0.0,0.0,0.0,0,6.4,0
01187300,2016,tmax,2,26.5,6.46,178.8,53,25.9,65
01187300,2017,tmax,2,11.5,5.14,53.2,23,22.59,10
01187300,2015,tmax,0,0.0,0.0,0.0,0,9.97,0
01187300,2018,tmax,0,0.0,0.0,0.0,0,24.27,0
01193500,1985,tmax,1,5.0,4.55,8.5,5,26.07,46
01193500,1986,tmax,1,11.0,5.7,32.7,11,27.86,71
01193500,1987,tmax,2,9.5,4.1,26.1,19,29.04,75
01193500,1988,tmax,2,12.0,2.5,32.6,24,29.0,57
01193500,1989,tmax,1,5.0,6.4,17.5,5,27.4,36
01193500,1990,tmax,3,10.3,5.8,60.4,31,27.29,71
01193500,1991,tmax,3,6.3,5.35,50.9,19,28.64,60
01193500,1992,tmax,1,8.0,4.75,21.5,8,23.07,31
01193500,1993,tmax,1,5.0,3.46,8.0,5,13.86,0
01193500,2015,tmax,3,6.7,4.18,36.6,20,27.07,85
01193500,2016,tmax,3,6.3,3.25,24.2,19,29.87,100
01193500,2017,tmax,3,5.3,2.28,17.2,16,26.0,58
01193500,2020,tmax,1,6.0,6.3,18.8,6,6.4,0
01193500,1994,tmax,0,0.0,0.0,0.0,0,,0
01193500,1995,tmax,0,0.0,0.0,0.0,0,,0
01193500,1996,tmax,0,0.0,0.0,0.0,0,,0
01193500,1997,tmax,0,0.0,0.0,0.0,0,,0
01193500,1998,tmax,0,0.0,0.0,0.0,0,,0
01193500,1999,tmax,0,0.0,0.0,0.0,0,,0
01193500,2000,tmax,0,0.0,0.0,0.0,0,,0
01193500,2001,tmax,0,0.0,0.0,0.0,0,,0
01193500,2002,tmax,0,0.0,0.0,0.0,0,,0
01193500,2003,tmax,0,0.0,0.0,0.0,0,,0
01193500,2004,tmax,0,0.0,0.0,0.0,0,,0
01193500,2005,tmax,0,0.0,0.0,0.0,0,,0
01193500,2006,tmax,0,0.0,0.0,0.0,0,,0
01193500,2007,tmax,0,0.0,0.0,0.0,0,,0
01193500,2008,tmax,0,0.0,0.0,0.0,0,,0
01193500,2009,tmax,0,0.0,0.0,0.0,0,,0
01193500,2010,tmax,0,0.0,0.0,0.0,0,,0
01193500,2011,tmax,0,0.0,0.0,0.0,0,,0
01193500,2012,tmax,0,0.0,0.0,0.0,0,,0
01193500,2013,tmax,0,0.0,0.0,0.0,0,1.71,0
01193500,2014,tmax,0,0.0,0.0,0.0,0,25.86,0
01193500,2018,tmax,0,0.0,0.0,0.0,0,27.46,0
01193500,2019,tmax,0,0.0,0.0,0.0,0,26.1,0
01194000,2015,tmean,2,6.0,3.42,17.8,12,10.7,0
01194000,2016,tmean,1,5.0,1.06,2.6,5,24.77,34
01194000,2020,tmean,1,5.0,4.14,7.4,5,7.73,0
01194000,2017,tmean,0,0.0,0.0,0.0,0,22.34,0
01194000,2018,tmean,0,0.0,0.0,0.0,0,23.39,0
01194000,2019,tmean,0,0.0,0.0,0.0,0,22.76,0
01413500,2022,tmax,2,7.0,4.6,32.2,14,24.59,30
01413500,2023,tmax,6,6.7,3.96,65.8,40,22.16,4
01413500,2024,tmax,6,8.3,5.02,80.6,50,24.99,41
01413500,2018,tmax,0,0.0,0.0,0.0,0,15.84,0
01413500,2019,tmax,0,0.0,0.0,0.0,0,23.57,0
01413500,2020,tmax,0,0.0,0.0,0.0,0,24.09,0
01413500,2021,tmax,0,0.0,0.0,0.0,0,23.64,0
01414500,2020,tmax,4,29.5,9.45,571.8,118,22.34,11
01414500,2021,tmax,1,114.0,9.75,439.2,114,21.49,5
01414500,2022,tmax,5,25.8,9.85,597.2,129,23.03,16
01414500,2023,tmax,5,25.8,6.55,357.5,129,19.34,0
01414500,2024,tmax,3,45.7,9.85,529.2,137,22.64,9
01414500,2019,tmax,0,0.0,0.0,0.0,0,11.89,0
01415000,2020,tmax,4,29.8,9.79,577.2,119,24.47,40
01415000,2021,tmax,3,40.3,9.59,463.8,121,23.43,16
01415000,2022,tmax,7,18.6,8.99,518.7,130,24.11,25
01415000,2023,tmax,5,22.0,7.29,319.4,110,21.63,5
01415000,2024,tmax,3,42.0,9.49,501.4,126,24.21,27
01415000,2019,tmax,0,0.0,0.0,0.0,0,13.16,0
01415460,2020,tmax,4,57.8,19.91,2345.1,231,24.2,43
01415460,2021,tmax,2,122.0,18.91,2359.5,244,23.06,16
01415460,2022,tmax,3,76.7,19.11,2318.5,230,24.2,24
01415460,2023,tmax,3,79.3,16.21,2195.9,238,21.46,2
01415460,2024,tmax,4,48.8,19.01,2138.8,195,23.27,19
01415460,2019,tmax,0,0.0,0.0,0.0,0,3.14,0
01419500,2022,tmax,5,7.2,3.7,47.3,36,25.14,51
01419500,2023,tmax,7,8.3,4.64,83.3,58,22.2,9
01419500,2024,tmax,7,6.1,4.44,59.9,43,24.61,32
01419500,2025,tmax,2,6.0,2.8,20.0,12,23.97,32
01419500,2018,tmax,0,0.0,0.0,0.0,0,20.6,0
01419500,2019,tmax,0,0.0,0.0,0.0,0,23.54,0
01419500,2020,tmax,0,0.0,0.0,0.0,0,24.04,0
01419500,2021,tmax,0,0.0,0.0,0.0,0,23.34,0
01423000,2022,tmax,3,9.0,6.23,90.4,27,31.06,51
01423000,2023,tmax,4,6.5,4.8,49.5,26,24.57,43
01423000,2024,tmax,6,6.7,5.36,77.9,40,27.77,71
01423000,2025,tmax,3,5.7,2.92,30.3,17,26.44,57
01423000,2018,tmax,0,0.0,0.0,0.0,0,9.54,0
01423000,2019,tmax,0,0.0,0.0,0.0,0,26.33,0
01423000,2020,tmax,0,0.0,0.0,0.0,0,27.39,0
01423000,2021,tmax,0,0.0,0.0,0.0,0,25.1,0
0143400680,2020,tmax,2,44.0,4.09,158.1,88,16.7,0
0143400680,2021,tmax,5,12.4,3.89,88.5,62,16.46,0
0143400680,2022,tmax,3,27.3,4.29,170.5,82,17.47,0
0143400680,2023,tmax,5,13.0,2.69,81.7,65,15.57,0
0143400680,2024,tmax,2,40.0,4.29,172.0,80,17.27,0
0143400680,2019,tmax,0,0.0,0.0,0.0,0,12.04,0
0143400680,2025,tmax,0,0.0,0.0,0.0,0,12.57,0
01434021,2020,tmax,3,17.3,2.29,59.6,52,14.29,0
01434021,2021,tmax,4,11.0,3.29,54.3,44,14.37,0
01434021,2022,tmax,1,65.0,3.89,112.2,65,15.81,0
01434021,2023,tmax,4,8.2,3.0,27.5,33,13.49,0
01434021,2024,tmax,3,22.3,3.29,108.1,67,15.46,0
01434021,2025,tmax,4,12.2,2.89,69.8,49,14.71,0
01434021,2019,tmax,0,0.0,0.0,0.0,0,11.76,0
01434025,2022,tmax,4,7.2,3.16,35.3,29,17.94,0
01434025,2023,tmax,9,7.3,3.76,83.8,66,16.5,0
01434025,2024,tmax,10,7.1,3.82,97.6,71,18.0,0
01434025,2025,tmax,6,6.3,2.52,36.7,38,17.76,0
01434025,2018,tmax,0,0.0,0.0,0.0,0,12.67,0
01434025,2019,tmax,0,0.0,0.0,0.0,0,15.81,0
01434025,2020,tmax,0,0.0,0.0,0.0,0,17.39,0
01434025,2021,tmax,0,0.0,0.0,0.0,0,16.69,0
01435000,2012,tmax,2,8.5,3.54,24.0,17,22.24,6
01435000,2015,tmax,2,5.5,3.9,19.9,11,21.19,0
01435000,2016,tmax,2,6.5,2.89,12.9,13,20.77,0
01435000,2019,tmax,2,5.0,1.69,8.6,10,21.76,5
01435000,2020,tmax,3,10.7,0.7,10.7,32,14.24,0
01435000,2021,tmax,5,18.0,3.69,87.8,90,17.01,0
01435000,2023,tmax,2,36.5,2.37,58.3,73,14.0,0
01435000,2024,tmax,2,16.5,1.67,21.3,33,12.89,0
01435000,2025,tmax,2,8.0,3.3,34.4,16,13.87,0
01435000,2013,tmax,0,0.0,0.0,0.0,0,22.0,0
01435000,2014,tmax,0,0.0,0.0,0.0,0,19.96,0
01435000,2017,tmax,0,0.0,0.0,0.0,0,18.89,0
01435000,2018,tmax,0,0.0,0.0,0.0,0,21.77,0
01435000,2022,tmax,0,0.0,0.0,0.0,0,17.37,0
01439500,2020,tmax,3,74.7,18.99,2077.1,224,26.6,62
01439500,2021,tmax,3,76.0,18.09,2120.3,228,24.36,43
01439500,2022,tmax,3,72.7,19.69,2070.5,218,26.56,54
01439500,2023,tmax,3,76.0,17.49,2095.5,228,24.41,39
01439500,2024,tmax,4,50.8,19.69,2131.8,203,26.27,54
01439500,2019,tmax,0,0.0,0.0,0.0,0,5.76,0
01440000,2022,tmax,3,6.3,2.65,19.1,19,27.21,63
01440000,2023,tmax,1,6.0,3.9,14.4,6,24.41,36
01440000,2000,tmax,0,0.0,0.0,0.0,0,,0
01440000,2001,tmax,0,0.0,0.0,0.0,0,25.31,0
01440000,2002,tmax,0,0.0,0.0,0.0,0,,0
01440000,2003,tmax,0,0.0,0.0,0.0,0,,0
01440000,2004,tmax,0,0.0,0.0,0.0,0,,0
01440000,2005,tmax,0,0.0,0.0,0.0,0,,0
01440000,2006,tmax,0,0.0,0.0,0.0,0,,0
01440000,2007,tmax,0,0.0,0.0,0.0,0,,0
01440000,2008,tmax,0,0.0,0.0,0.0,0,,0
01440000,2009,tmax,0,0.0,0.0,0.0,0,,0
01440000,2010,tmax,0,0.0,0.0,0.0,0,,0
01440000,2011,tmax,0,0.0,0.0,0.0,0,,0
01440000,2012,tmax,0,0.0,0.0,0.0,0,,0
01440000,2013,tmax,0,0.0,0.0,0.0,0,,0
01440000,2014,tmax,0,0.0,0.0,0.0,0,,0
01440000,2015,tmax,0,0.0,0.0,0.0,0,,0
01440000,2016,tmax,0,0.0,0.0,0.0,0,,0
01440000,2017,tmax,0,0.0,0.0,0.0,0,,0
01440000,2018,tmax,0,0.0,0.0,0.0,0,,0
01440000,2019,tmax,0,0.0,0.0,0.0,0,,0
01440000,2020,tmax,0,0.0,0.0,0.0,0,26.9,0
01440000,2021,tmax,0,0.0,0.0,0.0,0,25.13,0
01440000,2024,tmax,0,0.0,0.0,0.0,0,26.47,0
01440400,2020,tmax,3,72.3,16.97,1911.6,217,24.5,47
01440400,2021,tmax,4,56.8,16.37,1892.6,227,23.09,19
01440400,2022,tmax,3,74.7,17.17,1898.2,224,24.97,43
01440400,2023,tmax,3,76.7,15.77,1906.9,230,22.87,16
01440400,2024,tmax,3,74.7,17.37,1979.7,224,24.49,37
01440400,2025,tmax,1,208.0,16.07,1845.7,208,23.36,28
01440400,2019,tmax,0,0.0,0.0,0.0,0,6.19,0
01451800,2021,tmax,1,5.0,3.7,8.8,5,29.04,79
01451800,2022,tmax,2,5.0,2.0,11.5,10,30.93,97
01451800,2023,tmax,6,7.3,6.24,72.6,44,26.21,90
01451800,2024,tmax,5,6.0,5.1,66.0,30,31.51,96
01451800,2025,tmax,2,7.5,5.0,29.1,15,29.37,95
01451800,1999,tmax,0,0.0,0.0,0.0,0,27.21,0
01451800,2000,tmax,0,0.0,0.0,0.0,0,14.79,0
01451800,2001,tmax,0,0.0,0.0,0.0,0,29.71,0
01451800,2002,tmax,0,0.0,0.0,0.0,0,,0
01451800,2003,tmax,0,0.0,0.0,0.0,0,,0
01451800,2004,tmax,0,0.0,0.0,0.0,0,,0
01451800,2005,tmax,0,0.0,0.0,0.0,0,,0
01451800,2006,tmax,0,0.0,0.0,0.0,0,,0
01451800,2007,tmax,0,0.0,0.0,0.0,0,,0
01451800,2008,tmax,0,0.0,0.0,0.0,0,,0
01451800,2009,tmax,0,0.0,0.0,0.0,0,,0
01451800,2010,tmax,0,0.0,0.0,0.0,0,,0
01451800,2011,tmax,0,0.0,0.0,0.0,0,,0
01451800,2012,tmax,0,0.0,0.0,0.0,0,,0
01451800,2013,tmax,0,0.0,0.0,0.0,0,,0
01451800,2014,tmax,0,0.0,0.0,0.0,0,,0
01451800,2015,tmax,0,0.0,0.0,0.0,0,,0
01451800,2016,tmax,0,0.0,0.0,0.0,0,,0
01451800,2017,tmax,0,0.0,0.0,0.0,0,,0
01451800,2018,tmax,0,0.0,0.0,0.0,0,,0
01451800,2019,tmax,0,0.0,0.0,0.0,0,14.61,0
01451800,2020,tmax,0,0.0,0.0,0.0,0,29.41,0
01466500,1985,tmax,1,8.0,1.89,8.2,8,16.71,0
01466500,1989,tmax,4,5.5,3.18,19.2,22,19.71,0
01466500,1990,tmax,2,8.0,2.1,17.9,16,20.5,0
01466500,1991,tmax,2,8.5,1.59,13.7,17,19.29,0
01466500,2012,tmax,3,9.3,2.5,26.9,28,20.44,0
01466500,2013,tmax,2,18.5,3.08,57.7,37,22.33,4
01466500,2015,tmax,3,8.7,1.83,23.0,26,17.71,0
01466500,2017,tmax,1,11.0,2.1,12.9,11,17.43,0
01466500,2019,tmax,2,6.5,1.09,7.1,13,20.21,0
01466500,2020,tmax,4,7.2,1.48,20.2,29,17.73,0
01466500,2021,tmax,2,14.0,3.0,35.5,28,21.23,0
01466500,2023,tmax,4,20.0,2.8,92.4,80,18.07,0
01466500,2025,tmax,1,7.0,0.6,2.3,7,17.94,0
01466500,1992,tmax,0,0.0,0.0,0.0,0,18.29,0
01466500,1993,tmax,0,0.0,0.0,0.0,0,,0
01466500,1994,tmax,0,0.0,0.0,0.0,0,,0
01466500,1995,tmax,0,0.0,0.0,0.0,0,,0
01466500,1996,tmax,0,0.0,0.0,0.0,0,,0
01466500,1997,tmax,0,0.0,0.0,0.0,0,,0
01466500,1998,tmax,0,0.0,0.0,0.0,0,,0
01466500,1999,tmax,0,0.0,0.0,0.0,0,,0
01466500,2000,tmax,0,0.0,0.0,0.0,0,,0
01466500,2001,tmax,0,0.0,0.0,0.0,0,,0
01466500,2002,tmax,0,0.0,0.0,0.0,0,,0
01466500,2003,tmax,0,0.0,0.0,0.0,0,,0
01466500,2004,tmax,0,0.0,0.0,0.0,0,,0
01466500,2005,tmax,0,0.0,0.0,0.0,0,,0
01466500,2006,tmax,0,0.0,0.0,0.0,0,,0
01466500,2007,tmax,0,0.0,0.0,0.0,0,,0
01466500,2008,tmax,0,0.0,0.0,0.0,0,,0
01466500,2009,tmax,0,0.0,0.0,0.0,0,,0
01466500,2010,tmax,0,0.0,0.0,0.0,0,,0
01466500,2011,tmax,0,0.0,0.0,0.0,0,,0
01466500,2014,tmax,0,0.0,0.0,0.0,0,18.31,0
01466500,2016,tmax,0,0.0,0.0,0.0,0,18.81,0
01466500,2018,tmax,0,0.0,0.0,0.0,0,17.66,0
01466500,2022,tmax,0,0.0,0.0,0.0,0,17.7,0
01466500,2024,tmax,0,0.0,0.0,0.0,0,17.1,0
01471875,2022,tmax,2,7.0,2.22,14.0,14,26.33,74
01471875,2023,tmax,4,8.5,4.7,69.5,34,25.09,70
01471875,2024,tmax,8,6.2,3.4,76.9,50,26.5,78
01471875,2025,tmax,3,7.7,3.42,31.2,23,24.69,47
01471875,2018,tmax,0,0.0,0.0,0.0,0,19.01,0
01471875,2019,tmax,0,0.0,0.0,0.0,0,24.06,0
01471875,2020,tmax,0,0.0,0.0,0.0,0,25.83,0
01471875,2021,tmax,0,0.0,0.0,0.0,0,24.69,0
01484100,2020,tmax,6,12.8,4.99,133.0,77,21.89,9
01484100,2021,tmax,5,13.2,3.89,106.5,66,21.53,4
01484100,2022,tmax,3,27.0,4.09,115.7,81,22.3,5
01484100,2023,tmax,3,19.0,4.89,95.6,57,22.73,6
01484100,2024,tmax,3,26.7,4.29,152.7,80,22.97,18
01484100,2025,tmax,3,25.3,5.09,212.9,76,23.5,38
01484100,2019,tmax,0,0.0,0.0,0.0,0,19.11,0
01487000,2007,tmax,1,6.0,1.4,5.2,6,26.3,92
01487000,2010,tmax,1,5.0,1.68,4.9,5,27.97,72
01487000,2006,tmax,0,0.0,0.0,0.0,0,17.46,0
01487000,2008,tmax,0,0.0,0.0,0.0,0,26.96,0
01487000,2009,tmax,0,0.0,0.0,0.0,0,25.36,0
01487000,2011,tmax,0,0.0,0.0,0.0,0,29.87,0
01544500,2011,tmax,2,6.0,4.3,15.3,12,29.39,73
01544500,2012,tmax,4,7.2,4.3,54.6,29,26.89,73
01544500,2015,tmax,4,7.2,4.1,48.6,29,24.7,22
01544500,2016,tmax,2,5.0,2.3,14.0,10,27.94,92
01544500,2017,tmax,3,6.7,4.0,26.3,20,25.54,48
01544500,2022,tmax,2,6.0,2.4,16.8,12,27.37,76
01544500,2023,tmax,4,7.2,4.4,56.6,29,23.71,44
01544500,2024,tmax,5,6.8,3.0,49.9,34,25.83,41
01544500,2025,tmax,1,5.0,1.6,4.1,5,26.16,50
01544500,2010,tmax,0,0.0,0.0,0.0,0,7.4,0
01544500,2013,tmax,0,0.0,0.0,0.0,0,26.2,0
01544500,2014,tmax,0,0.0,0.0,0.0,0,23.23,0
01544500,2018,tmax,0,0.0,0.0,0.0,0,25.1,0
01544500,2019,tmax,0,0.0,0.0,0.0,0,23.67,0
01544500,2020,tmax,0,0.0,0.0,0.0,0,27.11,0
01544500,2021,tmax,0,0.0,0.0,0.0,0,24.73,0
01545600,2012,tmax,1,13.0,3.14,20.7,13,21.46,5
01545600,2015,tmax,3,7.3,3.07,33.8,22,20.43,0
01545600,2016,tmax,5,5.6,2.99,33.7,28,23.11,32
01545600,2017,tmax,3,7.3,2.7,23.6,22,20.27,0
01545600,2020,tmax,2,5.0,1.5,9.3,10,22.77,25
01545600,2021,tmax,1,5.0,2.7,8.1,5,21.23,3
01545600,2023,tmax,5,6.6,3.56,37.8,33,20.21,0
01545600,2024,tmax,6,7.3,2.9,67.0,44,22.7,6
01545600,2013,tmax,0,0.0,0.0,0.0,0,21.24,0
01545600,2014,tmax,0,0.0,0.0,0.0,0,19.63,0
01545600,2018,tmax,0,0.0,0.0,0.0,0,20.66,0
01545600,2019,tmax,0,0.0,0.0,0.0,0,18.87,0
01545600,2022,tmax,0,0.0,0.0,0.0,0,21.89,0
06329597,2007,tmax,4,6.8,13.43,130.0,27,37.67,103
06329597,2006,tmax,0,0.0,0.0,0.0,0,29.24,0
06329597,2008,tmax,0,0.0,0.0,0.0,0,32.24,0
06329597,2009,tmax,0,0.0,0.0,0.0,0,25.96,0
06329597,2010,tmax,0,0.0,0.0,0.0,0,28.81,0
06329597,2011,tmax,0,0.0,0.0,0.0,0,29.67,0
06329597,2012,tmax,0,0.0,0.0,0.0,0,29.83,0
06329597,2013,tmax,0,0.0,0.0,0.0,0,28.14,0
06329597,2014,tmax,0,0.0,0.0,0.0,0,26.7,0
06467600,2020,tmax,3,9.3,3.24,42.0,28,27.41,77
06467600,2019,tmax,0,0.0,0.0,0.0,0,25.77,0
06467600,2021,tmax,0,0.0,0.0,0.0,0,25.41,0
06623800,2012,tmax,1,12.0,1.28,7.7,12,20.77,1
06623800,2015,tmax,2,5.0,1.8,7.7,10,18.9,0
06623800,2016,tmax,1,5.0,2.8,6.6,5,19.46,0
06623800,2017,tmax,1,6.0,2.48,5.3,6,19.2,0
06623800,2022,tmax,1,6.0,1.1,3.4,6,20.17,0
06623800,2023,tmax,1,5.0,1.29,4.5,5,19.61,0
06623800,2024,tmax,1,5.0,0.69,1.8,5,20.2,0
06623800,2025,tmax,1,9.0,3.4,18.6,9,18.9,0
06623800,2013,tmax,0,0.0,0.0,0.0,0,19.49,0
06623800,2014,tmax,0,0.0,0.0,0.0,0,18.67,0
06623800,2018,tmax,0,0.0,0.0,0.0,0,20.31,0
06623800,2019,tmax,0,0.0,0.0,0.0,0,18.27,0
06623800,2020,tmax,0,0.0,0.0,0.0,0,19.81,0
06623800,2021,tmax,0,0.0,0.0,0.0,0,20.46,0
06775500,2016,tmean,3,27.7,8.48,339.2,83,25.8,66
06775500,2017,tmean,4,24.5,7.48,293.7,98,25.33,58
06775500,2015,tmean,0,0.0,0.0,0.0,0,17.71,0
06784000,2015,tmax,1,5.0,2.2,3.4,5,34.04,134
06784000,2016,tmax,1,5.0,0.93,2.0,5,33.84,123
06784000,2017,tmax,1,5.0,2.22,4.5,5,33.8,130
06784000,2014,tmax,0,0.0,0.0,0.0,0,23.56,0
06784000,2018,tmax,0,0.0,0.0,0.0,0,32.46,0
06879650,2012,tmean,4,6.0,3.04,28.9,24,21.53,4
06879650,2016,tmean,2,5.0,2.13,8.3,10,24.34,15
06879650,2017,tmean,1,9.0,1.26,6.0,9,22.86,12
06879650,2023,tmean,1,5.0,3.9,14.2,5,23.69,5
06879650,2024,tmean,4,7.0,3.8,53.1,28,25.46,45
06879650,2025,tmean,7,14.0,6.0,224.7,98,25.81,89
06879650,2013,tmean,0,0.0,0.0,0.0,0,21.91,0
06879650,2014,tmean,0,0.0,0.0,0.0,0,23.21,0
06879650,2015,tmean,0,0.0,0.0,0.0,0,22.77,0
06879650,2018,tmean,0,0.0,0.0,0.0,0,13.64,0
06879650,2019,tmean,0,0.0,0.0,0.0,0,20.56,0
06879650,2020,tmean,0,0.0,0.0,0.0,0,23.13,0
06879650,2021,tmean,0,0.0,0.0,0.0,0,20.79,0
06879650,2022,tmean,0,0.0,0.0,0.0,0,,0
06914990,2011,tmax,2,5.0,2.1,9.2,10,30.56,108
06914990,2012,tmax,3,6.3,2.6,18.5,19,29.5,120
06914990,2018,tmax,1,5.0,1.92,7.1,5,29.07,100
06914990,2019,tmax,1,5.0,1.8,5.6,5,28.76,125
06914990,2023,tmax,1,5.0,5.18,19.6,5,22.16,3
06914990,2024,tmax,1,16.0,4.94,34.2,16,27.3,47
06914990,2010,tmax,0,0.0,0.0,0.0,0,23.87,0
06914990,2013,tmax,0,0.0,0.0,0.0,0,,0
06914990,2014,tmax,0,0.0,0.0,0.0,0,,0
06914990,2015,tmax,0,0.0,0.0,0.0,0,,0
06914990,2016,tmax,0,0.0,0.0,0.0,0,,0
06914990,2017,tmax,0,0.0,0.0,0.0,0,,0
06914990,2020,tmax,0,0.0,0.0,0.0,0,27.01,0
06914990,2021,tmax,0,0.0,0.0,0.0,0,27.46,0
06914990,2022,tmax,0,0.0,0.0,0.0,0,,0
06934000,2018,tmax,1,5.0,1.06,2.9,5,32.57,151
06934000,2017,tmax,0,0.0,0.0,0.0,0,32.2,0
06934000,2019,tmax,0,0.0,0.0,0.0,0,30.1,0
06934000,2020,tmax,0,0.0,0.0,0.0,0,30.83,0
06934000,2021,tmax,0,0.0,0.0,0.0,0,13.56,0
07014000,2011,tmax,1,5.0,0.4,1.4,5,28.24,95
07014000,2012,tmax,5,7.0,3.25,46.6,35,28.01,115
07014000,2014,tmax,1,10.0,1.9,11.2,10,27.83,108
07014000,2015,tmax,2,6.0,2.38,10.0,12,25.89,95
07014000,2016,tmax,1,7.0,3.1,13.5,7,27.13,109
07014000,2017,tmax,1,5.0,2.17,6.1,5,27.76,98
07014000,2019,tmax,1,5.0,1.9,7.2,5,25.71,103
07014000,2021,tmax,1,6.0,2.5,7.2,6,25.71,71
07014000,2023,tmax,1,7.0,2.73,7.6,7,25.99,87
07014000,2024,tmax,4,6.5,3.5,42.9,26,26.87,112
07014000,2025,tmax,3,5.0,3.71,21.6,15,26.61,90
07014000,2010,tmax,0,0.0,0.0,0.0,0,13.53,0
07014000,2013,tmax,0,0.0,0.0,0.0,0,26.3,0
07014000,2018,tmax,0,0.0,0.0,0.0,0,27.07,0
07014000,2020,tmax,0,0.0,0.0,0.0,0,26.6,0
07014000,2022,tmax,0,0.0,0.0,0.0,0,26.9,0
07030392,1996,tmax,1,5.0,2.32,6.4,5,20.79,0
07030392,2007,tmax,3,5.0,2.02,11.8,15,26.66,139
07030392,2008,tmax,1,5.0,0.64,1.7,5,26.24,113
07030392,2010,tmax,2,5.5,1.24,7.0,11,28.14,135
07030392,1997,tmax,0,0.0,0.0,0.0,0,26.54,0
07030392,1998,tmax,0,0.0,0.0,0.0,0,12.47,0
07030392,1999,tmax,0,0.0,0.0,0.0,0,,0
07030392,2000,tmax,0,0.0,0.0,0.0,0,,0
07030392,2001,tmax,0,0.0,0.0,0.0,0,,0
07030392,2002,tmax,0,0.0,0.0,0.0,0,,0
07030392,2003,tmax,0,0.0,0.0,0.0,0,,0
07030392,2004,tmax,0,0.0,0.0,0.0,0,,0
07030392,2005,tmax,0,0.0,0.0,0.0,0,,0
07030392,2006,tmax,0,0.0,0.0,0.0,0,,0
07030392,2009,tmax,0,0.0,0.0,0.0,0,27.0,0
07056515,1999,tmax,6,8.8,2.77,81.1,53,28.71,110
07056515,2000,tmax,9,9.0,4.46,133.6,81,29.04,111
07056515,2001,tmax,6,8.2,3.27,64.8,49,28.04,115
07056515,2005,tmax,1,20.0,1.39,15.1,20,18.11,0
07056515,2006,tmax,1,7.0,1.61,5.5,7,19.89,1
07056515,2007,tmax,1,5.0,0.87,2.8,5,22.49,8
07056515,2008,tmax,2,5.5,2.2,7.3,11,24.26,38
07056515,2010,tmax,3,6.3,1.8,12.5,19,25.04,29
07056515,2011,tmax,2,9.0,1.11,9.8,18,22.07,5
07056515,2012,tmax,3,7.3,2.5,26.8,22,20.04,0
07056515,2015,tmax,1,5.0,1.1,3.4,5,25.53,47
07056515,2002,tmax,0,0.0,0.0,0.0,0,22.23,0
07056515,2003,tmax,0,0.0,0.0,0.0,0,21.19,0
07056515,2004,tmax,0,0.0,0.0,0.0,0,23.76,0
07056515,2009,tmax,0,0.0,0.0,0.0,0,24.87,0
07056515,2013,tmax,0,0.0,0.0,0.0,0,23.6,0
07056515,2014,tmax,0,0.0,0.0,0.0,0,24.0,0
07061270,2006,tmax,3,6.3,4.2,34.7,19,34.56,139
07061270,2007,tmax,1,7.0,3.0,13.0,7,35.17,141
07061270,2010,tmax,1,7.0,2.25,6.9,7,32.47,132
07061270,2011,tmax,1,9.0,2.0,9.9,9,35.07,126
07061270,2012,tmax,6,8.5,5.48,115.1,51,34.21,145
07061270,2014,tmax,1,6.0,1.6,4.8,6,32.97,131
07061270,2015,tmax,1,5.0,3.15,11.1,5,30.97,124
07061270,2016,tmax,1,7.0,3.6,16.7,7,29.67,87
07061270,2017,tmax,1,6.0,6.41,22.1,6,29.86,110
07061270,2018,tmax,1,6.0,1.2,5.6,6,30.89,145
07061270,2019,tmax,2,7.5,2.95,22.0,15,30.36,135
07061270,2021,tmax,1,5.0,2.35,5.8,5,29.64,106
07061270,2024,tmax,4,6.2,4.2,32.1,25,31.3,77
07061270,2025,tmax,2,5.0,4.19,13.6,10,29.61,99
07061270,2008,tmax,0,0.0,0.0,0.0,0,31.44,0
07061270,2009,tmax,0,0.0,0.0,0.0,0,31.83,0
07061270,2013,tmax,0,0.0,0.0,0.0,0,31.5,0
07061270,2020,tmax,0,0.0,0.0,0.0,0,31.67,0
07061270,2022,tmax,0,0.0,0.0,0.0,0,31.81,0
07061270,2023,tmax,0,0.0,0.0,0.0,0,31.07,0
07144780,2000,tmax,1,5.0,3.12,8.8,5,36.66,160
07144780,2001,tmax,3,5.7,5.8,30.6,17,36.23,159
07144780,2002,tmax,1,5.0,4.87,13.8,5,36.16,156
07144780,2006,tmax,4,6.2,5.31,32.0,25,38.4,166
07144780,2007,tmax,1,5.0,2.7,8.0,5,35.46,158
07144780,2009,tmax,1,6.0,3.64,12.9,6,34.26,134
07144780,2011,tmax,2,6.0,2.5,12.4,12,37.87,165
07144780,2012,tmax,4,6.5,5.69,82.0,26,36.8,147
07144780,2021,tmax,2,6.0,2.1,11.9,12,36.39,164
07144780,2022,tmax,2,9.5,4.52,38.8,19,37.27,168
07144780,2023,tmax,5,5.4,5.02,57.8,27,37.04,180
07144780,2024,tmax,4,6.0,4.6,36.5,24,36.27,178
07144780,2025,tmax,2,6.0,3.5,29.7,12,34.04,170
07144780,1998,tmax,0,0.0,0.0,0.0,0,13.77,0
07144780,1999,tmax,0,0.0,0.0,0.0,0,34.69,0
07144780,2003,tmax,0,0.0,0.0,0.0,0,34.4,0
07144780,2004,tmax,0,0.0,0.0,0.0,0,34.11,0
07144780,2005,tmax,0,0.0,0.0,0.0,0,33.79,0
07144780,2008,tmax,0,0.0,0.0,0.0,0,34.94,0
07144780,2010,tmax,0,0.0,0.0,0.0,0,35.26,0
07144780,2013,tmax,0,0.0,0.0,0.0,0,35.6,0
07144780,2014,tmax,0,0.0,0.0,0.0,0,34.73,0
07144780,2015,tmax,0,0.0,0.0,0.0,0,36.03,0
07144780,2016,tmax,0,0.0,0.0,0.0,0,,0
07144780,2017,tmax,0,0.0,0.0,0.0,0,36.4,0
07144780,2018,tmax,0,0.0,0.0,0.0,0,36.94,0
07144780,2019,tmax,0,0.0,0.0,0.0,0,34.14,0
07144780,2020,tmax,0,0.0,0.0,0.0,0,36.7,0
07191222,2008,tmax,1,5.0,2.5,5.4,5,26.63,80
07191222,2009,tmax,1,6.0,0.8,2.1,6,26.61,90
07191222,2010,tmax,2,7.0,1.0,5.3,14,27.7,117
07191222,2011,tmax,4,8.5,1.02,20.8,34,28.53,108
07191222,2012,tmax,7,10.9,2.5,66.2,76,28.29,127
07191222,2015,tmax,2,6.5,2.12,10.5,13,25.77,81
07191222,2016,tmax,3,17.0,2.93,57.5,51,27.24,123
07191222,2017,tmax,4,7.2,1.94,20.3,29,25.9,83
07191222,2018,tmax,3,8.0,1.34,20.5,24,26.93,135
07191222,2019,tmax,2,5.5,1.1,5.8,11,25.87,104
07191222,2021,tmax,4,6.8,1.92,21.7,27,26.47,109
07191222,2023,tmax,2,7.0,1.2,8.0,14,27.5,118
07191222,2005,tmax,0,0.0,0.0,0.0,0,25.81,0
07191222,2006,tmax,0,0.0,0.0,0.0,0,25.07,0
07191222,2007,tmax,0,0.0,0.0,0.0,0,26.8,0
07191222,2013,tmax,0,0.0,0.0,0.0,0,25.63,0
07191222,2014,tmax,0,0.0,0.0,0.0,0,26.51,0
07191222,2020,tmax,0,0.0,0.0,0.0,0,26.27,0
07191222,2022,tmax,0,0.0,0.0,0.0,0,27.23,0
07301500,2008,tmax,1,5.0,1.08,1.9,5,36.83,101
07301500,2002,tmax,0,0.0,0.0,0.0,0,20.66,0
07301500,2003,tmax,0,0.0,0.0,0.0,0,36.26,0
07301500,2004,tmax,0,0.0,0.0,0.0,0,35.84,0
07301500,2005,tmax,0,0.0,0.0,0.0,0,26.74,0
07301500,2006,tmax,0,0.0,0.0,0.0,0,37.61,0
07301500,2007,tmax,0,0.0,0.0,0.0,0,35.64,0
07311900,1996,tmax,1,6.0,2.8,9.7,6,24.73,16
07311900,1998,tmax,6,6.2,3.75,53.7,37,37.74,207
07311900,1999,tmax,1,7.0,2.36,7.5,7,34.87,186
07311900,2001,tmax,1,5.0,1.52,4.9,5,36.19,162
07311900,2009,tmax,1,5.0,2.63,4.8,5,36.9,197
07311900,2011,tmax,1,5.0,3.5,10.9,5,33.84,77
07311900,2012,tmax,1,5.0,4.04,9.6,5,26.5,26
07311900,1997,tmax,0,0.0,0.0,0.0,0,36.21,0
07311900,2000,tmax,0,0.0,0.0,0.0,0,36.81,0
07311900,2002,tmax,0,0.0,0.0,0.0,0,35.44,0
07311900,2003,tmax,0,0.0,0.0,0.0,0,37.27,0
07311900,2004,tmax,0,0.0,0.0,0.0,0,37.76,0
07311900,2005,tmax,0,0.0,0.0,0.0,0,37.43,0
07311900,2006,tmax,0,0.0,0.0,0.0,0,35.71,0
07311900,2007,tmax,0,0.0,0.0,0.0,0,36.09,0
07311900,2008,tmax,0,0.0,0.0,0.0,0,37.09,0
07311900,2010,tmax,0,0.0,0.0,0.0,0,36.06,0
07311900,2013,tmax,0,0.0,0.0,0.0,0,36.79,0
07311900,2014,tmax,0,0.0,0.0,0.0,0,36.3,0
07332390,2003,tmax,0,0.0,0.0,0.0,0,20.76,0
07332390,2004,tmax,0,0.0,0.0,0.0,0,30.4,0
07332390,2005,tmax,0,0.0,0.0,0.0,0,29.67,0
07332390,2006,tmax,0,0.0,0.0,0.0,0,31.16,0
07332390,2007,tmax,0,0.0,0.0,0.0,0,25.49,0
08070200,1996,tmax,2,6.5,3.42,19.4,13,31.17,135
08070200,1998,tmax,2,9.0,3.76,27.8,18,31.44,173
08070200,1999,tmax,2,6.0,3.5,22.2,12,31.01,186
08070200,2000,tmax,3,6.3,2.6,18.4,19,31.36,185
08070200,2006,tmax,4,7.5,3.3,39.2,30,31.91,204
08070200,2007,tmax,1,7.0,2.9,8.8,7,30.8,185
08070200,2009,tmax,3,7.0,2.5,20.4,21,32.39,176
08070200,2010,tmax,2,5.0,2.7,10.7,10,32.09,182
08070200,2011,tmax,10,7.0,2.52,63.2,70,32.34,211
08070200,2012,tmax,2,5.5,1.14,6.0,11,31.57,206
08070200,2013,tmax,1,5.0,3.1,10.2,5,31.61,178
08070200,2015,tmax,1,6.0,3.74,11.2,6,31.33,182
08070200,2016,tmax,4,7.2,3.34,34.2,29,31.44,188
08070200,2017,tmax,3,8.3,3.69,44.5,25,31.44,210
08070200,2018,tmax,3,6.3,1.2,11.2,19,32.13,168
08070200,2019,tmax,1,6.0,0.64,2.6,6,31.49,168
08070200,2020,tmax,2,5.5,1.8,11.2,11,31.8,180
08070200,2021,tmax,1,9.0,5.3,29.7,9,30.09,179
08070200,2022,tmax,7,10.0,4.2,93.8,70,33.24,198
08070200,2023,tmax,11,9.0,3.3,116.3,99,33.09,181
08070200,2024,tmax,1,20.0,3.8,46.0,20,24.39,25
08070200,1995,tmax,0,0.0,0.0,0.0,0,23.81,0
08070200,1997,tmax,0,0.0,0.0,0.0,0,30.84,0
08070200,2001,tmax,0,0.0,0.0,0.0,0,,0
08070200,2002,tmax,0,0.0,0.0,0.0,0,,0
08070200,2003,tmax,0,0.0,0.0,0.0,0,,0
08070200,2004,tmax,0,0.0,0.0,0.0,0,,0
08070200,2005,tmax,0,0.0,0.0,0.0,0,15.79,0
08070200,2008,tmax,0,0.0,0.0,0.0,0,30.86,0
08070200,2014,tmax,0,0.0,0.0,0.0,0,30.66,0
08086212,1985,tmax,2,6.0,3.57,12.9,12,32.96,129
08086212,1986,tmax,6,7.8,6.8,93.1,47,34.66,185
08086212,1990,tmax,2,11.5,3.7,36.4,23,35.06,170
08086212,1995,tmax,1,5.0,1.9,7.2,5,32.69,118
08086212,2003,tmax,1,6.0,1.6,3.6,6,32.54,173
08086212,2005,tmax,1,6.0,1.59,4.8,6,34.49,180
08086212,2006,tmax,2,5.0,3.14,13.4,10,34.46,117
08086212,2007,tmax,1,11.0,2.8,12.3,11,32.34,174
08086212,2012,tmax,1,7.0,3.1,8.8,7,31.04,51
08086212,2014,tmax,1,5.0,1.74,4.7,5,31.43,35
08086212,2016,tmax,2,7.0,3.25,26.4,14,34.43,183
08086212,2017,tmax,1,8.0,2.1,11.1,8,33.43,139
08086212,2018,tmax,1,5.0,4.57,11.9,5,34.13,173
08086212,2019,tmax,1,5.0,2.26,7.1,5,33.56,173
08086212,2020,tmax,2,5.0,2.8,10.8,10,33.61,154
08086212,2021,tmax,1,9.0,4.3,19.5,9,33.6,176
08086212,2022,tmax,1,8.0,3.0,11.8,8,32.77,76
08086212,1991,tmax,0,0.0,0.0,0.0,0,32.71,0
08086212,1992,tmax,0,0.0,0.0,0.0,0,30.5,0
08086212,1993,tmax,0,0.0,0.0,0.0,0,30.61,0
08086212,1994,tmax,0,0.0,0.0,0.0,0,31.99,0
08086212,1996,tmax,0,0.0,0.0,0.0,0,33.96,0
08086212,1997,tmax,0,0.0,0.0,0.0,0,33.8,0
08086212,1998,tmax,0,0.0,0.0,0.0,0,33.29,0
08086212,1999,tmax,0,0.0,0.0,0.0,0,32.24,0
08086212,2000,tmax,0,0.0,0.0,0.0,0,34.53,0
08086212,2001,tmax,0,0.0,0.0,0.0,0,29.14,0
08086212,2002,tmax,0,0.0,0.0,0.0,0,33.81,0
08086212,2004,tmax,0,0.0,0.0,0.0,0,34.44,0
08086212,2008,tmax,0,0.0,0.0,0.0,0,32.11,0
08086212,2009,tmax,0,0.0,0.0,0.0,0,33.29,0
08086212,2010,tmax,0,0.0,0.0,0.0,0,33.31,0
08086212,2011,tmax,0,0.0,0.0,0.0,0,28.77,0
08086212,2013,tmax,0,0.0,0.0,0.0,0,33.46,0
08086212,2015,tmax,0,0.0,0.0,0.0,0,33.89,0
08086212,2023,tmax,0,0.0,0.0,0.0,0,33.09,0
08086212,2024,tmax,0,0.0,0.0,0.0,0,33.27,0
08086212,2025,tmax,0,0.0,0.0,0.0,0,33.24,0
08086290,1985,tmax,1,10.0,2.71,12.6,10,34.31,137
08086290,1986,tmax,3,6.3,3.72,31.7,19,32.64,88
08086290,1987,tmax,6,8.5,5.27,108.9,51,36.06,186
08086290,1988,tmax,2,5.5,2.7,16.4,11,33.29,76
08086290,1989,tmax,2,6.5,2.69,16.7,13,35.6,74
08086290,1990,tmax,2,5.5,1.54,5.8,11,34.9,125
08086290,1991,tmax,1,7.0,2.8,9.9,7,33.04,107
08086290,1994,tmax,1,5.0,0.78,2.1,5,34.27,102
08086290,1995,tmax,1,6.0,2.6,8.3,6,33.71,144
08086290,1996,tmax,1,5.0,1.06,3.1,5,36.13,183
08086290,1998,tmax,1,6.0,1.84,6.1,6,34.1,88
08086290,2001,tmax,1,5.0,3.0,6.3,5,31.04,54
08086290,2002,tmax,2,5.0,5.48,24.6,10,34.91,136
08086290,2005,tmax,3,5.7,5.03,31.6,17,34.44,146
08086290,2006,tmax,6,6.7,4.3,65.4,40,34.37,82
08086290,2008,tmax,1,5.0,2.16,6.2,5,35.33,133
08086290,2009,tmax,1,6.0,3.4,7.0,6,28.16,33
08086290,2018,tmax,1,5.0,7.19,29.5,5,33.57,15
08086290,2021,tmax,3,6.7,4.06,34.2,20,30.91,172
08086290,2022,tmax,1,11.0,4.36,31.6,11,32.36,54
08086290,1992,tmax,0,0.0,0.0,0.0,0,31.64,0
08086290,1993,tmax,0,0.0,0.0,0.0,0,32.53,0
08086290,1997,tmax,0,0.0,0.0,0.0,0,32.69,0
08086290,1999,tmax,0,0.0,0.0,0.0,0,32.4,0
08086290,2000,tmax,0,0.0,0.0,0.0,0,26.67,0
08086290,2003,tmax,0,0.0,0.0,0.0,0,33.56,0
08086290,2004,tmax,0,0.0,0.0,0.0,0,34.13,0
08086290,2007,tmax,0,0.0,0.0,0.0,0,32.44,0
08086290,2010,tmax,0,0.0,0.0,0.0,0,34.21,0
08086290,2011,tmax,0,0.0,0.0,0.0,0,28.63,0
08086290,2012,tmax,0,0.0,0.0,0.0,0,31.34,0
08086290,2013,tmax,0,0.0,0.0,0.0,0,32.91,0
08086290,2014,tmax,0,0.0,0.0,0.0,0,23.61,0
08086290,2015,tmax,0,0.0,0.0,0.0,0,35.33,0
08086290,2016,tmax,0,0.0,0.0,0.0,0,26.93,0
08086290,2017,tmax,0,0.0,0.0,0.0,0,,0
08086290,2019,tmax,0,0.0,0.0,0.0,0,31.34,0
08086290,2020,tmax,0,0.0,0.0,0.0,0,30.56,0
08086290,2023,tmax,0,0.0,0.0,0.0,0,,0
08086290,2024,tmax,0,0.0,0.0,0.0,0,27.1,0
08086290,2025,tmax,0,0.0,0.0,0.0,0,30.17,0
08377900,2013,tmean,1,7.0,1.0,2.5,7,14.56,0
08377900,2014,tmean,1,5.0,1.55,4.4,5,15.67,0
08377900,2016,tmean,2,7.5,1.25,10.2,15,15.54,0
08377900,2017,tmean,4,6.8,1.18,16.6,27,15.17,0
08377900,2018,tmean,6,8.2,4.28,56.3,49,16.1,0
08377900,2020,tmean,1,6.0,0.68,2.6,6,16.34,0
08377900,2025,tmean,3,10.7,2.27,28.8,32,15.41,0
08377900,2011,tmean,0,0.0,0.0,0.0,0,0.17,0
08377900,2012,tmean,0,0.0,0.0,0.0,0,16.09,0
08377900,2015,tmean,0,0.0,0.0,0.0,0,13.8,0
08377900,2019,tmean,0,0.0,0.0,0.0,0,14.14,0
08377900,2021,tmean,0,0.0,0.0,0.0,0,,0
08377900,2022,tmean,0,0.0,0.0,0.0,0,,0
08377900,2023,tmean,0,0.0,0.0,0.0,0,8.44,0
08377900,2024,tmean,0,0.0,0.0,0.0,0,15.79,0
09196500,1989,tmax,1,5.0,0.5,1.2,5,17.11,0
09196500,1990,tmax,4,11.0,0.8,16.9,44,16.66,0
09196500,1991,tmax,1,28.0,1.1,11.4,28,16.71,0
09196500,1992,tmax,10,13.6,3.56,126.6,136,17.94,0
09196500,1993,tmax,1,8.0,3.13,15.2,8,14.63,0
09196500,1994,tmax,13,11.2,6.7,340.8,145,23.93,22
09196500,1995,tmax,7,8.3,7.26,75.7,58,15.09,0
09196500,1996,tmax,2,5.5,3.98,12.4,11,19.13,0
09196500,2013,tmax,1,5.0,1.1,3.7,5,18.34,0
09196500,2015,tmax,4,7.5,1.51,18.0,30,18.14,0
09196500,2021,tmax,2,8.5,1.5,10.0,17,18.96,0
09196500,2022,tmax,2,6.0,1.08,6.0,12,17.99,0
09196500,2023,tmax,2,5.5,0.8,4.1,11,17.79,0
09196500,2024,tmax,3,8.3,1.41,16.5,25,18.2,0
09196500,2025,tmax,4,6.2,1.36,16.5,25,18.69,0
09196500,1997,tmax,0,0.0,0.0,0.0,0,,0
09196500,1998,tmax,0,0.0,0.0,0.0,0,,0
09196500,1999,tmax,0,0.0,0.0,0.0,0,,0
09196500,2000,tmax,0,0.0,0.0,0.0,0,,0
09196500,2001,tmax,0,0.0,0.0,0.0,0,,0
09196500,2002,tmax,0,0.0,0.0,0.0,0,,0
09196500,2003,tmax,0,0.0,0.0,0.0,0,,0
09196500,2004,tmax,0,0.0,0.0,0.0,0,,0
09196500,2005,tmax,0,0.0,0.0,0.0,0,,0
09196500,2006,tmax,0,0.0,0.0,0.0,0,,0
09196500,2007,tmax,0,0.0,0.0,0.0,0,,0
09196500,2008,tmax,0,0.0,0.0,0.0,0,,0
09196500,2009,tmax,0,0.0,0.0,0.0,0,,0
09196500,2010,tmax,0,0.0,0.0,0.0,0,,0
09196500,2011,tmax,0,0.0,0.0,0.0,0,,0
09196500,2012,tmax,0,0.0,0.0,0.0,0,18.6,0
09196500,2014,tmax,0,0.0,0.0,0.0,0,16.94,0
09196500,2016,tmax,0,0.0,0.0,0.0,0,18.1,0
09196500,2017,tmax,0,0.0,0.0,0.0,0,16.03,0
09196500,2018,tmax,0,0.0,0.0,0.0,0,18.4,0
09196500,2019,tmax,0,0.0,0.0,0.0,0,17.09,0
09196500,2020,tmax,0,0.0,0.0,0.0,0,18.33,0
09352900,2012,tmax,1,6.0,1.1,3.0,6,15.66,0
09352900,2016,tmax,1,6.0,1.24,4.3,6,15.16,0
09352900,2018,tmax,1,5.0,1.29,3.4,5,16.27,0
09352900,2020,tmax,1,5.0,0.54,1.7,5,14.79,0
09352900,2022,tmax,1,11.0,1.39,7.0,11,16.26,0
09352900,2023,tmax,1,5.0,0.79,2.4,5,15.01,0
09352900,2025,tmax,1,12.0,1.0,6.3,12,15.1,0
09352900,2013,tmax,0,0.0,0.0,0.0,0,15.33,0
09352900,2014,tmax,0,0.0,0.0,0.0,0,15.53,0
09352900,2015,tmax,0,0.0,0.0,0.0,0,13.87,0
09352900,2017,tmax,0,0.0,0.0,0.0,0,13.74,0
09352900,2019,tmax,0,0.0,0.0,0.0,0,13.59,0
09352900,2021,tmax,0,0.0,0.0,0.0,0,15.14,0
09352900,2024,tmax,0,0.0,0.0,0.0,0,15.23,0
09505800,2012,tmean,1,6.0,0.57,1.9,6,23.66,71
09505800,2014,tmean,2,6.0,1.0,7.3,12,23.06,38
09505800,2016,tmean,2,6.5,1.78,7.3,13,22.54,22
09505800,2017,tmean,1,5.0,1.5,4.1,5,22.33,19
09505800,2018,tmean,1,8.0,1.3,5.9,8,23.69,41
09505800,2019,tmean,1,5.0,0.3,0.9,5,24.87,73
09505800,2020,tmean,6,6.8,1.44,23.8,41,25.01,85
09505800,2021,tmean,5,7.4,2.41,29.2,37,25.76,84
09505800,2022,tmean,6,7.5,1.97,28.4,45,25.5,87
09505800,2023,tmean,2,11.5,1.7,20.3,23,25.59,65
09505800,2024,tmean,6,11.0,2.1,55.0,66,25.2,89
09505800,2025,tmean,4,9.2,3.7,34.8,37,24.83,92
09505800,2013,tmean,0,0.0,0.0,0.0,0,21.99,0
09505800,2015,tmean,0,0.0,0.0,0.0,0,17.83,0
09508300,2012,tmean,1,26.0,7.78,155.0,26,28.51,27
09508300,2014,tmean,3,19.3,6.59,218.9,58,26.7,47
09508300,2015,tmean,1,13.0,4.76,33.7,13,23.49,16
09508300,2013,tmean,0,0.0,0.0,0.0,0,20.33,0
09508300,2016,tmean,0,0.0,0.0,0.0,0,7.93,0
10172200,1998,tmax,2,8.0,1.7,11.2,16,8.79,0
10172200,1999,tmax,1,6.0,0.7,2.5,6,13.97,0
10172200,2000,tmax,1,8.0,1.56,7.2,8,16.74,0
10172200,2013,tmax,3,5.7,1.9,14.0,17,17.37,0
10172200,2014,tmax,2,5.0,1.5,9.3,10,17.41,0
10172200,2015,tmax,6,7.2,2.14,34.6,43,16.79,0
10172200,2016,tmax,2,6.5,2.03,14.6,13,16.96,0
10172200,2017,tmax,1,7.0,1.53,6.6,7,15.21,0
10172200,2018,tmax,3,5.7,1.1,7.9,17,18.2,0
10172200,2020,tmax,1,6.0,0.5,1.9,6,16.6,0
10172200,2021,tmax,4,9.2,2.3,34.7,37,18.99,0
10172200,2022,tmax,1,6.0,1.8,6.9,6,16.99,0
10172200,2023,tmax,1,5.0,1.6,6.0,5,14.59,0
10172200,2024,tmax,1,5.0,0.3,0.7,5,14.87,0
10172200,2025,tmax,3,8.3,4.5,42.9,25,16.24,0
10172200,2001,tmax,0,0.0,0.0,0.0,0,17.13,0
10172200,2002,tmax,0,0.0,0.0,0.0,0,16.81,0
10172200,2003,tmax,0,0.0,0.0,0.0,0,,0
10172200,2004,tmax,0,0.0,0.0,0.0,0,,0
10172200,2005,tmax,0,0.0,0.0,0.0,0,,0
10172200,2006,tmax,0,0.0,0.0,0.0,0,,0
10172200,2007,tmax,0,0.0,0.0,0.0,0,,0
10172200,2008,tmax,0,0.0,0.0,0.0,0,,0
10172200,2009,tmax,0,0.0,0.0,0.0,0,,0
10172200,2010,tmax,0,0.0,0.0,0.0,0,,0
10172200,2011,tmax,0,0.0,0.0,0.0,0,,0
10172200,2012,tmax,0,0.0,0.0,0.0,0,16.34,0
10172200,2019,tmax,0,0.0,0.0,0.0,0,14.4,0
10249300,2012,tmax,1,5.0,1.3,4.8,5,17.57,0
10249300,2013,tmax,3,5.7,1.8,13.7,17,18.0,0
10249300,2014,tmax,2,5.0,1.97,9.1,10,17.46,0
10249300,2015,tmax,5,7.0,2.3,32.7,35,17.46,0
10249300,2016,tmax,1,5.0,1.0,3.2,5,16.49,0
10249300,2017,tmax,1,5.0,1.57,4.0,5,16.07,0
10249300,2018,tmax,1,5.0,1.6,3.7,5,16.03,0
10249300,2022,tmax,4,14.8,3.4,84.6,59,20.01,0
10249300,2023,tmax,2,9.0,2.5,19.0,18,14.17,0
10249300,2024,tmax,3,7.3,3.4,27.0,22,15.04,0
10249300,2025,tmax,4,9.5,3.5,56.7,38,16.93,0
10249300,2019,tmax,0,0.0,0.0,0.0,0,14.66,0
10249300,2020,tmax,0,0.0,0.0,0.0,0,16.87,0
10249300,2021,tmax,0,0.0,0.0,0.0,0,17.09,0
10313400,1992,tmax,9,10.4,8.0,280.9,94,30.21,56
10313400,1994,tmax,3,7.0,3.7,38.5,21,25.86,55
10313400,1995,tmax,5,10.6,4.5,114.6,53,22.57,12
10313400,1996,tmax,3,9.7,4.0,46.5,29,24.71,25
10313400,1997,tmax,1,5.0,2.0,5.1,5,24.5,44
10313400,2000,tmax,1,5.0,1.0,3.6,5,25.07,46
10313400,2001,tmax,7,6.6,5.65,87.8,46,26.21,30
10313400,2002,tmax,1,9.0,2.0,8.0,9,26.79,50
10313400,2003,tmax,2,8.0,4.0,33.9,16,25.79,38
10313400,1991,tmax,0,0.0,0.0,0.0,0,2.57,0
10313400,1993,tmax,0,0.0,0.0,0.0,0,24.29,0
10313400,1998,tmax,0,0.0,0.0,0.0,0,25.0,0
10313400,1999,tmax,0,0.0,0.0,0.0,0,24.14,0
10313400,2004,tmax,0,0.0,0.0,0.0,0,24.79,0
10313400,2005,tmax,0,0.0,0.0,0.0,0,25.21,0
10313400,2006,tmax,0,0.0,0.0,0.0,0,24.86,0
10313400,2007,tmax,0,0.0,0.0,0.0,0,24.14,0
10313400,2008,tmax,0,0.0,0.0,0.0,0,23.64,0
10313400,2009,tmax,0,0.0,0.0,0.0,0,23.14,0
10313400,2010,tmax,0,0.0,0.0,0.0,0,23.21,0
10313400,2011,tmax,0,0.0,0.0,0.0,0,19.0,0
10336580,2001,tmax,1,10.0,1.5,7.8,10,15.79,0
10336580,1997,tmax,0,0.0,0.0,0.0,0,9.0,0
10336580,1998,tmax,0,0.0,0.0,0.0,0,13.71,0
10336580,1999,tmax,0,0.0,0.0,0.0,0,13.71,0
10336580,2000,tmax,0,0.0,0.0,0.0,0,15.86,0
10336580,2002,tmax,0,0.0,0.0,0.0,0,16.21,0
10336580,2003,tmax,0,0.0,0.0,0.0,0,16.5,0
10336645,2015,tmax,6,7.8,3.24,52.6,47,20.16,0
10336645,2020,tmax,1,5.0,0.66,1.9,5,20.8,0
10336645,2021,tmax,8,6.0,1.82,33.8,48,23.11,20
10336645,2022,tmax,1,13.0,1.66,12.7,13,20.74,0
10336645,2023,tmax,1,7.0,1.08,4.0,7,17.99,0
10336645,2025,tmax,1,7.0,0.6,2.9,7,19.91,0
10336645,2016,tmax,0,0.0,0.0,0.0,0,20.43,0
10336645,2017,tmax,0,0.0,0.0,0.0,0,17.9,0
10336645,2018,tmax,0,0.0,0.0,0.0,0,20.23,0
10336645,2019,tmax,0,0.0,0.0,0.0,0,17.94,0
10336645,2024,tmax,0,0.0,0.0,0.0,0,19.97,0
10336660,2015,tmax,8,6.1,2.72,41.7,49,22.79,19
10336660,2016,tmax,1,5.0,1.24,3.7,5,22.44,6
10336660,2017,tmax,1,6.0,1.89,4.6,6,19.36,0
10336660,2021,tmax,3,8.7,1.34,10.1,26,25.56,45
10336660,2022,tmax,1,22.0,2.18,19.9,22,22.76,20
10336660,2018,tmax,0,0.0,0.0,0.0,0,23.01,0
10336660,2019,tmax,0,0.0,0.0,0.0,0,19.54,0
10336660,2020,tmax,0,0.0,0.0,0.0,0,22.97,0
10336660,2023,tmax,0,0.0,0.0,0.0,0,19.03,0
10336660,2024,tmax,0,0.0,0.0,0.0,0,21.87,0
10336660,2025,tmax,0,0.0,0.0,0.0,0,22.11,0
10336676,2015,tmax,5,6.8,2.68,36.3,34,22.76,15
10336676,2016,tmax,2,7.5,0.9,6.1,15,21.81,2
10336676,2017,tmax,1,5.0,1.3,4.0,5,18.09,0
10336676,2018,tmax,1,5.0,2.2,6.4,5,21.04,0
10336676,2020,tmax,2,5.0,2.56,9.5,10,22.59,10
10336676,2021,tmax,1,7.0,1.5,7.9,7,25.13,19
10336676,2022,tmax,2,6.5,1.66,14.0,13,21.8,5
10336676,2023,tmax,1,7.0,1.3,5.3,7,17.86,0
10336676,2024,tmax,2,14.5,2.25,26.3,29,21.71,3
10336676,2025,tmax,1,16.0,2.55,19.8,16,21.64,3
10336676,2019,tmax,0,0.0,0.0,0.0,0,17.71,0
10336770,2001,tmax,1,8.0,1.25,5.0,8,12.5,0
10336770,1997,tmax,0,0.0,0.0,0.0,0,7.07,0
10336770,1998,tmax,0,0.0,0.0,0.0,0,12.29,0
10336770,1999,tmax,0,0.0,0.0,0.0,0,12.43,0
10336770,2000,tmax,0,0.0,0.0,0.0,0,12.29,0
10336770,2002,tmax,0,0.0,0.0,0.0,0,13.07,0
10336770,2003,tmax,0,0.0,0.0,0.0,0,11.36,0
10343500,2001,tmax,3,7.3,3.1,31.5,22,18.5,0
10343500,2002,tmax,1,5.0,1.0,4.0,5,18.86,0
10343500,2004,tmax,2,5.0,1.0,6.4,10,18.86,0
10343500,2010,tmax,1,5.0,1.3,4.1,5,17.46,0
10343500,2014,tmax,5,7.6,2.0,28.7,38,18.69,0
10343500,2015,tmax,7,10.0,3.4,88.5,70,17.81,0
10343500,2017,tmax,2,7.5,1.7,9.9,15,15.56,0
10343500,2021,tmax,4,6.8,1.8,21.5,27,19.29,0
10343500,2022,tmax,2,6.5,1.4,8.3,13,17.81,0
10343500,2023,tmax,1,6.0,0.9,3.5,6,15.74,0
10343500,2000,tmax,0,0.0,0.0,0.0,0,4.14,0
10343500,2003,tmax,0,0.0,0.0,0.0,0,19.07,0
10343500,2005,tmax,0,0.0,0.0,0.0,0,18.14,0
10343500,2006,tmax,0,0.0,0.0,0.0,0,17.43,0
10343500,2007,tmax,0,0.0,0.0,0.0,0,18.86,0
10343500,2008,tmax,0,0.0,0.0,0.0,0,17.9,0
10343500,2009,tmax,0,0.0,0.0,0.0,0,18.43,0
10343500,2011,tmax,0,0.0,0.0,0.0,0,14.9,0
10343500,2012,tmax,0,0.0,0.0,0.0,0,17.96,0
10343500,2013,tmax,0,0.0,0.0,0.0,0,18.97,0
10343500,2016,tmax,0,0.0,0.0,0.0,0,17.39,0
10343500,2018,tmax,0,0.0,0.0,0.0,0,17.6,0
10343500,2019,tmax,0,0.0,0.0,0.0,0,15.91,0
10343500,2020,tmax,0,0.0,0.0,0.0,0,17.44,0
10343500,2024,tmax,0,0.0,0.0,0.0,0,16.44,0
10343500,2025,tmax,0,0.0,0.0,0.0,0,17.0,0
10396000,2014,tmax,1,10.0,1.9,10.1,10,26.21,48
10396000,2015,tmax,6,6.3,2.89,49.0,38,27.09,63
10396000,2016,tmax,1,8.0,1.34,6.0,8,26.26,47
10396000,2018,tmax,3,6.3,2.1,18.0,19,27.29,50
10396000,2019,tmax,1,5.0,0.68,2.6,5,23.29,22
10396000,2020,tmax,1,5.0,1.3,4.0,5,25.24,46
10396000,2022,tmax,2,12.5,3.4,34.4,25,25.97,60
10396000,2025,tmax,2,9.0,2.8,26.7,18,22.36,8
10396000,2010,tmax,0,0.0,0.0,0.0,0,11.8,0
10396000,2011,tmax,0,0.0,0.0,0.0,0,20.29,0
10396000,2012,tmax,0,0.0,0.0,0.0,0,13.34,0
10396000,2013,tmax,0,0.0,0.0,0.0,0,26.44,0
10396000,2017,tmax,0,0.0,0.0,0.0,0,24.94,0
10396000,2021,tmax,0,0.0,0.0,0.0,0,26.21,0
10396000,2023,tmax,0,0.0,0.0,0.0,0,23.9,0
10396000,2024,tmax,0,0.0,0.0,0.0,0,24.31,0
11172945,2009,tmax,1,5.0,0.6,2.0,5,21.99,5
11172945,2014,tmax,1,9.0,1.1,5.5,9,19.83,0
11172945,2015,tmax,1,5.0,0.9,2.3,5,20.59,0
11172945,2016,tmax,2,6.0,0.9,4.8,12,22.21,4
11172945,2017,tmax,5,6.2,1.62,26.5,31,23.26,41
11172945,2018,tmax,2,7.5,1.16,7.9,15,23.67,44
11172945,2020,tmax,2,5.5,1.86,11.8,11,23.59,20
11172945,2021,tmax,2,7.0,1.8,8.6,14,23.97,28
11172945,2022,tmax,3,11.0,3.19,34.3,33,23.64,38
11172945,2023,tmax,1,6.0,0.5,1.5,6,22.03,5
11172945,2008,tmax,0,0.0,0.0,0.0,0,17.64,0
11172945,2010,tmax,0,0.0,0.0,0.0,0,21.34,0
11172945,2011,tmax,0,0.0,0.0,0.0,0,21.47,0
11172945,2012,tmax,0,0.0,0.0,0.0,0,21.43,0
11172945,2013,tmax,0,0.0,0.0,0.0,0,20.79,0
11172945,2019,tmax,0,0.0,0.0,0.0,0,22.2,0
11173200,2009,tmax,2,8.5,2.0,17.9,17,23.0,31
11173200,2013,tmax,2,7.0,2.12,10.8,14,23.24,14
11173200,2014,tmax,2,7.0,1.53,12.2,14,22.93,21
11173200,2015,tmax,1,6.0,0.8,1.9,6,22.23,10
11173200,2016,tmax,1,8.0,0.8,4.4,8,21.17,0
11173200,2017,tmax,3,6.3,1.52,14.3,19,21.74,6
11173200,2018,tmax,3,5.0,1.6,10.3,15,23.11,29
11173200,2019,tmax,1,5.0,1.3,3.4,5,22.31,16
11173200,2020,tmax,2,8.0,0.64,5.1,16,22.63,8
11173200,2021,tmax,2,5.0,0.72,3.4,10,22.89,34
11173200,2023,tmax,2,10.5,1.22,9.1,21,20.64,0
11173200,2008,tmax,0,0.0,0.0,0.0,0,20.64,0
11173200,2010,tmax,0,0.0,0.0,0.0,0,21.24,0
11173200,2011,tmax,0,0.0,0.0,0.0,0,20.54,0
11173200,2012,tmax,0,0.0,0.0,0.0,0,21.36,0
11173200,2022,tmax,0,0.0,0.0,0.0,0,22.07,0
11203580,2006,tmax,1,5.0,1.0,3.5,5,21.43,0
11203580,2007,tmax,1,8.0,1.5,6.8,8,20.5,0
11203580,2009,tmax,1,11.0,0.6,3.2,11,20.77,0
11203580,2012,tmax,1,5.0,1.0,2.8,5,20.56,0
11203580,2013,tmax,3,5.3,2.0,14.2,16,21.23,0
11203580,2014,tmax,7,6.9,1.9,37.8,48,20.3,0
11203580,2015,tmax,6,12.3,4.5,97.9,74,19.26,0
11203580,2016,tmax,1,8.0,0.85,4.4,8,20.86,0
11203580,2017,tmax,1,6.0,1.03,5.0,6,19.39,0
11203580,2018,tmax,3,6.7,2.4,17.9,20,21.46,0
11203580,2020,tmax,2,7.0,1.68,8.5,14,20.91,0
11203580,2021,tmax,5,8.2,2.05,35.2,41,21.61,0
11203580,2022,tmax,9,9.7,2.65,77.8,87,21.56,1
11203580,2023,tmax,1,6.0,2.84,11.2,6,20.26,0
11203580,2024,tmax,6,7.2,2.44,34.4,43,21.46,1
11203580,2025,tmax,3,8.0,2.2,23.3,24,20.03,0
11203580,2008,tmax,0,0.0,0.0,0.0,0,17.21,0
11203580,2010,tmax,0,0.0,0.0,0.0,0,19.73,0
11203580,2011,tmax,0,0.0,0.0,0.0,0,19.1,0
11203580,2019,tmax,0,0.0,0.0,0.0,0,18.87,0
11204100,2007,tmax,3,6.0,2.6,20.5,18,29.4,76
11204100,2009,tmax,1,8.0,1.6,7.1,8,28.64,102
11204100,2014,tmax,5,7.6,1.95,27.3,38,26.1,36
11204100,2015,tmax,6,13.0,3.55,96.3,78,27.06,38
11204100,2016,tmax,4,5.8,1.8,17.9,23,29.91,112
11204100,2018,tmax,5,8.4,3.24,38.6,42,30.34,112
11204100,2020,tmax,2,5.5,1.6,7.0,11,28.96,117
11204100,2021,tmax,4,7.8,3.85,48.4,31,28.3,47
11204100,2022,tmax,11,7.9,3.21,96.4,87,31.0,134
11204100,2023,tmax,2,6.5,1.45,11.1,13,26.83,83
11204100,2024,tmax,5,7.2,1.81,30.3,36,29.16,110
11204100,2025,tmax,2,6.0,1.8,6.7,12,27.13,113
11204100,2006,tmax,0,0.0,0.0,0.0,0,29.0,0
11204100,2008,tmax,0,0.0,0.0,0.0,0,28.29,0
11204100,2010,tmax,0,0.0,0.0,0.0,0,25.84,0
11204100,2011,tmax,0,0.0,0.0,0.0,0,24.96,0
11204100,2012,tmax,0,0.0,0.0,0.0,0,27.66,0
11204100,2013,tmax,0,0.0,0.0,0.0,0,28.44,0
11204100,2017,tmax,0,0.0,0.0,0.0,0,26.11,0
11204100,2019,tmax,0,0.0,0.0,0.0,0,24.94,0
11264500,1986,tmax,3,7.3,2.17,18.8,22,17.93,0
11264500,1988,tmax,2,9.0,1.4,10.4,18,18.43,0
11264500,1991,tmax,4,6.5,1.1,12.7,26,16.64,0
11264500,1992,tmax,1,6.0,0.6,2.3,6,17.93,0
11264500,2014,tmax,1,5.0,1.29,2.6,5,18.74,0
11264500,2015,tmax,5,9.0,2.3,48.1,45,18.4,0
11264500,2016,tmax,1,6.0,0.79,2.6,6,18.29,0
11264500,2017,tmax,1,8.0,1.6,8.0,8,17.46,0
11264500,2018,tmax,2,5.5,1.68,9.1,11,18.81,0
11264500,2019,tmax,1,7.0,1.48,7.0,7,18.16,0
11264500,2021,tmax,2,6.0,1.4,10.1,12,19.5,0
11264500,2022,tmax,3,5.7,1.39,12.6,17,18.31,0
11264500,1990,tmax,0,0.0,0.0,0.0,0,18.86,0
11264500,1993,tmax,0,0.0,0.0,0.0,0,17.79,0
11264500,1994,tmax,0,0.0,0.0,0.0,0,,0
11264500,1995,tmax,0,0.0,0.0,0.0,0,,0
11264500,1996,tmax,0,0.0,0.0,0.0,0,,0
11264500,1997,tmax,0,0.0,0.0,0.0,0,,0
11264500,1998,tmax,0,0.0,0.0,0.0,0,,0
11264500,1999,tmax,0,0.0,0.0,0.0,0,,0
11264500,2000,tmax,0,0.0,0.0,0.0,0,,0
11264500,2001,tmax,0,0.0,0.0,0.0,0,,0
11264500,2002,tmax,0,0.0,0.0,0.0,0,,0
11264500,2003,tmax,0,0.0,0.0,0.0,0,,0
11264500,2004,tmax,0,0.0,0.0,0.0,0,,0
11264500,2005,tmax,0,0.0,0.0,0.0,0,,0
11264500,2006,tmax,0,0.0,0.0,0.0,0,,0
11264500,2007,tmax,0,0.0,0.0,0.0,0,,0
11264500,2008,tmax,0,0.0,0.0,0.0,0,,0
11264500,2009,tmax,0,0.0,0.0,0.0,0,,0
11264500,2010,tmax,0,0.0,0.0,0.0,0,,0
11264500,2011,tmax,0,0.0,0.0,0.0,0,,0
11264500,2012,tmax,0,0.0,0.0,0.0,0,18.16,0
11264500,2013,tmax,0,0.0,0.0,0.0,0,19.19,0
11264500,2020,tmax,0,0.0,0.0,0.0,0,18.11,0
11274790,2007,tmax,1,5.0,0.26,1.0,5,22.46,26
11274790,2012,tmax,4,6.2,1.24,13.5,25,22.86,13
11274790,2014,tmax,3,7.3,1.38,15.1,22,21.81,3
11274790,2015,tmax,7,9.4,2.8,83.9,66,22.36,14
11274790,2017,tmax,2,10.0,2.1,18.9,20,18.5,0
11274790,2018,tmax,1,6.0,1.43,6.1,6,21.27,1
11274790,2020,tmax,2,5.0,0.73,3.3,10,23.03,24
11274790,2021,tmax,5,8.2,2.2,44.6,41,24.0,37
11274790,2022,tmax,2,9.5,1.4,14.5,19,22.84,33
11274790,2006,tmax,0,0.0,0.0,0.0,0,10.49,0
11274790,2008,tmax,0,0.0,0.0,0.0,0,22.53,0
11274790,2009,tmax,0,0.0,0.0,0.0,0,21.23,0
11274790,2010,tmax,0,0.0,0.0,0.0,0,20.13,0
11274790,2011,tmax,0,0.0,0.0,0.0,0,18.86,0
11274790,2013,tmax,0,0.0,0.0,0.0,0,21.86,0
11274790,2016,tmax,0,0.0,0.0,0.0,0,22.13,0
11274790,2019,tmax,0,0.0,0.0,0.0,0,21.33,0
11355500,2016,tmax,5,7.2,0.5,9.2,36,13.41,0
11355500,2022,tmax,3,9.3,1.3,10.2,28,12.79,0
11355500,2023,tmax,1,5.0,1.1,3.4,5,13.21,0
11355500,2024,tmax,2,6.5,1.1,5.0,13,10.57,0
11355500,2017,tmax,0,0.0,0.0,0.0,0,12.39,0
11355500,2018,tmax,0,0.0,0.0,0.0,0,12.41,0
11355500,2019,tmax,0,0.0,0.0,0.0,0,12.29,0
11355500,2020,tmax,0,0.0,0.0,0.0,0,12.47,0
11355500,2021,tmax,0,0.0,0.0,0.0,0,12.79,0
11355500,2025,tmax,0,0.0,0.0,0.0,0,12.19,0
11381500,2001,tmax,10,6.8,2.08,52.3,68,25.71,80
11381500,2002,tmax,2,5.5,1.3,8.3,11,26.21,60
11381500,2003,tmax,1,5.0,1.0,2.6,5,24.86,30
11381500,2005,tmax,3,7.3,1.72,20.1,22,25.29,52
11381500,2007,tmax,5,5.0,1.8,18.9,25,26.19,78
11381500,2008,tmax,1,6.0,1.1,4.2,6,24.99,67
11381500,2013,tmax,1,7.0,1.62,7.7,7,25.34,55
11381500,2014,tmax,5,9.4,2.43,42.7,47,25.79,85
11381500,2015,tmax,10,10.4,3.5,140.7,104,26.83,89
11381500,2017,tmax,1,5.0,1.5,4.6,5,23.73,39
11381500,2018,tmax,3,5.0,2.6,13.8,15,26.37,59
11381500,2020,tmax,3,6.0,2.0,13.9,18,25.97,79
11381500,2021,tmax,3,7.3,2.8,27.3,22,26.23,76
11381500,2022,tmax,2,6.5,2.22,11.6,13,25.43,78
11381500,2024,tmax,1,6.0,1.1,4.2,6,25.0,45
11381500,2025,tmax,3,6.7,2.92,22.9,20,24.39,62
11381500,1998,tmax,0,0.0,0.0,0.0,0,14.0,0
11381500,1999,tmax,0,0.0,0.0,0.0,0,22.57,0
11381500,2000,tmax,0,0.0,0.0,0.0,0,24.86,0
11381500,2004,tmax,0,0.0,0.0,0.0,0,24.36,0
11381500,2006,tmax,0,0.0,0.0,0.0,0,23.29,0
11381500,2009,tmax,0,0.0,0.0,0.0,0,25.61,0
11381500,2010,tmax,0,0.0,0.0,0.0,0,22.77,0
11381500,2011,tmax,0,0.0,0.0,0.0,0,20.94,0
11381500,2012,tmax,0,0.0,0.0,0.0,0,24.24,0
11381500,2016,tmax,0,0.0,0.0,0.0,0,25.11,0
11381500,2019,tmax,0,0.0,0.0,0.0,0,23.07,0
11381500,2023,tmax,0,0.0,0.0,0.0,0,24.2,0
11383500,2001,tmax,7,6.9,2.62,43.5,48,26.36,95
11383500,2002,tmax,2,5.0,1.2,6.9,10,27.14,93
11383500,2003,tmax,1,5.0,1.7,6.2,5,26.86,73
11383500,2005,tmax,2,7.5,1.63,12.5,15,27.27,62
11383500,2009,tmax,1,6.0,0.8,2.8,6,26.89,79
11383500,2013,tmax,2,5.5,2.26,12.4,11,26.93,84
11383500,2014,tmax,4,10.0,2.03,37.0,40,26.71,97
11383500,2015,tmax,5,11.8,3.3,86.5,59,23.4,11
11383500,2016,tmax,3,6.7,1.1,9.8,20,25.87,74
11383500,2017,tmax,1,5.0,1.7,5.6,5,24.64,74
11383500,2018,tmax,1,9.0,2.6,11.2,9,27.09,76
11383500,2020,tmax,4,6.2,1.8,21.9,25,27.06,89
11383500,2021,tmax,5,9.6,2.3,51.3,48,28.01,90
11383500,2022,tmax,5,8.8,3.0,33.1,44,26.8,88
11383500,2023,tmax,1,5.0,2.0,6.2,5,24.84,52
11383500,2024,tmax,2,5.5,1.1,5.5,11,26.39,76
11383500,2025,tmax,2,13.0,3.2,34.6,26,25.26,88
11383500,1998,tmax,0,0.0,0.0,0.0,0,14.14,0
11383500,1999,tmax,0,0.0,0.0,0.0,0,24.64,0
11383500,2000,tmax,0,0.0,0.0,0.0,0,26.07,0
11383500,2004,tmax,0,0.0,0.0,0.0,0,26.36,0
11383500,2006,tmax,0,0.0,0.0,0.0,0,25.53,0
11383500,2007,tmax,0,0.0,0.0,0.0,0,26.6,0
11383500,2008,tmax,0,0.0,0.0,0.0,0,25.51,0
11383500,2010,tmax,0,0.0,0.0,0.0,0,26.2,0
11383500,2011,tmax,0,0.0,0.0,0.0,0,23.19,0
11383500,2012,tmax,0,0.0,0.0,0.0,0,25.06,0
11383500,2019,tmax,0,0.0,0.0,0.0,0,24.17,0
11472900,2003,tmax,1,6.0,1.15,3.2,6,29.89,110
11472900,2004,tmax,1,5.0,0.96,2.0,5,29.4,81
11472900,2001,tmax,0,0.0,0.0,0.0,0,7.57,0
11472900,2002,tmax,0,0.0,0.0,0.0,0,26.71,0
11472900,2005,tmax,0,0.0,0.0,0.0,0,28.66,0
11475560,2014,tmax,2,9.0,1.2,10.5,18,19.64,0
11475560,2015,tmax,4,6.2,1.4,14.5,25,20.44,0
11475560,2016,tmax,1,5.0,0.5,1.5,5,19.36,0
11475560,2017,tmax,1,5.0,1.1,4.0,5,19.66,0
11475560,2019,tmax,1,5.0,0.59,1.6,5,18.61,0
11475560,2020,tmax,2,6.5,1.1,5.9,13,19.56,0
11475560,2021,tmax,11,9.3,2.18,86.2,102,21.9,4
11475560,2022,tmax,1,5.0,2.1,5.5,5,19.6,0
11475560,2023,tmax,2,6.5,1.5,7.6,13,19.99,0
11475560,2024,tmax,4,10.5,2.2,34.8,42,21.13,0
11475560,2025,tmax,1,16.0,1.9,17.1,16,20.11,0
11475560,2012,tmax,0,0.0,0.0,0.0,0,18.36,0
11475560,2013,tmax,0,0.0,0.0,0.0,0,20.23,0
11475560,2018,tmax,0,0.0,0.0,0.0,0,20.11,0
12043000,2020,tmax,2,72.5,11.1,632.7,145,17.36,0
12043000,2021,tmax,4,55.0,15.2,1281.8,220,20.7,2
12043000,2022,tmax,3,65.7,11.8,1071.8,197,19.51,0
12043000,2023,tmax,4,52.2,13.6,1418.1,209,20.59,0
12043000,2024,tmax,5,53.2,11.8,1160.7,266,19.26,0
12043000,2025,tmax,3,90.0,15.5,1403.6,270,20.53,2
12043000,2019,tmax,0,0.0,0.0,0.0,0,7.37,0
12056500,1990,tmax,2,30.5,16.3,489.0,61,30.04,37
12056500,1992,tmax,2,7.5,2.4,17.2,15,15.53,0
12056500,1995,tmax,2,8.0,0.81,6.6,16,13.63,0
12056500,1996,tmax,1,38.0,16.7,325.2,38,20.43,5
12056500,2005,tmax,4,6.2,1.24,11.4,25,14.5,0
12056500,2014,tmax,3,12.3,1.7,27.5,37,15.29,0
12056500,2015,tmax,11,12.0,6.4,194.1,132,16.27,0
12056500,2016,tmax,11,7.3,1.8,49.3,80,16.99,0
12056500,2017,tmax,2,8.0,1.4,9.6,16,16.69,0
12056500,2018,tmax,3,7.3,1.0,13.3,22,16.26,0
12056500,2019,tmax,3,7.7,2.26,25.1,23,15.47,0
12056500,2021,tmax,1,5.0,1.06,3.7,5,16.03,0
12056500,2022,tmax,2,10.0,1.33,13.0,20,15.73,0
12056500,2023,tmax,3,6.0,1.1,6.5,18,16.03,0
12056500,2024,tmax,5,8.8,1.42,25.1,44,15.99,0
12056500,2025,tmax,4,7.5,2.3,23.0,30,14.31,0
12056500,1991,tmax,0,0.0,0.0,0.0,0,13.41,0
12056500,1993,tmax,0,0.0,0.0,0.0,0,13.49,0
12056500,1994,tmax,0,0.0,0.0,0.0,0,13.77,0
12056500,1997,tmax,0,0.0,0.0,0.0,0,,0
12056500,1998,tmax,0,0.0,0.0,0.0,0,,0
12056500,1999,tmax,0,0.0,0.0,0.0,0,8.09,0
12056500,2000,tmax,0,0.0,0.0,0.0,0,13.09,0
12056500,2001,tmax,0,0.0,0.0,0.0,0,14.53,0
12056500,2002,tmax,0,0.0,0.0,0.0,0,13.24,0
12056500,2003,tmax,0,0.0,0.0,0.0,0,14.86,0
12056500,2004,tmax,0,0.0,0.0,0.0,0,15.26,0
12056500,2006,tmax,0,0.0,0.0,0.0,0,13.71,0
12056500,2007,tmax,0,0.0,0.0,0.0,0,,0
12056500,2008,tmax,0,0.0,0.0,0.0,0,,0
12056500,2009,tmax,0,0.0,0.0,0.0,0,,0
12056500,2010,tmax,0,0.0,0.0,0.0,0,,0
12056500,2011,tmax,0,0.0,0.0,0.0,0,4.04,0
12056500,2012,tmax,0,0.0,0.0,0.0,0,13.44,0
12056500,2013,tmax,0,0.0,0.0,0.0,0,14.57,0
12056500,2020,tmax,0,0.0,0.0,0.0,0,15.44,0
12114500,2020,tmax,1,5.0,0.66,1.2,5,13.86,0
12114500,2021,tmax,1,5.0,0.91,2.7,5,14.13,0
12114500,2022,tmax,6,7.7,2.4,36.1,46,14.63,0
12114500,2023,tmax,4,8.8,1.8,32.7,35,15.01,0
12114500,2024,tmax,4,9.8,0.8,15.3,39,14.14,0
12114500,2025,tmax,10,8.7,3.2,74.9,87,14.46,0
12114500,2018,tmax,0,0.0,0.0,0.0,0,9.51,0
12114500,2019,tmax,0,0.0,0.0,0.0,0,13.99,0
12115000,1998,tmax,4,14.0,4.2,114.6,56,16.11,0
12115000,2005,tmax,3,10.7,2.1,21.2,32,12.97,0
12115000,2009,tmax,1,9.0,1.42,8.7,9,15.09,0
12115000,2014,tmax,2,7.0,0.7,5.5,14,13.81,0
12115000,2015,tmax,14,12.1,2.7,161.7,169,14.37,0
12115000,2016,tmax,7,6.9,1.92,30.6,48,13.56,0
12115000,2017,tmax,3,5.7,0.7,5.5,17,14.06,0
12115000,2018,tmax,1,5.0,0.4,1.1,5,13.49,0
12115000,2019,tmax,2,9.0,1.52,12.4,18,13.43,0
12115000,2021,tmax,2,5.0,1.1,5.8,10,13.39,0
12115000,2022,tmax,2,7.5,1.13,8.2,15,13.93,0
12115000,2023,tmax,4,8.0,1.2,17.2,32,13.01,0
12115000,2024,tmax,4,5.5,0.8,7.7,22,12.89,0
12115000,2025,tmax,5,8.2,2.5,36.8,41,12.64,0
12115000,1997,tmax,0,0.0,0.0,0.0,0,9.23,0
12115000,1999,tmax,0,0.0,0.0,0.0,0,12.57,0
12115000,2000,tmax,0,0.0,0.0,0.0,0,12.8,0
12115000,2001,tmax,0,0.0,0.0,0.0,0,12.71,0
12115000,2002,tmax,0,0.0,0.0,0.0,0,12.67,0
12115000,2003,tmax,0,0.0,0.0,0.0,0,13.11,0
12115000,2004,tmax,0,0.0,0.0,0.0,0,12.74,0
12115000,2006,tmax,0,0.0,0.0,0.0,0,13.56,0
12115000,2007,tmax,0,0.0,0.0,0.0,0,12.9,0
12115000,2008,tmax,0,0.0,0.0,0.0,0,11.2,0
12115000,2010,tmax,0,0.0,0.0,0.0,0,12.5,0
12115000,2011,tmax,0,0.0,0.0,0.0,0,11.5,0
12115000,2012,tmax,0,0.0,0.0,0.0,0,9.6,0
12115000,2013,tmax,0,0.0,0.0,0.0,0,13.37,0
12115000,2020,tmax,0,0.0,0.0,0.0,0,13.27,0
12115500,2021,tmax,1,5.0,0.56,1.3,5,16.81,0
12115500,2022,tmax,7,6.0,1.3,19.3,42,16.27,0
12115500,2023,tmax,2,7.5,2.03,12.3,15,15.83,0
12115500,2024,tmax,7,7.7,1.62,35.1,54,16.09,0
12115500,2025,tmax,11,11.3,3.6,148.6,124,17.13,0
12115500,2018,tmax,0,0.0,0.0,0.0,0,9.81,0
12115500,2019,tmax,0,0.0,0.0,0.0,0,14.99,0
12115500,2020,tmax,0,0.0,0.0,0.0,0,15.5,0
12117000,2022,tmax,1,13.0,0.52,3.3,13,10.1,0
12117000,2023,tmax,2,5.5,1.0,5.4,11,12.69,0
12117000,2024,tmax,4,8.0,1.0,10.1,32,12.91,0
12117000,2025,tmax,4,8.5,2.63,34.4,34,12.93,0
12117000,2018,tmax,0,0.0,0.0,0.0,0,9.06,0
12117000,2019,tmax,0,0.0,0.0,0.0,0,12.0,0
12117000,2020,tmax,0,0.0,0.0,0.0,0,11.89,0
12117000,2021,tmax,0,0.0,0.0,0.0,0,13.51,0
12137290,2013,tmax,1,6.0,0.8,3.1,6,15.11,0
12137290,2014,tmax,2,5.0,1.1,5.6,10,15.17,0
12137290,2015,tmax,9,14.9,5.0,200.4,134,18.33,0
12137290,2016,tmax,2,8.0,1.7,13.6,16,14.76,0
12137290,2017,tmax,2,9.5,1.4,12.0,19,16.51,0
12137290,2018,tmax,1,6.0,1.0,4.5,6,15.96,0
12137290,2020,tmax,2,7.0,1.1,6.6,14,15.19,0
12137290,2022,tmax,5,9.4,1.49,29.7,47,16.51,0
12137290,2023,tmax,4,5.0,1.6,14.9,20,16.33,0
12137290,2024,tmax,2,8.5,0.8,8.4,17,15.54,0
12137290,2025,tmax,7,7.0,2.8,39.6,49,15.96,0
12137290,2009,tmax,0,0.0,0.0,0.0,0,8.17,0
12137290,2010,tmax,0,0.0,0.0,0.0,0,14.79,0
12137290,2011,tmax,0,0.0,0.0,0.0,0,12.16,0
12137290,2012,tmax,0,0.0,0.0,0.0,0,14.51,0
12137290,2019,tmax,0,0.0,0.0,0.0,0,14.36,0
12137290,2021,tmax,0,0.0,0.0,0.0,0,15.67,0
12147500,1995,tmax,1,5.0,1.0,3.9,5,15.36,0
12147500,1996,tmax,1,5.0,0.5,1.5,5,15.09,0
12147500,1999,tmax,1,5.0,0.6,1.6,5,13.69,0
12147500,2002,tmax,1,5.0,1.0,3.4,5,14.07,0
12147500,2003,tmax,1,5.0,1.54,4.6,5,14.29,0
12147500,2004,tmax,2,6.5,1.5,7.7,13,15.03,0
12147500,2005,tmax,3,11.0,1.62,20.2,33,14.6,0
12147500,2007,tmax,1,5.0,0.9,2.7,5,14.93,0
12147500,2009,tmax,2,6.5,1.3,7.6,13,15.77,0
12147500,2010,tmax,3,5.7,0.8,6.5,17,14.37,0
12147500,2013,tmax,1,6.0,0.9,3.7,6,14.39,0
12147500,2014,tmax,5,6.2,1.3,15.2,31,15.27,0
12147500,2015,tmax,11,7.7,1.93,56.0,85,15.57,0
12147500,2016,tmax,4,6.8,2.2,25.6,27,14.79,0
12147500,2018,tmax,1,5.0,0.8,2.4,5,15.14,0
12147500,2019,tmax,1,9.0,1.5,7.6,9,14.5,0
12147500,2021,tmax,2,6.5,2.0,12.3,13,15.89,0
12147500,2022,tmax,1,6.0,0.63,2.7,6,15.34,0
12147500,2023,tmax,5,7.6,1.7,21.3,38,14.81,0
12147500,2024,tmax,3,9.3,0.7,10.2,28,14.97,0
12147500,2025,tmax,5,10.0,2.4,43.4,50,14.99,0
12147500,1997,tmax,0,0.0,0.0,0.0,0,13.69,0
12147500,1998,tmax,0,0.0,0.0,0.0,0,10.49,0
12147500,2000,tmax,0,0.0,0.0,0.0,0,14.3,0
12147500,2001,tmax,0,0.0,0.0,0.0,0,14.53,0
12147500,2006,tmax,0,0.0,0.0,0.0,0,15.09,0
12147500,2008,tmax,0,0.0,0.0,0.0,0,13.4,0
12147500,2011,tmax,0,0.0,0.0,0.0,0,13.33,0
12147500,2012,tmax,0,0.0,0.0,0.0,0,13.81,0
12147500,2017,tmax,0,0.0,0.0,0.0,0,14.73,0
12147500,2020,tmax,0,0.0,0.0,0.0,0,14.54,0
12147600,1995,tmax,4,7.8,1.8,28.0,31,15.84,0
12147600,1998,tmax,2,8.0,1.34,11.3,16,17.24,0
12147600,1999,tmax,1,5.0,0.6,2.3,5,13.97,0
12147600,2002,tmax,1,5.0,1.2,4.3,5,14.29,0
12147600,2003,tmax,3,5.3,2.3,16.2,16,17.26,0
12147600,2004,tmax,3,5.7,1.5,15.3,17,16.8,0
12147600,2005,tmax,5,10.0,3.42,52.9,50,15.73,0
12147600,2006,tmax,2,5.5,2.6,9.8,11,16.91,0
12147600,2009,tmax,1,8.0,0.8,3.4,8,17.23,0
12147600,2013,tmax,1,6.0,1.44,6.7,6,15.46,0
12147600,2014,tmax,5,6.8,1.3,20.5,34,15.89,0
12147600,2015,tmax,11,14.4,4.74,244.4,158,18.6,0
12147600,2016,tmax,5,6.4,2.6,28.3,32,15.29,0
12147600,2017,tmax,1,8.0,1.4,5.5,8,16.37,0
12147600,2018,tmax,1,6.0,0.7,2.5,6,16.2,0
12147600,2019,tmax,3,6.7,1.8,14.1,20,15.27,0
12147600,2020,tmax,1,5.0,0.6,2.1,5,15.3,0
12147600,2021,tmax,2,6.0,1.53,9.6,12,16.3,0
12147600,2022,tmax,2,16.5,2.4,37.1,33,16.6,0
12147600,2023,tmax,9,6.8,1.6,29.7,61,16.7,0
12147600,2024,tmax,5,7.0,1.2,20.1,35,15.99,0
12147600,2025,tmax,7,8.7,4.0,65.4,61,15.94,0
12147600,1994,tmax,0,0.0,0.0,0.0,0,5.49,0
12147600,1996,tmax,0,0.0,0.0,0.0,0,9.07,0
12147600,1997,tmax,0,0.0,0.0,0.0,0,15.51,0
12147600,2000,tmax,0,0.0,0.0,0.0,0,15.8,0
12147600,2001,tmax,0,0.0,0.0,0.0,0,15.64,0
12147600,2007,tmax,0,0.0,0.0,0.0,0,15.07,0
12147600,2008,tmax,0,0.0,0.0,0.0,0,13.63,0
12147600,2010,tmax,0,0.0,0.0,0.0,0,15.09,0
12147600,2011,tmax,0,0.0,0.0,0.0,0,12.89,0
12147600,2012,tmax,0,0.0,0.0,0.0,0,15.33,0
12178100,2021,tmax,1,5.0,0.76,2.5,5,14.17,0
12178100,2017,tmax,0,0.0,0.0,0.0,0,8.47,0
12178100,2018,tmax,0,0.0,0.0,0.0,0,13.96,0
12178100,2019,tmax,0,0.0,0.0,0.0,0,13.9,0
12178100,2020,tmax,0,0.0,0.0,0.0,0,13.01,0
12179900,2019,tmax,2,6.0,3.02,8.9,12,18.53,0
12179900,2022,tmax,1,22.0,1.5,13.6,22,15.81,0
12179900,2023,tmax,10,7.4,2.0,57.0,74,16.63,0
12179900,2024,tmax,5,8.4,1.5,22.5,42,16.46,0
12179900,2025,tmax,9,6.6,1.7,37.4,59,16.44,0
12179900,2016,tmax,0,0.0,0.0,0.0,0,11.49,0
12179900,2017,tmax,0,0.0,0.0,0.0,0,15.29,0
12179900,2018,tmax,0,0.0,0.0,0.0,0,15.64,0
12179900,2020,tmax,0,0.0,0.0,0.0,0,15.09,0
12179900,2021,tmax,0,0.0,0.0,0.0,0,15.94,0
12186000,2016,tmax,1,7.0,0.9,2.3,7,11.2,0
12186000,2019,tmax,3,5.3,1.34,8.6,16,18.69,0
12186000,2020,tmax,1,6.0,1.4,4.7,6,17.3,0
12186000,2022,tmax,1,15.0,2.08,17.6,15,17.6,0
12186000,2023,tmax,8,8.0,2.55,85.5,64,19.97,0
12186000,2024,tmax,6,6.0,1.7,19.8,36,19.04,0
12186000,2025,tmax,8,6.6,2.2,42.5,53,18.76,0
12186000,2017,tmax,0,0.0,0.0,0.0,0,17.86,0
12186000,2018,tmax,0,0.0,0.0,0.0,0,18.04,0
12186000,2021,tmax,0,0.0,0.0,0.0,0,18.09,0
12206900,2010,tmax,1,5.0,1.56,5.5,5,21.14,0
12206900,2008,tmax,0,0.0,0.0,0.0,0,16.51,0
12206900,2009,tmax,0,0.0,0.0,0.0,0,22.24,0
12206900,2011,tmax,0,0.0,0.0,0.0,0,18.13,0
12207850,2009,tmax,1,7.0,1.07,4.8,7,19.54,0
12207850,2008,tmax,0,0.0,0.0,0.0,0,14.93,0
12207850,2010,tmax,0,0.0,0.0,0.0,0,14.81,0
12207850,2011,tmax,0,0.0,0.0,0.0,0,14.03,0
12209000,2003,tmax,2,6.0,0.95,5.5,12,22.33,5
12209000,2004,tmax,2,8.5,1.6,11.0,17,22.96,21
12209000,2005,tmax,6,6.8,4.15,42.9,41,21.19,0
12209000,2001,tmax,0,0.0,0.0,0.0,0,11.64,0
12209000,2002,tmax,0,0.0,0.0,0.0,0,19.66,0
12209000,2006,tmax,0,0.0,0.0,0.0,0,21.47,0
12209000,2007,tmax,0,0.0,0.0,0.0,0,19.34,0
12209000,2008,tmax,0,0.0,0.0,0.0,0,19.29,0
12209490,2009,tmax,1,7.0,1.24,5.9,7,18.31,0
12209490,2010,tmax,1,5.0,0.82,2.3,5,15.57,0
12209490,2014,tmax,3,6.3,1.7,15.6,19,15.77,0
12209490,2015,tmax,10,10.7,4.02,159.9,107,18.93,0
12209490,2016,tmax,7,6.6,2.9,53.6,46,16.66,0
12209490,2017,tmax,1,8.0,1.3,6.2,8,16.9,0
12209490,2021,tmax,1,5.0,1.52,4.5,5,17.17,0
12209490,2022,tmax,5,9.0,1.82,32.1,45,17.41,0
12209490,2023,tmax,7,5.6,2.4,43.8,39,18.14,0
12209490,2024,tmax,4,7.8,1.5,28.1,31,16.96,0
12209490,2025,tmax,6,9.8,2.6,49.9,59,16.86,0
12209490,2008,tmax,0,0.0,0.0,0.0,0,15.21,0
12209490,2011,tmax,0,0.0,0.0,0.0,0,13.66,0
12209490,2012,tmax,0,0.0,0.0,0.0,0,15.26,0
12209490,2013,tmax,0,0.0,0.0,0.0,0,8.04,0
12209490,2018,tmax,0,0.0,0.0,0.0,0,17.14,0
12209490,2019,tmax,0,0.0,0.0,0.0,0,16.41,0
12209490,2020,tmax,0,0.0,0.0,0.0,0,15.59,0
12210000,2009,tmax,1,9.0,2.3,13.5,9,23.87,9
12210000,2010,tmax,1,7.0,0.8,2.8,7,20.4,0
12210000,2013,tmax,1,7.0,1.1,4.5,7,20.11,0
12210000,2014,tmax,3,7.0,1.57,15.1,21,20.2,0
12210000,2015,tmax,11,8.9,5.11,176.7,98,23.6,19
12210000,2016,tmax,6,7.8,2.8,46.5,47,21.04,1
12210000,2019,tmax,1,10.0,1.41,4.7,10,20.79,0
12210000,2020,tmax,1,6.0,0.5,1.4,6,20.01,0
12210000,2021,tmax,2,5.0,0.9,4.3,10,21.27,1
12210000,2022,tmax,4,8.2,2.31,25.8,33,22.4,5
12210000,2023,tmax,6,6.7,2.4,47.0,40,22.34,7
12210000,2024,tmax,4,7.8,1.41,21.4,31,21.51,0
12210000,2025,tmax,5,6.0,1.6,22.6,30,20.97,1
12210000,2008,tmax,0,0.0,0.0,0.0,0,12.06,0
12210000,2011,tmax,0,0.0,0.0,0.0,0,17.21,0
12210000,2012,tmax,0,0.0,0.0,0.0,0,19.4,0
12210000,2017,tmax,0,0.0,0.0,0.0,0,8.71,0
12210000,2018,tmax,0,0.0,0.0,0.0,0,21.91,0
12210700,1998,tmax,1,5.0,1.1,3.4,5,12.9,0
12210700,2014,tmax,3,6.7,1.34,10.7,20,18.0,0
12210700,2015,tmax,10,8.8,3.48,122.8,88,19.39,0
12210700,2016,tmax,6,7.2,2.2,34.8,43,18.76,0
12210700,2017,tmax,1,5.0,1.2,3.5,5,17.97,0
12210700,2018,tmax,1,5.0,1.1,2.1,5,18.49,0
12210700,2019,tmax,2,5.5,1.42,8.7,11,18.44,0
12210700,2021,tmax,1,5.0,0.85,2.9,5,18.17,0
12210700,2022,tmax,1,7.0,0.94,3.1,7,17.6,0
12210700,2023,tmax,5,5.8,1.7,22.8,29,18.86,0
12210700,2024,tmax,3,11.3,1.4,24.5,34,19.19,0
12210700,2025,tmax,4,7.2,2.0,24.7,29,18.61,0
12210700,1996,tmax,0,0.0,0.0,0.0,0,18.7,0
12210700,1997,tmax,0,0.0,0.0,0.0,0,17.79,0
12210700,1999,tmax,0,0.0,0.0,0.0,0,,0
12210700,2000,tmax,0,0.0,0.0,0.0,0,,0
12210700,2001,tmax,0,0.0,0.0,0.0,0,,0
12210700,2002,tmax,0,0.0,0.0,0.0,0,,0
12210700,2003,tmax,0,0.0,0.0,0.0,0,,0
12210700,2004,tmax,0,0.0,0.0,0.0,0,,0
12210700,2005,tmax,0,0.0,0.0,0.0,0,,0
12210700,2006,tmax,0,0.0,0.0,0.0,0,,0
12210700,2007,tmax,0,0.0,0.0,0.0,0,,0
12210700,2008,tmax,0,0.0,0.0,0.0,0,16.97,0
12210700,2009,tmax,0,0.0,0.0,0.0,0,18.87,0
12210700,2010,tmax,0,0.0,0.0,0.0,0,17.49,0
12210700,2011,tmax,0,0.0,0.0,0.0,0,15.33,0
12210700,2012,tmax,0,0.0,0.0,0.0,0,16.84,0
12210700,2013,tmax,0,0.0,0.0,0.0,0,17.79,0
12210700,2020,tmax,0,0.0,0.0,0.0,0,18.01,0
12413360,2001,tmax,1,7.0,1.0,3.9,7,13.36,0
12413360,2002,tmax,1,5.0,0.52,2.2,5,12.71,0
12413360,2003,tmax,7,8.6,1.5,33.2,60,14.79,0
12413360,2004,tmax,3,8.0,1.1,12.7,24,13.79,0
12413360,2005,tmax,9,8.4,3.43,65.2,76,15.56,0
12413360,2007,tmax,1,6.0,0.4,1.6,6,14.24,0
12413360,2010,tmax,1,6.0,0.42,1.3,6,12.54,0
12413360,2011,tmax,1,5.0,0.7,2.3,5,12.09,0
12413360,2012,tmax,2,8.0,1.5,10.7,16,12.56,0
12413360,2013,tmax,1,7.0,0.8,3.0,7,12.96,0
12413360,2000,tmax,0,0.0,0.0,0.0,0,14.07,0
12413360,2006,tmax,0,0.0,0.0,0.0,0,13.53,0
12413360,2008,tmax,0,0.0,0.0,0.0,0,12.46,0
12413360,2009,tmax,0,0.0,0.0,0.0,0,13.4,0
12414500,1998,tmax,0,0.0,0.0,0.0,0,22.3,0
12414500,1999,tmax,0,0.0,0.0,0.0,0,20.39,0
12414500,2000,tmax,0,0.0,0.0,0.0,0,23.74,0
12414500,2001,tmax,0,0.0,0.0,0.0,0,23.74,0
12447390,2011,tmax,1,6.0,1.1,4.0,6,14.23,0
12447390,2013,tmax,2,6.0,0.79,4.9,12,16.87,0
12447390,2014,tmax,1,12.0,9.56,74.3,12,23.94,10
12447390,2015,tmax,5,7.2,1.5,22.5,36,18.01,0
12447390,2016,tmax,2,6.0,1.2,7.5,12,15.81,0
12447390,2018,tmax,2,12.0,0.52,7.1,24,16.14,0
12447390,2019,tmax,4,6.2,0.86,10.0,25,15.51,0
12447390,2021,tmax,2,5.5,1.0,5.4,11,17.87,0
12447390,2022,tmax,2,13.5,1.5,25.9,27,15.61,0
12447390,2023,tmax,1,5.0,0.8,3.0,5,16.09,0
12447390,2024,tmax,2,5.5,1.1,7.0,11,17.2,0
12447390,2025,tmax,2,5.5,1.4,8.8,11,16.14,0
12447390,2012,tmax,0,0.0,0.0,0.0,0,16.11,0
12447390,2017,tmax,0,0.0,0.0,0.0,0,15.97,0
12447390,2020,tmax,0,0.0,0.0,0.0,0,16.31,0
13018300,2013,tmax,4,5.0,1.4,11.9,20,12.33,0
13018300,2015,tmax,2,5.5,0.89,5.3,11,11.83,0
13018300,2016,tmax,2,5.0,1.46,6.5,10,11.83,0
13018300,2017,tmax,1,6.0,1.2,3.8,6,9.84,0
13018300,2018,tmax,1,5.0,0.58,2.2,5,10.61,0
13018300,2021,tmax,1,7.0,0.77,2.6,7,11.89,0
13018300,2024,tmax,2,7.0,1.19,6.3,14,11.21,0
13018300,2025,tmax,4,5.5,1.47,12.8,22,11.4,0
13018300,2012,tmax,0,0.0,0.0,0.0,0,12.04,0
13018300,2014,tmax,0,0.0,0.0,0.0,0,10.57,0
13018300,2019,tmax,0,0.0,0.0,0.0,0,10.81,0
13018300,2020,tmax,0,0.0,0.0,0.0,0,11.07,0
13018300,2022,tmax,0,0.0,0.0,0.0,0,11.1,0
13018300,2023,tmax,0,0.0,0.0,0.0,0,11.23,0
13185000,1997,tmax,0,0.0,0.0,0.0,0,20.24,0
13185000,1998,tmax,0,0.0,0.0,0.0,0,22.11,0
13185000,1999,tmax,0,0.0,0.0,0.0,0,,0
13185000,2000,tmax,0,0.0,0.0,0.0,0,23.2,0
13185000,2001,tmax,0,0.0,0.0,0.0,0,,0
13185000,2002,tmax,0,0.0,0.0,0.0,0,,0
13185000,2003,tmax,0,0.0,0.0,0.0,0,,0
13185000,2004,tmax,0,0.0,0.0,0.0,0,23.2,0
13235000,2001,tmax,1,5.0,1.0,3.0,5,21.31,1
13235000,1998,tmax,0,0.0,0.0,0.0,0,18.56,0
13235000,1999,tmax,0,0.0,0.0,0.0,0,,0
13235000,2000,tmax,0,0.0,0.0,0.0,0,,0
13235000,2002,tmax,0,0.0,0.0,0.0,0,,0
13235000,2003,tmax,0,0.0,0.0,0.0,0,,0
13235000,2004,tmax,0,0.0,0.0,0.0,0,,0
13235000,2005,tmax,0,0.0,0.0,0.0,0,17.89,0
13331500,2012,tmax,1,6.0,1.0,4.2,6,24.1,26
13331500,2014,tmax,3,7.3,3.1,33.1,22,22.9,19
13331500,2015,tmax,3,15.7,3.87,81.1,47,25.17,49
13331500,2020,tmax,1,6.0,1.79,5.3,6,23.76,19
13331500,2023,tmax,3,5.7,2.09,18.3,17,25.59,43
13331500,2024,tmax,5,8.2,2.9,53.4,41,26.01,41
13331500,2025,tmax,5,8.8,3.8,76.1,44,25.16,43
13331500,1990,tmax,0,0.0,0.0,0.0,0,,0
13331500,1991,tmax,0,0.0,0.0,0.0,0,,0
13331500,1992,tmax,0,0.0,0.0,0.0,0,,0
13331500,1993,tmax,0,0.0,0.0,0.0,0,,0
13331500,1994,tmax,0,0.0,0.0,0.0,0,,0
13331500,1995,tmax,0,0.0,0.0,0.0,0,,0
13331500,1996,tmax,0,0.0,0.0,0.0,0,,0
13331500,1997,tmax,0,0.0,0.0,0.0,0,,0
13331500,1998,tmax,0,0.0,0.0,0.0,0,,0
13331500,1999,tmax,0,0.0,0.0,0.0,0,,0
13331500,2000,tmax,0,0.0,0.0,0.0,0,,0
13331500,2001,tmax,0,0.0,0.0,0.0,0,,0
13331500,2002,tmax,0,0.0,0.0,0.0,0,,0
13331500,2003,tmax,0,0.0,0.0,0.0,0,,0
13331500,2004,tmax,0,0.0,0.0,0.0,0,,0
13331500,2005,tmax,0,0.0,0.0,0.0,0,,0
13331500,2006,tmax,0,0.0,0.0,0.0,0,,0
13331500,2007,tmax,0,0.0,0.0,0.0,0,,0
13331500,2008,tmax,0,0.0,0.0,0.0,0,,0
13331500,2009,tmax,0,0.0,0.0,0.0,0,,0
13331500,2010,tmax,0,0.0,0.0,0.0,0,,0
13331500,2011,tmax,0,0.0,0.0,0.0,0,3.3,0
13331500,2013,tmax,0,0.0,0.0,0.0,0,25.16,0
13331500,2016,tmax,0,0.0,0.0,0.0,0,24.79,0
13331500,2017,tmax,0,0.0,0.0,0.0,0,23.69,0
13331500,2018,tmax,0,0.0,0.0,0.0,0,25.07,0
13331500,2019,tmax,0,0.0,0.0,0.0,0,24.14,0
13331500,2021,tmax,0,0.0,0.0,0.0,0,25.87,0
13331500,2022,tmax,0,0.0,0.0,0.0,0,24.61,0
13338500,2007,tmax,1,5.0,3.35,10.4,5,27.07,65
13338500,1998,tmax,0,0.0,0.0,0.0,0,26.06,0
13338500,1999,tmax,0,0.0,0.0,0.0,0,,0
13338500,2000,tmax,0,0.0,0.0,0.0,0,,0
13338500,2001,tmax,0,0.0,0.0,0.0,0,26.46,0
13338500,2002,tmax,0,0.0,0.0,0.0,0,,0
13338500,2003,tmax,0,0.0,0.0,0.0,0,,0
13338500,2004,tmax,0,0.0,0.0,0.0,0,,0
13338500,2005,tmax,0,0.0,0.0,0.0,0,24.64,0
13338500,2006,tmax,0,0.0,0.0,0.0,0,27.36,0
13338500,2008,tmax,0,0.0,0.0,0.0,0,24.5,0
13340000,1994,tmax,3,9.0,3.0,39.1,27,28.43,53
13340000,1995,tmax,5,8.2,2.9,47.6,41,24.71,27
13340000,1996,tmax,1,11.0,1.5,9.6,11,24.64,37
13340000,1999,tmax,3,7.7,3.5,17.2,23,26.14,38
13340000,2000,tmax,4,8.0,2.94,36.1,32,28.36,51
13340000,2001,tmax,1,5.0,0.54,2.5,5,27.0,58
13340000,2003,tmax,1,7.0,1.5,6.9,7,27.86,63
13340000,2004,tmax,1,5.0,0.5,2.4,5,26.64,43
13340000,2005,tmax,3,7.0,2.0,21.5,21,27.07,51
13340000,2006,tmax,1,5.0,1.2,4.2,5,28.0,56
13340000,2007,tmax,2,11.0,2.0,22.7,22,28.07,61
13340000,2009,tmax,1,5.0,1.5,4.5,5,25.86,40
13340000,2010,tmax,1,8.0,1.5,7.5,8,25.43,31
13340000,2013,tmax,2,7.5,3.0,25.0,15,27.0,80
13340000,2014,tmax,3,6.3,1.5,18.2,19,25.07,37
13340000,2015,tmax,5,14.8,4.0,123.9,74,27.36,55
13340000,2016,tmax,4,5.5,2.0,21.8,22,26.79,50
13340000,2018,tmax,1,5.0,1.2,4.7,5,25.3,45
13340000,2021,tmax,2,7.0,2.4,14.7,14,27.24,55
13340000,2022,tmax,1,6.0,1.2,3.3,6,25.56,31
13340000,2023,tmax,2,8.0,2.3,18.6,16,27.11,55
13340000,2024,tmax,3,7.3,2.0,23.5,22,26.14,52
13340000,2025,tmax,5,10.4,3.0,64.0,52,26.46,69
13340000,1993,tmax,0,0.0,0.0,0.0,0,14.79,0
13340000,1997,tmax,0,0.0,0.0,0.0,0,24.79,0
13340000,1998,tmax,0,0.0,0.0,0.0,0,4.0,0
13340000,2002,tmax,0,0.0,0.0,0.0,0,25.5,0
13340000,2008,tmax,0,0.0,0.0,0.0,0,24.5,0
13340000,2011,tmax,0,0.0,0.0,0.0,0,24.57,0
13340000,2012,tmax,0,0.0,0.0,0.0,0,25.5,0
13340000,2017,tmax,0,0.0,0.0,0.0,0,26.56,0
13340000,2019,tmax,0,0.0,0.0,0.0,0,26.49,0
13340000,2020,tmax,0,0.0,0.0,0.0,0,25.04,0
13340600,1987,tmax,6,11.0,4.92,112.5,66,21.93,3
13340600,1988,tmax,1,12.0,4.0,22.0,12,20.5,0
13340600,1989,tmax,3,5.0,3.0,20.4,15,21.36,0
13340600,1990,tmax,3,11.7,2.5,40.4,35,21.29,0
13340600,1992,tmax,10,7.9,5.0,125.1,79,22.0,6
13340600,1994,tmax,3,11.3,4.0,44.5,34,23.21,15
13340600,1995,tmax,3,5.7,2.0,20.4,17,20.71,0
13340600,1996,tmax,1,5.0,0.5,2.2,5,20.79,0
13340600,1997,tmax,1,5.0,0.5,2.0,5,19.29,0
13340600,1998,tmax,4,5.8,2.0,19.9,23,22.86,9
13340600,1999,tmax,3,5.3,1.5,11.3,16,19.07,0
13340600,2001,tmax,1,5.0,1.0,3.0,5,21.36,0
13340600,2003,tmax,1,5.0,0.5,2.5,5,21.86,0
13340600,2004,tmax,1,9.0,1.5,8.0,9,20.71,0
13340600,2005,tmax,3,5.3,1.0,10.0,16,21.0,0
13340600,2007,tmax,1,22.0,2.0,30.8,22,23.36,19
13340600,2010,tmax,1,15.0,1.56,12.7,15,20.93,0
13340600,2011,tmax,1,5.0,0.5,2.2,5,18.36,0
13340600,2012,tmax,2,5.0,1.3,8.0,10,19.79,0
13340600,2013,tmax,1,8.0,2.2,10.9,8,20.64,0
13340600,2014,tmax,4,7.5,2.0,31.5,30,20.93,0
13340600,2015,tmax,5,17.0,6.0,161.6,85,22.93,10
13340600,2016,tmax,3,6.3,2.1,15.6,19,21.79,2
13340600,2017,tmax,2,6.5,1.0,5.7,13,21.64,2
13340600,2018,tmax,3,7.7,1.8,15.0,23,20.79,0
13340600,2019,tmax,2,5.5,1.3,6.8,11,21.89,2
13340600,2020,tmax,1,5.0,1.8,4.2,5,21.2,0
13340600,2021,tmax,2,7.5,2.1,16.1,15,22.1,2
13340600,2022,tmax,2,7.5,2.0,12.6,15,22.03,4
13340600,2023,tmax,3,7.3,2.3,20.0,22,21.67,2
13340600,2024,tmax,7,6.6,1.9,36.9,46,22.47,7
13340600,2025,tmax,8,11.2,2.9,105.9,90,22.27,6
13340600,1991,tmax,0,0.0,0.0,0.0,0,20.43,0
13340600,1993,tmax,0,0.0,0.0,0.0,0,19.5,0
13340600,2000,tmax,0,0.0,0.0,0.0,0,22.0,0
13340600,2002,tmax,0,0.0,0.0,0.0,0,19.79,0
13340600,2006,tmax,0,0.0,0.0,0.0,0,22.14,0
13340600,2008,tmax,0,0.0,0.0,0.0,0,18.64,0
13340600,2009,tmax,0,0.0,0.0,0.0,0,20.57,0
14046890,2004,tmax,3,11.7,2.17,27.4,35,20.81,0
14046890,2005,tmax,2,11.5,2.5,33.2,23,18.44,0
14046890,2006,tmax,4,7.2,4.5,49.5,29,23.4,21
14046890,2007,tmax,3,8.3,3.3,40.3,25,22.73,19
14046890,2009,tmax,3,7.3,1.74,14.9,22,20.94,0
14046890,2015,tmax,3,5.0,0.9,5.4,15,17.61,0
14046890,2018,tmax,1,5.0,0.9,2.8,5,18.03,0
14046890,2020,tmax,3,7.3,1.1,7.6,22,21.81,3
14046890,2021,tmax,3,5.7,1.1,10.3,17,18.07,0
14046890,2022,tmax,5,7.0,2.86,35.3,35,17.13,0
14046890,2008,tmax,0,0.0,0.0,0.0,0,18.59,0
14046890,2010,tmax,0,0.0,0.0,0.0,0,19.07,0
14046890,2011,tmax,0,0.0,0.0,0.0,0,19.09,0
14046890,2012,tmax,0,0.0,0.0,0.0,0,20.17,0
14046890,2013,tmax,0,0.0,0.0,0.0,0,17.84,0
14046890,2014,tmax,0,0.0,0.0,0.0,0,14.8,0
14046890,2016,tmax,0,0.0,0.0,0.0,0,15.13,0
14046890,2017,tmax,0,0.0,0.0,0.0,0,16.67,0
14046890,2019,tmax,0,0.0,0.0,0.0,0,17.07,0
14138870,1986,tmax,3,6.0,1.5,14.0,18,14.07,0
14138870,1987,tmax,8,7.0,1.9,39.9,56,15.04,0
14138870,1988,tmax,2,10.5,1.1,13.3,21,12.97,0
14138870,1989,tmax,1,5.0,0.4,1.3,5,12.81,0
14138870,1990,tmax,1,5.0,0.3,1.1,5,14.13,0
14138870,1991,tmax,1,7.0,0.6,2.3,7,13.87,0
14138870,1992,tmax,11,11.7,3.25,131.2,129,15.41,0
14138870,1993,tmax,1,5.0,1.2,3.4,5,12.64,0
14138870,1994,tmax,2,8.5,1.0,6.3,17,14.21,0
14138870,1995,tmax,4,7.8,1.2,15.0,31,13.89,0
14138870,1996,tmax,1,5.0,0.7,1.9,5,14.74,0
14138870,1999,tmax,1,5.0,0.7,2.4,5,13.04,0
14138870,2001,tmax,1,5.0,1.1,3.6,5,13.84,0
14138870,2003,tmax,3,7.3,1.72,13.9,22,14.6,0
14138870,2004,tmax,3,5.7,1.0,9.1,17,15.03,0
14138870,2005,tmax,2,11.0,1.6,14.6,22,13.96,0
14138870,2006,tmax,2,5.0,1.2,5.8,10,15.23,0
14138870,2007,tmax,2,5.5,1.1,5.3,11,14.6,0
14138870,2008,tmax,1,5.0,0.5,1.7,5,13.04,0
14138870,2009,tmax,1,6.0,0.7,3.0,6,15.61,0
14138870,2010,tmax,1,7.0,0.7,1.9,7,13.63,0
14138870,2013,tmax,1,8.0,1.4,6.6,8,13.91,0
14138870,2014,tmax,6,7.5,1.5,30.1,45,14.83,0
14138870,2015,tmax,12,11.8,3.7,170.9,142,16.94,0
14138870,2016,tmax,9,7.7,2.75,59.8,69,14.9,0
14138870,2017,tmax,1,11.0,1.5,8.9,11,14.87,0
14138870,2018,tmax,5,8.2,1.7,30.8,41,16.19,0
14138870,2019,tmax,3,9.0,2.65,22.1,27,14.81,0
14138870,2020,tmax,2,5.5,0.9,5.0,11,14.1,0
14138870,2021,tmax,7,7.6,3.55,47.6,53,16.11,0
14138870,2022,tmax,1,26.0,1.4,19.0,26,15.01,0
14138870,2023,tmax,7,5.4,1.9,21.3,38,15.79,0
14138870,2024,tmax,3,8.0,1.1,13.3,24,14.47,0
14138870,2025,tmax,7,11.4,2.55,85.4,80,15.51,0
14138870,1997,tmax,0,0.0,0.0,0.0,0,13.26,0
14138870,1998,tmax,0,0.0,0.0,0.0,0,14.24,0
14138870,2000,tmax,0,0.0,0.0,0.0,0,13.37,0
14138870,2002,tmax,0,0.0,0.0,0.0,0,13.41,0
14138870,2011,tmax,0,0.0,0.0,0.0,0,13.2,0
14138870,2012,tmax,0,0.0,0.0,0.0,0,13.6,0
14138900,1986,tmax,2,8.5,2.35,17.7,17,13.14,0
14138900,1987,tmax,2,6.5,2.35,16.9,13,13.24,0
14138900,1988,tmax,3,10.0,2.3,24.7,30,13.96,0
14138900,1989,tmax,2,5.0,1.45,7.7,10,12.01,0
14138900,1991,tmax,1,11.0,1.4,7.3,11,12.96,0
14138900,1992,tmax,7,10.4,2.5,82.9,73,13.89,0
14138900,1993,tmax,2,7.0,1.75,11.8,14,13.87,0
14138900,1994,tmax,4,6.2,1.9,21.4,25,13.84,0
14138900,1995,tmax,3,6.0,1.4,13.5,18,13.33,0
14138900,1996,tmax,2,5.5,2.5,12.2,11,13.4,0
14138900,1997,tmax,2,7.0,1.0,8.8,14,12.71,0
14138900,1998,tmax,3,7.7,1.9,14.9,23,14.2,0
14138900,2001,tmax,1,6.0,2.1,8.2,6,13.07,0
14138900,2002,tmax,1,5.0,1.22,3.9,5,13.24,0
14138900,2003,tmax,2,8.5,2.2,18.3,17,12.39,0
14138900,2004,tmax,2,6.0,1.6,8.0,12,13.31,0
14138900,2005,tmax,2,11.0,1.8,15.7,22,13.36,0
14138900,2006,tmax,1,6.0,2.05,5.6,6,13.93,0
14138900,2008,tmax,1,5.0,0.8,2.7,5,13.11,0
14138900,2009,tmax,1,5.0,0.84,2.4,5,13.83,0
14138900,2010,tmax,2,8.5,1.3,11.7,17,12.56,0
14138900,2013,tmax,2,5.0,1.3,6.2,10,13.46,0
14138900,2014,tmax,2,7.5,2.0,16.1,15,13.31,0
14138900,2015,tmax,6,11.7,2.7,77.1,70,14.23,0
14138900,2016,tmax,8,6.1,2.7,42.6,49,13.27,0
14138900,2018,tmax,1,8.0,0.73,3.5,8,12.93,0
14138900,2021,tmax,4,9.2,2.4,30.6,37,14.3,0
14138900,2023,tmax,1,6.0,1.1,4.4,6,12.64,0
14138900,2024,tmax,1,12.0,1.0,7.5,12,13.1,0
14138900,2025,tmax,4,10.2,3.0,47.0,41,13.17,0
14138900,1990,tmax,0,0.0,0.0,0.0,0,13.31,0
14138900,1999,tmax,0,0.0,0.0,0.0,0,12.44,0
14138900,2000,tmax,0,0.0,0.0,0.0,0,12.63,0
14138900,2007,tmax,0,0.0,0.0,0.0,0,11.7,0
14138900,2011,tmax,0,0.0,0.0,0.0,0,12.07,0
14138900,2012,tmax,0,0.0,0.0,0.0,0,12.5,0
14138900,2017,tmax,0,0.0,0.0,0.0,0,12.81,0
14138900,2019,tmax,0,0.0,0.0,0.0,0,12.7,0
14138900,2020,tmax,0,0.0,0.0,0.0,0,12.8,0
14138900,2022,tmax,0,0.0,0.0,0.0,0,13.49,0
14139800,1985,tmax,2,5.5,1.45,5.9,11,16.24,0
14139800,1986,tmax,5,6.2,2.99,36.8,31,16.0,0
14139800,1987,tmax,4,6.2,2.3,27.1,25,16.04,0
14139800,1988,tmax,1,18.0,1.05,8.7,18,15.09,0
14139800,1989,tmax,2,5.0,0.95,4.7,10,14.33,0
14139800,1990,tmax,1,5.0,0.4,1.7,5,15.97,0
14139800,1991,tmax,2,6.0,0.74,4.3,12,15.69,0
14139800,1992,tmax,12,10.8,3.9,140.4,129,17.51,0
14139800,1994,tmax,3,5.3,1.4,10.5,16,16.46,0
14139800,1995,tmax,2,5.0,1.3,8.2,10,15.74,0
14139800,1996,tmax,1,5.0,0.6,2.1,5,16.69,0
14139800,1997,tmax,1,9.0,0.7,4.5,9,14.73,0
14139800,1998,tmax,2,5.5,2.1,8.4,11,16.49,0
14139800,1999,tmax,1,5.0,1.0,2.7,5,14.43,0
14139800,2000,tmax,1,5.0,0.9,2.8,5,15.91,0
14139800,2003,tmax,4,7.2,2.1,20.9,29,15.87,0
14139800,2004,tmax,4,7.8,1.3,17.7,31,16.33,0
14139800,2005,tmax,2,7.5,0.9,7.1,15,15.5,0
14139800,2006,tmax,2,7.0,2.15,10.9,14,16.66,0
14139800,2007,tmax,2,5.5,0.92,6.1,11,16.44,0
14139800,2009,tmax,1,8.0,1.1,6.3,8,17.29,0
14139800,2010,tmax,1,8.0,0.87,4.3,8,14.9,0
14139800,2013,tmax,2,7.0,1.05,6.7,14,15.0,0
14139800,2014,tmax,4,7.8,1.5,21.7,31,16.3,0
14139800,2015,tmax,12,11.7,3.35,147.7,140,18.29,0
14139800,2016,tmax,7,8.7,2.85,57.3,61,15.64,0
14139800,2017,tmax,1,10.0,0.9,5.2,10,15.64,0
14139800,2018,tmax,4,6.0,1.59,13.7,24,16.6,0
14139800,2019,tmax,3,9.0,2.5,20.3,27,15.8,0
14139800,2021,tmax,4,9.5,4.05,43.8,38,17.34,0
14139800,2022,tmax,1,15.0,0.6,5.3,15,16.47,0
14139800,2023,tmax,5,5.4,1.77,16.1,27,16.17,0
14139800,2024,tmax,6,9.8,2.25,56.6,59,17.5,0
14139800,2025,tmax,10,14.1,4.2,209.5,141,18.49,0
14139800,1993,tmax,0,0.0,0.0,0.0,0,14.07,0
14139800,2001,tmax,0,0.0,0.0,0.0,0,15.49,0
14139800,2002,tmax,0,0.0,0.0,0.0,0,15.36,0
14139800,2008,tmax,0,0.0,0.0,0.0,0,14.19,0
14139800,2011,tmax,0,0.0,0.0,0.0,0,14.07,0
14139800,2012,tmax,0,0.0,0.0,0.0,0,14.93,0
14139800,2020,tmax,0,0.0,0.0,0.0,0,15.26,0
14141500,2007,tmax,2,5.0,1.6,8.6,10,20.07,0
14141500,2009,tmax,1,8.0,2.4,12.5,8,21.89,3
14141500,2010,tmax,2,5.5,0.95,6.5,11,18.7,0
14141500,2014,tmax,4,6.8,1.55,18.5,27,19.64,0
14141500,2015,tmax,9,9.4,3.0,113.4,85,22.16,4
14141500,2016,tmax,7,6.4,4.18,55.9,45,18.67,0
14141500,2017,tmax,1,8.0,1.2,5.3,8,19.64,0
14141500,2018,tmax,1,7.0,1.4,5.4,7,20.5,0
14141500,2019,tmax,1,8.0,1.34,4.9,8,18.51,0
14141500,2021,tmax,5,7.2,4.2,31.9,36,21.09,3
14141500,2022,tmax,3,6.0,0.9,7.1,18,20.51,0
14141500,2023,tmax,2,5.5,1.6,8.8,11,19.66,0
14141500,2024,tmax,4,5.5,1.2,14.3,22,20.07,0
14141500,2025,tmax,7,8.3,3.0,62.0,58,20.23,0
14141500,2006,tmax,0,0.0,0.0,0.0,0,20.66,0
14141500,2008,tmax,0,0.0,0.0,0.0,0,18.03,0
14141500,2011,tmax,0,0.0,0.0,0.0,0,17.34,0
14141500,2012,tmax,0,0.0,0.0,0.0,0,18.57,0
14141500,2013,tmax,0,0.0,0.0,0.0,0,19.07,0
14141500,2020,tmax,0,0.0,0.0,0.0,0,18.63,0
14144800,1986,tmax,1,14.0,1.2,8.9,14,18.63,0
14144800,1987,tmax,9,6.2,2.4,53.7,56,19.26,0
14144800,2013,tmax,1,6.0,0.7,1.9,6,17.94,0
14144800,2014,tmax,2,7.0,1.6,12.3,14,17.94,0
14144800,2015,tmax,7,8.1,1.6,31.6,57,18.43,0
14144800,2016,tmax,2,5.0,0.9,3.8,10,17.51,0
14144800,2017,tmax,1,14.0,5.81,20.1,14,21.0,3
14144800,2018,tmax,2,5.5,1.38,6.1,11,17.59,0
14144800,2020,tmax,1,6.0,0.6,2.1,6,18.44,0
14144800,2021,tmax,3,7.7,1.6,15.5,23,19.43,0
14144800,2022,tmax,1,5.0,0.88,3.0,5,18.53,0
14144800,2023,tmax,1,6.0,1.1,3.7,6,18.11,0
14144800,2024,tmax,3,7.7,1.2,9.1,23,18.19,0
14144800,1990,tmax,0,0.0,0.0,0.0,0,,0
14144800,1991,tmax,0,0.0,0.0,0.0,0,,0
14144800,1992,tmax,0,0.0,0.0,0.0,0,,0
14144800,1993,tmax,0,0.0,0.0,0.0,0,,0
14144800,1994,tmax,0,0.0,0.0,0.0,0,,0
14144800,1995,tmax,0,0.0,0.0,0.0,0,,0
14144800,1996,tmax,0,0.0,0.0,0.0,0,,0
14144800,1997,tmax,0,0.0,0.0,0.0,0,,0
14144800,1998,tmax,0,0.0,0.0,0.0,0,,0
14144800,1999,tmax,0,0.0,0.0,0.0,0,,0
14144800,2000,tmax,0,0.0,0.0,0.0,0,,0
14144800,2001,tmax,0,0.0,0.0,0.0,0,,0
14144800,2002,tmax,0,0.0,0.0,0.0,0,,0
14144800,2003,tmax,0,0.0,0.0,0.0,0,,0
14144800,2004,tmax,0,0.0,0.0,0.0,0,,0
14144800,2005,tmax,0,0.0,0.0,0.0,0,,0
14144800,2006,tmax,0,0.0,0.0,0.0,0,,0
14144800,2007,tmax,0,0.0,0.0,0.0,0,,0
14144800,2008,tmax,0,0.0,0.0,0.0,0,,0
14144800,2009,tmax,0,0.0,0.0,0.0,0,,0
14144800,2010,tmax,0,0.0,0.0,0.0,0,17.77,0
14144800,2011,tmax,0,0.0,0.0,0.0,0,16.5,0
14144800,2012,tmax,0,0.0,0.0,0.0,0,16.94,0
14144800,2019,tmax,0,0.0,0.0,0.0,0,18.09,0
14144800,2025,tmax,0,0.0,0.0,0.0,0,17.81,0
14144900,2010,tmax,1,5.0,0.61,1.3,5,17.74,0
14144900,2013,tmax,2,5.5,0.5,3.9,11,18.0,0
14144900,2014,tmax,3,6.3,2.0,19.1,19,18.17,0
14144900,2015,tmax,9,8.4,2.1,56.2,76,18.73,0
14144900,2016,tmax,2,5.0,1.2,8.0,10,17.26,0
14144900,2018,tmax,1,5.0,0.7,2.5,5,17.66,0
14144900,2019,tmax,1,6.0,0.52,1.8,6,17.59,0
14144900,2021,tmax,2,6.0,1.33,5.8,12,18.66,0
14144900,2022,tmax,1,5.0,0.4,1.2,5,18.2,0
14144900,2023,tmax,1,6.0,1.6,5.7,6,17.49,0
14144900,2024,tmax,2,9.5,1.5,13.2,19,17.73,0
14144900,2025,tmax,3,7.0,1.59,15.2,21,17.29,0
14144900,2011,tmax,0,0.0,0.0,0.0,0,16.89,0
14144900,2012,tmax,0,0.0,0.0,0.0,0,17.41,0
14144900,2017,tmax,0,0.0,0.0,0.0,0,17.44,0
14144900,2020,tmax,0,0.0,0.0,0.0,0,17.47,0
14147500,2010,tmax,1,6.0,1.5,3.2,6,20.81,0
14147500,2014,tmax,5,5.4,1.8,16.5,27,21.47,1
14147500,2015,tmax,10,8.2,2.3,64.7,82,22.91,13
14147500,2016,tmax,3,5.3,2.22,16.6,16,21.81,3
14147500,2019,tmax,2,6.0,1.2,7.3,12,22.34,5
14147500,2021,tmax,5,6.8,2.31,21.0,34,22.76,22
14147500,2022,tmax,1,6.0,1.0,2.4,6,21.96,3
14147500,2023,tmax,1,5.0,1.3,4.2,5,21.59,1
14147500,2024,tmax,3,5.3,0.81,5.7,16,21.37,0
14147500,2025,tmax,8,6.8,1.8,38.4,54,22.53,12
14147500,2011,tmax,0,0.0,0.0,0.0,0,19.51,0
14147500,2012,tmax,0,0.0,0.0,0.0,0,20.84,0
14147500,2013,tmax,0,0.0,0.0,0.0,0,21.2,0
14147500,2017,tmax,0,0.0,0.0,0.0,0,21.23,0
14147500,2018,tmax,0,0.0,0.0,0.0,0,22.14,0
14147500,2020,tmax,0,0.0,0.0,0.0,0,21.77,0
14150800,2009,tmax,1,11.0,2.6,14.3,11,24.4,10
14150800,2010,tmax,2,5.5,1.7,6.4,11,20.53,0
14150800,2014,tmax,5,5.4,1.8,23.4,27,21.66,3
14150800,2015,tmax,5,8.2,2.62,33.6,41,22.53,10
14150800,2016,tmax,3,5.3,2.92,23.7,16,20.63,0
14150800,2019,tmax,2,7.5,3.02,20.6,15,22.14,5
14150800,2021,tmax,6,6.8,4.42,44.5,41,23.69,31
14150800,2022,tmax,3,7.7,1.5,18.3,23,23.79,9
14150800,2023,tmax,3,7.3,1.4,13.6,22,22.49,14
14150800,2024,tmax,5,9.0,1.92,35.2,45,23.16,15
14150800,2025,tmax,8,6.6,3.92,62.1,53,23.3,18
14150800,2008,tmax,0,0.0,0.0,0.0,0,9.0,0
14150800,2011,tmax,0,0.0,0.0,0.0,0,19.5,0
14150800,2012,tmax,0,0.0,0.0,0.0,0,20.7,0
14150800,2013,tmax,0,0.0,0.0,0.0,0,21.17,0
14150800,2017,tmax,0,0.0,0.0,0.0,0,21.93,0
14150800,2018,tmax,0,0.0,0.0,0.0,0,21.74,0
14150800,2020,tmax,0,0.0,0.0,0.0,0,21.63,0
14152500,1987,tmax,1,6.0,1.59,5.1,6,22.53,10
14152500,2020,tmax,1,9.0,2.19,11.0,9,23.39,16
14152500,2021,tmax,5,10.4,5.99,106.9,52,25.31,53
14152500,2022,tmax,2,7.5,2.19,14.2,15,23.17,16
14152500,2023,tmax,6,9.7,4.89,81.4,58,25.1,40
14152500,2024,tmax,4,9.2,2.99,43.7,37,24.09,33
14152500,2025,tmax,6,9.0,3.69,91.8,54,24.6,50
14152500,1990,tmax,0,0.0,0.0,0.0,0,,0
14152500,1991,tmax,0,0.0,0.0,0.0,0,,0
14152500,1992,tmax,0,0.0,0.0,0.0,0,,0
14152500,1993,tmax,0,0.0,0.0,0.0,0,,0
14152500,1994,tmax,0,0.0,0.0,0.0,0,,0
14152500,1995,tmax,0,0.0,0.0,0.0,0,,0
14152500,1996,tmax,0,0.0,0.0,0.0,0,,0
14152500,1997,tmax,0,0.0,0.0,0.0,0,,0
14152500,1998,tmax,0,0.0,0.0,0.0,0,,0
14152500,1999,tmax,0,0.0,0.0,0.0,0,,0
14152500,2000,tmax,0,0.0,0.0,0.0,0,,0
14152500,2001,tmax,0,0.0,0.0,0.0,0,,0
14152500,2002,tmax,0,0.0,0.0,0.0,0,,0
14152500,2003,tmax,0,0.0,0.0,0.0,0,,0
14152500,2004,tmax,0,0.0,0.0,0.0,0,,0
14152500,2005,tmax,0,0.0,0.0,0.0,0,,0
14152500,2006,tmax,0,0.0,0.0,0.0,0,,0
14152500,2007,tmax,0,0.0,0.0,0.0,0,,0
14152500,2008,tmax,0,0.0,0.0,0.0,0,,0
14152500,2009,tmax,0,0.0,0.0,0.0,0,,0
14152500,2010,tmax,0,0.0,0.0,0.0,0,,0
14152500,2011,tmax,0,0.0,0.0,0.0,0,,0
14152500,2012,tmax,0,0.0,0.0,0.0,0,,0
14152500,2013,tmax,0,0.0,0.0,0.0,0,,0
14152500,2014,tmax,0,0.0,0.0,0.0,0,,0
14152500,2015,tmax,0,0.0,0.0,0.0,0,,0
14152500,2016,tmax,0,0.0,0.0,0.0,0,,0
14152500,2017,tmax,0,0.0,0.0,0.0,0,,0
14152500,2018,tmax,0,0.0,0.0,0.0,0,,0
14152500,2019,tmax,0,0.0,0.0,0.0,0,19.63,0
14154500,2013,tmax,1,9.0,2.1,9.4,9,22.84,16
14154500,2014,tmax,2,8.5,2.12,14.5,17,24.0,14
14154500,2015,tmax,7,10.9,5.1,135.8,76,22.7,7
14154500,2016,tmax,1,7.0,2.11,8.8,7,23.79,12
14154500,2018,tmax,1,5.0,1.61,5.8,5,25.06,44
14154500,2019,tmax,2,10.0,3.1,24.7,20,25.03,64
14154500,2021,tmax,4,8.8,5.56,66.9,35,26.46,60
14154500,2022,tmax,2,8.5,1.11,10.2,17,25.3,36
14154500,2023,tmax,6,6.2,2.4,30.1,37,25.56,55
14154500,2024,tmax,4,8.5,1.8,23.4,34,25.54,40
14154500,2025,tmax,4,7.2,4.1,36.2,29,26.21,67
14154500,2009,tmax,0,0.0,0.0,0.0,0,22.16,0
14154500,2010,tmax,0,0.0,0.0,0.0,0,22.96,0
14154500,2011,tmax,0,0.0,0.0,0.0,0,22.49,0
14154500,2012,tmax,0,0.0,0.0,0.0,0,23.66,0
14154500,2017,tmax,0,0.0,0.0,0.0,0,25.13,0
14154500,2020,tmax,0,0.0,0.0,0.0,0,24.19,0
14158500,2020,tmax,2,5.0,0.74,3.7,10,12.33,0
14158500,2021,tmax,3,5.0,1.36,5.9,15,12.43,0
14158500,2022,tmax,3,11.3,1.0,11.6,34,11.61,0
14158500,2023,tmax,2,7.5,1.0,5.7,15,11.83,0
14158500,2024,tmax,1,9.0,0.43,2.2,9,11.96,0
14158500,2025,tmax,2,16.0,0.7,15.1,32,12.51,0
14158500,2017,tmax,0,0.0,0.0,0.0,0,11.34,0
14158500,2018,tmax,0,0.0,0.0,0.0,0,11.37,0
14158500,2019,tmax,0,0.0,0.0,0.0,0,12.23,0
14158790,2020,tmax,3,5.0,0.94,5.5,15,17.46,0
14158790,2021,tmax,1,5.0,1.12,2.7,5,19.17,0
14158790,2022,tmax,6,10.8,1.24,36.3,65,18.79,0
14158790,2023,tmax,3,5.0,1.24,10.0,15,17.63,0
14158790,2024,tmax,3,7.7,0.74,8.7,23,18.16,0
14158790,2025,tmax,6,8.5,3.2,54.5,51,18.4,0
14158790,2017,tmax,0,0.0,0.0,0.0,0,17.79,0
14158790,2018,tmax,0,0.0,0.0,0.0,0,18.51,0
14158790,2019,tmax,0,0.0,0.0,0.0,0,18.36,0
14159200,1985,tmax,2,10.0,1.4,14.1,20,15.36,0
14159200,1986,tmax,2,9.5,1.1,11.6,19,14.81,0
14159200,1987,tmax,8,9.2,2.8,75.5,74,15.69,0
14159200,2001,tmax,3,5.7,1.7,13.6,17,14.53,0
14159200,2003,tmax,6,6.0,1.1,16.6,36,15.06,0
14159200,2004,tmax,1,5.0,0.6,1.5,5,14.44,0
14159200,2005,tmax,1,10.0,1.1,5.5,10,14.26,0
14159200,2007,tmax,1,5.0,1.0,2.6,5,14.39,0
14159200,2010,tmax,1,5.0,0.7,2.2,5,14.34,0
14159200,2013,tmax,1,6.0,0.9,2.9,6,14.27,0
14159200,2014,tmax,3,6.0,1.6,15.9,18,14.39,0
14159200,2015,tmax,7,9.4,2.1,52.9,66,14.93,0
14159200,2016,tmax,3,5.3,1.0,7.9,16,13.83,0
14159200,2018,tmax,2,6.0,0.9,6.0,12,14.2,0
14159200,2019,tmax,3,6.0,0.9,6.7,18,14.31,0
14159200,2020,tmax,1,5.0,0.3,0.7,5,14.54,0
14159200,2021,tmax,3,9.7,1.9,18.8,29,15.77,0
14159200,2022,tmax,2,6.5,0.7,4.5,13,14.83,0
14159200,2023,tmax,2,5.5,1.0,4.0,11,14.64,0
14159200,2024,tmax,2,7.0,0.7,5.1,14,15.03,0
14159200,2025,tmax,3,9.0,1.8,23.9,27,14.94,0
14159200,1990,tmax,0,0.0,0.0,0.0,0,,0
14159200,1991,tmax,0,0.0,0.0,0.0,0,,0
14159200,1992,tmax,0,0.0,0.0,0.0,0,,0
14159200,1993,tmax,0,0.0,0.0,0.0,0,,0
14159200,1994,tmax,0,0.0,0.0,0.0,0,,0
14159200,1995,tmax,0,0.0,0.0,0.0,0,,0
14159200,1996,tmax,0,0.0,0.0,0.0,0,,0
14159200,1997,tmax,0,0.0,0.0,0.0,0,,0
14159200,1998,tmax,0,0.0,0.0,0.0,0,,0
14159200,1999,tmax,0,0.0,0.0,0.0,0,,0
14159200,2000,tmax,0,0.0,0.0,0.0,0,5.53,0
14159200,2002,tmax,0,0.0,0.0,0.0,0,14.64,0
14159200,2006,tmax,0,0.0,0.0,0.0,0,14.64,0
14159200,2008,tmax,0,0.0,0.0,0.0,0,13.26,0
14159200,2009,tmax,0,0.0,0.0,0.0,0,14.7,0
14159200,2011,tmax,0,0.0,0.0,0.0,0,13.6,0
14159200,2012,tmax,0,0.0,0.0,0.0,0,13.9,0
14159200,2017,tmax,0,0.0,0.0,0.0,0,13.76,0
14161100,1985,tmax,1,9.0,1.3,5.3,9,19.87,0
14161100,1986,tmax,1,12.0,3.32,20.7,12,19.69,0
14161100,1987,tmax,3,10.0,3.21,49.3,30,17.33,0
14161100,2009,tmax,1,8.0,1.12,5.8,8,21.03,0
14161100,2014,tmax,4,5.8,1.51,17.8,23,19.49,0
14161100,2015,tmax,9,8.7,2.3,71.8,78,20.63,0
14161100,2016,tmax,4,5.8,2.21,21.9,23,18.86,0
14161100,2018,tmax,2,8.5,1.7,7.5,17,19.73,0
14161100,2019,tmax,2,9.5,2.32,21.5,19,20.36,0
14161100,2021,tmax,4,8.5,2.72,31.5,34,20.89,0
14161100,2022,tmax,2,9.0,0.8,7.0,18,20.17,0
14161100,2023,tmax,1,6.0,1.3,4.7,6,18.89,0
14161100,2024,tmax,1,5.0,0.78,2.1,5,19.4,0
14161100,2025,tmax,4,12.5,2.07,44.4,50,19.9,0
14161100,1990,tmax,0,0.0,0.0,0.0,0,,0
14161100,1991,tmax,0,0.0,0.0,0.0,0,,0
14161100,1992,tmax,0,0.0,0.0,0.0,0,,0
14161100,1993,tmax,0,0.0,0.0,0.0,0,,0
14161100,1994,tmax,0,0.0,0.0,0.0,0,,0
14161100,1995,tmax,0,0.0,0.0,0.0,0,,0
14161100,1996,tmax,0,0.0,0.0,0.0,0,,0
14161100,1997,tmax,0,0.0,0.0,0.0,0,,0
14161100,1998,tmax,0,0.0,0.0,0.0,0,,0
14161100,1999,tmax,0,0.0,0.0,0.0,0,,0
14161100,2000,tmax,0,0.0,0.0,0.0,0,,0
14161100,2001,tmax,0,0.0,0.0,0.0,0,,0
14161100,2002,tmax,0,0.0,0.0,0.0,0,,0
14161100,2003,tmax,0,0.0,0.0,0.0,0,,0
14161100,2004,tmax,0,0.0,0.0,0.0,0,,0
14161100,2005,tmax,0,0.0,0.0,0.0,0,,0
14161100,2006,tmax,0,0.0,0.0,0.0,0,,0
14161100,2007,tmax,0,0.0,0.0,0.0,0,,0
14161100,2008,tmax,0,0.0,0.0,0.0,0,8.96,0
14161100,2010,tmax,0,0.0,0.0,0.0,0,18.07,0
14161100,2011,tmax,0,0.0,0.0,0.0,0,17.81,0
14161100,2012,tmax,0,0.0,0.0,0.0,0,18.39,0
14161100,2013,tmax,0,0.0,0.0,0.0,0,18.61,0
14161100,2017,tmax,0,0.0,0.0,0.0,0,19.06,0
14161100,2020,tmax,0,0.0,0.0,0.0,0,18.79,0
14161500,2014,tmax,4,5.0,1.39,15.5,20,19.36,0
14161500,2015,tmax,10,7.6,2.18,58.4,76,20.93,0
14161500,2016,tmax,3,5.3,1.6,12.5,16,18.93,0
14161500,2018,tmax,2,6.0,1.01,4.5,12,19.46,0
14161500,2019,tmax,1,8.0,0.9,3.8,8,19.39,0
14161500,2021,tmax,2,6.5,1.19,6.2,13,20.03,0
14161500,2023,tmax,1,6.0,1.39,4.8,6,18.79,0
14161500,2024,tmax,2,5.0,0.7,3.3,10,19.27,0
14161500,2025,tmax,4,8.5,2.07,27.6,34,19.89,0
14161500,2012,tmax,0,0.0,0.0,0.0,0,18.26,0
14161500,2013,tmax,0,0.0,0.0,0.0,0,18.93,0
14161500,2017,tmax,0,0.0,0.0,0.0,0,18.73,0
14161500,2020,tmax,0,0.0,0.0,0.0,0,18.43,0
14161500,2022,tmax,0,0.0,0.0,0.0,0,19.03,0
14179000,1986,tmax,2,5.5,1.3,8.1,11,15.21,0
14179000,1987,tmax,4,8.2,1.6,26.6,33,16.03,0
14179000,2000,tmax,1,8.0,1.5,4.0,8,15.1,0
14179000,2001,tmax,4,5.8,1.6,18.8,23,16.43,0
14179000,2003,tmax,1,6.0,0.9,3.0,6,16.14,0
14179000,2005,tmax,2,8.0,0.9,6.1,16,15.73,0
14179000,2010,tmax,2,6.5,1.0,4.9,13,14.69,0
14179000,2014,tmax,2,8.5,1.2,10.8,17,15.23,0
14179000,2015,tmax,8,13.8,2.6,110.3,110,17.47,0
14179000,2016,tmax,7,6.6,2.11,36.5,46,15.86,0
14179000,2018,tmax,1,5.0,0.4,1.3,5,15.77,0
14179000,2019,tmax,1,5.0,0.84,2.3,5,15.84,0
14179000,2020,tmax,2,8.0,0.7,5.6,16,15.41,0
14179000,2021,tmax,10,8.6,3.14,88.3,86,17.76,0
14179000,2022,tmax,4,9.5,1.52,28.6,38,17.1,0
14179000,2023,tmax,8,9.8,2.2,71.7,78,17.14,0
14179000,2024,tmax,11,9.7,2.3,80.6,107,17.06,0
14179000,2025,tmax,12,12.6,2.99,182.6,151,17.79,0
14179000,1990,tmax,0,0.0,0.0,0.0,0,,0
14179000,1991,tmax,0,0.0,0.0,0.0,0,,0
14179000,1992,tmax,0,0.0,0.0,0.0,0,,0
14179000,1993,tmax,0,0.0,0.0,0.0,0,,0
14179000,1994,tmax,0,0.0,0.0,0.0,0,,0
14179000,1995,tmax,0,0.0,0.0,0.0,0,,0
14179000,1996,tmax,0,0.0,0.0,0.0,0,,0
14179000,1997,tmax,0,0.0,0.0,0.0,0,,0
14179000,1998,tmax,0,0.0,0.0,0.0,0,10.71,0
14179000,1999,tmax,0,0.0,0.0,0.0,0,14.1,0
14179000,2002,tmax,0,0.0,0.0,0.0,0,15.34,0
14179000,2004,tmax,0,0.0,0.0,0.0,0,16.07,0
14179000,2006,tmax,0,0.0,0.0,0.0,0,15.97,0
14179000,2007,tmax,0,0.0,0.0,0.0,0,15.8,0
14179000,2008,tmax,0,0.0,0.0,0.0,0,14.09,0
14179000,2009,tmax,0,0.0,0.0,0.0,0,15.83,0
14179000,2011,tmax,0,0.0,0.0,0.0,0,13.64,0
14179000,2012,tmax,0,0.0,0.0,0.0,0,13.94,0
14179000,2013,tmax,0,0.0,0.0,0.0,0,14.86,0
14179000,2017,tmax,0,0.0,0.0,0.0,0,14.87,0
14180300,1999,tmax,1,5.0,0.82,2.3,5,19.17,0
14180300,2000,tmax,1,6.0,2.22,6.3,6,19.9,0
14180300,2001,tmax,3,5.7,1.82,13.1,17,20.5,0
14180300,2003,tmax,6,7.3,2.14,37.7,44,21.26,1
14180300,2004,tmax,3,6.7,1.2,13.1,20,21.14,0
14180300,2005,tmax,2,6.5,1.4,9.4,13,19.54,0
14180300,2006,tmax,1,5.0,1.5,3.4,5,20.81,0
14180300,2007,tmax,2,6.0,1.62,10.8,12,20.39,0
14180300,2009,tmax,1,9.0,1.7,9.6,9,21.94,2
14180300,2010,tmax,2,5.5,0.92,3.2,11,18.69,0
14180300,2013,tmax,3,6.0,1.7,14.9,18,19.64,0
14180300,2014,tmax,3,6.3,1.5,16.0,19,20.29,0
14180300,2015,tmax,12,10.3,3.3,140.7,124,20.97,0
14180300,2016,tmax,9,5.9,3.2,49.2,53,19.63,0
14180300,2018,tmax,1,5.0,0.7,2.4,5,20.17,0
14180300,2021,tmax,3,9.0,2.8,21.6,27,20.79,0
14180300,2022,tmax,1,6.0,0.4,1.2,6,18.84,0
14180300,2023,tmax,1,6.0,1.32,4.9,6,19.31,0
14180300,2024,tmax,2,9.5,1.03,11.1,19,19.07,0
14180300,2025,tmax,5,9.2,2.6,46.8,46,19.41,0
14180300,1998,tmax,0,0.0,0.0,0.0,0,10.1,0
14180300,2002,tmax,0,0.0,0.0,0.0,0,20.31,0
14180300,2008,tmax,0,0.0,0.0,0.0,0,18.63,0
14180300,2011,tmax,0,0.0,0.0,0.0,0,18.04,0
14180300,2012,tmax,0,0.0,0.0,0.0,0,18.76,0
14180300,2017,tmax,0,0.0,0.0,0.0,0,19.27,0
14180300,2019,tmax,0,0.0,0.0,0.0,0,19.3,0
14180300,2020,tmax,0,0.0,0.0,0.0,0,17.97,0
14181900,2008,tmax,1,91.0,9.79,344.4,91,19.23,0
14181900,2009,tmax,2,63.5,13.29,752.3,127,23.71,9
14181900,2023,tmax,1,6.0,2.07,7.3,6,9.86,0
14181900,2024,tmax,3,49.7,14.49,1145.1,149,23.97,33
14181900,2025,tmax,4,45.5,14.99,1340.0,182,24.14,49
14181900,2007,tmax,0,0.0,0.0,0.0,0,8.91,0
14181900,2010,tmax,0,0.0,0.0,0.0,0,,0
14181900,2011,tmax,0,0.0,0.0,0.0,0,,0
14181900,2012,tmax,0,0.0,0.0,0.0,0,,0
14181900,2013,tmax,0,0.0,0.0,0.0,0,,0
14181900,2014,tmax,0,0.0,0.0,0.0,0,,0
14181900,2015,tmax,0,0.0,0.0,0.0,0,,0
14181900,2016,tmax,0,0.0,0.0,0.0,0,,0
14181900,2017,tmax,0,0.0,0.0,0.0,0,,0
14181900,2018,tmax,0,0.0,0.0,0.0,0,,0
14181900,2019,tmax,0,0.0,0.0,0.0,0,,0
14181900,2020,tmax,0,0.0,0.0,0.0,0,,0
14181900,2021,tmax,0,0.0,0.0,0.0,0,,0
14181900,2022,tmax,0,0.0,0.0,0.0,0,,0
14182500,1986,tmax,6,7.2,2.85,57.9,43,26.43,47
14182500,2000,tmax,1,5.0,1.26,3.0,5,25.1,29
14182500,2001,tmax,1,5.0,1.65,6.2,5,25.1,32
14182500,2004,tmax,3,6.7,2.0,12.0,20,26.1,41
14182500,2005,tmax,1,12.0,2.64,15.5,12,24.21,39
14182500,2006,tmax,2,5.0,1.72,7.7,10,26.59,50
14182500,2007,tmax,1,6.0,1.9,6.9,6,25.39,42
14182500,2009,tmax,1,9.0,2.46,14.7,9,28.19,39
14182500,2013,tmax,1,5.0,1.1,3.6,5,24.64,48
14182500,2014,tmax,4,6.8,1.62,21.7,27,25.37,42
14182500,2015,tmax,11,10.6,5.0,190.5,117,28.06,72
14182500,2021,tmax,6,6.2,2.7,45.8,37,27.59,61
14182500,2022,tmax,6,10.8,3.02,101.3,65,27.64,61
14182500,2023,tmax,12,8.2,3.65,130.4,98,27.37,80
14182500,2024,tmax,13,9.2,3.4,132.2,119,27.09,63
14182500,2025,tmax,12,12.7,7.2,263.3,152,28.03,84
14182500,1990,tmax,0,0.0,0.0,0.0,0,,0
14182500,1991,tmax,0,0.0,0.0,0.0,0,,0
14182500,1992,tmax,0,0.0,0.0,0.0,0,,0
14182500,1993,tmax,0,0.0,0.0,0.0,0,,0
14182500,1994,tmax,0,0.0,0.0,0.0,0,,0
14182500,1995,tmax,0,0.0,0.0,0.0,0,,0
14182500,1996,tmax,0,0.0,0.0,0.0,0,,0
14182500,1997,tmax,0,0.0,0.0,0.0,0,,0
14182500,1998,tmax,0,0.0,0.0,0.0,0,,0
14182500,1999,tmax,0,0.0,0.0,0.0,0,,0
14182500,2002,tmax,0,0.0,0.0,0.0,0,24.37,0
14182500,2003,tmax,0,0.0,0.0,0.0,0,25.49,0
14182500,2008,tmax,0,0.0,0.0,0.0,0,24.31,0
14182500,2010,tmax,0,0.0,0.0,0.0,0,24.61,0
14182500,2011,tmax,0,0.0,0.0,0.0,0,23.84,0
14182500,2012,tmax,0,0.0,0.0,0.0,0,24.44,0
14182500,2016,tmax,0,0.0,0.0,0.0,0,,0
14182500,2017,tmax,0,0.0,0.0,0.0,0,,0
14182500,2018,tmax,0,0.0,0.0,0.0,0,,0
14182500,2019,tmax,0,0.0,0.0,0.0,0,,0
14182500,2020,tmax,0,0.0,0.0,0.0,0,,0
14185000,1986,tmax,2,8.5,2.6,23.6,17,22.89,9
14185000,1987,tmax,1,5.0,1.62,5.0,5,22.33,9
14185000,2009,tmax,1,9.0,2.0,10.4,9,25.47,21
14185000,2014,tmax,5,6.0,1.7,20.1,30,22.5,8
14185000,2015,tmax,8,8.4,2.3,59.0,67,24.36,38
14185000,2016,tmax,5,5.6,2.74,33.0,28,22.66,13
14185000,2018,tmax,2,5.0,1.56,7.5,10,23.96,25
14185000,2019,tmax,2,9.0,2.04,16.2,18,23.7,22
14185000,2021,tmax,5,6.8,3.72,40.1,34,24.44,51
14185000,2022,tmax,4,7.2,0.7,10.2,29,22.97,11
14185000,2023,tmax,1,6.0,1.3,5.4,6,23.31,29
14185000,2024,tmax,1,8.0,0.9,4.4,8,22.94,18
14185000,2025,tmax,6,8.8,2.32,53.9,53,24.4,39
14185000,1990,tmax,0,0.0,0.0,0.0,0,,0
14185000,1991,tmax,0,0.0,0.0,0.0,0,,0
14185000,1992,tmax,0,0.0,0.0,0.0,0,,0
14185000,1993,tmax,0,0.0,0.0,0.0,0,,0
14185000,1994,tmax,0,0.0,0.0,0.0,0,,0
14185000,1995,tmax,0,0.0,0.0,0.0,0,,0
14185000,1996,tmax,0,0.0,0.0,0.0,0,,0
14185000,1997,tmax,0,0.0,0.0,0.0,0,,0
14185000,1998,tmax,0,0.0,0.0,0.0,0,,0
14185000,1999,tmax,0,0.0,0.0,0.0,0,,0
14185000,2000,tmax,0,0.0,0.0,0.0,0,,0
14185000,2001,tmax,0,0.0,0.0,0.0,0,,0
14185000,2002,tmax,0,0.0,0.0,0.0,0,,0
14185000,2003,tmax,0,0.0,0.0,0.0,0,,0
14185000,2004,tmax,0,0.0,0.0,0.0,0,,0
14185000,2005,tmax,0,0.0,0.0,0.0,0,,0
14185000,2006,tmax,0,0.0,0.0,0.0,0,,0
14185000,2007,tmax,0,0.0,0.0,0.0,0,,0
14185000,2008,tmax,0,0.0,0.0,0.0,0,9.99,0
14185000,2010,tmax,0,0.0,0.0,0.0,0,21.83,0
14185000,2011,tmax,0,0.0,0.0,0.0,0,20.79,0
14185000,2012,tmax,0,0.0,0.0,0.0,0,21.5,0
14185000,2013,tmax,0,0.0,0.0,0.0,0,21.93,0
14185000,2017,tmax,0,0.0,0.0,0.0,0,22.94,0
14185000,2020,tmax,0,0.0,0.0,0.0,0,22.03,0
14185900,1986,tmax,4,8.2,3.28,39.2,33,21.33,1
14185900,1987,tmax,2,6.0,2.0,12.8,12,20.69,0
14185900,2009,tmax,1,10.0,1.84,12.8,10,24.6,15
14185900,2014,tmax,5,5.6,1.23,15.7,28,22.06,3
14185900,2015,tmax,8,9.0,2.22,67.0,72,23.7,24
14185900,2016,tmax,4,5.8,2.64,28.7,23,21.74,5
14185900,2018,tmax,1,9.0,2.37,8.3,9,23.03,20
14185900,2019,tmax,2,8.5,1.5,12.4,17,22.5,4
14185900,2021,tmax,3,7.7,2.6,19.8,23,23.79,25
14185900,2022,tmax,1,18.0,1.4,8.1,18,22.86,6
14185900,2023,tmax,2,7.0,1.3,11.5,14,22.54,14
14185900,2024,tmax,2,5.5,0.4,2.1,11,21.81,3
14185900,2025,tmax,5,8.2,2.3,39.5,41,22.87,17
14185900,1990,tmax,0,0.0,0.0,0.0,0,,0
14185900,1991,tmax,0,0.0,0.0,0.0,0,,0
14185900,1992,tmax,0,0.0,0.0,0.0,0,,0
14185900,1993,tmax,0,0.0,0.0,0.0,0,,0
14185900,1994,tmax,0,0.0,0.0,0.0,0,,0
14185900,1995,tmax,0,0.0,0.0,0.0,0,,0
14185900,1996,tmax,0,0.0,0.0,0.0,0,,0
14185900,1997,tmax,0,0.0,0.0,0.0,0,,0
14185900,1998,tmax,0,0.0,0.0,0.0,0,,0
14185900,1999,tmax,0,0.0,0.0,0.0,0,,0
14185900,2000,tmax,0,0.0,0.0,0.0,0,,0
14185900,2001,tmax,0,0.0,0.0,0.0,0,,0
14185900,2002,tmax,0,0.0,0.0,0.0,0,,0
14185900,2003,tmax,0,0.0,0.0,0.0,0,,0
14185900,2004,tmax,0,0.0,0.0,0.0,0,,0
14185900,2005,tmax,0,0.0,0.0,0.0,0,,0
14185900,2006,tmax,0,0.0,0.0,0.0,0,,0
14185900,2007,tmax,0,0.0,0.0,0.0,0,,0
14185900,2008,tmax,0,0.0,0.0,0.0,0,9.81,0
14185900,2010,tmax,0,0.0,0.0,0.0,0,21.24,0
14185900,2011,tmax,0,0.0,0.0,0.0,0,20.64,0
14185900,2012,tmax,0,0.0,0.0,0.0,0,21.21,0
14185900,2013,tmax,0,0.0,0.0,0.0,0,21.51,0
14185900,2017,tmax,0,0.0,0.0,0.0,0,21.94,0
14185900,2020,tmax,0,0.0,0.0,0.0,0,21.21,0
14316495,1999,tmax,1,5.0,1.0,3.1,5,18.61,0
14316495,2001,tmax,1,5.0,0.76,2.7,5,20.73,0
14316495,2003,tmax,1,5.0,0.7,1.9,5,21.53,1
14316495,2005,tmax,1,11.0,1.1,6.1,11,20.6,0
14316495,2009,tmax,1,6.0,0.5,1.9,6,22.5,8
14316495,2010,tmax,1,8.0,0.6,3.7,8,21.66,0
14316495,2011,tmax,2,6.5,1.07,8.4,13,20.47,0
14316495,2012,tmax,2,8.0,1.04,6.6,16,21.59,1
14316495,2013,tmax,3,8.7,2.97,30.0,26,21.97,5
14316495,2014,tmax,11,6.5,2.5,63.3,72,22.81,15
14316495,2015,tmax,10,12.7,3.6,182.4,127,23.61,15
14316495,2016,tmax,5,6.0,3.5,39.6,30,22.19,5
14316495,2000,tmax,0,0.0,0.0,0.0,0,20.19,0
14316495,2002,tmax,0,0.0,0.0,0.0,0,20.8,0
14316495,2004,tmax,0,0.0,0.0,0.0,0,20.97,0
14316495,2006,tmax,0,0.0,0.0,0.0,0,22.09,0
14316495,2007,tmax,0,0.0,0.0,0.0,0,21.8,0
14316495,2008,tmax,0,0.0,0.0,0.0,0,20.34,0
14318000,1999,tmax,1,6.0,1.72,5.6,6,21.43,1
14318000,2001,tmax,2,5.0,1.91,9.8,10,23.27,20
14318000,2003,tmax,4,5.2,2.0,23.7,21,23.81,37
14318000,2004,tmax,1,6.0,0.9,4.5,6,23.4,30
14318000,2005,tmax,2,9.0,1.8,14.7,18,22.93,23
14318000,2009,tmax,1,9.0,2.0,9.7,9,25.17,27
14318000,2010,tmax,2,7.5,1.62,9.6,15,22.07,7
14318000,2012,tmax,1,9.0,1.12,5.6,9,21.69,0
14318000,2013,tmax,3,6.7,3.1,22.9,20,23.37,19
14318000,2014,tmax,5,7.0,2.4,40.3,35,23.5,34
14318000,2015,tmax,8,8.4,2.6,77.6,67,24.91,42
14318000,2016,tmax,5,6.0,3.5,35.9,30,22.6,18
14318000,2019,tmax,2,8.0,2.71,21.2,16,23.39,28
14318000,2021,tmax,4,7.2,4.3,41.8,29,25.27,52
14318000,2022,tmax,2,6.5,1.4,9.6,13,24.29,14
14318000,2023,tmax,4,6.0,2.52,23.9,24,23.96,44
14318000,2024,tmax,5,8.8,1.8,31.9,44,24.21,26
14318000,2025,tmax,6,7.5,3.3,47.1,45,24.1,49
14318000,2000,tmax,0,0.0,0.0,0.0,0,22.86,0
14318000,2002,tmax,0,0.0,0.0,0.0,0,23.5,0
14318000,2006,tmax,0,0.0,0.0,0.0,0,24.77,0
14318000,2007,tmax,0,0.0,0.0,0.0,0,22.81,0
14318000,2008,tmax,0,0.0,0.0,0.0,0,22.54,0
14318000,2011,tmax,0,0.0,0.0,0.0,0,20.81,0
14318000,2017,tmax,0,0.0,0.0,0.0,0,23.46,0
14318000,2018,tmax,0,0.0,0.0,0.0,0,23.16,0
14318000,2020,tmax,0,0.0,0.0,0.0,0,23.04,0
14337800,1985,tmax,3,19.7,4.82,109.4,59,25.8,47
14337800,1986,tmax,7,8.7,5.68,135.2,61,25.37,58
14337800,1987,tmax,8,10.6,7.82,211.0,85,26.11,43
14337800,1988,tmax,3,9.0,3.14,34.1,27,25.2,42
14337800,1989,tmax,3,6.3,3.14,22.6,19,23.23,20
14337800,1990,tmax,7,12.7,5.02,183.1,89,26.59,47
14337800,1991,tmax,3,7.3,3.3,29.7,22,23.91,33
14337800,1992,tmax,7,14.4,9.04,262.9,101,25.59,33
14337800,1994,tmax,3,9.3,3.4,46.0,28,25.81,12
14337800,1995,tmax,2,11.0,3.26,40.6,22,20.26,0
14337800,1997,tmax,1,11.0,2.31,16.6,11,23.56,29
14337800,1998,tmax,2,8.0,2.78,21.7,16,23.74,23
14337800,1993,tmax,0,0.0,0.0,0.0,0,20.9,0
14337800,1996,tmax,0,0.0,0.0,0.0,0,24.17,0
01596500,2013,tmax,1,6.0,1.98,5.8,6,22.33,6
01596500,2015,tmax,3,7.7,3.8,37.0,23,22.29,14
01596500,2016,tmax,1,5.0,1.6,6.2,5,25.03,45
01596500,2017,tmax,2,6.0,2.1,15.6,12,22.67,6
01596500,2021,tmax,2,5.0,2.8,10.7,10,24.26,43
01596500,2022,tmax,2,6.0,3.8,19.6,12,24.31,39
01596500,2023,tmax,1,5.0,1.7,6.4,5,24.29,35
01596500,2024,tmax,8,7.8,3.91,107.4,62,25.24,56
01596500,2025,tmax,3,7.3,2.46,23.4,22,23.99,36
01596500,2012,tmax,0,0.0,0.0,0.0,0,14.8,0
01596500,2014,tmax,0,0.0,0.0,0.0,0,22.47,0
01596500,2018,tmax,0,0.0,0.0,0.0,0,21.26,0
01596500,2019,tmax,0,0.0,0.0,0.0,0,23.37,0
01596500,2020,tmax,0,0.0,0.0,0.0,0,24.04,0
01611500,2007,tmax,4,6.2,2.54,24.3,25,29.89,137
01611500,2008,tmax,1,5.0,0.82,3.2,5,29.51,82
01611500,2010,tmax,2,8.5,2.4,18.5,17,31.09,120
01611500,2011,tmax,1,5.0,1.28,4.2,5,31.3,110
01611500,2012,tmax,1,15.0,5.12,42.6,15,30.03,105
01611500,2015,tmax,3,7.7,4.24,53.5,23,29.07,125
01611500,2016,tmax,2,6.0,1.74,10.3,12,30.4,123
01611500,2017,tmax,2,9.0,4.54,30.1,18,30.9,112
01611500,2018,tmax,1,8.0,2.6,8.1,8,28.21,96
01611500,2019,tmax,1,5.0,1.2,4.2,5,30.51,132
01611500,2020,tmax,5,6.0,2.18,32.4,30,31.6,112
01611500,2021,tmax,2,7.0,3.4,23.3,14,30.24,118
01611500,2022,tmax,1,5.0,4.2,11.3,5,29.74,120
01611500,2023,tmax,4,6.5,3.22,31.4,26,30.74,118
01611500,2024,tmax,8,6.8,4.14,81.6,54,31.24,130
01611500,2025,tmax,2,10.5,3.9,29.7,21,30.27,116
01611500,2009,tmax,0,0.0,0.0,0.0,0,29.33,0
01611500,2013,tmax,0,0.0,0.0,0.0,0,30.11,0
01611500,2014,tmax,0,0.0,0.0,0.0,0,29.09,0
01632000,2007,tmean,1,192.0,16.18,1840.3,192,26.04,84
01632000,2008,tmean,2,90.5,15.38,1437.5,181,25.26,52
01632000,2009,tmean,0,0.0,0.0,0.0,0,9.97,0
01632900,2007,tmax,3,5.3,1.61,11.4,16,25.99,81
01632900,2008,tmax,1,5.0,1.82,6.2,5,25.31,69
01632900,2010,tmax,1,6.0,0.84,2.6,6,26.39,91
01632900,2012,tmax,3,8.7,3.83,45.8,26,27.1,76
01632900,2015,tmax,3,7.7,4.3,44.2,23,25.0,86
01632900,2016,tmax,1,6.0,1.32,5.1,6,26.07,68
01632900,2017,tmax,3,8.0,2.5,27.6,24,25.5,70
01632900,2018,tmax,2,6.0,5.08,25.7,12,23.63,54
01632900,2019,tmax,1,6.0,2.93,10.4,6,26.41,85
01632900,2020,tmax,3,5.7,3.3,19.7,17,26.63,86
01632900,2021,tmax,2,5.0,3.4,15.7,10,25.66,82
01632900,2023,tmax,2,5.0,3.4,12.6,10,26.11,79
01632900,2024,tmax,7,6.4,4.1,58.7,45,27.03,83
01632900,2025,tmax,2,7.5,2.6,21.8,15,25.26,66
01632900,2009,tmax,0,0.0,0.0,0.0,0,,0
01632900,2011,tmax,0,0.0,0.0,0.0,0,26.71,0
01632900,2013,tmax,0,0.0,0.0,0.0,0,24.97,0
01632900,2014,tmax,0,0.0,0.0,0.0,0,24.67,0
01632900,2022,tmax,0,0.0,0.0,0.0,0,25.66,0
01635090,2006,tmean,0,0.0,0.0,0.0,0,15.03,0
01635090,2007,tmean,0,0.0,0.0,0.0,0,25.23,0
01635090,2008,tmean,0,0.0,0.0,0.0,0,24.71,0
01635090,2009,tmean,0,0.0,0.0,0.0,0,24.13,0
01643700,2007,tmean,1,156.0,12.02,990.3,156,25.49,63
01643700,2008,tmean,4,39.5,12.72,1083.8,158,26.09,63
01643700,2009,tmean,0,0.0,0.0,0.0,0,11.24,0
01665500,2007,tmean,4,42.8,13.97,1212.4,171,28.76,118
01665500,2008,tmean,2,21.0,9.37,156.9,42,23.0,9
01665500,2009,tmean,0,0.0,0.0,0.0,0,12.83,0
01666500,2007,tmean,2,55.5,7.59,350.3,111,28.03,110
01666500,2008,tmean,2,33.0,6.69,202.2,66,26.94,73
01666500,2006,tmean,0,0.0,0.0,0.0,0,17.46,0
01673638,2008,tmean,2,7.0,2.1,10.8,14,26.93,83
01673638,2009,tmean,1,6.0,1.94,5.7,6,26.04,77
01673638,2007,tmean,0,0.0,0.0,0.0,0,24.11,0
14337870,1985,tmax,4,12.0,3.86,66.0,48,21.39,0
14337870,1986,tmax,5,11.0,6.2,118.7,55,21.59,2
14337870,1987,tmax,10,8.8,4.5,149.2,88,22.04,7
14337870,1988,tmax,8,9.6,3.63,113.8,77,22.27,7
14337870,1989,tmax,3,11.0,4.05,54.8,33,20.0,0
14337870,1990,tmax,8,10.8,4.98,176.0,86,23.77,23
14337870,1991,tmax,7,7.7,2.84,65.0,54,21.63,2
14337870,1992,tmax,12,12.2,6.54,318.5,146,26.11,38
14337870,1993,tmax,1,5.0,2.2,8.8,5,20.44,0
14337870,1994,tmax,7,15.7,5.7,226.8,110,25.16,37
14337870,1995,tmax,6,11.0,2.39,55.1,66,20.01,0
14337870,1996,tmax,1,5.0,3.05,7.4,5,21.54,2
14337870,1998,tmax,1,5.0,2.12,7.2,5,21.14,0
14337870,2000,tmax,1,5.0,1.0,3.2,5,21.5,1
14337870,1997,tmax,0,0.0,0.0,0.0,0,20.04,0
14337870,1999,tmax,0,0.0,0.0,0.0,0,18.99,0
15056210,2004,tmax,2,7.5,2.1,17.4,15,7.93,0
15056210,2016,tmax,3,10.7,1.7,21.5,32,8.67,0
15056210,2017,tmax,2,7.5,0.78,7.0,15,9.14,0
15056210,2018,tmax,2,6.0,0.9,5.7,12,9.03,0
15056210,2019,tmax,5,6.4,1.1,13.5,32,8.97,0
15056210,2021,tmax,2,6.0,0.65,3.5,12,8.36,0
15056210,2022,tmax,3,5.7,1.22,10.5,17,8.66,0
15056210,2023,tmax,5,6.4,1.1,14.5,32,8.87,0
15056210,2024,tmax,2,5.5,0.6,3.9,11,8.96,0
15056210,2025,tmax,2,6.5,0.83,6.6,13,8.5,0
15056210,2003,tmax,0,0.0,0.0,0.0,0,4.79,0
15056210,2005,tmax,0,0.0,0.0,0.0,0,8.21,0
15056210,2006,tmax,0,0.0,0.0,0.0,0,8.36,0
15056210,2007,tmax,0,0.0,0.0,0.0,0,7.93,0
15056210,2008,tmax,0,0.0,0.0,0.0,0,6.64,0
15056210,2009,tmax,0,0.0,0.0,0.0,0,,0
15056210,2010,tmax,0,0.0,0.0,0.0,0,,0
15056210,2011,tmax,0,0.0,0.0,0.0,0,,0
15056210,2012,tmax,0,0.0,0.0,0.0,0,5.36,0
15056210,2013,tmax,0,0.0,0.0,0.0,0,8.14,0
15056210,2014,tmax,0,0.0,0.0,0.0,0,7.93,0
15056210,2015,tmax,0,0.0,0.0,0.0,0,8.37,0
15056210,2020,tmax,0,0.0,0.0,0.0,0,9.06,0
15085100,2004,tmax,1,6.0,2.54,9.9,6,17.43,0
15085100,2005,tmax,1,19.0,1.0,8.5,19,16.57,0
15085100,2009,tmax,1,5.0,1.5,5.2,5,18.43,0
15085100,2013,tmax,2,5.0,1.5,4.7,10,14.5,0
15085100,2014,tmax,2,7.0,1.3,7.6,14,17.31,0
15085100,2015,tmax,5,8.0,3.15,53.8,40,17.1,0
15085100,2016,tmax,7,13.6,2.2,71.0,95,16.56,0
15085100,2017,tmax,1,5.0,0.5,1.8,5,17.33,0
15085100,2018,tmax,5,9.8,4.36,79.0,49,21.5,0
15085100,2019,tmax,1,6.0,2.75,9.9,6,15.09,0
15085100,2003,tmax,0,0.0,0.0,0.0,0,10.5,0
15085100,2006,tmax,0,0.0,0.0,0.0,0,14.86,0
15085100,2007,tmax,0,0.0,0.0,0.0,0,14.71,0
15085100,2008,tmax,0,0.0,0.0,0.0,0,13.43,0
15085100,2010,tmax,0,0.0,0.0,0.0,0,16.79,0
15085100,2011,tmax,0,0.0,0.0,0.0,0,14.71,0
15085100,2012,tmax,0,0.0,0.0,0.0,0,14.79,0
15106920,2004,tmax,1,9.0,2.71,12.4,9,14.5,0
15106920,2005,tmax,1,5.0,2.0,7.0,5,7.57,0
15106920,2003,tmax,0,0.0,0.0,0.0,0,8.71,0
15106920,2006,tmax,0,0.0,0.0,0.0,0,11.79,0
15106920,2007,tmax,0,0.0,0.0,0.0,0,10.93,0
15129500,2016,tmax,5,6.2,1.28,19.8,31,17.54,0
15129500,2018,tmax,2,9.0,0.9,8.3,18,16.53,0
15129500,2019,tmax,6,5.8,2.0,24.2,35,18.9,0
15129500,2022,tmax,2,10.5,4.14,30.8,21,18.11,0
15129500,2025,tmax,2,6.0,1.3,6.0,12,16.11,0
15129500,2014,tmax,0,0.0,0.0,0.0,0,8.87,0
15129500,2015,tmax,0,0.0,0.0,0.0,0,17.1,0
15129500,2017,tmax,0,0.0,0.0,0.0,0,16.51,0
15129500,2020,tmax,0,0.0,0.0,0.0,0,16.19,0
15129500,2021,tmax,0,0.0,0.0,0.0,0,16.67,0
15129500,2023,tmax,0,0.0,0.0,0.0,0,16.7,0
15129500,2024,tmax,0,0.0,0.0,0.0,0,16.94,0
15200280,2016,tmax,2,5.5,2.0,10.8,11,19.5,0
15200280,2017,tmax,2,7.0,4.35,21.2,14,17.61,0
15200280,2018,tmax,2,8.5,1.0,4.3,17,18.07,0
15200280,2019,tmax,2,5.5,1.7,9.1,11,22.59,7
15200280,2020,tmax,2,6.0,0.9,4.7,12,16.9,0
15200280,2022,tmax,1,5.0,0.77,1.7,5,20.97,0
15200280,2023,tmax,2,14.5,2.7,28.5,29,20.39,0
15200280,2024,tmax,1,16.0,0.2,2.7,16,19.74,0
15200280,2025,tmax,5,12.2,2.0,21.6,61,18.67,0
15200280,2014,tmax,0,0.0,0.0,0.0,0,15.77,0
15200280,2015,tmax,0,0.0,0.0,0.0,0,17.71,0
15200280,2021,tmax,0,0.0,0.0,0.0,0,19.3,0
15236900,2020,tmax,1,5.0,0.55,1.3,5,3.39,0
15236900,2024,tmax,1,7.0,0.8,4.1,7,3.44,0
15236900,2016,tmax,0,0.0,0.0,0.0,0,2.53,0
15236900,2017,tmax,0,0.0,0.0,0.0,0,2.57,0
15236900,2018,tmax,0,0.0,0.0,0.0,0,3.07,0
15236900,2019,tmax,0,0.0,0.0,0.0,0,3.64,0
15236900,2021,tmax,0,0.0,0.0,0.0,0,3.06,0
15236900,2022,tmax,0,0.0,0.0,0.0,0,3.03,0
15236900,2023,tmax,0,0.0,0.0,0.0,0,3.5,0
15266110,2000,tmax,1,5.0,0.22,0.8,5,13.36,0
15266110,2001,tmax,1,12.0,1.98,13.3,12,14.5,0
15266110,1998,tmax,0,0.0,0.0,0.0,0,8.07,0
15266110,1999,tmax,0,0.0,0.0,0.0,0,13.71,0
15266300,2001,tmax,2,7.0,1.18,7.9,14,14.29,0
15266300,2015,tmax,1,5.0,3.1,11.3,5,16.03,0
15266300,2016,tmax,4,6.0,1.6,18.7,24,15.96,0
15266300,2018,tmax,4,10.2,0.9,18.3,41,13.41,0
15266300,2019,tmax,3,7.7,3.3,47.5,23,17.69,0
15266300,2020,tmax,1,10.0,1.5,5.5,10,14.94,0
15266300,2022,tmax,3,12.7,3.6,53.4,38,15.43,0
15266300,2023,tmax,1,5.0,0.3,0.8,5,14.9,0
15266300,2024,tmax,1,5.0,0.6,1.9,5,13.86,0
15266300,2025,tmax,9,12.9,2.1,79.4,116,15.5,0
15266300,1998,tmax,0,0.0,0.0,0.0,0,6.5,0
15266300,1999,tmax,0,0.0,0.0,0.0,0,14.07,0
15266300,2000,tmax,0,0.0,0.0,0.0,0,13.43,0
15266300,2002,tmax,0,0.0,0.0,0.0,0,,0
15266300,2003,tmax,0,0.0,0.0,0.0,0,,0
15266300,2004,tmax,0,0.0,0.0,0.0,0,,0
15266300,2005,tmax,0,0.0,0.0,0.0,0,,0
15266300,2006,tmax,0,0.0,0.0,0.0,0,,0
15266300,2007,tmax,0,0.0,0.0,0.0,0,,0
15266300,2008,tmax,0,0.0,0.0,0.0,0,,0
15266300,2009,tmax,0,0.0,0.0,0.0,0,,0
15266300,2010,tmax,0,0.0,0.0,0.0,0,,0
15266300,2011,tmax,0,0.0,0.0,0.0,0,,0
15266300,2012,tmax,0,0.0,0.0,0.0,0,,0
15266300,2013,tmax,0,0.0,0.0,0.0,0,,0
15266300,2014,tmax,0,0.0,0.0,0.0,0,15.09,0
15266300,2017,tmax,0,0.0,0.0,0.0,0,14.44,0
15266300,2021,tmax,0,0.0,0.0,0.0,0,14.77,0
15272380,2002,tmax,3,6.7,1.5,12.5,20,5.0,0
15272380,2003,tmax,6,6.5,2.0,29.4,39,9.14,0
15272380,2004,tmax,0,0.0,0.0,0.0,0,9.21,0
15272380,2005,tmax,0,0.0,0.0,0.0,0,5.64,0
15272380,2006,tmax,0,0.0,0.0,0.0,0,8.36,0
15272380,2007,tmax,0,0.0,0.0,0.0,0,8.64,0
15272380,2008,tmax,0,0.0,0.0,0.0,0,7.57,0
15272380,2009,tmax,0,0.0,0.0,0.0,0,9.36,0
15272380,2010,tmax,0,0.0,0.0,0.0,0,8.14,0
15272380,2011,tmax,0,0.0,0.0,0.0,0,8.86,0
15283700,2013,tmax,1,5.0,0.9,3.0,5,13.36,0
15283700,2015,tmax,1,7.0,2.2,9.6,7,13.4,0
15283700,2016,tmax,3,7.3,1.7,19.7,22,13.53,0
15283700,2019,tmax,7,7.6,2.3,35.3,53,15.01,0
15283700,2021,tmax,1,7.0,0.2,0.7,7,12.26,0
15283700,2022,tmax,4,28.5,1.0,51.3,114,12.13,0
15283700,2024,tmax,1,5.0,0.3,0.9,5,11.19,0
15283700,2025,tmax,2,13.5,0.6,7.6,27,10.96,0
15283700,2010,tmax,0,0.0,0.0,0.0,0,5.43,0
15283700,2011,tmax,0,0.0,0.0,0.0,0,11.14,0
15283700,2012,tmax,0,0.0,0.0,0.0,0,10.86,0
15283700,2014,tmax,0,0.0,0.0,0.0,0,11.37,0
15283700,2017,tmax,0,0.0,0.0,0.0,0,12.21,0
15283700,2018,tmax,0,0.0,0.0,0.0,0,11.04,0
15283700,2020,tmax,0,0.0,0.0,0.0,0,11.01,0
15283700,2023,tmax,0,0.0,0.0,0.0,0,11.67,0
15284000,2015,tmax,1,5.0,1.2,3.5,5,12.64,0
15284000,2016,tmax,0,0.0,0.0,0.0,0,12.31,0
15284000,2017,tmax,0,0.0,0.0,0.0,0,11.67,0
15284000,2018,tmax,0,0.0,0.0,0.0,0,11.73,0
15284000,2019,tmax,0,0.0,0.0,0.0,0,11.96,0
15284000,2020,tmax,0,0.0,0.0,0.0,0,11.6,0
15284000,2021,tmax,0,0.0,0.0,0.0,0,11.79,0
15284000,2022,tmax,0,0.0,0.0,0.0,0,11.87,0
15284000,2023,tmax,0,0.0,0.0,0.0,0,10.96,0
15284000,2024,tmax,0,0.0,0.0,0.0,0,11.3,0
15284000,2025,tmax,0,0.0,0.0,0.0,0,11.57,0
15290000,2015,tmax,1,7.0,1.6,9.0,7,13.36,0
15290000,2016,tmax,1,5.0,0.15,0.5,5,13.21,0
15290000,2017,tmax,1,5.0,0.92,2.8,5,12.31,0
15290000,2019,tmax,3,6.7,2.1,20.8,20,15.46,0
15290000,2022,tmax,3,5.7,0.3,3.0,17,11.66,0
15290000,2023,tmax,1,9.0,0.4,1.9,9,12.53,0
15290000,2025,tmax,1,11.0,0.5,2.9,11,10.83,0
15290000,2014,tmax,0,0.0,0.0,0.0,0,3.16,0
15290000,2018,tmax,0,0.0,0.0,0.0,0,11.17,0
15290000,2020,tmax,0,0.0,0.0,0.0,0,11.19,0
15290000,2021,tmax,0,0.0,0.0,0.0,0,12.91,0
15290000,2024,tmax,0,0.0,0.0,0.0,0,11.5,0
15291000,2012,tmax,0,0.0,0.0,0.0,0,8.86,0
15291000,2013,tmax,0,0.0,0.0,0.0,0,9.5,0
15291000,2014,tmax,0,0.0,0.0,0.0,0,9.4,0
15292700,2013,tmax,1,7.0,1.28,5.5,7,13.5,0
15292700,2015,tmax,2,8.0,2.09,18.1,16,14.29,0
15292700,2017,tmax,1,5.0,1.27,4.9,5,11.59,0
15292700,2019,tmax,6,6.2,2.19,33.5,37,14.5,0
15292700,2021,tmax,1,5.0,0.79,2.4,5,13.23,0
15292700,2023,tmax,1,6.0,0.8,3.6,6,13.07,0
15292700,2025,tmax,2,6.0,0.66,3.8,12,12.31,0
15292700,2011,tmax,0,0.0,0.0,0.0,0,4.87,0
15292700,2012,tmax,0,0.0,0.0,0.0,0,11.43,0
15292700,2014,tmax,0,0.0,0.0,0.0,0,11.56,0
15292700,2016,tmax,0,0.0,0.0,0.0,0,12.3,0
15292700,2018,tmax,0,0.0,0.0,0.0,0,12.39,0
15292700,2020,tmax,0,0.0,0.0,0.0,0,12.76,0
15292700,2022,tmax,0,0.0,0.0,0.0,0,12.41,0
15292700,2024,tmax,0,0.0,0.0,0.0,0,12.57,0
15294005,1985,tmax,1,59.0,0.1,5.8,59,11.21,0
15294005,2015,tmax,1,7.0,1.82,8.6,7,15.99,0
15294005,2016,tmax,1,6.0,0.26,1.1,6,16.37,0
15294005,2019,tmax,7,6.9,3.19,51.2,48,19.13,0
15294005,2023,tmax,1,97.0,0.1,9.5,97,15.47,0
15294005,2024,tmax,1,98.0,0.2,9.7,98,14.24,0
15294005,2025,tmax,2,22.0,0.1,4.3,44,14.7,0
15294005,1990,tmax,0,0.0,0.0,0.0,0,10.57,0
15294005,1991,tmax,0,0.0,0.0,0.0,0,,0
15294005,1992,tmax,0,0.0,0.0,0.0,0,,0
15294005,1993,tmax,0,0.0,0.0,0.0,0,,0
15294005,1994,tmax,0,0.0,0.0,0.0,0,,0
15294005,1995,tmax,0,0.0,0.0,0.0,0,,0
15294005,1996,tmax,0,0.0,0.0,0.0,0,,0
15294005,1997,tmax,0,0.0,0.0,0.0,0,,0
15294005,1998,tmax,0,0.0,0.0,0.0,0,,0
15294005,1999,tmax,0,0.0,0.0,0.0,0,,0
15294005,2000,tmax,0,0.0,0.0,0.0,0,,0
15294005,2001,tmax,0,0.0,0.0,0.0,0,,0
15294005,2002,tmax,0,0.0,0.0,0.0,0,,0
15294005,2003,tmax,0,0.0,0.0,0.0,0,,0
15294005,2004,tmax,0,0.0,0.0,0.0,0,,0
15294005,2005,tmax,0,0.0,0.0,0.0,0,,0
15294005,2006,tmax,0,0.0,0.0,0.0,0,,0
15294005,2007,tmax,0,0.0,0.0,0.0,0,,0
15294005,2008,tmax,0,0.0,0.0,0.0,0,,0
15294005,2009,tmax,0,0.0,0.0,0.0,0,,0
15294005,2010,tmax,0,0.0,0.0,0.0,0,,0
15294005,2011,tmax,0,0.0,0.0,0.0,0,,0
15294005,2012,tmax,0,0.0,0.0,0.0,0,,0
15294005,2013,tmax,0,0.0,0.0,0.0,0,,0
15294005,2014,tmax,0,0.0,0.0,0.0,0,13.13,0
15294005,2017,tmax,0,0.0,0.0,0.0,0,14.97,0
15294005,2018,tmax,0,0.0,0.0,0.0,0,14.21,0
15294005,2020,tmax,0,0.0,0.0,0.0,0,13.29,0
15294005,2021,tmax,0,0.0,0.0,0.0,0,15.51,0
15294005,2022,tmax,0,0.0,0.0,0.0,0,14.83,0
15297610,2004,tmax,1,5.0,1.02,3.9,5,14.5,0
15297610,2010,tmax,1,6.0,1.5,4.8,6,12.43,0
15297610,2013,tmax,2,7.5,1.93,15.7,15,13.4,0
15297610,2014,tmax,2,6.0,3.7,25.8,12,14.79,0
15297610,2015,tmax,2,5.5,3.1,13.9,11,13.99,0
15297610,2016,tmax,4,5.8,4.3,21.0,23,14.77,0
15297610,2018,tmax,1,6.0,3.32,10.7,6,14.77,0
15297610,2019,tmax,4,9.0,3.46,49.6,36,17.5,0
15297610,2021,tmax,1,8.0,2.8,13.5,8,14.34,0
15297610,2022,tmax,1,8.0,1.0,5.5,8,13.17,0
15297610,2023,tmax,3,6.7,1.6,10.9,20,14.16,0
15297610,2024,tmax,2,9.5,1.4,12.4,19,12.24,0
15297610,2025,tmax,4,7.8,1.6,20.8,31,13.89,0
15297610,1996,tmax,0,0.0,0.0,0.0,0,6.57,0
15297610,1997,tmax,0,0.0,0.0,0.0,0,11.29,0
15297610,1998,tmax,0,0.0,0.0,0.0,0,6.79,0
15297610,1999,tmax,0,0.0,0.0,0.0,0,12.14,0
15297610,2000,tmax,0,0.0,0.0,0.0,0,11.21,0
15297610,2001,tmax,0,0.0,0.0,0.0,0,13.71,0
15297610,2002,tmax,0,0.0,0.0,0.0,0,8.21,0
15297610,2003,tmax,0,0.0,0.0,0.0,0,12.43,0
15297610,2005,tmax,0,0.0,0.0,0.0,0,12.71,0
15297610,2006,tmax,0,0.0,0.0,0.0,0,13.07,0
15297610,2007,tmax,0,0.0,0.0,0.0,0,13.36,0
15297610,2008,tmax,0,0.0,0.0,0.0,0,13.5,0
15297610,2009,tmax,0,0.0,0.0,0.0,0,12.43,0
15297610,2011,tmax,0,0.0,0.0,0.0,0,14.29,0
15297610,2012,tmax,0,0.0,0.0,0.0,0,11.57,0
15297610,2017,tmax,0,0.0,0.0,0.0,0,14.09,0
15297610,2020,tmax,0,0.0,0.0,0.0,0,13.87,0
15300250,2013,tmax,1,7.0,2.47,11.0,7,15.57,0
15300250,2014,tmax,4,8.8,2.7,41.0,35,13.93,0
15300250,2015,tmax,5,6.0,2.56,26.1,30,15.33,0
15300250,2016,tmax,6,8.5,2.4,55.8,51,14.7,0
15300250,2006,tmax,0,0.0,0.0,0.0,0,13.71,0
15300250,2007,tmax,0,0.0,0.0,0.0,0,12.79,0
15300250,2008,tmax,0,0.0,0.0,0.0,0,12.0,0
15300250,2009,tmax,0,0.0,0.0,0.0,0,14.43,0
15300250,2010,tmax,0,0.0,0.0,0.0,0,12.14,0
15300250,2011,tmax,0,0.0,0.0,0.0,0,11.43,0
15300250,2012,tmax,0,0.0,0.0,0.0,0,12.0,0
15300300,2015,tmax,2,6.0,0.7,3.7,12,13.61,0
15300300,2016,tmax,2,7.5,0.72,6.6,15,12.93,0
15300300,2018,tmax,2,5.0,1.11,4.5,10,11.41,0
15300300,2019,tmax,5,6.4,1.87,22.5,32,15.5,0
15300300,2024,tmax,1,10.0,1.5,7.8,10,10.81,0
15300300,2013,tmax,0,0.0,0.0,0.0,0,5.67,0
15300300,2014,tmax,0,0.0,0.0,0.0,0,13.86,0
15300300,2017,tmax,0,0.0,0.0,0.0,0,13.66,0
15300300,2020,tmax,0,0.0,0.0,0.0,0,13.9,0
15300300,2021,tmax,0,0.0,0.0,0.0,0,12.69,0
15300300,2022,tmax,0,0.0,0.0,0.0,0,11.36,0
15300300,2023,tmax,0,0.0,0.0,0.0,0,13.11,0
15300300,2025,tmax,0,0.0,0.0,0.0,0,10.97,0
15302000,2014,tmax,1,5.0,0.7,1.8,5,17.86,0
15302000,2016,tmax,1,5.0,1.0,3.9,5,19.57,0
15302000,2018,tmax,1,5.0,0.48,1.1,5,13.79,0
15302000,2019,tmax,2,6.5,2.47,15.3,13,20.11,0
15302000,2025,tmax,2,10.0,0.9,8.9,20,15.81,0
15302000,2013,tmax,0,0.0,0.0,0.0,0,,0
15302000,2015,tmax,0,0.0,0.0,0.0,0,18.57,0
15302000,2017,tmax,0,0.0,0.0,0.0,0,17.57,0
15302000,2020,tmax,0,0.0,0.0,0.0,0,18.74,0
15302000,2021,tmax,0,0.0,0.0,0.0,0,16.47,0
15302000,2022,tmax,0,0.0,0.0,0.0,0,15.26,0
15302000,2023,tmax,0,0.0,0.0,0.0,0,15.33,0
15302000,2024,tmax,0,0.0,0.0,0.0,0,14.71,0
15302200,2009,tmax,1,5.0,1.0,4.0,5,12.21,0
15302200,2013,tmax,1,7.0,2.0,10.5,7,16.5,0
15302200,2014,tmax,3,10.7,5.63,80.6,32,14.77,0
15302200,2015,tmax,6,7.3,3.71,44.4,44,16.54,0
15302200,2018,tmax,1,5.0,1.0,2.6,5,14.0,0
15302200,2019,tmax,6,9.0,3.3,67.1,54,18.73,0
15302200,2020,tmax,2,5.0,1.84,6.7,10,14.86,0
15302200,2022,tmax,1,6.0,2.32,8.0,6,14.16,0
15302200,2006,tmax,0,0.0,0.0,0.0,0,15.0,0
15302200,2007,tmax,0,0.0,0.0,0.0,0,14.5,0
15302200,2008,tmax,0,0.0,0.0,0.0,0,13.5,0
15302200,2010,tmax,0,0.0,0.0,0.0,0,12.86,0
15302200,2011,tmax,0,0.0,0.0,0.0,0,11.14,0
15302200,2012,tmax,0,0.0,0.0,0.0,0,12.43,0
15302200,2016,tmax,0,0.0,0.0,0.0,0,,0
15302200,2017,tmax,0,0.0,0.0,0.0,0,11.01,0
15302200,2021,tmax,0,0.0,0.0,0.0,0,14.16,0
15302250,2007,tmax,1,6.0,1.02,4.3,6,16.07,0
15302250,2009,tmax,1,5.0,0.9,3.4,5,18.43,0
15302250,2013,tmax,1,7.0,2.5,12.5,7,19.29,0
15302250,2014,tmax,4,14.5,6.18,94.0,58,14.57,0
15302250,2015,tmax,4,6.5,3.96,41.0,26,17.91,0
15302250,2019,tmax,8,9.4,4.31,114.2,75,21.61,3
15302250,2008,tmax,0,0.0,0.0,0.0,0,14.36,0
15302250,2010,tmax,0,0.0,0.0,0.0,0,13.86,0
15302250,2011,tmax,0,0.0,0.0,0.0,0,13.29,0
15302250,2012,tmax,0,0.0,0.0,0.0,0,14.71,0
15302250,2016,tmax,0,0.0,0.0,0.0,0,,0
15302250,2017,tmax,0,0.0,0.0,0.0,0,,0
15302250,2018,tmax,0,0.0,0.0,0.0,0,15.96,0
15302250,2020,tmax,0,0.0,0.0,0.0,0,17.27,0
15302250,2021,tmax,0,0.0,0.0,0.0,0,17.04,0
15302250,2022,tmax,0,0.0,0.0,0.0,0,15.47,0
15484000,2015,tmax,1,5.0,0.78,2.2,5,16.79,0
15484000,2016,tmax,1,5.0,2.5,8.9,5,15.1,0
15484000,2017,tmax,1,8.0,0.92,3.8,8,16.09,0
15484000,2019,tmax,3,6.7,2.1,13.7,20,17.86,0
15484000,2021,tmax,2,5.5,1.46,10.2,11,17.7,0
15484000,2022,tmax,1,22.0,1.82,15.4,22,16.26,0
15484000,2023,tmax,2,7.5,1.6,10.5,15,17.17,0
15484000,2025,tmax,2,6.5,0.88,5.2,13,16.29,0
15484000,2014,tmax,0,0.0,0.0,0.0,0,,0
15484000,2018,tmax,0,0.0,0.0,0.0,0,16.01,0
15484000,2020,tmax,0,0.0,0.0,0.0,0,12.99,0
15484000,2024,tmax,0,0.0,0.0,0.0,0,16.56,0
15493000,2013,tmax,1,5.0,0.4,1.3,5,3.19,0
15493000,2015,tmax,1,5.0,1.27,3.5,5,13.06,0
15493000,2017,tmax,1,9.0,2.41,11.1,9,12.84,0
15493000,2019,tmax,2,6.0,1.44,7.5,12,13.79,0
15493000,2022,tmax,1,25.0,1.6,18.0,25,10.14,0
15493000,2023,tmax,3,7.3,1.7,18.1,22,13.63,0
15493000,2014,tmax,0,0.0,0.0,0.0,0,9.7,0
15493000,2016,tmax,0,0.0,0.0,0.0,0,11.73,0
15493000,2018,tmax,0,0.0,0.0,0.0,0,12.07,0
15493000,2020,tmax,0,0.0,0.0,0.0,0,10.27,0
15493000,2021,tmax,0,0.0,0.0,0.0,0,12.26,0
15493000,2024,tmax,0,0.0,0.0,0.0,0,12.71,0
15493000,2025,tmax,0,0.0,0.0,0.0,0,12.17,0
15564879,2004,tmax,2,7.0,4.0,30.0,14,14.5,0
15564879,2005,tmax,1,6.0,1.0,5.1,6,13.29,0
15564879,2006,tmax,1,5.0,1.5,4.5,5,11.79,0
15564879,2007,tmax,1,9.0,1.5,10.0,9,14.71,0
15564879,2013,tmax,1,7.0,0.5,1.8,7,12.0,0
15564879,2015,tmax,2,5.0,2.8,11.6,10,14.13,0
15564879,2016,tmax,1,5.0,1.7,6.0,5,14.63,0
15564879,2019,tmax,2,9.5,2.0,23.6,19,15.84,0
15564879,2025,tmax,1,6.0,0.2,0.9,6,14.01,0
15564879,1998,tmax,0,0.0,0.0,0.0,0,13.0,0
15564879,1999,tmax,0,0.0,0.0,0.0,0,13.5,0
15564879,2000,tmax,0,0.0,0.0,0.0,0,11.64,0
15564879,2001,tmax,0,0.0,0.0,0.0,0,3.0,0
15564879,2002,tmax,0,0.0,0.0,0.0,0,13.43,0
15564879,2003,tmax,0,0.0,0.0,0.0,0,3.36,0
15564879,2008,tmax,0,0.0,0.0,0.0,0,14.36,0
15564879,2009,tmax,0,0.0,0.0,0.0,0,13.57,0
15564879,2010,tmax,0,0.0,0.0,0.0,0,13.36,0
15564879,2011,tmax,0,0.0,0.0,0.0,0,12.43,0
15564879,2012,tmax,0,0.0,0.0,0.0,0,13.21,0
15564879,2014,tmax,0,0.0,0.0,0.0,0,11.59,0
15564879,2017,tmax,0,0.0,0.0,0.0,0,13.54,0
15564879,2018,tmax,0,0.0,0.0,0.0,0,13.34,0
15564879,2020,tmax,0,0.0,0.0,0.0,0,0.0,0
15564879,2021,tmax,0,0.0,0.0,0.0,0,13.96,0
15564879,2022,tmax,0,0.0,0.0,0.0,0,,0
15564879,2023,tmax,0,0.0,0.0,0.0,0,13.66,0
15564879,2024,tmax,0,0.0,0.0,0.0,0,13.59,0
15803000,2007,tmax,4,10.8,3.67,52.2,43,18.21,0
15803000,2015,tmax,1,9.0,3.97,20.5,9,19.31,0
15803000,2019,tmax,1,9.0,2.1,11.3,9,18.14,0
15803000,2005,tmax,0,0.0,0.0,0.0,0,6.0,0
15803000,2006,tmax,0,0.0,0.0,0.0,0,15.86,0
15803000,2008,tmax,0,0.0,0.0,0.0,0,18.07,0
15803000,2009,tmax,0,0.0,0.0,0.0,0,,0
15803000,2010,tmax,0,0.0,0.0,0.0,0,,0
15803000,2011,tmax,0,0.0,0.0,0.0,0,,0
15803000,2012,tmax,0,0.0,0.0,0.0,0,,0
15803000,2013,tmax,0,0.0,0.0,0.0,0,0.5,0
15803000,2014,tmax,0,0.0,0.0,0.0,0,16.43,0
15803000,2016,tmax,0,0.0,0.0,0.0,0,18.76,0
15803000,2017,tmax,0,0.0,0.0,0.0,0,16.9,0
15803000,2018,tmax,0,0.0,0.0,0.0,0,15.84,0
15803000,2020,tmax,0,0.0,0.0,0.0,0,0.1,0
15803000,2021,tmax,0,0.0,0.0,0.0,0,14.97,0
15803000,2022,tmax,0,0.0,0.0,0.0,0,,0
15896000,2015,tmax,1,10.0,3.62,16.0,10,18.27,0
15896000,2017,tmax,1,5.0,1.7,6.7,5,16.37,0
15896000,2014,tmax,0,0.0,0.0,0.0,0,15.34,0
15896000,2016,tmax,0,0.0,0.0,0.0,0,18.46,0
15896000,2018,tmax,0,0.0,0.0,0.0,0,15.24,0
15896000,2019,tmax,0,0.0,0.0,0.0,0,16.73,0
15896000,2020,tmax,0,0.0,0.0,0.0,0,12.64,0
15896000,2021,tmax,0,0.0,0.0,0.0,0,15.76,0
15896000,2022,tmax,0,0.0,0.0,0.0,0,16.71,0
15908000,2015,tmax,1,6.0,1.47,5.2,6,16.13,0
15908000,2017,tmax,1,5.0,1.27,4.2,5,16.34,0
15908000,2019,tmax,1,5.0,2.1,5.5,5,16.17,0
15908000,2020,tmax,1,9.0,2.16,6.5,9,14.17,0
15908000,2025,tmax,1,5.0,1.61,5.0,5,16.23,0
15908000,2014,tmax,0,0.0,0.0,0.0,0,14.13,0
15908000,2016,tmax,0,0.0,0.0,0.0,0,15.39,0
15908000,2018,tmax,0,0.0,0.0,0.0,0,13.19,0
15908000,2021,tmax,0,0.0,0.0,0.0,0,16.34,0
15908000,2022,tmax,0,0.0,0.0,0.0,0,14.8,0
15908000,2023,tmax,0,0.0,0.0,0.0,0,13.26,0
15908000,2024,tmax,0,0.0,0.0,0.0,0,16.6,0
16303000,1999,tmax,0,0.0,0.0,0.0,0,22.87,0
16303000,2000,tmax,0,0.0,0.0,0.0,0,22.8,0
16303000,2001,tmax,0,0.0,0.0,0.0,0,,0
16303000,2002,tmax,0,0.0,0.0,0.0,0,,0
16303000,2003,tmax,0,0.0,0.0,0.0,0,,0
16303000,2004,tmax,0,0.0,0.0,0.0,0,22.4,0
16303000,2005,tmax,0,0.0,0.0,0.0,0,22.4,0
16618000,2023,tmax,3,5.7,1.4,9.4,17,23.03,100
16618000,2024,tmax,1,8.0,0.6,3.2,8,22.94,77
16618000,2025,tmax,4,7.5,1.5,16.1,30,23.59,106
16618000,2012,tmax,0,0.0,0.0,0.0,0,21.8,0
16618000,2013,tmax,0,0.0,0.0,0.0,0,20.39,0
16618000,2014,tmax,0,0.0,0.0,0.0,0,,0
16618000,2015,tmax,0,0.0,0.0,0.0,0,,0
16618000,2016,tmax,0,0.0,0.0,0.0,0,21.3,0
16618000,2017,tmax,0,0.0,0.0,0.0,0,22.7,0
16618000,2018,tmax,0,0.0,0.0,0.0,0,23.04,0
16618000,2019,tmax,0,0.0,0.0,0.0,0,22.93,0
16618000,2020,tmax,0,0.0,0.0,0.0,0,22.74,0
16618000,2021,tmax,0,0.0,0.0,0.0,0,22.6,0
16618000,2022,tmax,0,0.0,0.0,0.0,0,22.74,0
402114105350101,2002,tmax,1,6.0,2.6,13.0,6,20.6,0
402114105350101,2012,tmax,1,7.0,1.09,4.2,7,17.83,0
402114105350101,2015,tmax,1,10.0,1.57,8.2,10,17.16,0
402114105350101,2018,tmax,1,5.0,1.1,4.2,5,19.06,0
402114105350101,2022,tmax,1,5.0,2.4,4.7,5,19.27,0
402114105350101,2024,tmax,3,5.7,2.6,17.3,17,19.71,0
402114105350101,2025,tmax,1,14.0,3.63,16.0,14,18.67,0
402114105350101,2003,tmax,0,0.0,0.0,0.0,0,,0
402114105350101,2004,tmax,0,0.0,0.0,0.0,0,,0
402114105350101,2005,tmax,0,0.0,0.0,0.0,0,,0
402114105350101,2006,tmax,0,0.0,0.0,0.0,0,,0
402114105350101,2007,tmax,0,0.0,0.0,0.0,0,,0
402114105350101,2008,tmax,0,0.0,0.0,0.0,0,,0
402114105350101,2009,tmax,0,0.0,0.0,0.0,0,,0
402114105350101,2010,tmax,0,0.0,0.0,0.0,0,,0
402114105350101,2011,tmax,0,0.0,0.0,0.0,0,,0
402114105350101,2013,tmax,0,0.0,0.0,0.0,0,17.91,0
402114105350101,2014,tmax,0,0.0,0.0,0.0,0,15.87,0
402114105350101,2016,tmax,0,0.0,0.0,0.0,0,17.06,0
402114105350101,2017,tmax,0,0.0,0.0,0.0,0,15.8,0
402114105350101,2019,tmax,0,0.0,0.0,0.0,0,16.71,0
402114105350101,2020,tmax,0,0.0,0.0,0.0,0,17.96,0
402114105350101,2021,tmax,0,0.0,0.0,0.0,0,18.93,0
402114105350101,2023,tmax,0,0.0,0.0,0.0,0,18.87,0
02011400,1985,tmean,3,7.0,3.7,40.3,21,24.24,37
02011400,1986,tmean,3,7.3,1.87,23.3,22,26.11,57
02011400,1988,tmean,2,9.0,2.2,17.4,18,26.07,58
02011400,1990,tmean,3,5.7,4.2,26.7,17,24.21,61
02011400,1991,tmean,3,8.3,3.0,44.8,25,25.24,72
02011400,1992,tmean,2,7.0,2.4,15.4,14,24.87,45
02011400,1993,tmean,3,7.0,3.1,21.7,21,26.01,85
02011400,1994,tmean,2,7.5,1.6,14.3,15,25.66,62
02011400,1995,tmean,3,6.3,3.76,27.8,19,26.5,55
02011400,1998,tmean,2,5.5,1.4,5.6,11,24.56,73
02011400,1999,tmean,3,6.3,2.1,18.4,19,25.94,64
02011400,2000,tmean,1,5.0,1.9,5.7,5,24.06,43
02011400,2007,tmean,4,7.2,2.6,31.6,29,26.74,73
02011400,2008,tmean,1,5.0,1.54,5.4,5,24.89,76
02011400,2010,tmean,2,11.0,2.72,19.8,22,26.24,78
02011400,2011,tmean,2,9.5,2.3,12.3,19,26.77,72
02011400,2012,tmean,2,8.0,3.4,29.0,16,26.77,74
02011400,2013,tmean,1,5.0,2.44,6.2,5,23.41,43
02011400,2014,tmean,1,5.0,1.1,2.9,5,24.54,62
02011400,2015,tmean,3,7.3,4.5,40.4,22,24.5,65
02011400,2016,tmean,5,5.8,2.1,35.8,29,26.3,58
02011400,2017,tmean,3,9.3,3.81,52.2,28,25.46,36
02011400,2018,tmean,2,8.5,4.76,32.4,17,25.24,68
02011400,2019,tmean,2,5.5,2.37,11.5,11,24.83,67
02011400,2020,tmean,4,5.2,3.4,33.2,21,25.54,50
02011400,2021,tmean,6,6.8,4.44,63.9,41,26.13,78
02011400,1996,tmean,0,0.0,0.0,0.0,0,23.6,0
02011400,1997,tmean,0,0.0,0.0,0.0,0,24.66,0
02011400,2001,tmean,0,0.0,0.0,0.0,0,24.76,0
02011400,2002,tmean,0,0.0,0.0,0.0,0,25.4,0
02011400,2003,tmean,0,0.0,0.0,0.0,0,23.54,0
02011400,2004,tmean,0,0.0,0.0,0.0,0,,0
02011400,2005,tmean,0,0.0,0.0,0.0,0,,0
02011400,2006,tmean,0,0.0,0.0,0.0,0,16.21,0
02011400,2009,tmean,0,0.0,0.0,0.0,0,24.69,0
02011400,2022,tmean,0,0.0,0.0,0.0,0,8.83,0
02014000,2007,tmean,2,96.0,12.93,1346.6,192,25.37,71
02014000,2008,tmean,3,58.7,11.13,1062.0,176,23.39,39
02014000,2009,tmean,0,0.0,0.0,0.0,0,10.14,0
02018000,2007,tmean,2,102.5,16.44,1972.1,205,27.23,102
02018000,2008,tmean,3,60.0,15.44,1609.8,180,26.01,90
02018000,2009,tmean,0,0.0,0.0,0.0,0,10.96,0
02032640,2007,tmean,2,56.0,8.59,411.7,112,28.59,119
02032640,2008,tmean,4,25.5,7.39,351.6,102,27.77,97
02032640,2006,tmean,0,0.0,0.0,0.0,0,17.59,0
02038850,2015,tmax,2,5.5,6.52,24.8,11,23.07,47
02038850,2017,tmax,1,6.0,1.3,4.0,6,23.66,30
02038850,2018,tmax,2,6.0,2.72,12.8,12,24.44,65
02038850,2019,tmax,1,7.0,2.8,12.2,7,25.24,80
02038850,2020,tmax,3,5.3,2.86,21.5,16,26.44,82
02038850,2021,tmax,2,5.0,3.02,11.5,10,25.81,70
02038850,2022,tmax,1,7.0,3.66,13.9,7,26.29,82
02038850,2024,tmax,4,8.2,5.4,53.4,33,26.1,66
02038850,2025,tmax,2,5.5,3.1,20.3,11,24.76,54
02038850,2014,tmax,0,0.0,0.0,0.0,0,16.99,0
02038850,2016,tmax,0,0.0,0.0,0.0,0,24.4,0
02038850,2023,tmax,0,0.0,0.0,0.0,0,24.76,0
02059485,2007,tmean,1,7.0,1.56,4.7,7,26.76,89
02059485,2008,tmean,1,6.0,1.04,3.7,6,25.91,89
02059485,2010,tmean,2,5.5,2.3,10.7,11,26.6,87
02059485,2006,tmean,0,0.0,0.0,0.0,0,7.04,0
02059485,2009,tmean,0,0.0,0.0,0.0,0,24.01,0
02059485,2011,tmean,0,0.0,0.0,0.0,0,26.79,0
02059485,2012,tmean,0,0.0,0.0,0.0,0,6.41,0
02059500,2007,tmean,5,22.2,7.59,359.7,111,28.79,121
02059500,2008,tmean,2,49.5,6.99,332.8,99,28.64,106
02059500,2006,tmean,0,0.0,0.0,0.0,0,17.27,0
02061000,2007,tmean,2,5.5,1.26,5.0,11,26.5,76
02061000,2008,tmean,1,6.0,1.38,4.8,6,25.17,55
02061000,2010,tmean,1,7.0,1.38,3.4,7,26.39,63
02061000,2006,tmean,0,0.0,0.0,0.0,0,7.63,0
02061000,2009,tmean,0,0.0,0.0,0.0,0,23.93,0
02061000,2011,tmean,0,0.0,0.0,0.0,0,26.16,0
02061000,2012,tmean,0,0.0,0.0,0.0,0,6.93,0
02077200,1985,tmax,3,8.0,1.73,20.3,24,26.1,106
02077200,1990,tmax,3,5.7,3.16,32.3,17,27.21,92
02077200,1991,tmax,2,8.0,3.0,24.2,16,28.5,108
02077200,1992,tmax,1,5.0,0.94,2.5,5,27.86,78
02077200,1996,tmax,1,5.0,2.1,5.6,5,28.07,91
02077200,2001,tmax,1,6.0,2.6,11.3,6,26.87,108
02077200,2002,tmax,3,6.7,5.7,42.9,20,27.77,58
02077200,2003,tmax,1,5.0,1.8,5.6,5,27.03,89
02077200,2004,tmax,6,6.2,3.12,46.8,37,27.7,137
02077200,2005,tmax,2,7.0,2.17,17.9,14,28.37,108
02077200,2006,tmax,2,5.5,2.9,14.5,11,29.01,108
02077200,2007,tmax,2,6.0,2.6,15.4,12,28.11,92
02077200,2008,tmax,1,7.0,2.8,15.3,7,28.5,84
02077200,2010,tmax,3,7.0,3.16,26.0,21,29.57,122
02077200,2011,tmax,1,6.0,4.6,10.6,6,29.1,95
02077200,2012,tmax,1,11.0,3.0,15.7,11,27.34,90
02077200,2015,tmax,5,6.8,6.2,70.7,34,28.2,103
02077200,2016,tmax,2,7.0,2.54,19.0,14,28.3,126
02077200,2017,tmax,3,7.0,3.9,30.7,21,28.36,126
02077200,2018,tmax,4,7.0,3.88,38.8,28,27.16,139
02077200,2019,tmax,2,6.0,1.2,9.6,12,28.09,128
02077200,2020,tmax,3,6.7,3.6,34.8,20,27.97,95
02077200,2021,tmax,1,6.0,4.86,21.9,6,26.61,104
02077200,2023,tmax,1,6.0,2.82,6.8,6,26.29,73
02077200,2025,tmax,1,5.0,4.05,11.8,5,28.21,84
02077200,1993,tmax,0,0.0,0.0,0.0,0,18.57,0
02077200,1994,tmax,0,0.0,0.0,0.0,0,26.31,0
02077200,1995,tmax,0,0.0,0.0,0.0,0,24.5,0
02077200,1997,tmax,0,0.0,0.0,0.0,0,26.96,0
02077200,1998,tmax,0,0.0,0.0,0.0,0,26.94,0
02077200,1999,tmax,0,0.0,0.0,0.0,0,28.74,0
02077200,2000,tmax,0,0.0,0.0,0.0,0,26.87,0
02077200,2009,tmax,0,0.0,0.0,0.0,0,26.73,0
02077200,2013,tmax,0,0.0,0.0,0.0,0,26.69,0
02077200,2014,tmax,0,0.0,0.0,0.0,0,25.93,0
02077200,2022,tmax,0,0.0,0.0,0.0,0,27.2,0
02077200,2024,tmax,0,0.0,0.0,0.0,0,27.2,0
02084557,2002,tmax,2,8.5,2.28,16.0,17,26.0,93
02084557,2003,tmax,0,0.0,0.0,0.0,0,23.93,0
02084557,2004,tmax,0,0.0,0.0,0.0,0,24.44,0
02110500,2007,tmax,7,8.0,3.7,84.5,56,33.8,170
02110500,2008,tmax,2,7.5,1.9,16.3,15,32.73,138
02110500,2010,tmax,2,8.0,2.8,19.3,16,32.4,155
02110500,2011,tmax,5,6.8,1.9,26.6,34,33.19,160
02110500,2012,tmax,3,6.0,1.5,11.8,18,32.94,142
02110500,2015,tmax,2,8.5,5.8,51.7,17,31.37,141
02110500,2016,tmax,1,9.0,2.16,13.4,9,31.04,147
02110500,2017,tmax,1,9.0,1.43,7.8,9,30.27,162
02110500,2018,tmax,1,16.0,3.62,30.4,16,29.4,131
02110500,2019,tmax,3,7.0,2.42,19.6,21,31.9,166
02110500,2020,tmax,3,6.3,3.5,31.7,19,29.03,140
02110500,2021,tmax,2,6.0,2.4,11.8,12,30.56,174
02110500,2022,tmax,6,7.2,3.53,66.0,43,32.24,158
02110500,2023,tmax,2,7.5,4.22,34.2,15,30.74,147
02110500,2024,tmax,4,8.0,3.2,51.6,32,33.44,164
02110500,2025,tmax,2,16.5,3.6,64.4,33,29.17,182
02110500,2009,tmax,0,0.0,0.0,0.0,0,31.09,0
02110500,2013,tmax,0,0.0,0.0,0.0,0,26.77,0
02110500,2014,tmax,0,0.0,0.0,0.0,0,30.37,0
02137727,2015,tmax,8,6.6,2.56,41.3,53,26.73,97
02137727,2016,tmax,2,6.5,1.7,9.6,13,26.76,110
02137727,2017,tmax,3,6.3,1.87,14.6,19,25.04,67
02137727,2018,tmax,1,7.0,2.65,9.7,7,22.93,42
02137727,2019,tmax,1,7.0,1.8,7.2,7,23.99,81
02137727,2020,tmax,1,8.0,2.9,12.5,8,24.04,45
02137727,2021,tmax,1,5.0,2.4,5.4,5,25.53,83
02137727,2022,tmax,3,5.7,2.97,17.1,17,26.36,87
02137727,2023,tmax,3,5.7,1.68,14.7,17,25.36,79
02137727,2024,tmax,7,7.0,3.08,50.2,49,26.66,92
02137727,2025,tmax,9,7.0,5.91,88.9,63,27.44,80
02137727,2013,tmax,0,0.0,0.0,0.0,0,21.83,0
02137727,2014,tmax,0,0.0,0.0,0.0,0,23.54,0
02204130,2006,tmax,1,5.0,1.42,4.1,5,26.4,105
02204130,2011,tmax,1,5.0,0.8,2.8,5,26.79,111
02204130,2012,tmax,2,5.0,3.43,12.9,10,26.86,106
02204130,2003,tmax,0,0.0,0.0,0.0,0,24.76,0
02204130,2004,tmax,0,0.0,0.0,0.0,0,24.94,0
02204130,2005,tmax,0,0.0,0.0,0.0,0,25.71,0
02204130,2007,tmax,0,0.0,0.0,0.0,0,15.04,0
02204130,2008,tmax,0,0.0,0.0,0.0,0,,0
02204130,2009,tmax,0,0.0,0.0,0.0,0,,0
02204130,2010,tmax,0,0.0,0.0,0.0,0,,0
02266200,2010,tmax,2,7.0,2.2,16.9,14,29.8,59
02266200,2011,tmax,2,5.0,1.9,8.4,10,27.06,135
02266200,2013,tmax,1,6.0,0.7,2.4,6,28.39,198
02266200,2015,tmax,3,8.3,2.18,22.9,25,28.9,259
02266200,2016,tmax,1,5.0,0.45,1.4,5,29.3,223
02266200,2017,tmax,1,5.0,0.8,2.1,5,28.89,148
02266200,2018,tmax,3,6.3,0.71,6.4,19,28.57,224
02266200,2019,tmax,3,6.3,1.2,11.3,19,29.66,232
02266200,2020,tmax,3,5.0,1.2,9.3,15,29.57,222
02266200,2022,tmax,7,5.9,2.3,25.0,41,29.34,249
02266200,2023,tmax,6,9.5,2.8,68.3,57,30.57,240
02266200,2024,tmax,6,9.3,5.59,86.0,56,31.94,236
02266200,2025,tmax,5,11.2,3.1,64.7,56,29.76,223
02266200,2009,tmax,0,0.0,0.0,0.0,0,28.83,0
02266200,2012,tmax,0,0.0,0.0,0.0,0,28.23,0
02266200,2014,tmax,0,0.0,0.0,0.0,0,28.83,0
02266200,2021,tmax,0,0.0,0.0,0.0,0,29.06,0
02298123,2002,tmax,2,5.5,1.0,6.2,11,32.21,100
02298123,2003,tmax,2,9.5,1.9,14.3,19,30.26,79
02298123,2005,tmax,5,15.6,4.0,164.3,78,33.6,157
02298123,2001,tmax,0,0.0,0.0,0.0,0,24.59,0
02298123,2004,tmax,0,0.0,0.0,0.0,0,24.53,0
02298123,2006,tmax,0,0.0,0.0,0.0,0,21.71,0
02298488,2008,tmax,4,6.2,1.38,12.4,25,28.83,226
02298488,2009,tmax,1,5.0,1.1,3.7,5,28.69,210
02298488,2010,tmax,1,7.0,1.05,4.7,7,29.63,183
02298488,2006,tmax,0,0.0,0.0,0.0,0,27.79,0
02298488,2007,tmax,0,0.0,0.0,0.0,0,29.19,0
02298488,2011,tmax,0,0.0,0.0,0.0,0,27.57,0
02298495,2009,tmax,1,6.0,1.04,1.9,6,27.9,173
02298495,2010,tmax,1,5.0,0.95,2.4,5,28.96,195
02298495,2006,tmax,0,0.0,0.0,0.0,0,27.27,0
02298495,2007,tmax,0,0.0,0.0,0.0,0,28.07,0
02298495,2008,tmax,0,0.0,0.0,0.0,0,27.86,0
02298495,2011,tmax,0,0.0,0.0,0.0,0,28.43,0
02298530,2006,tmax,1,5.0,1.2,2.8,5,27.66,187
02298530,2007,tmax,2,5.5,1.02,4.9,11,28.53,209
02298530,2008,tmax,1,5.0,0.94,2.5,5,27.94,212
02298530,2009,tmax,4,5.0,1.05,8.0,20,28.89,207
02298530,2010,tmax,2,5.0,1.05,5.2,10,28.93,203
02298530,2011,tmax,0,0.0,0.0,0.0,0,28.17,0
02298554,2009,tmax,1,8.0,0.8,4.1,8,33.14,250
02298554,2010,tmax,2,5.0,1.78,8.3,10,35.64,244
02298554,2011,tmax,1,5.0,1.12,3.0,5,32.7,205
02298554,2006,tmax,0,0.0,0.0,0.0,0,30.74,0
02298554,2007,tmax,0,0.0,0.0,0.0,0,32.21,0
02298554,2008,tmax,0,0.0,0.0,0.0,0,31.19,0
02313700,2006,tmax,1,8.0,0.9,3.7,8,31.11,160
02313700,2007,tmax,3,7.3,1.56,15.3,22,32.31,213
02313700,2009,tmax,1,5.0,1.4,4.4,5,31.31,123
02313700,2019,tmax,2,7.0,2.0,12.3,14,31.03,220
02313700,2020,tmax,4,6.8,1.82,22.4,27,30.93,236
02313700,2021,tmax,1,5.0,1.8,5.2,5,30.11,211
02313700,2022,tmax,4,5.5,3.04,21.5,22,30.81,221
02313700,2023,tmax,4,7.0,3.0,41.4,28,31.81,233
02313700,2024,tmax,7,8.0,2.6,58.1,56,32.23,201
02313700,2025,tmax,8,9.0,1.67,57.6,72,31.74,218
02313700,2002,tmax,0,0.0,0.0,0.0,0,27.96,0
02313700,2003,tmax,0,0.0,0.0,0.0,0,29.99,0
02313700,2004,tmax,0,0.0,0.0,0.0,0,,0
02313700,2005,tmax,0,0.0,0.0,0.0,0,27.0,0
02313700,2008,tmax,0,0.0,0.0,0.0,0,30.46,0
02313700,2010,tmax,0,0.0,0.0,0.0,0,,0
02313700,2011,tmax,0,0.0,0.0,0.0,0,,0
02313700,2012,tmax,0,0.0,0.0,0.0,0,,0
02313700,2013,tmax,0,0.0,0.0,0.0,0,,0
02313700,2014,tmax,0,0.0,0.0,0.0,0,,0
02313700,2015,tmax,0,0.0,0.0,0.0,0,,0
02313700,2016,tmax,0,0.0,0.0,0.0,0,,0
02313700,2017,tmax,0,0.0,0.0,0.0,0,,0
02313700,2018,tmax,0,0.0,0.0,0.0,0,28.81,0
02314500,2016,tmax,1,5.0,1.6,4.2,5,31.87,137
02314500,2017,tmax,1,5.0,1.27,4.0,5,32.7,209
02314500,2018,tmax,1,5.0,0.33,1.3,5,29.74,184
02314500,2019,tmax,3,5.7,1.42,7.7,17,32.97,194
02314500,2020,tmax,0,0.0,0.0,0.0,0,26.93,0
02315550,2017,tmax,4,5.8,1.7,15.1,23,30.66,193
02315550,2018,tmax,1,5.0,0.66,1.7,5,29.5,195
02315550,2019,tmax,2,6.0,0.96,4.9,12,30.64,206
02315550,2020,tmax,4,5.2,1.05,11.0,21,29.39,221
02315550,2021,tmax,2,5.5,2.7,13.0,11,28.8,184
02315550,2022,tmax,4,9.0,2.5,30.6,36,30.41,176
02315550,2023,tmax,6,7.2,3.76,56.1,43,30.36,202
02315550,2024,tmax,4,7.0,2.24,29.0,28,30.54,193
02315550,2025,tmax,6,13.7,2.88,86.6,82,31.71,198
02322700,2022,tmax,2,5.0,0.6,3.1,10,24.29,304
02322700,2023,tmax,1,5.0,0.6,1.9,5,24.33,307
02322700,2025,tmax,2,9.0,0.6,4.4,18,24.26,309
02322700,2017,tmax,0,0.0,0.0,0.0,0,24.17,0
02322700,2018,tmax,0,0.0,0.0,0.0,0,24.27,0
02322700,2019,tmax,0,0.0,0.0,0.0,0,24.57,0
02322700,2020,tmax,0,0.0,0.0,0.0,0,24.53,0
02322700,2021,tmax,0,0.0,0.0,0.0,0,24.43,0
02322700,2024,tmax,0,0.0,0.0,0.0,0,24.51,0
02322800,2015,tmax,3,5.0,0.5,3.5,15,25.33,94
02322800,2017,tmax,2,6.5,0.5,4.1,13,26.04,234
02322800,2020,tmax,1,7.0,0.8,3.2,7,25.43,260
02322800,2021,tmax,1,6.0,0.45,1.9,6,26.09,207
02322800,2022,tmax,2,5.0,1.05,3.2,10,25.7,227
02322800,2023,tmax,7,8.3,1.5,30.6,58,26.94,248
02322800,2024,tmax,6,9.2,2.2,32.6,55,27.89,222
02322800,2025,tmax,6,6.3,0.7,9.5,38,26.16,223
02322800,2016,tmax,0,0.0,0.0,0.0,0,25.77,0
02322800,2018,tmax,0,0.0,0.0,0.0,0,26.07,0
02322800,2019,tmax,0,0.0,0.0,0.0,0,25.31,0
02327033,2016,tmax,5,13.2,3.6,92.8,66,28.59,178
02327033,2017,tmax,4,8.8,2.9,36.9,35,27.21,184
02327033,2015,tmax,0,0.0,0.0,0.0,0,24.24,0
02327100,2019,tmax,1,5.0,3.29,14.8,5,28.94,177
02327100,2020,tmax,1,8.0,2.89,12.4,8,27.87,189
02327100,2022,tmax,1,6.0,0.68,2.7,6,28.01,157
02327100,2023,tmax,3,10.0,2.16,29.4,30,28.01,163
02327100,2024,tmax,3,9.7,2.04,28.2,29,28.17,170
02327100,2025,tmax,4,7.8,1.72,23.2,31,27.53,178
02327100,2018,tmax,0,0.0,0.0,0.0,0,27.61,0
02327100,2021,tmax,0,0.0,0.0,0.0,0,,0
02338523,2015,tmax,3,5.3,3.87,16.8,16,25.56,92
02338523,2017,tmax,3,5.0,2.0,12.6,15,23.1,41
02338523,2018,tmax,2,5.0,2.1,8.1,10,23.99,111
02338523,2019,tmax,3,7.3,1.54,17.3,22,26.09,112
02338523,2020,tmax,4,6.5,3.45,24.2,26,25.06,80
02338523,2021,tmax,1,7.0,2.54,9.0,7,24.84,85
02338523,2022,tmax,2,7.0,2.6,20.1,14,24.81,94
02338523,2023,tmax,3,8.7,3.84,36.4,26,26.04,88
02338523,2024,tmax,3,8.3,1.98,24.1,25,25.47,51
02338523,2025,tmax,3,6.3,4.41,30.6,19,26.0,83
02338523,2014,tmax,0,0.0,0.0,0.0,0,20.34,0
02338523,2016,tmax,0,0.0,0.0,0.0,0,25.21,0
02388975,2019,tmax,1,5.0,0.86,2.0,5,24.53,83
02388975,2020,tmax,1,5.0,1.73,4.8,5,24.1,67
02388975,2021,tmax,1,6.0,2.33,9.0,6,23.63,41
02388975,2022,tmax,8,8.1,2.92,67.8,65,24.76,79
02388975,2023,tmax,5,8.4,3.92,64.7,42,25.64,80
02388975,2024,tmax,6,14.2,3.7,110.0,85,25.49,89
02388975,2025,tmax,5,16.8,3.7,133.6,84,26.6,78
02388975,2018,tmax,0,0.0,0.0,0.0,0,23.0,0
02450250,2012,tmax,3,7.7,3.0,27.4,23,30.2,128
02450250,2015,tmax,2,6.0,1.8,10.0,12,29.33,106
02450250,2016,tmax,1,6.0,1.28,4.3,6,29.2,131
02450250,2017,tmax,3,8.3,3.09,31.4,25,28.93,114
02450250,2018,tmax,3,5.3,4.17,26.1,16,28.56,143
02450250,2019,tmax,3,8.0,2.99,32.9,24,30.06,139
02450250,2020,tmax,1,6.0,1.19,4.7,6,29.11,118
02450250,2021,tmax,2,5.5,3.4,13.5,11,27.27,83
02450250,2022,tmax,2,7.5,3.09,22.7,15,29.01,127
02450250,2023,tmax,4,7.5,2.68,38.8,30,29.77,116
02450250,2024,tmax,1,17.0,5.3,35.0,17,29.0,98
02450250,2025,tmax,2,6.5,3.9,23.6,13,29.06,99
02450250,2013,tmax,0,0.0,0.0,0.0,0,27.06,0
02450250,2014,tmax,0,0.0,0.0,0.0,0,27.53,0
02479155,1985,tmax,2,13.0,5.6,69.1,26,22.5,8
02479155,2014,tmax,1,7.0,1.42,5.4,7,30.16,139
02479155,2015,tmax,5,7.2,2.88,33.2,36,31.67,186
02479155,2016,tmax,1,5.0,1.7,5.8,5,30.21,169
02479155,2017,tmax,1,8.0,2.21,13.3,8,27.7,176
02479155,2018,tmax,2,8.0,2.58,20.5,16,30.33,171
02479155,2019,tmax,1,7.0,1.99,8.0,7,30.59,170
02479155,2020,tmax,1,6.0,1.09,4.1,6,28.04,148
02479155,2022,tmax,2,8.0,2.67,17.1,16,29.67,152
02479155,2023,tmax,5,7.8,3.99,62.2,39,31.97,130
02479155,2024,tmax,2,10.5,3.96,39.1,21,28.9,170
02479155,2025,tmax,3,7.0,3.76,37.4,21,28.91,169
02479155,1990,tmax,0,0.0,0.0,0.0,0,,0
02479155,1991,tmax,0,0.0,0.0,0.0,0,,0
02479155,1992,tmax,0,0.0,0.0,0.0,0,,0
02479155,1993,tmax,0,0.0,0.0,0.0,0,,0
02479155,1994,tmax,0,0.0,0.0,0.0,0,,0
02479155,1995,tmax,0,0.0,0.0,0.0,0,,0
02479155,1996,tmax,0,0.0,0.0,0.0,0,,0
02479155,1997,tmax,0,0.0,0.0,0.0,0,,0
02479155,1998,tmax,0,0.0,0.0,0.0,0,,0
02479155,1999,tmax,0,0.0,0.0,0.0,0,,0
02479155,2000,tmax,0,0.0,0.0,0.0,0,,0
02479155,2001,tmax,0,0.0,0.0,0.0,0,,0
02479155,2002,tmax,0,0.0,0.0,0.0,0,,0
02479155,2003,tmax,0,0.0,0.0,0.0,0,,0
02479155,2004,tmax,0,0.0,0.0,0.0,0,,0
02479155,2005,tmax,0,0.0,0.0,0.0,0,,0
02479155,2006,tmax,0,0.0,0.0,0.0,0,,0
02479155,2007,tmax,0,0.0,0.0,0.0,0,,0
02479155,2008,tmax,0,0.0,0.0,0.0,0,,0
02479155,2009,tmax,0,0.0,0.0,0.0,0,,0
02479155,2010,tmax,0,0.0,0.0,0.0,0,,0
02479155,2011,tmax,0,0.0,0.0,0.0,0,13.67,0
02479155,2012,tmax,0,0.0,0.0,0.0,0,29.26,0
02479155,2013,tmax,0,0.0,0.0,0.0,0,27.09,0
02479155,2021,tmax,0,0.0,0.0,0.0,0,25.73,0
03017500,2013,tmax,1,7.0,1.4,3.4,7,27.89,66
03017500,2015,tmax,3,7.7,4.14,39.3,23,27.8,50
03017500,2016,tmax,1,5.0,2.51,7.4,5,28.24,65
03017500,2017,tmax,2,6.5,4.6,28.1,13,26.43,48
03017500,2020,tmax,4,6.0,3.36,24.3,24,30.93,91
03017500,2021,tmax,2,5.5,3.67,21.4,11,25.61,51
03017500,2022,tmax,1,7.0,4.7,15.9,7,28.06,89
03017500,2023,tmax,6,6.2,5.17,78.0,37,27.69,98
03017500,2024,tmax,5,7.0,4.27,66.0,35,28.34,93
03017500,2025,tmax,1,5.0,1.41,2.7,5,29.14,74
03017500,2012,tmax,0,0.0,0.0,0.0,0,17.01,0
03017500,2014,tmax,0,0.0,0.0,0.0,0,16.59,0
03017500,2018,tmax,0,0.0,0.0,0.0,0,28.51,0
03017500,2019,tmax,0,0.0,0.0,0.0,0,25.64,0
03022540,2015,tmax,3,6.3,3.1,31.2,19,23.84,35
03022540,2016,tmax,2,5.0,1.98,7.3,10,24.94,54
03022540,2017,tmax,3,6.7,4.01,37.5,20,24.39,33
03022540,2020,tmax,2,7.0,3.7,16.3,14,26.3,62
03022540,2021,tmax,2,5.5,3.44,18.5,11,24.39,42
03022540,2022,tmax,1,6.0,1.3,4.3,6,24.76,57
03022540,2023,tmax,2,5.5,4.82,27.5,11,23.54,39
03022540,2024,tmax,4,6.2,3.95,42.2,25,24.91,59
03022540,2025,tmax,1,6.0,3.3,11.6,6,25.7,55
03022540,2013,tmax,0,0.0,0.0,0.0,0,17.5,0
03022540,2014,tmax,0,0.0,0.0,0.0,0,22.44,0
03022540,2018,tmax,0,0.0,0.0,0.0,0,24.6,0
03022540,2019,tmax,0,0.0,0.0,0.0,0,23.9,0
03028000,2011,tmax,1,7.0,2.4,7.8,7,12.84,0
03028000,2012,tmax,5,6.2,3.99,52.5,31,26.06,47
03028000,2015,tmax,3,7.3,3.47,38.9,22,23.99,22
03028000,2016,tmax,3,5.0,3.3,21.2,15,25.86,55
03028000,2017,tmax,2,7.0,3.57,22.5,14,22.37,9
03028000,2020,tmax,3,5.7,2.69,22.4,17,26.54,58
03028000,2021,tmax,2,5.0,2.78,14.3,10,22.3,11
03028000,2022,tmax,2,6.0,2.8,13.0,12,25.4,63
03028000,2023,tmax,4,6.2,3.59,49.0,25,23.4,30
03028000,2024,tmax,4,7.8,4.07,55.2,31,25.16,46
03028000,2025,tmax,1,8.0,2.38,9.6,8,25.99,47
03028000,2013,tmax,0,0.0,0.0,0.0,0,24.13,0
03028000,2014,tmax,0,0.0,0.0,0.0,0,20.74,0
03028000,2018,tmax,0,0.0,0.0,0.0,0,23.49,0
03028000,2019,tmax,0,0.0,0.0,0.0,0,22.81,0
03066000,2015,tmax,4,6.2,2.98,37.5,25,25.6,79
03066000,2016,tmax,2,5.0,1.88,8.5,10,27.01,94
03066000,2018,tmax,2,5.0,1.76,10.7,10,24.47,75
03066000,2019,tmax,2,5.0,2.16,8.0,10,25.64,65
03066000,2020,tmax,2,6.5,1.26,9.0,13,27.31,74
03066000,2021,tmax,1,5.0,1.7,3.4,5,25.41,69
03066000,2024,tmax,9,6.6,4.0,118.0,59,27.29,82
03066000,2025,tmax,4,6.5,3.5,38.0,26,26.83,69
03066000,2013,tmax,0,0.0,0.0,0.0,0,25.96,0
03066000,2014,tmax,0,0.0,0.0,0.0,0,24.49,0
03066000,2017,tmax,0,0.0,0.0,0.0,0,24.34,0
03066000,2022,tmax,0,0.0,0.0,0.0,0,26.59,0
03066000,2023,tmax,0,0.0,0.0,0.0,0,26.09,0
03069500,2012,tmax,1,8.0,2.44,10.9,8,29.19,61
03069500,2020,tmax,1,6.0,1.05,4.4,6,29.59,79
03069500,2021,tmax,2,6.0,2.34,14.5,12,28.53,94
03069500,2022,tmax,2,9.0,5.28,32.5,18,28.29,86
03069500,2023,tmax,2,6.0,2.05,14.4,12,27.36,87
03069500,2024,tmax,9,8.7,6.1,191.1,78,30.71,119
03069500,2025,tmax,2,6.0,2.45,15.9,12,28.54,97
03069500,2011,tmax,0,0.0,0.0,0.0,0,14.93,0
03069500,2013,tmax,0,0.0,0.0,0.0,0,,0
03069500,2014,tmax,0,0.0,0.0,0.0,0,,0
03069500,2015,tmax,0,0.0,0.0,0.0,0,,0
03069500,2016,tmax,0,0.0,0.0,0.0,0,8.17,0
03069500,2017,tmax,0,0.0,0.0,0.0,0,27.13,0
03069500,2018,tmax,0,0.0,0.0,0.0,0,26.97,0
03069500,2019,tmax,0,0.0,0.0,0.0,0,28.23,0
03102950,2011,tmax,1,7.0,2.36,8.1,7,27.44,68
03102950,2012,tmax,1,14.0,6.2,53.4,14,24.87,70
03102950,2015,tmax,3,7.0,3.34,42.0,21,24.61,53
03102950,2017,tmax,3,8.3,6.9,64.0,25,26.27,57
03102950,2018,tmax,4,5.0,2.3,19.8,20,25.8,92
03102950,2019,tmax,1,5.0,2.5,7.8,5,26.2,64
03102950,2020,tmax,1,6.0,3.8,13.6,6,25.91,67
03102950,2021,tmax,2,6.0,3.3,22.2,12,25.74,82
03102950,2022,tmax,1,5.0,1.1,4.1,5,25.07,72
03102950,2023,tmax,3,6.3,5.7,44.9,19,24.07,41
03102950,2024,tmax,5,5.8,5.2,48.5,29,26.19,72
03102950,2025,tmax,1,5.0,2.2,7.8,5,26.21,63
03102950,2010,tmax,0,0.0,0.0,0.0,0,5.44,0
03102950,2013,tmax,0,0.0,0.0,0.0,0,26.01,0
03102950,2014,tmax,0,0.0,0.0,0.0,0,25.3,0
03102950,2016,tmax,0,0.0,0.0,0.0,0,24.94,0
03114500,2021,tmax,1,7.0,2.4,9.7,7,29.06,117
03114500,2022,tmax,3,7.3,4.1,32.7,22,29.03,122
03114500,2023,tmax,2,10.5,3.56,32.0,21,28.73,112
03114500,2024,tmax,7,8.3,5.08,123.6,58,30.33,139
03114500,2025,tmax,3,10.0,3.26,38.4,30,29.81,106
03114500,2018,tmax,0,0.0,0.0,0.0,0,6.6,0
03114500,2019,tmax,0,0.0,0.0,0.0,0,30.39,0
03114500,2020,tmax,0,0.0,0.0,0.0,0,31.5,0
03121850,2009,tmax,1,6.0,6.84,22.7,6,23.34,33
03121850,2010,tmax,1,5.0,0.8,2.6,5,24.81,63
03121850,2012,tmax,1,5.0,1.17,3.7,5,24.76,54
03121850,2011,tmax,0,0.0,0.0,0.0,0,23.29,0
03121850,2013,tmax,0,0.0,0.0,0.0,0,23.47,0
03158200,2000,tmax,3,6.0,3.8,27.8,18,23.29,44
03158200,2002,tmax,4,5.0,3.18,30.9,20,25.93,70
03158200,2003,tmax,1,5.0,0.8,3.5,5,23.14,25
03158200,2005,tmax,3,6.0,3.75,17.2,18,25.4,73
03158200,2006,tmax,1,6.0,1.6,5.3,6,25.94,60
03158200,1999,tmax,0,0.0,0.0,0.0,0,16.14,0
03158200,2001,tmax,0,0.0,0.0,0.0,0,25.0,0
03158200,2004,tmax,0,0.0,0.0,0.0,0,22.76,0
03302050,2009,tmax,1,5.0,1.6,5.4,5,24.71,55
03302050,2015,tmax,1,7.0,3.35,10.7,7,24.19,37
03302050,2016,tmax,2,5.5,2.37,8.4,11,24.6,90
03302050,2017,tmax,2,7.5,3.55,31.5,15,24.37,47
03302050,2018,tmax,3,6.7,1.96,17.3,20,25.6,133
03302050,2019,tmax,1,6.0,0.61,2.4,6,26.1,96
03302050,2020,tmax,1,5.0,0.7,1.8,5,26.14,83
03302050,2021,tmax,3,6.3,2.4,19.6,19,26.46,103
03302050,2022,tmax,8,7.4,3.4,66.8,59,27.51,120
03302050,2023,tmax,5,6.0,3.2,34.2,30,26.81,92
03302050,2024,tmax,7,7.6,4.08,70.7,53,27.13,111
03302050,2025,tmax,5,7.8,2.48,47.8,39,27.34,93
03302050,2008,tmax,0,0.0,0.0,0.0,0,17.33,0
03302050,2010,tmax,0,0.0,0.0,0.0,0,,0
03302050,2011,tmax,0,0.0,0.0,0.0,0,,0
03302050,2012,tmax,0,0.0,0.0,0.0,0,,0
03302050,2013,tmax,0,0.0,0.0,0.0,0,19.94,0
03302050,2014,tmax,0,0.0,0.0,0.0,0,24.94,0
03433641,2008,tmax,1,5.0,1.8,5.5,5,30.14,143
03433641,2004,tmax,0,0.0,0.0,0.0,0,28.46,0
03433641,2005,tmax,0,0.0,0.0,0.0,0,30.37,0
03433641,2006,tmax,0,0.0,0.0,0.0,0,31.53,0
03433641,2007,tmax,0,0.0,0.0,0.0,0,32.61,0
03433641,2009,tmax,0,0.0,0.0,0.0,0,29.93,0
03460000,1985,tmax,2,18.5,4.09,75.1,37,17.0,0
03460000,1986,tmax,1,12.0,2.0,12.7,12,21.26,0
03460000,2012,tmax,1,5.0,1.3,3.2,5,20.17,0
03460000,2015,tmax,2,7.0,1.5,11.6,14,20.47,0
03460000,2016,tmax,3,9.7,1.69,29.4,29,21.27,0
03460000,2018,tmax,2,6.5,3.38,17.9,13,18.43,0
03460000,2019,tmax,2,7.0,1.0,8.5,14,19.63,0
03460000,2020,tmax,2,6.0,2.79,16.7,12,18.97,0
03460000,2022,tmax,1,5.0,2.4,6.2,5,19.87,0
03460000,2023,tmax,1,7.0,1.8,5.3,7,19.66,0
03460000,2024,tmax,1,8.0,2.69,10.8,8,19.94,0
03460000,2025,tmax,3,5.7,2.19,13.1,17,20.97,0
03460000,1990,tmax,0,0.0,0.0,0.0,0,,0
03460000,1991,tmax,0,0.0,0.0,0.0,0,,0
03460000,1992,tmax,0,0.0,0.0,0.0,0,,0
03460000,1993,tmax,0,0.0,0.0,0.0,0,,0
03460000,1994,tmax,0,0.0,0.0,0.0,0,,0
03460000,1995,tmax,0,0.0,0.0,0.0,0,,0
03460000,1996,tmax,0,0.0,0.0,0.0,0,,0
03460000,1997,tmax,0,0.0,0.0,0.0,0,,0
03460000,1998,tmax,0,0.0,0.0,0.0,0,,0
03460000,1999,tmax,0,0.0,0.0,0.0,0,,0
03460000,2000,tmax,0,0.0,0.0,0.0,0,,0
03460000,2001,tmax,0,0.0,0.0,0.0,0,,0
03460000,2002,tmax,0,0.0,0.0,0.0,0,,0
03460000,2003,tmax,0,0.0,0.0,0.0,0,,0
03460000,2004,tmax,0,0.0,0.0,0.0,0,,0
03460000,2005,tmax,0,0.0,0.0,0.0,0,,0
03460000,2006,tmax,0,0.0,0.0,0.0,0,,0
03460000,2007,tmax,0,0.0,0.0,0.0,0,,0
03460000,2008,tmax,0,0.0,0.0,0.0,0,,0
03460000,2009,tmax,0,0.0,0.0,0.0,0,,0
03460000,2010,tmax,0,0.0,0.0,0.0,0,,0
03460000,2011,tmax,0,0.0,0.0,0.0,0,,0
03460000,2013,tmax,0,0.0,0.0,0.0,0,17.77,0
03460000,2014,tmax,0,0.0,0.0,0.0,0,18.61,0
03460000,2017,tmax,0,0.0,0.0,0.0,0,19.36,0
03460000,2021,tmax,0,0.0,0.0,0.0,0,19.59,0
03490000,2012,tmax,2,5.5,1.4,8.6,11,29.57,132
03490000,2015,tmax,5,6.4,2.8,50.4,32,28.93,137
03490000,2016,tmax,5,6.4,3.28,36.4,32,30.31,128
03490000,2017,tmax,4,6.0,2.48,24.3,24,29.41,114
03490000,2018,tmax,2,9.5,2.28,22.2,19,28.69,135
03490000,2020,tmax,3,6.7,3.24,23.3,20,29.89,107
03490000,2021,tmax,1,6.0,4.3,12.8,6,28.63,126
03490000,2022,tmax,2,6.0,3.18,22.4,12,29.11,131
03490000,2023,tmax,2,7.0,2.48,15.5,14,28.6,131
03490000,2024,tmax,4,8.5,3.58,47.9,34,29.63,132
03490000,2025,tmax,7,6.6,3.9,55.9,46,29.47,115
03490000,2013,tmax,0,0.0,0.0,0.0,0,26.99,0
03490000,2014,tmax,0,0.0,0.0,0.0,0,28.04,0
03490000,2019,tmax,0,0.0,0.0,0.0,0,22.31,0
03497300,2012,tmean,6,6.2,2.0,25.4,37,23.93,47
03497300,2015,tmean,3,9.3,2.4,36.1,28,24.13,36
03497300,2016,tmean,2,8.0,2.0,17.8,16,23.7,53
03497300,2017,tmean,2,5.0,2.1,11.0,10,23.74,23
03497300,2018,tmean,1,6.0,3.42,12.6,6,21.61,0
03497300,2019,tmean,2,8.5,2.0,16.8,17,22.49,23
03497300,2020,tmean,2,6.5,1.5,10.7,13,23.77,19
03497300,2021,tmean,1,6.0,1.78,5.6,6,22.6,11
03497300,2023,tmean,2,6.5,2.26,13.2,13,21.51,2
03497300,2024,tmean,4,7.0,3.5,31.3,28,23.51,49
03497300,2025,tmean,2,6.5,4.18,24.7,13,22.1,4
03497300,2004,tmean,0,0.0,0.0,0.0,0,19.2,0
03497300,2005,tmean,0,0.0,0.0,0.0,0,,0
03497300,2006,tmean,0,0.0,0.0,0.0,0,,0
03497300,2007,tmean,0,0.0,0.0,0.0,0,,0
03497300,2008,tmean,0,0.0,0.0,0.0,0,,0
03497300,2009,tmean,0,0.0,0.0,0.0,0,,0
03497300,2010,tmean,0,0.0,0.0,0.0,0,,0
03497300,2011,tmean,0,0.0,0.0,0.0,0,,0
03497300,2013,tmean,0,0.0,0.0,0.0,0,20.91,0
03497300,2014,tmean,0,0.0,0.0,0.0,0,22.79,0
03497300,2022,tmean,0,0.0,0.0,0.0,0,23.1,0
03526000,1996,tmax,0,0.0,0.0,0.0,0,23.91,0
03526000,1997,tmax,0,0.0,0.0,0.0,0,25.01,0
03526000,1998,tmax,0,0.0,0.0,0.0,0,24.53,0
03544970,2012,tmax,1,7.0,1.96,5.9,7,22.94,25
03544970,2014,tmax,1,7.0,1.88,8.7,7,22.47,17
03544970,2015,tmax,3,7.0,2.18,16.6,21,23.41,36
03544970,2016,tmax,7,5.3,2.4,33.9,37,24.21,88
03544970,2017,tmax,2,5.0,1.78,9.1,10,22.6,12
03544970,2018,tmax,1,5.0,2.28,7.1,5,21.39,1
03544970,2019,tmax,1,6.0,2.31,9.3,6,23.11,44
03544970,2011,tmax,0,0.0,0.0,0.0,0,16.96,0
03544970,2013,tmax,0,0.0,0.0,0.0,0,20.39,0
03544970,2020,tmax,0,0.0,0.0,0.0,0,21.29,0
03604000,2015,tmax,2,6.5,2.4,13.8,13,30.39,139
03604000,2016,tmax,5,6.2,2.16,26.3,31,30.8,146
03604000,2017,tmax,2,6.0,2.1,10.8,12,28.8,56
03604000,2018,tmax,3,6.7,2.3,15.3,20,29.46,151
03604000,2019,tmax,3,5.7,1.52,10.9,17,28.64,143
03604000,2021,tmax,1,7.0,2.78,7.4,7,28.9,124
03604000,2022,tmax,4,6.2,1.8,22.6,25,30.33,138
03604000,2023,tmax,1,10.0,2.6,19.4,10,29.87,134
03604000,2024,tmax,6,9.2,3.36,70.5,55,30.83,150
03604000,2025,tmax,4,6.5,4.1,41.6,26,30.6,145
03604000,2013,tmax,0,0.0,0.0,0.0,0,23.03,0
03604000,2014,tmax,0,0.0,0.0,0.0,0,29.11,0
03604000,2020,tmax,0,0.0,0.0,0.0,0,29.0,0
04027000,2012,tmax,1,14.0,8.0,60.9,14,26.81,61
04027000,2015,tmax,3,6.3,2.62,27.3,19,26.99,51
04027000,2016,tmax,1,5.0,1.7,4.5,5,25.06,27
04027000,2017,tmax,1,5.0,2.33,6.1,5,24.91,38
04027000,2018,tmax,1,6.0,3.5,14.3,6,25.63,51
04027000,2020,tmax,1,7.0,1.77,8.7,7,28.84,67
04027000,2021,tmax,5,22.6,4.4,53.0,113,26.97,82
04027000,2022,tmax,1,6.0,5.6,23.0,6,27.2,78
04027000,2023,tmax,5,5.4,3.5,47.8,27,24.93,60
04027000,2024,tmax,4,26.2,5.95,75.4,105,26.59,51
04027000,2025,tmax,4,6.2,5.17,60.8,25,27.14,67
04027000,2011,tmax,0,0.0,0.0,0.0,0,27.96,0
04027000,2013,tmax,0,0.0,0.0,0.0,0,26.61,0
04027000,2014,tmax,0,0.0,0.0,0.0,0,24.47,0
04027000,2019,tmax,0,0.0,0.0,0.0,0,25.8,0
04043140,2008,tmax,1,5.0,2.85,10.5,5,18.26,0
04043140,2011,tmax,1,5.0,2.4,5.2,5,20.46,0
04043140,2007,tmax,0,0.0,0.0,0.0,0,5.41,0
04043140,2009,tmax,0,0.0,0.0,0.0,0,18.81,0
04043140,2010,tmax,0,0.0,0.0,0.0,0,19.84,0
04043140,2012,tmax,0,0.0,0.0,0.0,0,19.99,0
04043140,2013,tmax,0,0.0,0.0,0.0,0,19.69,0
04043150,2007,tmax,3,5.3,2.58,23.7,16,26.44,45
04043150,2008,tmax,1,5.0,3.49,13.8,5,21.36,11
04043150,2009,tmax,1,5.0,1.3,4.6,5,23.87,12
04043150,2010,tmax,2,8.0,4.58,30.7,16,25.13,44
04043150,2011,tmax,1,6.0,1.88,5.8,6,26.63,41
04043150,2012,tmax,1,5.0,1.71,5.7,5,25.49,45
04043150,2013,tmax,1,5.0,1.92,6.9,5,24.44,17
04043150,2002,tmax,0,0.0,0.0,0.0,0,25.29,0
04043150,2003,tmax,0,0.0,0.0,0.0,0,23.29,0
04043150,2004,tmax,0,0.0,0.0,0.0,0,21.21,0
04043150,2005,tmax,0,0.0,0.0,0.0,0,26.21,0
04043150,2006,tmax,0,0.0,0.0,0.0,0,25.63,0
04043238,2005,tmax,3,5.7,2.26,9.9,17,18.14,0
04043238,2009,tmax,1,5.0,1.56,5.8,5,17.01,0
04043238,2010,tmax,2,6.0,3.09,16.0,12,17.8,0
04043238,2012,tmax,2,8.0,7.22,51.3,16,18.57,0
04043238,2013,tmax,1,6.0,1.6,5.7,6,18.84,0
04043238,2015,tmax,2,6.5,3.96,16.6,13,16.93,0
04043238,2016,tmax,2,5.0,1.86,8.6,10,18.17,0
04043238,2017,tmax,3,6.7,2.46,16.6,20,16.56,0
04043238,2021,tmax,4,5.8,3.6,29.0,23,17.59,0
04043238,2022,tmax,5,5.2,5.46,34.3,26,18.11,0
04043238,2023,tmax,3,5.0,1.96,13.8,15,17.2,0
04043238,2024,tmax,6,6.7,2.7,29.7,40,17.46,0
04043238,2025,tmax,2,5.0,3.46,20.1,10,17.34,0
04043238,2004,tmax,0,0.0,0.0,0.0,0,2.21,0
04043238,2006,tmax,0,0.0,0.0,0.0,0,17.46,0
04043238,2007,tmax,0,0.0,0.0,0.0,0,16.83,0
04043238,2008,tmax,0,0.0,0.0,0.0,0,15.73,0
04043238,2011,tmax,0,0.0,0.0,0.0,0,18.59,0
04043238,2014,tmax,0,0.0,0.0,0.0,0,17.33,0
04043238,2018,tmax,0,0.0,0.0,0.0,0,17.47,0
04043238,2019,tmax,0,0.0,0.0,0.0,0,16.59,0
04043238,2020,tmax,0,0.0,0.0,0.0,0,18.2,0
04043244,2005,tmax,1,7.0,0.5,2.3,7,2.83,0
04043244,2006,tmax,2,6.5,2.2,7.6,13,16.54,0
04043244,2007,tmax,1,6.0,0.9,2.4,6,16.46,0
04043244,2009,tmax,1,5.0,1.4,5.3,5,17.79,0
04043244,2010,tmax,1,5.0,2.3,6.9,5,18.33,0
04043244,2012,tmax,3,7.3,6.3,45.6,22,18.59,0
04043244,2015,tmax,2,6.0,3.2,15.5,12,17.16,0
04043244,2016,tmax,2,5.5,1.6,10.5,11,18.61,0
04043244,2017,tmax,2,6.5,2.3,9.4,13,17.17,0
04043244,2018,tmax,1,6.0,1.11,3.1,6,18.39,0
04043244,2021,tmax,3,6.0,2.8,23.6,18,18.1,0
04043244,2022,tmax,2,5.5,3.75,19.8,11,17.86,0
04043244,2023,tmax,4,7.2,3.2,31.6,29,17.04,0
04043244,2024,tmax,2,11.5,2.25,23.3,23,16.61,0
04043244,2025,tmax,3,5.0,3.5,20.6,15,16.83,0
04043244,2008,tmax,0,0.0,0.0,0.0,0,15.8,0
04043244,2011,tmax,0,0.0,0.0,0.0,0,18.6,0
04043244,2013,tmax,0,0.0,0.0,0.0,0,18.21,0
04043244,2014,tmax,0,0.0,0.0,0.0,0,16.71,0
04043244,2019,tmax,0,0.0,0.0,0.0,0,17.41,0
04043244,2020,tmax,0,0.0,0.0,0.0,0,18.67,0
04043275,2005,tmax,2,8.0,2.6,11.6,16,24.36,21
04043275,2007,tmax,2,5.5,2.3,13.5,11,24.27,30
04043275,2009,tmax,1,7.0,1.8,4.2,7,23.16,9
04043275,2010,tmax,3,7.7,4.22,27.6,23,22.91,24
04043275,2011,tmax,1,7.0,1.83,8.3,7,24.7,26
04043275,2012,tmax,4,8.0,8.41,85.6,32,25.27,36
04043275,2013,tmax,1,5.0,1.91,6.9,5,24.0,17
04043275,2015,tmax,3,7.0,2.81,27.6,21,22.94,14
04043275,2004,tmax,0,0.0,0.0,0.0,0,0.0,0
04043275,2006,tmax,0,0.0,0.0,0.0,0,23.4,0
04043275,2008,tmax,0,0.0,0.0,0.0,0,20.5,0
04043275,2014,tmax,0,0.0,0.0,0.0,0,21.93,0
04043275,2016,tmax,0,0.0,0.0,0.0,0,23.2,0
04043275,2017,tmax,0,0.0,0.0,0.0,0,0.0,0
04059500,2011,tmax,2,5.5,2.3,11.2,11,30.47,77
04059500,2012,tmax,1,7.0,4.9,16.5,7,30.03,93
04059500,2015,tmax,2,5.0,3.47,16.3,10,27.9,61
04059500,2017,tmax,1,6.0,2.0,8.0,6,23.64,30
04059500,2018,tmax,1,5.0,1.02,2.8,5,27.69,77
04059500,2021,tmax,2,7.5,3.7,29.4,15,27.47,80
04059500,2022,tmax,2,5.5,3.62,20.1,11,28.3,74
04059500,2023,tmax,3,6.7,4.4,50.6,20,27.11,69
04059500,2024,tmax,2,7.5,3.6,35.1,15,27.06,66
04059500,2013,tmax,0,0.0,0.0,0.0,0,28.79,0
04059500,2014,tmax,0,0.0,0.0,0.0,0,26.73,0
04059500,2016,tmax,0,0.0,0.0,0.0,0,29.19,0
04059500,2019,tmax,0,0.0,0.0,0.0,0,26.61,0
04059500,2020,tmax,0,0.0,0.0,0.0,0,27.34,0
04063700,2011,tmax,1,5.0,2.0,4.8,5,16.27,0
04063700,2012,tmax,4,7.8,7.7,80.7,31,27.27,73
04063700,2013,tmax,1,6.0,2.5,8.3,6,28.01,49
04063700,2015,tmax,2,9.0,2.7,24.2,18,25.14,32
04063700,2016,tmax,4,6.0,3.72,26.1,24,26.26,52
04063700,2017,tmax,1,5.0,2.52,7.5,5,22.84,12
04063700,2018,tmax,1,6.0,3.65,12.4,6,26.54,56
04063700,2020,tmax,2,17.5,4.42,18.0,35,25.81,37
04063700,2021,tmax,6,8.7,4.62,46.0,52,26.81,72
04063700,2022,tmax,3,5.3,4.2,29.2,16,26.37,65
04063700,2023,tmax,4,6.2,3.7,41.1,25,25.41,59
04063700,2024,tmax,5,9.6,7.02,77.5,48,25.3,41
04063700,2025,tmax,2,5.5,3.16,17.5,11,24.86,44
04063700,2002,tmax,0,0.0,0.0,0.0,0,27.93,0
04063700,2003,tmax,0,0.0,0.0,0.0,0,25.64,0
04063700,2004,tmax,0,0.0,0.0,0.0,0,24.07,0
04063700,2005,tmax,0,0.0,0.0,0.0,0,,0
04063700,2006,tmax,0,0.0,0.0,0.0,0,,0
04063700,2007,tmax,0,0.0,0.0,0.0,0,,0
04063700,2008,tmax,0,0.0,0.0,0.0,0,,0
04063700,2009,tmax,0,0.0,0.0,0.0,0,,0
04063700,2010,tmax,0,0.0,0.0,0.0,0,,0
04063700,2014,tmax,0,0.0,0.0,0.0,0,24.71,0
04063700,2019,tmax,0,0.0,0.0,0.0,0,24.7,0
04085119,1990,tmax,1,9.0,4.5,15.1,9,10.36,0
04085119,1991,tmax,4,6.0,9.9,94.9,24,26.64,32
04085119,1992,tmax,1,6.0,1.4,5.5,6,24.33,44
04085119,1993,tmax,3,8.0,1.8,20.6,24,23.93,32
04085119,1994,tmax,4,20.2,4.04,106.4,81,26.93,38
04085119,1995,tmax,1,63.0,2.7,81.5,63,16.57,0
04085119,1996,tmax,0,0.0,0.0,0.0,0,25.64,0
04085119,1997,tmax,0,0.0,0.0,0.0,0,26.14,0
04085119,1998,tmax,0,0.0,0.0,0.0,0,,0
04085119,1999,tmax,0,0.0,0.0,0.0,0,,0
04085119,2000,tmax,0,0.0,0.0,0.0,0,,0
04085119,2001,tmax,0,0.0,0.0,0.0,0,,0
04085119,2002,tmax,0,0.0,0.0,0.0,0,,0
04085119,2003,tmax,0,0.0,0.0,0.0,0,,0
04085119,2004,tmax,0,0.0,0.0,0.0,0,,0
04085119,2005,tmax,0,0.0,0.0,0.0,0,,0
04085119,2006,tmax,0,0.0,0.0,0.0,0,15.64,0
04085119,2007,tmax,0,0.0,0.0,0.0,0,28.2,0
04085119,2008,tmax,0,0.0,0.0,0.0,0,25.29,0
04124000,1998,tmax,4,8.5,3.2,45.0,34,22.07,4
04124000,1999,tmax,2,6.5,2.95,14.0,13,22.14,11
04124000,2000,tmax,5,6.4,4.6,50.1,32,20.93,0
04124000,2001,tmax,4,5.8,3.1,31.0,23,23.5,12
04124000,2002,tmax,1,6.0,4.36,15.2,6,23.36,19
04124000,2003,tmax,1,6.0,1.5,4.3,6,21.36,1
04124000,2005,tmax,2,7.5,3.7,21.5,15,22.64,19
04124000,2006,tmax,2,8.0,2.2,15.8,16,22.89,8
04124000,2007,tmax,2,6.0,3.3,17.1,12,21.74,6
04124000,2008,tmax,2,6.0,2.2,14.2,12,20.83,0
04124000,2010,tmax,5,6.4,4.5,51.9,32,22.47,12
04124000,2011,tmax,1,8.0,2.0,8.1,8,23.61,14
04124000,2012,tmax,4,7.2,7.3,59.7,29,23.54,19
04124000,2013,tmax,1,5.0,2.0,6.7,5,23.39,6
04124000,2015,tmax,3,7.0,3.95,37.7,21,21.1,1
04124000,2017,tmax,3,8.0,2.7,38.4,24,21.13,0
04124000,2018,tmax,2,7.0,2.2,17.9,14,23.74,9
04124000,2019,tmax,2,5.0,1.2,7.3,10,21.61,2
04124000,2020,tmax,3,6.0,4.0,20.0,18,23.13,10
04124000,2021,tmax,4,9.0,3.88,43.5,36,22.26,7
04124000,2023,tmax,5,7.4,3.4,47.1,37,21.21,0
04124000,2024,tmax,5,8.8,3.3,49.9,44,21.73,7
04124000,1996,tmax,0,0.0,0.0,0.0,0,10.86,0
04124000,1997,tmax,0,0.0,0.0,0.0,0,21.5,0
04124000,2004,tmax,0,0.0,0.0,0.0,0,20.43,0
04124000,2009,tmax,0,0.0,0.0,0.0,0,21.91,0
04124000,2014,tmax,0,0.0,0.0,0.0,0,20.4,0
04124000,2016,tmax,0,0.0,0.0,0.0,0,22.2,0
04124000,2022,tmax,0,0.0,0.0,0.0,0,17.17,0
04124000,2025,tmax,0,0.0,0.0,0.0,0,22.47,0
04125460,1998,tmax,4,7.5,3.0,36.0,30,18.36,0
04125460,1999,tmax,1,5.0,2.7,8.4,5,19.14,0
04125460,2000,tmax,3,5.3,4.64,26.6,16,17.29,0
04125460,2001,tmax,1,5.0,2.3,7.0,5,18.71,0
04125460,2002,tmax,1,6.0,3.31,10.7,6,18.71,0
04125460,2006,tmax,3,5.0,2.31,18.6,15,18.84,0
04125460,2007,tmax,2,5.5,1.9,10.5,11,17.46,0
04125460,2008,tmax,1,7.0,1.9,7.1,7,17.8,0
04125460,2010,tmax,3,6.0,3.51,19.4,18,18.03,0
04125460,2012,tmax,2,8.5,6.1,49.9,17,19.1,0
04125460,2015,tmax,4,6.0,3.6,29.9,24,17.44,0
04125460,2016,tmax,2,5.0,2.2,7.4,10,18.14,0
04125460,2017,tmax,2,7.5,1.74,14.8,15,17.63,0
04125460,2018,tmax,2,7.5,1.8,13.8,15,19.47,0
04125460,2019,tmax,1,10.0,1.14,7.0,10,17.87,0
04125460,2020,tmax,3,5.3,3.64,14.2,16,18.84,0
04125460,2021,tmax,6,7.2,3.32,46.3,43,18.91,0
04125460,2022,tmax,1,6.0,2.54,9.9,6,18.23,0
04125460,2023,tmax,3,7.0,3.4,29.3,21,17.74,0
04125460,2024,tmax,5,7.0,3.6,48.5,35,18.64,0
04125460,2025,tmax,1,5.0,3.27,8.1,5,19.19,0
04125460,1996,tmax,0,0.0,0.0,0.0,0,3.93,0
04125460,1997,tmax,0,0.0,0.0,0.0,0,18.07,0
04125460,2003,tmax,0,0.0,0.0,0.0,0,17.29,0
04125460,2004,tmax,0,0.0,0.0,0.0,0,16.86,0
04125460,2005,tmax,0,0.0,0.0,0.0,0,18.0,0
04125460,2009,tmax,0,0.0,0.0,0.0,0,17.87,0
04125460,2011,tmax,0,0.0,0.0,0.0,0,18.91,0
04125460,2013,tmax,0,0.0,0.0,0.0,0,18.46,0
04125460,2014,tmax,0,0.0,0.0,0.0,0,17.49,0
04136000,1998,tmax,3,7.0,3.5,35.2,21,21.71,3
04136000,1999,tmax,2,6.5,3.3,19.1,13,22.36,15
04136000,2000,tmax,5,6.4,4.5,50.0,32,20.07,0
04136000,2001,tmax,1,5.0,2.9,8.9,5,23.0,13
04136000,2006,tmax,1,6.0,2.7,6.2,6,22.81,12
04136000,2007,tmax,3,5.7,3.2,16.8,17,21.5,5
04136000,2008,tmax,1,8.0,1.9,9.6,8,20.79,0
04136000,2010,tmax,4,7.0,5.1,44.7,28,21.99,6
04136000,2011,tmax,1,7.0,2.99,10.2,7,23.73,9
04136000,2012,tmax,3,8.0,6.84,57.4,24,23.11,15
04136000,2013,tmax,1,6.0,1.68,4.5,6,22.96,6
04136000,2015,tmax,3,6.7,4.1,30.8,20,21.06,0
04136000,2016,tmax,1,5.0,2.3,6.4,5,21.57,4
04136000,2017,tmax,3,7.3,2.3,31.3,22,20.51,0
04136000,2018,tmax,2,6.0,2.5,12.7,12,23.56,8
04136000,2019,tmax,1,6.0,0.9,2.5,6,20.94,0
04136000,2020,tmax,1,6.0,4.34,13.5,6,22.6,8
04136000,2021,tmax,4,6.8,3.9,32.4,27,21.1,1
04136000,2022,tmax,2,7.0,2.0,11.8,14,21.4,3
04136000,2023,tmax,3,6.7,3.8,38.1,20,20.94,2
04136000,2024,tmax,4,6.5,3.53,35.4,26,21.29,5
04136000,1996,tmax,0,0.0,0.0,0.0,0,21.07,0
04136000,1997,tmax,0,0.0,0.0,0.0,0,21.57,0
04136000,2002,tmax,0,0.0,0.0,0.0,0,23.36,0
04136000,2003,tmax,0,0.0,0.0,0.0,0,21.29,0
04136000,2004,tmax,0,0.0,0.0,0.0,0,20.29,0
04136000,2005,tmax,0,0.0,0.0,0.0,0,22.36,0
04136000,2009,tmax,0,0.0,0.0,0.0,0,21.5,0
04136000,2014,tmax,0,0.0,0.0,0.0,0,20.26,0
04136000,2025,tmax,0,0.0,0.0,0.0,0,22.26,0
05014300,2012,tmean,1,7.0,1.18,3.8,7,16.0,0
05014300,2013,tmean,1,7.0,2.0,8.4,7,16.11,0
05014300,2015,tmean,7,6.6,1.7,42.5,46,17.17,0
05014300,2020,tmean,1,8.0,1.28,5.1,8,17.03,0
05014300,2021,tmean,1,5.0,0.9,2.7,5,18.37,0
05014300,2014,tmean,0,0.0,0.0,0.0,0,16.03,0
05014300,2016,tmean,0,0.0,0.0,0.0,0,16.44,0
05014300,2017,tmean,0,0.0,0.0,0.0,0,17.53,0
05014300,2018,tmean,0,0.0,0.0,0.0,0,16.66,0
05014300,2019,tmean,0,0.0,0.0,0.0,0,16.6,0
05056000,2006,tmax,1,5.0,3.11,7.9,5,27.9,82
05056000,2007,tmax,3,7.0,1.95,15.5,21,29.76,73
05056000,2009,tmax,1,6.0,1.4,6.3,6,24.97,58
05056000,2010,tmax,1,5.0,0.62,1.6,5,26.54,69
05056000,2008,tmax,0,0.0,0.0,0.0,0,26.86,0
05056000,2011,tmax,0,0.0,0.0,0.0,0,27.1,0
05057000,1997,tmax,1,84.0,0.6,36.9,84,24.54,23
05057000,1998,tmax,1,71.0,0.6,21.3,71,18.8,0
05057000,1999,tmax,1,26.0,0.3,6.5,26,21.33,1
05057000,2000,tmax,1,5.0,2.6,8.3,5,23.16,19
05057000,2001,tmax,4,6.0,2.98,28.9,24,28.23,76
05057000,2002,tmax,2,7.5,4.1,22.4,15,28.39,77
05057000,2003,tmax,4,5.8,4.7,37.0,23,28.36,76
05057000,2005,tmax,2,5.5,2.84,11.4,11,27.31,52
05057000,2006,tmax,1,7.0,2.0,6.6,7,27.36,83
05057000,2007,tmax,2,5.0,1.67,9.8,10,28.53,67
05057000,2009,tmax,1,8.0,2.8,14.3,8,24.93,53
05057000,2010,tmax,2,7.0,2.8,19.3,14,27.09,70
05057000,2012,tmax,4,7.8,5.0,55.9,31,28.3,78
05057000,2013,tmax,1,9.0,2.78,14.3,9,26.81,66
05057000,2014,tmax,2,6.0,2.3,8.3,12,25.23,57
05057000,2015,tmax,2,6.5,1.8,12.0,13,26.39,77
05057000,2016,tmax,4,11.8,3.32,69.6,47,26.73,78
05057000,2018,tmax,1,11.0,3.66,22.5,11,27.7,88
05057000,2019,tmax,1,5.0,2.64,8.4,5,27.46,61
05057000,2021,tmax,4,7.8,4.2,45.7,31,28.29,82
05057000,2023,tmax,4,7.5,3.58,51.4,30,26.7,92
05057000,2024,tmax,4,6.8,3.4,37.2,27,26.84,59
05057000,2025,tmax,3,11.0,4.2,56.0,33,26.4,68
05057000,2004,tmax,0,0.0,0.0,0.0,0,25.61,0
05057000,2008,tmax,0,0.0,0.0,0.0,0,25.67,0
05057000,2011,tmax,0,0.0,0.0,0.0,0,26.86,0
05057000,2017,tmax,0,0.0,0.0,0.0,0,26.89,0
05057000,2020,tmax,0,0.0,0.0,0.0,0,27.26,0
05057000,2022,tmax,0,0.0,0.0,0.0,0,26.94,0
05057200,2001,tmax,1,7.0,2.9,14.1,7,29.63,82
05057200,2012,tmax,1,5.0,2.09,4.9,5,29.21,85
05057200,2013,tmax,1,7.0,3.1,10.9,7,27.97,82
05057200,2016,tmax,1,6.0,1.6,5.7,6,27.8,85
05057200,1997,tmax,0,0.0,0.0,0.0,0,26.31,0
05057200,1998,tmax,0,0.0,0.0,0.0,0,29.43,0
05057200,1999,tmax,0,0.0,0.0,0.0,0,28.87,0
05057200,2000,tmax,0,0.0,0.0,0.0,0,27.83,0
05057200,2002,tmax,0,0.0,0.0,0.0,0,,0
05057200,2003,tmax,0,0.0,0.0,0.0,0,,0
05057200,2004,tmax,0,0.0,0.0,0.0,0,,0
05057200,2005,tmax,0,0.0,0.0,0.0,0,,0
05057200,2006,tmax,0,0.0,0.0,0.0,0,,0
05057200,2007,tmax,0,0.0,0.0,0.0,0,,0
05057200,2008,tmax,0,0.0,0.0,0.0,0,,0
05057200,2009,tmax,0,0.0,0.0,0.0,0,,0
05057200,2010,tmax,0,0.0,0.0,0.0,0,,0
05057200,2011,tmax,0,0.0,0.0,0.0,0,27.47,0
05057200,2014,tmax,0,0.0,0.0,0.0,0,26.11,0
05057200,2015,tmax,0,0.0,0.0,0.0,0,27.11,0
05057200,2017,tmax,0,0.0,0.0,0.0,0,28.19,0
05412500,2012,tmean,2,7.0,2.94,24.8,14,29.2,78
05412500,2013,tmean,1,7.0,1.54,6.1,7,26.27,39
05412500,2015,tmean,1,5.0,2.0,7.0,5,25.99,47
05412500,2017,tmean,2,6.0,2.68,14.9,12,25.54,44
05412500,2018,tmean,1,5.0,1.0,2.3,5,25.34,66
05412500,2023,tmean,3,6.7,5.12,46.8,20,27.69,83
05412500,2024,tmean,3,5.7,3.4,15.3,17,25.9,40
05412500,2025,tmean,4,6.2,5.32,37.6,25,26.34,54
05412500,2014,tmean,0,0.0,0.0,0.0,0,24.16,0
05412500,2016,tmean,0,0.0,0.0,0.0,0,24.29,0
05412500,2019,tmean,0,0.0,0.0,0.0,0,25.21,0
05412500,2020,tmean,0,0.0,0.0,0.0,0,23.69,0
05412500,2021,tmean,0,0.0,0.0,0.0,0,,0
05412500,2022,tmean,0,0.0,0.0,0.0,0,,0
05451210,2007,tmean,1,5.0,1.24,3.9,5,27.14,58
05451210,2011,tmean,1,6.0,4.5,14.5,6,28.7,69
05451210,2005,tmean,0,0.0,0.0,0.0,0,17.67,0
05451210,2006,tmean,0,0.0,0.0,0.0,0,28.79,0
05451210,2008,tmean,0,0.0,0.0,0.0,0,24.97,0
05451210,2009,tmean,0,0.0,0.0,0.0,0,,0
05451210,2010,tmean,0,0.0,0.0,0.0,0,25.17,0
06036805,2007,tmax,2,5.5,2.24,11.9,11,22.07,7
06036805,2013,tmax,1,6.0,0.94,3.4,6,21.24,0
06036805,2015,tmax,8,6.0,2.9,40.8,48,22.1,6
06036805,2016,tmax,2,6.5,1.5,7.5,13,21.41,1
06036805,2021,tmax,2,6.0,2.5,13.7,12,21.29,1
06036805,2022,tmax,1,5.0,0.6,2.1,5,20.0,0
06036805,2023,tmax,1,5.0,1.45,4.9,5,18.89,0
06036805,2024,tmax,1,5.0,1.4,3.6,5,19.87,0
06036805,2025,tmax,1,7.0,1.9,8.9,7,21.2,1
06036805,2006,tmax,0,0.0,0.0,0.0,0,10.86,0
06036805,2008,tmax,0,0.0,0.0,0.0,0,18.79,0
06036805,2009,tmax,0,0.0,0.0,0.0,0,18.14,0
06036805,2010,tmax,0,0.0,0.0,0.0,0,20.43,0
06036805,2011,tmax,0,0.0,0.0,0.0,0,16.29,0
06036805,2012,tmax,0,0.0,0.0,0.0,0,18.69,0
06036805,2014,tmax,0,0.0,0.0,0.0,0,19.11,0
06036805,2017,tmax,0,0.0,0.0,0.0,0,18.37,0
06036805,2018,tmax,0,0.0,0.0,0.0,0,18.36,0
06036805,2019,tmax,0,0.0,0.0,0.0,0,18.61,0
06036805,2020,tmax,0,0.0,0.0,0.0,0,19.5,0
06036905,2003,tmax,1,5.0,0.9,2.6,5,28.36,78
06036905,2005,tmax,2,5.5,2.4,11.7,11,27.71,77
06036905,2007,tmax,1,5.0,1.46,3.9,5,28.57,91
06036905,2014,tmax,1,7.0,1.9,6.9,7,27.37,73
06036905,2015,tmax,6,7.0,4.4,47.6,42,29.41,101
06036905,2016,tmax,2,7.0,3.5,17.8,14,27.61,93
06036905,2021,tmax,1,5.0,2.08,5.5,5,27.86,99
06036905,2022,tmax,5,6.8,2.58,31.4,34,28.06,88
06036905,2023,tmax,3,5.0,2.38,19.2,15,27.49,78
06036905,2024,tmax,4,6.2,2.7,24.7,25,27.11,85
06036905,2025,tmax,5,6.6,2.5,31.4,33,27.69,105
06036905,2002,tmax,0,0.0,0.0,0.0,0,16.79,0
06036905,2004,tmax,0,0.0,0.0,0.0,0,27.36,0
06036905,2006,tmax,0,0.0,0.0,0.0,0,27.93,0
06036905,2008,tmax,0,0.0,0.0,0.0,0,26.43,0
06036905,2009,tmax,0,0.0,0.0,0.0,0,26.64,0
06036905,2010,tmax,0,0.0,0.0,0.0,0,27.21,0
06036905,2011,tmax,0,0.0,0.0,0.0,0,24.86,0
06036905,2012,tmax,0,0.0,0.0,0.0,0,26.51,0
06036905,2013,tmax,0,0.0,0.0,0.0,0,28.59,0
06036905,2017,tmax,0,0.0,0.0,0.0,0,26.97,0
06036905,2018,tmax,0,0.0,0.0,0.0,0,26.7,0
06036905,2019,tmax,0,0.0,0.0,0.0,0,26.74,0
06036905,2020,tmax,0,0.0,0.0,0.0,0,26.14,0
06037100,2007,tmax,1,13.0,3.04,23.8,13,25.5,52
06037100,2015,tmax,5,6.0,2.1,27.2,30,26.37,50
06037100,2025,tmax,1,7.0,2.4,11.9,7,14.9,0
06037100,2002,tmax,0,0.0,0.0,0.0,0,12.57,0
06037100,2003,tmax,0,0.0,0.0,0.0,0,24.71,0
06037100,2004,tmax,0,0.0,0.0,0.0,0,24.29,0
06037100,2005,tmax,0,0.0,0.0,0.0,0,23.57,0
06037100,2006,tmax,0,0.0,0.0,0.0,0,24.71,0
06037100,2008,tmax,0,0.0,0.0,0.0,0,22.57,0
06037100,2009,tmax,0,0.0,0.0,0.0,0,23.21,0
06037100,2010,tmax,0,0.0,0.0,0.0,0,23.57,0
06037100,2011,tmax,0,0.0,0.0,0.0,0,21.71,0
06037100,2012,tmax,0,0.0,0.0,0.0,0,23.7,0
06037100,2013,tmax,0,0.0,0.0,0.0,0,25.63,0
06037100,2014,tmax,0,0.0,0.0,0.0,0,23.76,0
06037100,2016,tmax,0,0.0,0.0,0.0,0,,0
06037100,2017,tmax,0,0.0,0.0,0.0,0,,0
06037100,2018,tmax,0,0.0,0.0,0.0,0,,0
06037100,2019,tmax,0,0.0,0.0,0.0,0,,0
06037100,2020,tmax,0,0.0,0.0,0.0,0,,0
06037100,2021,tmax,0,0.0,0.0,0.0,0,,0
06037100,2022,tmax,0,0.0,0.0,0.0,0,,0
06037100,2023,tmax,0,0.0,0.0,0.0,0,,0
06037100,2024,tmax,0,0.0,0.0,0.0,0,,0
06037500,1986,tmax,2,7.5,4.06,22.2,15,23.11,18
06037500,2014,tmax,1,9.0,1.07,5.5,9,25.06,43
06037500,2015,tmax,3,6.0,2.24,12.8,18,27.13,59
06037500,2016,tmax,2,7.5,1.81,9.3,15,24.81,56
06037500,2022,tmax,3,8.3,2.2,24.9,25,25.37,63
06037500,2023,tmax,2,6.5,2.6,12.8,13,24.73,46
06037500,2024,tmax,2,6.0,1.7,9.0,12,25.21,47
06037500,2025,tmax,5,6.4,2.28,35.7,32,25.23,70
06037500,1990,tmax,0,0.0,0.0,0.0,0,,0
06037500,1991,tmax,0,0.0,0.0,0.0,0,,0
06037500,1992,tmax,0,0.0,0.0,0.0,0,,0
06037500,1993,tmax,0,0.0,0.0,0.0,0,,0
06037500,1994,tmax,0,0.0,0.0,0.0,0,,0
06037500,1995,tmax,0,0.0,0.0,0.0,0,,0
06037500,1996,tmax,0,0.0,0.0,0.0,0,,0
06037500,1997,tmax,0,0.0,0.0,0.0,0,,0
06037500,1998,tmax,0,0.0,0.0,0.0,0,,0
06037500,1999,tmax,0,0.0,0.0,0.0,0,,0
06037500,2000,tmax,0,0.0,0.0,0.0,0,,0
06037500,2001,tmax,0,0.0,0.0,0.0,0,,0
06037500,2002,tmax,0,0.0,0.0,0.0,0,,0
06037500,2003,tmax,0,0.0,0.0,0.0,0,,0
06037500,2004,tmax,0,0.0,0.0,0.0,0,,0
06037500,2005,tmax,0,0.0,0.0,0.0,0,,0
06037500,2006,tmax,0,0.0,0.0,0.0,0,,0
06037500,2007,tmax,0,0.0,0.0,0.0,0,,0
06037500,2008,tmax,0,0.0,0.0,0.0,0,,0
06037500,2009,tmax,0,0.0,0.0,0.0,0,,0
06037500,2010,tmax,0,0.0,0.0,0.0,0,,0
06037500,2011,tmax,0,0.0,0.0,0.0,0,,0
06037500,2012,tmax,0,0.0,0.0,0.0,0,,0
06037500,2013,tmax,0,0.0,0.0,0.0,0,,0
06037500,2017,tmax,0,0.0,0.0,0.0,0,24.67,0
06037500,2018,tmax,0,0.0,0.0,0.0,0,24.46,0
06037500,2019,tmax,0,0.0,0.0,0.0,0,24.44,0
06037500,2020,tmax,0,0.0,0.0,0.0,0,25.07,0
06037500,2021,tmax,0,0.0,0.0,0.0,0,25.6,0
06043500,2001,tmax,0,0.0,0.0,0.0,0,17.93,0
06043500,2002,tmax,0,0.0,0.0,0.0,0,18.36,0
06043500,2003,tmax,0,0.0,0.0,0.0,0,18.93,0
06043500,2004,tmax,0,0.0,0.0,0.0,0,17.36,0
06073500,1994,tmax,1,7.0,3.5,11.5,7,25.71,39
06073500,1995,tmax,1,8.0,4.0,16.2,8,22.79,10
06073500,1998,tmax,1,7.0,2.5,11.1,7,23.71,25
06073500,2000,tmax,5,6.6,3.0,51.1,33,27.5,56
06073500,2001,tmax,1,6.0,1.0,3.9,6,24.5,48
06073500,2003,tmax,5,6.6,5.0,56.1,33,27.29,59
06073500,2010,tmax,1,7.0,2.5,9.5,7,22.0,13
06073500,2013,tmax,1,5.0,2.1,6.0,5,26.51,66
06073500,2015,tmax,1,7.0,1.8,5.3,7,24.5,37
06073500,2016,tmax,1,7.0,2.2,9.2,7,25.53,45
06073500,2022,tmax,3,9.0,2.35,33.9,27,26.33,57
06073500,2024,tmax,1,6.0,0.94,3.7,6,25.99,43
06073500,2025,tmax,6,7.8,6.2,145.4,47,26.57,72
06073500,1993,tmax,0,0.0,0.0,0.0,0,3.71,0
06073500,1996,tmax,0,0.0,0.0,0.0,0,23.64,0
06073500,1997,tmax,0,0.0,0.0,0.0,0,22.79,0
06073500,1999,tmax,0,0.0,0.0,0.0,0,23.86,0
06073500,2002,tmax,0,0.0,0.0,0.0,0,23.86,0
06073500,2004,tmax,0,0.0,0.0,0.0,0,24.5,0
06073500,2005,tmax,0,0.0,0.0,0.0,0,24.71,0
06073500,2006,tmax,0,0.0,0.0,0.0,0,26.07,0
06073500,2007,tmax,0,0.0,0.0,0.0,0,26.57,0
06073500,2008,tmax,0,0.0,0.0,0.0,0,22.57,0
06073500,2009,tmax,0,0.0,0.0,0.0,0,24.0,0
06073500,2011,tmax,0,0.0,0.0,0.0,0,22.21,0
06073500,2012,tmax,0,0.0,0.0,0.0,0,24.73,0
06073500,2014,tmax,0,0.0,0.0,0.0,0,24.3,0
06073500,2017,tmax,0,0.0,0.0,0.0,0,25.06,0
06073500,2018,tmax,0,0.0,0.0,0.0,0,22.24,0
06073500,2019,tmax,0,0.0,0.0,0.0,0,23.99,0
06073500,2020,tmax,0,0.0,0.0,0.0,0,24.03,0
06073500,2021,tmax,0,0.0,0.0,0.0,0,25.0,0
06073500,2023,tmax,0,0.0,0.0,0.0,0,23.43,0
06187915,2007,tmax,2,5.0,1.5,9.2,10,16.71,0
06187915,2003,tmax,0,0.0,0.0,0.0,0,15.36,0
06187915,2004,tmax,0,0.0,0.0,0.0,0,15.21,0
06187915,2005,tmax,0,0.0,0.0,0.0,0,15.64,0
06187915,2006,tmax,0,0.0,0.0,0.0,0,15.79,0
06187915,2008,tmax,0,0.0,0.0,0.0,0,13.64,0
06187915,2009,tmax,0,0.0,0.0,0.0,0,14.5,0
06187915,2010,tmax,0,0.0,0.0,0.0,0,14.57,0
06187950,2005,tmax,0,0.0,0.0,0.0,0,17.93,0
06187950,2006,tmax,0,0.0,0.0,0.0,0,18.86,0
06187950,2007,tmax,0,0.0,0.0,0.0,0,19.07,0
06187950,2008,tmax,0,0.0,0.0,0.0,0,16.0,0
06188000,2014,tmax,1,7.0,1.29,6.5,7,18.89,0
06188000,2015,tmax,2,6.0,1.74,12.7,12,20.34,0
06188000,2016,tmax,1,7.0,0.1,0.7,7,19.84,0
06188000,2017,tmax,1,5.0,1.5,5.6,5,18.6,0
06188000,2021,tmax,3,5.0,3.1,16.1,15,19.84,0
06188000,2022,tmax,2,11.0,1.7,23.1,22,19.56,0
06188000,2023,tmax,3,8.0,1.78,20.6,24,19.66,0
06188000,2024,tmax,5,6.2,3.0,20.9,31,20.31,0
06188000,2025,tmax,5,6.8,2.07,32.0,34,19.27,0
06188000,2018,tmax,0,0.0,0.0,0.0,0,19.04,0
06188000,2019,tmax,0,0.0,0.0,0.0,0,19.09,0
06188000,2020,tmax,0,0.0,0.0,0.0,0,19.83,0
06190540,2002,tmax,1,6.0,0.14,0.6,6,45.0,54
06190540,2005,tmax,1,5.0,0.14,0.3,5,45.0,76
06190540,1990,tmax,0,0.0,0.0,0.0,0,44.91,0
06190540,1991,tmax,0,0.0,0.0,0.0,0,,0
06190540,1992,tmax,0,0.0,0.0,0.0,0,,0
06190540,1993,tmax,0,0.0,0.0,0.0,0,,0
06190540,1994,tmax,0,0.0,0.0,0.0,0,,0
06190540,1995,tmax,0,0.0,0.0,0.0,0,,0
06190540,1996,tmax,0,0.0,0.0,0.0,0,,0
06190540,1997,tmax,0,0.0,0.0,0.0,0,,0
06190540,1998,tmax,0,0.0,0.0,0.0,0,,0
06190540,1999,tmax,0,0.0,0.0,0.0,0,,0
06190540,2000,tmax,0,0.0,0.0,0.0,0,,0
06190540,2001,tmax,0,0.0,0.0,0.0,0,,0
06190540,2003,tmax,0,0.0,0.0,0.0,0,45.0,0
06190540,2004,tmax,0,0.0,0.0,0.0,0,,0
06190540,2006,tmax,0,0.0,0.0,0.0,0,44.86,0
06190540,2007,tmax,0,0.0,0.0,0.0,0,44.93,0
06190540,2008,tmax,0,0.0,0.0,0.0,0,44.93,0
06190540,2009,tmax,0,0.0,0.0,0.0,0,45.0,0
06190540,2010,tmax,0,0.0,0.0,0.0,0,44.86,0
06190540,2011,tmax,0,0.0,0.0,0.0,0,,0
06190540,2012,tmax,0,0.0,0.0,0.0,0,,0
06190540,2013,tmax,0,0.0,0.0,0.0,0,,0
06190540,2014,tmax,0,0.0,0.0,0.0,0,43.69,0
06190540,2015,tmax,0,0.0,0.0,0.0,0,,0
06190540,2016,tmax,0,0.0,0.0,0.0,0,,0
06190540,2017,tmax,0,0.0,0.0,0.0,0,44.07,0
06190540,2018,tmax,0,0.0,0.0,0.0,0,44.29,0
06190540,2019,tmax,0,0.0,0.0,0.0,0,,0
06190540,2020,tmax,0,0.0,0.0,0.0,0,44.64,0
06190540,2021,tmax,0,0.0,0.0,0.0,0,,0
06190540,2022,tmax,0,0.0,0.0,0.0,0,43.94,0
06190540,2023,tmax,0,0.0,0.0,0.0,0,44.87,0
06190540,2024,tmax,0,0.0,0.0,0.0,0,,0
06191500,2016,tmax,1,7.0,0.87,3.3,7,20.6,0
06191500,2017,tmax,1,5.0,1.7,4.5,5,19.26,0
06191500,2021,tmax,4,5.5,2.48,18.0,22,21.74,1
06191500,2022,tmax,5,7.4,1.92,28.3,37,20.86,0
06191500,2023,tmax,3,7.3,1.72,23.9,22,20.71,0
06191500,2024,tmax,2,12.0,2.46,30.0,24,20.51,0
06191500,2025,tmax,7,7.3,2.6,45.0,51,19.99,0
06191500,2001,tmax,0,0.0,0.0,0.0,0,21.21,0
06191500,2002,tmax,0,0.0,0.0,0.0,0,20.36,0
06191500,2003,tmax,0,0.0,0.0,0.0,0,,0
06191500,2004,tmax,0,0.0,0.0,0.0,0,,0
06191500,2005,tmax,0,0.0,0.0,0.0,0,,0
06191500,2006,tmax,0,0.0,0.0,0.0,0,,0
06191500,2007,tmax,0,0.0,0.0,0.0,0,,0
06191500,2008,tmax,0,0.0,0.0,0.0,0,,0
06191500,2009,tmax,0,0.0,0.0,0.0,0,,0
06191500,2010,tmax,0,0.0,0.0,0.0,0,,0
06191500,2011,tmax,0,0.0,0.0,0.0,0,,0
06191500,2012,tmax,0,0.0,0.0,0.0,0,,0
06191500,2013,tmax,0,0.0,0.0,0.0,0,,0
06191500,2014,tmax,0,0.0,0.0,0.0,0,,0
06191500,2015,tmax,0,0.0,0.0,0.0,0,,0
06191500,2018,tmax,0,0.0,0.0,0.0,0,20.17,0
06191500,2019,tmax,0,0.0,0.0,0.0,0,19.59,0
06191500,2020,tmax,0,0.0,0.0,0.0,0,20.51,0
01095220,1998,tmax,1,5.0,2.66,5.7,5,23.33,11
01095220,1999,tmax,1,6.0,3.26,14.1,6,24.76,57
01095220,2001,tmax,1,8.0,3.0,9.8,8,24.03,32
01095220,2002,tmax,3,7.3,6.21,35.8,22,24.81,37
01095220,2004,tmax,1,6.0,1.6,4.2,6,20.66,2
01095220,2006,tmax,2,6.0,4.63,19.1,12,25.46,34
01095220,2007,tmax,2,6.5,6.22,29.7,13,24.27,31
01095220,2008,tmax,1,6.0,2.23,6.5,6,23.37,28
01095220,2009,tmax,2,5.5,4.1,16.2,11,24.2,16
01095220,2010,tmax,2,6.5,3.3,24.1,13,24.79,52
01095220,2011,tmax,2,6.5,1.7,10.0,13,24.5,52
01095220,2012,tmax,3,15.3,8.6,101.4,46,24.7,66
01095220,2013,tmax,2,5.5,2.41,10.5,11,26.33,46
01095220,2014,tmax,3,6.0,2.4,20.6,18,24.59,51
01095220,2015,tmax,5,7.4,4.5,57.8,37,24.49,64
01095220,2016,tmax,2,6.0,3.5,16.0,12,25.19,65
01095220,2017,tmax,3,5.7,4.1,24.7,17,23.56,38
01095220,2018,tmax,3,5.0,2.8,17.0,15,25.31,49
01095220,2020,tmax,2,5.5,4.2,17.0,11,25.04,56
01095220,2021,tmax,6,5.5,3.7,35.4,33,23.94,31
01095220,2022,tmax,4,6.0,2.9,36.2,24,25.06,46
01095220,2023,tmax,4,9.2,4.5,47.0,37,23.0,23
01095220,2024,tmax,2,6.5,2.61,23.1,13,25.49,44
01095220,2025,tmax,1,5.0,3.22,10.1,5,24.99,47
01095220,2000,tmax,0,0.0,0.0,0.0,0,21.87,0
01095220,2003,tmax,0,0.0,0.0,0.0,0,24.69,0
01095220,2005,tmax,0,0.0,0.0,0.0,0,24.27,0
01095220,2019,tmax,0,0.0,0.0,0.0,0,24.46,0
01095375,1999,tmax,1,7.0,3.62,16.0,7,26.87,54
01095375,2001,tmax,4,6.0,3.4,37.6,24,26.56,67
01095375,2002,tmax,3,7.0,6.73,49.3,21,28.53,59
01095375,2006,tmax,1,7.0,3.0,9.0,7,26.27,55
01095375,2007,tmax,2,7.0,4.6,20.5,14,25.4,48
01095375,2008,tmax,2,5.5,2.53,15.0,11,25.63,48
01095375,2009,tmax,2,8.0,4.3,18.7,16,26.83,49
01095375,2010,tmax,4,5.5,3.6,38.8,22,28.77,83
01095375,2012,tmax,7,7.3,8.5,131.0,51,29.06,99
01095375,2013,tmax,1,5.0,2.1,5.2,5,27.89,64
01095375,2015,tmax,3,8.0,5.3,55.6,24,25.26,75
01095375,2016,tmax,3,5.7,2.7,22.7,17,27.67,89
01095375,2017,tmax,2,5.0,1.76,9.2,10,24.94,51
01095375,2020,tmax,1,7.0,3.3,10.1,7,26.33,67
01095375,2021,tmax,4,5.0,2.9,25.6,20,24.81,49
01095375,2022,tmax,3,7.0,2.4,22.6,21,28.06,69
01095375,2023,tmax,3,8.7,4.0,36.6,26,25.39,56
01095375,2024,tmax,1,6.0,1.7,6.0,6,26.91,64
01095375,2025,tmax,2,5.0,2.7,13.2,10,27.0,64
01095375,1997,tmax,0,0.0,0.0,0.0,0,23.09,0
01095375,1998,tmax,0,0.0,0.0,0.0,0,22.8,0
01095375,2000,tmax,0,0.0,0.0,0.0,0,22.57,0
01095375,2003,tmax,0,0.0,0.0,0.0,0,24.54,0
01095375,2004,tmax,0,0.0,0.0,0.0,0,23.34,0
01095375,2005,tmax,0,0.0,0.0,0.0,0,24.91,0
01095375,2011,tmax,0,0.0,0.0,0.0,0,28.1,0
01095375,2014,tmax,0,0.0,0.0,0.0,0,24.66,0
01095375,2018,tmax,0,0.0,0.0,0.0,0,27.4,0
01095375,2019,tmax,0,0.0,0.0,0.0,0,25.66,0
01095434,2015,tmax,1,6.0,1.86,7.7,6,20.77,1
01095434,2018,tmax,1,5.0,1.07,3.4,5,21.61,8
01095434,2021,tmax,1,7.0,2.78,11.1,7,20.53,2
01095434,2022,tmax,2,5.0,3.86,15.4,10,21.34,4
01095434,2023,tmax,2,9.0,3.54,28.0,18,20.73,3
01095434,2024,tmax,1,6.0,2.78,10.0,6,21.6,3
01095434,2012,tmax,0,0.0,0.0,0.0,0,21.37,0
01095434,2013,tmax,0,0.0,0.0,0.0,0,21.03,0
01095434,2014,tmax,0,0.0,0.0,0.0,0,20.77,0
01095434,2016,tmax,0,0.0,0.0,0.0,0,20.53,0
01095434,2017,tmax,0,0.0,0.0,0.0,0,19.1,0
01095434,2019,tmax,0,0.0,0.0,0.0,0,20.69,0
01095434,2020,tmax,0,0.0,0.0,0.0,0,20.7,0
01095434,2025,tmax,0,0.0,0.0,0.0,0,20.29,0
01104370,2010,tmean,1,8.0,3.2,12.9,8,22.17,5
01104370,2011,tmean,2,5.5,1.5,11.0,11,21.26,4
01104370,2012,tmean,3,7.0,6.24,42.0,21,21.61,5
01104370,2015,tmean,2,8.0,3.7,31.0,16,21.13,0
01104370,2016,tmean,2,5.5,3.1,15.2,11,21.19,0
01104370,2017,tmean,1,5.0,1.2,3.2,5,21.49,1
01104370,2018,tmean,2,5.5,1.2,6.8,11,22.99,16
01104370,2020,tmean,2,5.5,4.4,14.1,11,22.0,9
01104370,2021,tmean,1,9.0,3.01,12.7,9,22.74,16
01104370,2022,tmean,3,5.7,2.81,25.1,17,23.16,12
01104370,2023,tmean,6,7.7,3.82,59.3,46,22.96,14
01104370,2024,tmean,3,6.0,2.7,19.9,18,22.8,18
01104370,2013,tmean,0,0.0,0.0,0.0,0,22.67,0
01104370,2014,tmean,0,0.0,0.0,0.0,0,21.49,0
01104370,2019,tmean,0,0.0,0.0,0.0,0,22.26,0
01104370,2025,tmean,0,0.0,0.0,0.0,0,22.01,0
01104415,1998,tmax,1,6.0,4.27,9.2,6,20.21,3
01104415,2007,tmax,1,5.0,6.37,15.0,5,22.36,9
01104415,2010,tmax,1,6.0,2.4,8.1,6,22.34,8
01104415,2012,tmax,2,7.0,6.3,43.0,14,22.26,9
01104415,2015,tmax,3,7.0,3.56,24.6,21,23.51,18
01104415,2016,tmax,2,5.5,3.2,21.8,11,18.1,0
01104415,2017,tmax,2,6.5,3.52,17.4,13,21.2,4
01104415,2020,tmax,2,6.0,5.2,25.0,12,22.89,34
01104415,2022,tmax,1,5.0,2.5,6.9,5,18.19,0
01104415,2023,tmax,4,6.8,4.0,34.7,27,21.44,6
01104415,2024,tmax,2,5.5,2.68,17.0,11,24.09,16
01104415,1997,tmax,0,0.0,0.0,0.0,0,15.11,0
01104415,1999,tmax,0,0.0,0.0,0.0,0,,0
01104415,2000,tmax,0,0.0,0.0,0.0,0,,0
01104415,2001,tmax,0,0.0,0.0,0.0,0,,0
01104415,2002,tmax,0,0.0,0.0,0.0,0,,0
01104415,2003,tmax,0,0.0,0.0,0.0,0,,0
01104415,2004,tmax,0,0.0,0.0,0.0,0,14.59,0
01104415,2005,tmax,0,0.0,0.0,0.0,0,22.66,0
01104415,2006,tmax,0,0.0,0.0,0.0,0,21.69,0
01104415,2008,tmax,0,0.0,0.0,0.0,0,21.46,0
01104415,2009,tmax,0,0.0,0.0,0.0,0,23.66,0
01104415,2011,tmax,0,0.0,0.0,0.0,0,21.66,0
01104415,2013,tmax,0,0.0,0.0,0.0,0,21.7,0
01104415,2014,tmax,0,0.0,0.0,0.0,0,21.94,0
01104415,2018,tmax,0,0.0,0.0,0.0,0,24.84,0
01104415,2019,tmax,0,0.0,0.0,0.0,0,21.77,0
01104415,2021,tmax,0,0.0,0.0,0.0,0,21.66,0
01104415,2025,tmax,0,0.0,0.0,0.0,0,21.16,0
01104420,2015,tmean,2,9.0,4.19,35.4,18,21.89,4
01104420,2016,tmean,3,6.0,3.64,19.3,18,23.33,26
01104420,2020,tmean,1,6.0,5.48,11.7,6,21.84,10
01104420,2021,tmean,1,6.0,3.8,9.8,6,23.57,19
01104420,2022,tmean,1,5.0,3.66,11.6,5,22.79,5
01104420,2023,tmean,5,7.8,4.88,45.5,39,23.31,18
01104420,2024,tmean,3,5.7,2.84,26.6,17,22.3,13
01104420,2025,tmean,2,19.5,4.3,69.0,39,19.0,0
01104420,2012,tmean,0,0.0,0.0,0.0,0,23.6,0
01104420,2013,tmean,0,0.0,0.0,0.0,0,23.36,0
01104420,2014,tmean,0,0.0,0.0,0.0,0,21.83,0
01104420,2017,tmean,0,0.0,0.0,0.0,0,22.09,0
01104420,2018,tmean,0,0.0,0.0,0.0,0,23.97,0
01104420,2019,tmean,0,0.0,0.0,0.0,0,22.94,0
01104430,2001,tmax,1,19.0,1.5,13.1,19,17.79,0
01104430,2002,tmax,2,5.0,1.7,6.2,10,25.77,55
01104430,2004,tmax,1,14.0,3.0,21.3,14,23.6,51
01104430,2005,tmax,1,37.0,2.2,41.5,37,25.8,64
01104430,2006,tmax,1,7.0,1.2,4.3,7,20.86,0
01104430,2007,tmax,3,7.7,1.3,9.2,23,23.44,36
01104430,2008,tmax,3,19.7,1.14,28.0,59,24.47,52
01104430,2009,tmax,1,5.0,1.92,7.7,5,22.56,22
01104430,2010,tmax,2,12.0,5.5,62.4,24,24.69,64
01104430,2011,tmax,2,6.5,0.7,4.0,13,24.76,58
01104430,2012,tmax,5,10.8,3.74,67.1,54,26.57,83
01104430,2015,tmax,2,14.0,3.43,30.3,28,25.61,78
01104430,2016,tmax,5,15.6,2.6,80.1,78,27.2,95
01104430,2017,tmax,8,8.8,4.49,77.9,70,24.67,65
01104430,2018,tmax,3,7.7,1.36,17.3,23,26.06,76
01104430,2021,tmax,2,10.5,1.2,12.5,21,22.89,12
01104430,2022,tmax,2,10.5,2.3,22.2,21,25.97,56
01104430,2023,tmax,2,5.0,0.82,4.6,10,22.79,38
01104430,2024,tmax,1,12.0,3.22,19.3,12,23.43,40
01104430,2025,tmax,2,11.0,1.92,24.0,22,25.91,55
01104430,1997,tmax,0,0.0,0.0,0.0,0,16.73,0
01104430,1998,tmax,0,0.0,0.0,0.0,0,23.33,0
01104430,1999,tmax,0,0.0,0.0,0.0,0,23.29,0
01104430,2000,tmax,0,0.0,0.0,0.0,0,23.4,0
01104430,2003,tmax,0,0.0,0.0,0.0,0,22.94,0
01104430,2013,tmax,0,0.0,0.0,0.0,0,23.84,0
01104430,2014,tmax,0,0.0,0.0,0.0,0,24.97,0
01104430,2019,tmax,0,0.0,0.0,0.0,0,24.06,0
01104430,2020,tmax,0,0.0,0.0,0.0,0,25.37,0
01104453,2006,tmean,4,5.5,3.52,28.0,22,27.43,64
01104453,2007,tmean,4,5.8,5.14,41.5,23,26.81,85
01104453,2010,tmean,1,7.0,1.79,7.3,7,26.49,27
01104453,2011,tmean,3,5.3,3.02,19.9,16,24.24,69
01104453,2012,tmean,3,8.0,8.84,67.6,24,25.37,78
01104453,2013,tmean,1,6.0,0.3,1.0,6,24.74,40
01104453,2015,tmean,4,6.8,3.62,36.1,27,24.89,71
01104453,2016,tmean,1,5.0,2.5,8.5,5,24.57,26
01104453,2017,tmean,1,6.0,2.02,6.3,6,21.81,0
01104453,2018,tmean,1,5.0,1.4,3.3,5,24.04,49
01104453,2019,tmean,1,9.0,0.7,3.5,9,22.24,14
01104453,2020,tmean,1,7.0,3.41,10.2,7,21.01,0
01104453,2021,tmean,1,5.0,3.0,7.4,5,22.03,4
01104453,2022,tmean,1,9.0,4.22,17.4,9,25.63,42
01104453,2023,tmean,2,8.5,4.03,26.6,17,23.33,36
01104453,2024,tmean,2,8.0,1.52,9.8,16,24.9,53
01104453,2025,tmean,1,5.0,1.71,3.6,5,22.8,5
01104453,2008,tmean,0,0.0,0.0,0.0,0,,0
01104453,2009,tmean,0,0.0,0.0,0.0,0,,0
01104453,2014,tmean,0,0.0,0.0,0.0,0,23.8,0
01104455,2006,tmax,1,7.0,0.77,3.1,7,19.63,9
01104455,2007,tmax,2,5.5,2.24,6.6,11,18.66,6
01104455,2012,tmax,2,6.5,1.85,11.2,13,20.54,11
01104455,2013,tmax,6,6.8,2.2,41.2,41,27.5,70
01104455,2014,tmax,1,9.0,3.5,15.6,9,25.21,47
01104455,2015,tmax,5,5.6,2.76,32.7,28,25.54,60
01104455,2016,tmax,7,10.0,3.57,79.9,70,27.33,78
01104455,2017,tmax,2,7.0,2.4,16.9,14,21.37,6
01104455,2022,tmax,5,7.0,4.25,63.9,35,26.47,16
01104455,2023,tmax,3,11.0,4.38,31.7,33,21.7,11
01104455,2024,tmax,3,13.7,2.0,28.6,41,22.11,8
01104455,2025,tmax,2,15.5,5.1,55.2,31,21.19,7
01104455,2002,tmax,0,0.0,0.0,0.0,0,14.81,0
01104455,2003,tmax,0,0.0,0.0,0.0,0,22.33,0
01104455,2004,tmax,0,0.0,0.0,0.0,0,22.07,0
01104455,2005,tmax,0,0.0,0.0,0.0,0,17.67,0
01104455,2008,tmax,0,0.0,0.0,0.0,0,22.37,0
01104455,2009,tmax,0,0.0,0.0,0.0,0,18.83,0
01104455,2010,tmax,0,0.0,0.0,0.0,0,19.83,0
01104455,2011,tmax,0,0.0,0.0,0.0,0,19.94,0
01104455,2018,tmax,0,0.0,0.0,0.0,0,23.73,0
01104455,2019,tmax,0,0.0,0.0,0.0,0,21.79,0
01104455,2020,tmax,0,0.0,0.0,0.0,0,20.61,0
01104455,2021,tmax,0,0.0,0.0,0.0,0,21.8,0
01104460,1998,tmean,2,5.0,5.29,18.1,10,22.46,10
01104460,2002,tmean,1,6.0,1.04,3.7,6,25.5,14
01104460,2005,tmean,1,6.0,2.79,11.1,6,22.31,4
01104460,2006,tmean,1,6.0,4.58,10.6,6,23.21,11
01104460,2007,tmean,2,6.0,4.69,18.8,12,22.54,20
01104460,2008,tmean,1,5.0,2.99,9.7,5,22.79,17
01104460,2009,tmean,1,5.0,1.4,4.1,5,22.74,12
01104460,2010,tmean,3,6.0,2.39,19.8,18,23.76,46
01104460,2011,tmean,2,6.0,2.9,12.9,12,23.39,41
01104460,2012,tmean,5,7.2,7.2,70.6,36,24.86,56
01104460,2015,tmean,5,6.6,4.2,57.7,33,25.09,69
01104460,2016,tmean,7,8.0,4.52,62.0,56,25.96,73
01104460,2017,tmean,2,6.0,2.8,17.5,12,22.67,21
01104460,2018,tmean,3,5.3,1.97,15.9,16,24.81,60
01104460,2020,tmean,2,5.5,4.48,18.0,11,24.9,45
01104460,2021,tmean,1,5.0,2.89,7.8,5,22.79,21
01104460,2022,tmean,5,8.0,2.6,40.0,40,26.04,52
01104460,2023,tmean,4,9.2,3.8,49.4,37,22.49,19
01104460,2024,tmean,2,6.0,2.3,14.6,12,23.57,32
01104460,2025,tmean,1,7.0,2.5,7.3,7,24.39,44
01104460,1997,tmean,0,0.0,0.0,0.0,0,10.17,0
01104460,1999,tmean,0,0.0,0.0,0.0,0,,0
01104460,2000,tmean,0,0.0,0.0,0.0,0,,0
01104460,2001,tmean,0,0.0,0.0,0.0,0,,0
01104460,2003,tmean,0,0.0,0.0,0.0,0,23.01,0
01104460,2004,tmean,0,0.0,0.0,0.0,0,22.57,0
01104460,2013,tmean,0,0.0,0.0,0.0,0,22.89,0
01104460,2014,tmean,0,0.0,0.0,0.0,0,22.93,0
01104460,2019,tmean,0,0.0,0.0,0.0,0,23.36,0
01104475,2005,tmax,1,6.0,1.1,3.6,6,21.31,2
01104475,2006,tmax,1,5.0,1.97,5.2,5,22.77,12
01104475,2007,tmax,1,6.0,6.24,17.1,6,21.01,1
01104475,2008,tmax,3,5.0,2.5,18.8,15,22.47,18
01104475,2009,tmax,1,5.0,3.67,11.2,5,22.54,7
01104475,2011,tmax,3,6.3,1.6,12.1,19,21.54,4
01104475,2012,tmax,1,7.0,6.35,30.4,7,20.91,5
01104475,2013,tmax,1,5.0,1.5,5.0,5,21.4,6
01104475,2014,tmax,1,7.0,1.6,4.1,7,20.7,3
01104475,2015,tmax,2,7.5,3.52,22.8,15,21.99,5
01104475,2016,tmax,2,6.0,2.8,19.2,12,20.83,1
01104475,2018,tmax,1,5.0,1.0,2.3,5,21.87,12
01104475,2020,tmax,1,6.0,5.94,14.6,6,22.27,14
01104475,2021,tmax,3,7.3,3.34,32.7,22,23.57,12
01104475,2022,tmax,1,6.0,1.9,6.0,6,22.59,4
01104475,2023,tmax,8,7.1,3.94,77.0,57,22.99,28
01104475,2024,tmax,1,7.0,2.47,10.1,7,21.07,2
01104475,2003,tmax,0,0.0,0.0,0.0,0,6.04,0
01104475,2004,tmax,0,0.0,0.0,0.0,0,21.2,0
01104475,2010,tmax,0,0.0,0.0,0.0,0,20.81,0
01104475,2017,tmax,0,0.0,0.0,0.0,0,20.4,0
01104475,2019,tmax,0,0.0,0.0,0.0,0,22.16,0
01104475,2025,tmax,0,0.0,0.0,0.0,0,21.53,0
01104480,2001,tmean,1,9.0,1.2,5.5,9,25.93,98
01104480,2002,tmean,2,7.0,0.98,4.8,14,12.87,0
01104480,2008,tmean,1,5.0,2.59,7.9,5,27.17,57
01104480,2009,tmean,1,6.0,0.48,1.9,6,27.37,40
01104480,2010,tmean,2,7.5,1.9,16.8,15,28.36,87
01104480,2011,tmean,1,5.0,0.5,1.5,5,27.14,80
01104480,2012,tmean,3,7.3,9.4,78.1,22,27.3,93
01104480,2013,tmean,1,5.0,2.29,7.2,5,28.86,73
01104480,2015,tmean,2,6.0,2.4,13.2,12,27.91,105
01104480,2003,tmean,0,0.0,0.0,0.0,0,,0
01104480,2004,tmean,0,0.0,0.0,0.0,0,,0
01104480,2005,tmean,0,0.0,0.0,0.0,0,,0
01104480,2006,tmean,0,0.0,0.0,0.0,0,,0
01104480,2007,tmean,0,0.0,0.0,0.0,0,,0
01104480,2014,tmean,0,0.0,0.0,0.0,0,27.14,0
01104480,2016,tmean,0,0.0,0.0,0.0,0,27.59,0
01173000,2022,tmean,1,6.0,4.2,13.8,6,25.46,42
01173000,2023,tmean,6,10.2,4.46,87.8,61,24.33,36
01173000,2024,tmean,6,8.3,1.72,31.3,50,25.79,47
01173000,2025,tmean,1,7.0,3.34,14.3,7,25.17,47
01173000,2018,tmean,0,0.0,0.0,0.0,0,15.06,0
01173000,2019,tmean,0,0.0,0.0,0.0,0,25.2,0
01173000,2020,tmean,0,0.0,0.0,0.0,0,25.77,0
01173000,2021,tmean,0,0.0,0.0,0.0,0,23.9,0
01447720,1985,tmax,2,5.0,2.3,9.2,10,23.63,34
01447720,1986,tmax,2,5.5,2.98,19.8,11,23.49,32
01447720,1988,tmax,2,11.0,3.53,31.3,22,26.29,56
01447720,1989,tmax,1,11.0,2.6,10.7,11,24.87,42
01447720,1990,tmax,4,8.5,5.1,52.6,34,24.14,37
01447720,1991,tmax,4,9.8,4.78,65.9,39,25.56,71
01447720,1993,tmax,2,6.0,2.7,16.1,12,26.4,48
01447720,1994,tmax,2,8.5,2.3,21.8,17,21.43,2
01447720,1995,tmax,1,5.0,1.1,2.8,5,25.56,50
01447720,1998,tmax,2,6.0,4.54,27.6,12,23.14,38
01447720,1999,tmax,1,6.0,2.61,9.0,6,26.13,56
01447720,2001,tmax,3,6.3,2.5,22.9,19,25.0,47
01447720,2002,tmax,5,6.2,5.64,38.3,31,25.5,47
01447720,2017,tmax,1,6.0,1.48,5.4,6,18.4,0
01447720,2018,tmax,4,5.5,3.2,27.3,22,26.09,76
01447720,2020,tmax,2,6.5,3.1,13.8,13,24.86,69
01447720,2021,tmax,1,5.0,1.62,4.1,5,24.67,53
01447720,2022,tmax,3,5.3,3.92,25.6,16,25.33,55
01447720,2023,tmax,4,9.2,5.06,55.5,37,24.5,58
01447720,2024,tmax,7,5.9,3.3,73.6,41,26.21,63
01447720,2025,tmax,7,6.4,2.86,51.5,45,26.41,63
01447720,1992,tmax,0,0.0,0.0,0.0,0,22.83,0
01447720,1996,tmax,0,0.0,0.0,0.0,0,21.7,0
01447720,1997,tmax,0,0.0,0.0,0.0,0,24.4,0
01447720,2000,tmax,0,0.0,0.0,0.0,0,21.84,0
01447720,2003,tmax,0,0.0,0.0,0.0,0,22.07,0
01447720,2004,tmax,0,0.0,0.0,0.0,0,22.7,0
01447720,2005,tmax,0,0.0,0.0,0.0,0,,0
01447720,2006,tmax,0,0.0,0.0,0.0,0,,0
01447720,2007,tmax,0,0.0,0.0,0.0,0,,0
01447720,2008,tmax,0,0.0,0.0,0.0,0,,0
01447720,2009,tmax,0,0.0,0.0,0.0,0,,0
01447720,2010,tmax,0,0.0,0.0,0.0,0,,0
01447720,2011,tmax,0,0.0,0.0,0.0,0,,0
01447720,2012,tmax,0,0.0,0.0,0.0,0,,0
01447720,2013,tmax,0,0.0,0.0,0.0,0,,0
01447720,2014,tmax,0,0.0,0.0,0.0,0,,0
01447720,2015,tmax,0,0.0,0.0,0.0,0,,0
01447720,2016,tmax,0,0.0,0.0,0.0,0,,0
01447720,2019,tmax,0,0.0,0.0,0.0,0,25.07,0
01447800,1988,tmax,2,6.5,7.2,26.6,13,27.07,29
01447800,1989,tmax,1,5.0,0.5,1.2,5,23.09,17
01447800,1990,tmax,3,7.0,5.94,58.2,21,22.26,7
01447800,1991,tmax,6,8.3,5.0,80.6,50,24.51,61
01447800,1992,tmax,1,6.0,0.92,3.5,6,21.63,0
01447800,1993,tmax,2,9.0,2.12,17.1,18,25.39,52
01447800,1994,tmax,2,7.5,2.1,17.8,15,23.87,39
01447800,1995,tmax,4,9.0,2.59,39.4,36,25.11,51
01447800,1996,tmax,1,10.0,0.62,3.3,10,21.9,2
01447800,1998,tmax,4,7.2,4.1,51.7,29,23.7,47
01447800,1999,tmax,9,7.8,2.72,80.7,70,25.83,70
01447800,2000,tmax,2,5.0,2.6,12.3,10,21.56,5
01447800,2001,tmax,3,9.7,2.08,17.6,29,26.54,56
01447800,2002,tmax,1,6.0,0.7,1.8,6,23.24,12
01447800,2004,tmax,3,7.7,2.6,30.5,23,23.47,18
01447800,2017,tmax,1,6.0,1.84,8.4,6,19.03,0
01447800,2020,tmax,4,6.2,2.6,24.6,25,23.79,49
01447800,2021,tmax,2,6.0,2.6,13.9,12,22.46,26
01447800,2022,tmax,4,9.0,3.3,38.1,36,24.16,39
01447800,2023,tmax,5,8.2,2.5,40.9,41,21.7,0
01447800,2024,tmax,6,6.5,2.32,40.6,39,23.31,23
01447800,2025,tmax,1,13.0,0.9,7.3,13,22.97,41
01447800,1997,tmax,0,0.0,0.0,0.0,0,23.7,0
01447800,2003,tmax,0,0.0,0.0,0.0,0,22.39,0
01447800,2005,tmax,0,0.0,0.0,0.0,0,,0
01447800,2006,tmax,0,0.0,0.0,0.0,0,,0
01447800,2007,tmax,0,0.0,0.0,0.0,0,,0
01447800,2008,tmax,0,0.0,0.0,0.0,0,,0
01447800,2009,tmax,0,0.0,0.0,0.0,0,,0
01447800,2010,tmax,0,0.0,0.0,0.0,0,,0
01447800,2011,tmax,0,0.0,0.0,0.0,0,,0
01447800,2012,tmax,0,0.0,0.0,0.0,0,,0
01447800,2013,tmax,0,0.0,0.0,0.0,0,,0
01447800,2014,tmax,0,0.0,0.0,0.0,0,,0
01447800,2015,tmax,0,0.0,0.0,0.0,0,,0
01447800,2016,tmax,0,0.0,0.0,0.0,0,,0
01447800,2018,tmax,0,0.0,0.0,0.0,0,21.9,0
01447800,2019,tmax,0,0.0,0.0,0.0,0,22.91,0
01449360,1985,tmax,2,6.0,4.6,23.6,12,21.51,3
01449360,1986,tmax,2,5.5,3.02,15.7,11,20.1,1
01449360,1987,tmax,3,7.0,3.4,35.1,21,22.14,6
01449360,1990,tmax,4,7.8,4.52,52.7,31,20.9,0
01449360,1991,tmax,6,7.5,3.0,59.0,45,23.49,12
01449360,1993,tmax,2,8.0,2.85,21.0,16,23.17,8
01449360,1995,tmax,2,7.0,3.62,25.0,14,21.83,5
01449360,1997,tmax,1,5.0,1.5,4.5,5,22.51,7
01449360,1998,tmax,5,5.8,3.7,43.3,29,21.13,0
01449360,1999,tmax,4,5.8,3.99,33.4,23,23.56,23
01449360,2000,tmax,1,6.0,2.93,10.5,6,19.84,0
01449360,2001,tmax,2,5.0,2.6,14.4,10,22.67,6
01449360,2002,tmax,4,7.5,3.56,43.8,30,23.46,19
01449360,2004,tmax,1,6.0,1.51,4.7,6,19.59,0
01449360,2017,tmax,1,7.0,2.9,12.7,7,18.17,0
01449360,2018,tmax,1,5.0,1.02,3.1,5,21.31,1
01449360,2020,tmax,2,5.5,4.5,18.0,11,21.89,7
01449360,2021,tmax,1,6.0,2.3,6.3,6,21.14,3
01449360,2022,tmax,3,6.0,3.4,21.2,18,22.53,10
01449360,2023,tmax,7,6.4,4.02,62.2,45,21.06,0
01449360,2024,tmax,9,7.0,3.22,96.6,63,22.97,20
01449360,2025,tmax,3,6.7,2.94,27.5,20,22.1,6
01449360,1992,tmax,0,0.0,0.0,0.0,0,19.37,0
01449360,1994,tmax,0,0.0,0.0,0.0,0,20.16,0
01449360,1996,tmax,0,0.0,0.0,0.0,0,19.11,0
01449360,2003,tmax,0,0.0,0.0,0.0,0,19.24,0
01449360,2005,tmax,0,0.0,0.0,0.0,0,,0
01449360,2006,tmax,0,0.0,0.0,0.0,0,,0
01449360,2007,tmax,0,0.0,0.0,0.0,0,,0
01449360,2008,tmax,0,0.0,0.0,0.0,0,,0
01449360,2009,tmax,0,0.0,0.0,0.0,0,,0
01449360,2010,tmax,0,0.0,0.0,0.0,0,,0
01449360,2011,tmax,0,0.0,0.0,0.0,0,,0
01449360,2012,tmax,0,0.0,0.0,0.0,0,,0
01449360,2013,tmax,0,0.0,0.0,0.0,0,,0
01449360,2014,tmax,0,0.0,0.0,0.0,0,,0
01449360,2015,tmax,0,0.0,0.0,0.0,0,,0
01449360,2016,tmax,0,0.0,0.0,0.0,0,,0
01449360,2019,tmax,0,0.0,0.0,0.0,0,21.51,0
01449800,2018,tmax,1,5.0,0.2,0.6,5,20.03,0
01449800,2020,tmax,1,5.0,0.24,0.6,5,18.63,0
01449800,2021,tmax,1,8.0,0.32,1.1,8,19.19,0
01449800,2022,tmax,2,17.5,2.13,33.2,35,18.14,0
01449800,2023,tmax,5,15.2,1.61,46.3,76,19.76,0
01449800,2024,tmax,2,43.0,3.0,81.1,86,16.4,0
01449800,2025,tmax,2,6.0,2.9,7.6,12,16.46,0
01449800,2017,tmax,0,0.0,0.0,0.0,0,13.27,0
01449800,2019,tmax,0,0.0,0.0,0.0,0,17.96,0
01470779,2019,tmax,1,5.0,1.33,2.8,5,21.63,3
01470779,2021,tmax,2,5.0,1.16,4.7,10,23.7,47
01470779,2022,tmax,4,9.2,3.09,46.0,37,25.0,51
01470779,2023,tmax,3,7.0,3.73,38.0,21,23.21,18
01470779,2024,tmax,5,6.4,3.12,46.8,32,24.67,45
01470779,2025,tmax,2,5.5,2.39,13.4,11,22.26,11
01470779,2017,tmax,0,0.0,0.0,0.0,0,18.04,0
01470779,2018,tmax,0,0.0,0.0,0.0,0,21.14,0
01470779,2020,tmax,0,0.0,0.0,0.0,0,23.03,0
01470960,2020,tmax,3,8.3,2.91,13.0,25,24.84,58
01470960,2021,tmax,2,5.0,1.12,5.7,10,24.81,36
01470960,2022,tmax,5,13.0,2.4,55.5,65,24.94,58
01470960,2023,tmax,5,12.6,2.23,44.5,63,24.81,48
01470960,2024,tmax,10,12.1,3.51,126.6,121,25.86,71
01470960,2025,tmax,2,11.0,1.03,9.0,22,23.14,52
01470960,2017,tmax,0,0.0,0.0,0.0,0,18.24,0
01470960,2018,tmax,0,0.0,0.0,0.0,0,23.19,0
01470960,2019,tmax,0,0.0,0.0,0.0,0,23.0,0
02072000,2012,tmax,1,5.0,4.08,10.2,5,14.84,0
02072000,2013,tmax,1,6.0,0.2,1.0,6,17.99,0
02072000,2015,tmax,1,41.0,1.81,34.6,41,16.26,0
02072000,2017,tmax,3,6.3,0.6,5.9,19,15.27,0
02072000,2018,tmax,3,9.7,1.9,19.7,29,19.79,0
02072000,2020,tmax,6,28.0,3.74,279.9,168,18.84,0
02072000,2022,tmax,1,6.0,0.41,1.4,6,13.49,0
02072000,2006,tmax,0,0.0,0.0,0.0,0,11.8,0
02072000,2007,tmax,0,0.0,0.0,0.0,0,12.54,0
02072000,2008,tmax,0,0.0,0.0,0.0,0,10.8,0
02072000,2009,tmax,0,0.0,0.0,0.0,0,,0
02072000,2010,tmax,0,0.0,0.0,0.0,0,12.46,0
02072000,2011,tmax,0,0.0,0.0,0.0,0,13.37,0
02072000,2014,tmax,0,0.0,0.0,0.0,0,12.31,0
02072000,2016,tmax,0,0.0,0.0,0.0,0,15.27,0
02072000,2019,tmax,0,0.0,0.0,0.0,0,16.71,0
02072000,2021,tmax,0,0.0,0.0,0.0,0,13.33,0
02072000,2023,tmax,0,0.0,0.0,0.0,0,15.83,0
02072000,2024,tmax,0,0.0,0.0,0.0,0,13.27,0
02072000,2025,tmax,0,0.0,0.0,0.0,0,12.56,0
02072500,2012,tmax,1,6.0,2.03,9.9,6,19.11,0
02072500,2013,tmax,2,6.0,2.0,11.5,12,21.26,1
02072500,2015,tmax,2,20.5,2.7,41.4,41,20.07,0
02072500,2016,tmax,3,5.7,3.32,12.8,17,17.4,0
02072500,2018,tmax,1,7.0,1.0,5.2,7,20.3,0
02072500,2019,tmax,3,5.7,2.6,23.8,17,20.94,1
02072500,2020,tmax,3,8.0,2.1,21.1,24,20.43,1
02072500,2021,tmax,1,6.0,2.2,8.8,6,15.53,0
02072500,2023,tmax,1,6.0,0.3,1.1,6,16.57,0
02072500,2006,tmax,0,0.0,0.0,0.0,0,17.57,0
02072500,2007,tmax,0,0.0,0.0,0.0,0,19.6,0
02072500,2008,tmax,0,0.0,0.0,0.0,0,18.46,0
02072500,2009,tmax,0,0.0,0.0,0.0,0,,0
02072500,2010,tmax,0,0.0,0.0,0.0,0,19.1,0
02072500,2011,tmax,0,0.0,0.0,0.0,0,18.67,0
02072500,2014,tmax,0,0.0,0.0,0.0,0,18.31,0
02072500,2017,tmax,0,0.0,0.0,0.0,0,18.46,0
02072500,2022,tmax,0,0.0,0.0,0.0,0,15.7,0
02072500,2024,tmax,0,0.0,0.0,0.0,0,18.43,0
02072500,2025,tmax,0,0.0,0.0,0.0,0,14.89,0
02079500,2007,tmax,1,6.0,2.8,9.1,6,24.01,66
02079500,2008,tmax,2,5.5,2.9,13.2,11,23.76,70
02079500,2012,tmax,2,5.0,2.0,8.4,10,24.93,82
02079500,2013,tmax,1,20.0,1.28,12.4,20,25.81,96
02079500,2015,tmax,1,13.0,1.24,8.2,13,24.83,63
02079500,2016,tmax,1,5.0,0.6,2.6,5,26.6,92
02079500,2017,tmax,4,8.2,1.4,23.5,33,25.07,117
02079500,2018,tmax,3,8.7,1.9,16.7,26,26.59,105
02079500,2019,tmax,3,9.0,1.8,16.7,27,26.19,120
02079500,2021,tmax,2,10.5,1.34,14.8,21,26.26,94
02079500,2022,tmax,1,7.0,1.8,8.0,7,25.39,78
02079500,2023,tmax,1,6.0,0.95,4.3,6,25.03,87
02079500,2024,tmax,2,20.5,1.74,29.8,41,26.53,96
02079500,2025,tmax,3,6.7,3.0,11.2,20,26.4,97
02079500,2003,tmax,0,0.0,0.0,0.0,0,10.57,0
02079500,2004,tmax,0,0.0,0.0,0.0,0,25.83,0
02079500,2005,tmax,0,0.0,0.0,0.0,0,24.87,0
02079500,2006,tmax,0,0.0,0.0,0.0,0,25.54,0
02079500,2009,tmax,0,0.0,0.0,0.0,0,25.19,0
02079500,2010,tmax,0,0.0,0.0,0.0,0,25.81,0
02079500,2011,tmax,0,0.0,0.0,0.0,0,25.07,0
02079500,2014,tmax,0,0.0,0.0,0.0,0,24.26,0
02079500,2020,tmax,0,0.0,0.0,0.0,0,26.34,0
02087182,2012,tmax,1,13.0,2.84,14.4,13,33.19,169
02087182,2015,tmax,2,14.5,2.84,41.6,29,34.0,151
02087182,2016,tmax,2,9.0,2.6,20.6,18,34.59,170
02087182,2018,tmax,1,5.0,1.7,4.7,5,33.71,131
02087182,2019,tmax,3,7.0,2.49,21.9,21,33.79,181
02087182,2020,tmax,4,7.2,2.6,24.9,29,33.53,165
02087182,2021,tmax,2,7.5,2.5,16.8,15,33.33,183
02087182,2023,tmax,1,11.0,3.6,21.6,11,33.46,171
02087182,2024,tmax,1,7.0,1.36,5.6,7,32.93,178
02087182,2025,tmax,3,8.7,2.36,34.3,26,35.41,181
02087182,2009,tmax,0,0.0,0.0,0.0,0,26.63,0
02087182,2010,tmax,0,0.0,0.0,0.0,0,34.1,0
02087182,2011,tmax,0,0.0,0.0,0.0,0,33.0,0
02087182,2013,tmax,0,0.0,0.0,0.0,0,32.51,0
02087182,2014,tmax,0,0.0,0.0,0.0,0,33.26,0
02087182,2017,tmax,0,0.0,0.0,0.0,0,33.84,0
02087182,2022,tmax,0,0.0,0.0,0.0,0,33.27,0
02111000,2015,tmax,2,7.5,2.78,19.0,15,25.87,96
02111000,2016,tmax,4,5.5,2.96,21.6,22,26.86,110
02111000,2017,tmax,2,6.5,2.08,13.2,13,25.63,72
02111000,2018,tmax,1,7.0,3.96,14.1,7,24.07,63
02111000,2019,tmax,2,6.5,1.92,14.1,13,24.59,63
02111000,2020,tmax,1,8.0,3.76,12.5,8,24.74,49
02111000,2021,tmax,2,5.5,3.45,13.6,11,25.74,90
02111000,2022,tmax,3,5.7,3.4,20.3,17,25.9,86
02111000,2023,tmax,1,6.0,2.3,5.3,6,24.86,70
02111000,2024,tmax,2,6.5,4.05,18.9,13,26.11,88
02111000,2025,tmax,3,6.0,3.7,26.9,18,25.87,60
02111000,2012,tmax,0,0.0,0.0,0.0,0,10.7,0
02111000,2013,tmax,0,0.0,0.0,0.0,0,21.24,0
02111000,2014,tmax,0,0.0,0.0,0.0,0,24.19,0
0212378405,2011,tmax,1,5.0,1.2,2.8,5,32.24,153
0212378405,2016,tmax,5,5.8,1.6,20.7,29,33.13,169
0212378405,2019,tmax,1,5.0,0.6,1.4,5,31.64,175
0212378405,2022,tmax,1,5.0,1.79,3.8,5,32.7,168
0212378405,2024,tmax,2,6.0,1.9,11.0,12,31.54,164
0212378405,2025,tmax,1,5.0,1.3,3.1,5,33.23,165
0212378405,2012,tmax,0,0.0,0.0,0.0,0,32.33,0
0212378405,2013,tmax,0,0.0,0.0,0.0,0,28.57,0
0212378405,2014,tmax,0,0.0,0.0,0.0,0,31.01,0
0212378405,2015,tmax,0,0.0,0.0,0.0,0,32.36,0
0212378405,2017,tmax,0,0.0,0.0,0.0,0,32.09,0
0212378405,2018,tmax,0,0.0,0.0,0.0,0,31.34,0
0212378405,2020,tmax,0,0.0,0.0,0.0,0,31.74,0
0212378405,2021,tmax,0,0.0,0.0,0.0,0,31.26,0
0212378405,2023,tmax,0,0.0,0.0,0.0,0,30.57,0
0212880025,2011,tmax,1,5.0,0.9,2.2,5,31.29,82
0212880025,2015,tmax,3,6.0,1.79,13.2,18,30.9,145
0212880025,2016,tmax,1,5.0,0.5,1.8,5,31.29,144
0212880025,2018,tmax,1,6.0,0.8,2.4,6,30.47,160
0212880025,2019,tmax,5,10.0,3.5,61.1,50,31.64,171
0212880025,2020,tmax,1,8.0,1.4,5.6,8,30.87,141
0212880025,2021,tmax,1,5.0,0.8,2.9,5,30.33,153
0212880025,2022,tmax,1,5.0,0.6,1.4,5,31.11,145
0212880025,2024,tmax,2,11.0,2.0,19.2,22,30.63,151
0212880025,2025,tmax,3,9.3,1.6,19.7,28,31.73,144
0212880025,2012,tmax,0,0.0,0.0,0.0,0,30.27,0
0212880025,2013,tmax,0,0.0,0.0,0.0,0,28.96,0
0212880025,2014,tmax,0,0.0,0.0,0.0,0,29.19,0
0212880025,2017,tmax,0,0.0,0.0,0.0,0,30.46,0
0212880025,2023,tmax,0,0.0,0.0,0.0,0,30.0,0
02129375,2017,tmax,1,5.0,0.5,1.2,5,31.41,149
02129375,2018,tmax,1,8.0,1.0,2.4,8,31.3,139
02129375,2019,tmax,1,5.0,1.84,4.8,5,31.21,159
02129375,2022,tmax,4,7.0,1.46,18.6,28,31.9,147
02129375,2024,tmax,3,6.7,1.9,17.0,20,31.91,160
02129375,2025,tmax,3,8.0,2.28,21.5,24,32.76,158
02129375,2020,tmax,0,0.0,0.0,0.0,0,31.14,0
02129375,2021,tmax,0,0.0,0.0,0.0,0,31.47,0
02129375,2023,tmax,0,0.0,0.0,0.0,0,30.93,0
02138520,2016,tmax,1,15.0,0.94,5.5,15,20.41,0
02138520,2018,tmax,4,6.5,2.05,6.9,26,22.99,51
02138520,2020,tmax,1,5.0,0.16,0.6,5,23.14,21
02138520,2022,tmax,1,27.0,1.06,13.2,27,21.64,1
02138520,2023,tmax,1,11.0,2.25,6.6,11,20.71,2
02138520,2015,tmax,0,0.0,0.0,0.0,0,19.36,0
02138520,2017,tmax,0,0.0,0.0,0.0,0,20.63,0
02138520,2019,tmax,0,0.0,0.0,0.0,0,21.39,0
02138520,2021,tmax,0,0.0,0.0,0.0,0,22.74,0
02138520,2024,tmax,0,0.0,0.0,0.0,0,18.0,0
02138520,2025,tmax,0,0.0,0.0,0.0,0,22.09,0
02141500,2016,tmax,1,5.0,0.55,0.9,5,21.96,4
02141500,2017,tmax,1,5.0,1.66,3.4,5,27.06,104
02141500,2019,tmax,2,7.0,1.18,6.2,14,26.07,127
02141500,2022,tmax,2,7.0,2.22,15.2,14,26.71,109
02141500,2023,tmax,2,9.5,3.34,19.0,19,25.93,102
02141500,2024,tmax,6,8.7,2.08,40.0,52,27.5,119
02141500,2025,tmax,3,14.3,3.7,75.3,43,28.4,103
02141500,2018,tmax,0,0.0,0.0,0.0,0,25.29,0
02141500,2020,tmax,0,0.0,0.0,0.0,0,26.04,0
02141500,2021,tmax,0,0.0,0.0,0.0,0,26.54,0
0214196125,2019,tmax,4,5.2,1.14,12.7,21,28.39,122
0214196125,2020,tmax,1,5.0,0.82,2.8,5,28.39,105
0214196125,2022,tmax,6,7.5,1.7,27.4,45,28.74,128
0214196125,2023,tmax,5,9.4,2.24,35.6,47,28.07,126
0214196125,2024,tmax,7,9.7,1.63,53.8,68,28.34,130
0214196125,2025,tmax,4,12.8,2.98,75.2,51,29.77,138
0214196125,2017,tmax,0,0.0,0.0,0.0,0,27.44,0
0214196125,2018,tmax,0,0.0,0.0,0.0,0,26.7,0
0214196125,2021,tmax,0,0.0,0.0,0.0,0,28.04,0
0214244102,2016,tmax,2,11.0,0.54,4.4,22,28.67,130
0214244102,2019,tmax,3,8.7,0.75,7.9,26,27.96,143
0214244102,2022,tmax,5,7.8,0.7,13.9,39,28.41,125
0214244102,2024,tmax,5,14.6,1.6,54.3,73,28.64,128
0214244102,2025,tmax,4,15.0,2.3,50.7,60,29.5,132
0214244102,2017,tmax,0,0.0,0.0,0.0,0,28.36,0
0214244102,2018,tmax,0,0.0,0.0,0.0,0,27.31,0
0214244102,2020,tmax,0,0.0,0.0,0.0,0,27.83,0
0214244102,2021,tmax,0,0.0,0.0,0.0,0,27.93,0
0214244102,2023,tmax,0,0.0,0.0,0.0,0,27.59,0
0214264790,2016,tmax,2,6.0,1.0,4.0,12,31.51,129
0214264790,2019,tmax,2,6.5,0.92,5.2,13,30.41,173
0214264790,2022,tmax,1,8.0,1.94,6.0,8,30.69,159
0214264790,2024,tmax,2,11.5,1.59,19.0,23,30.93,174
0214264790,2025,tmax,5,9.4,2.8,53.3,47,32.4,169
0214264790,2017,tmax,0,0.0,0.0,0.0,0,30.57,0
0214264790,2018,tmax,0,0.0,0.0,0.0,0,30.6,0
0214264790,2020,tmax,0,0.0,0.0,0.0,0,30.77,0
0214264790,2021,tmax,0,0.0,0.0,0.0,0,30.49,0
0214264790,2023,tmax,0,0.0,0.0,0.0,0,30.5,0
0214267602,2019,tmax,1,8.0,0.8,3.2,8,31.0,160
0214267602,2020,tmax,1,11.0,1.02,5.2,11,30.67,146
0214267602,2022,tmax,1,6.0,1.3,3.6,6,31.01,150
0214267602,2023,tmax,1,5.0,1.5,4.0,5,30.14,157
0214267602,2024,tmax,1,9.0,1.66,5.9,9,31.03,157
0214267602,2025,tmax,4,10.0,2.3,37.8,40,31.69,167
0214267602,2015,tmax,0,0.0,0.0,0.0,0,31.23,0
0214267602,2016,tmax,0,0.0,0.0,0.0,0,31.63,0
0214267602,2017,tmax,0,0.0,0.0,0.0,0,30.73,0
0214267602,2018,tmax,0,0.0,0.0,0.0,0,30.09,0
0214267602,2021,tmax,0,0.0,0.0,0.0,0,30.64,0
02145910,2024,tmax,1,7.0,0.4,1.5,7,29.96,156
02145910,2025,tmax,2,18.5,1.13,22.0,37,30.93,162
02145910,2018,tmax,0,0.0,0.0,0.0,0,29.71,0
02145910,2019,tmax,0,0.0,0.0,0.0,0,29.9,0
02145910,2020,tmax,0,0.0,0.0,0.0,0,30.31,0
02145910,2021,tmax,0,0.0,0.0,0.0,0,29.66,0
02145910,2022,tmax,0,0.0,0.0,0.0,0,30.04,0
02145910,2023,tmax,0,0.0,0.0,0.0,0,29.71,0
02146409,1999,tmax,1,5.0,1.5,4.5,5,30.17,139
02146409,2002,tmax,1,7.0,1.23,4.5,7,28.64,156
02146409,2003,tmax,1,5.0,1.86,4.3,5,27.26,121
02146409,2004,tmax,1,5.0,0.9,2.6,5,28.19,136
02146409,2000,tmax,0,0.0,0.0,0.0,0,28.17,0
02146409,2001,tmax,0,0.0,0.0,0.0,0,28.16,0
02147310,2016,tmax,1,5.0,0.61,1.5,5,31.2,111
02147310,2017,tmax,1,8.0,1.16,4.2,8,31.0,164
02147310,2018,tmax,1,6.0,1.0,3.4,6,30.97,155
02147310,2019,tmax,1,6.0,0.92,3.0,6,30.83,163
02147310,2020,tmax,1,9.0,1.35,5.9,9,30.71,139
02147310,2022,tmax,1,5.0,1.92,6.4,5,30.9,144
02147310,2024,tmax,4,10.8,1.72,34.1,43,32.11,164
02147310,2025,tmax,4,12.5,2.83,53.7,50,32.16,168
02147310,2021,tmax,0,0.0,0.0,0.0,0,30.53,0
02147310,2023,tmax,0,0.0,0.0,0.0,0,30.7,0
021474095,2017,tmax,1,5.0,2.4,7.3,5,31.19,161
021474095,2019,tmax,1,5.0,0.7,2.5,5,30.97,169
021474095,2020,tmax,1,9.0,1.4,5.9,9,30.81,141
021474095,2022,tmax,1,7.0,1.58,7.6,7,31.13,152
021474095,2024,tmax,4,8.2,2.85,28.0,33,31.86,162
021474095,2025,tmax,4,13.2,3.86,53.2,53,32.47,173
021474095,2016,tmax,0,0.0,0.0,0.0,0,31.43,0
021474095,2018,tmax,0,0.0,0.0,0.0,0,30.89,0
021474095,2021,tmax,0,0.0,0.0,0.0,0,31.0,0
021474095,2023,tmax,0,0.0,0.0,0.0,0,30.93,0
02147505,2017,tmax,1,5.0,1.92,4.6,5,31.63,172
02147505,2020,tmax,1,9.0,1.22,5.1,9,31.17,147
02147505,2022,tmax,3,8.0,1.8,15.0,24,31.21,152
02147505,2024,tmax,5,6.0,1.24,16.7,30,31.97,166
02147505,2025,tmax,4,11.0,2.64,42.7,44,32.44,170
02147505,2016,tmax,0,0.0,0.0,0.0,0,29.43,0
02147505,2018,tmax,0,0.0,0.0,0.0,0,31.77,0
02147505,2019,tmax,0,0.0,0.0,0.0,0,31.53,0
02147505,2021,tmax,0,0.0,0.0,0.0,0,31.24,0
02147505,2023,tmax,0,0.0,0.0,0.0,0,31.71,0
02171637,2007,tmax,3,5.3,1.88,9.1,16,32.23,156
02171637,2008,tmax,1,5.0,0.7,1.8,5,31.6,165
02171637,2010,tmax,3,5.3,0.8,4.7,16,32.36,184
02171637,2012,tmax,5,10.0,4.06,59.3,50,32.13,202
02171637,2013,tmax,1,5.0,3.1,10.7,5,30.94,168
02171637,2014,tmax,1,5.0,1.53,3.9,5,31.9,162
02171637,2015,tmax,3,8.0,3.7,38.1,24,31.89,172
02171637,2016,tmax,1,8.0,2.3,9.1,8,31.94,174
02171637,2017,tmax,5,7.2,1.93,32.6,36,31.89,187
02171637,2018,tmax,3,8.0,2.13,24.4,24,31.7,173
02171637,2019,tmax,2,9.0,2.58,21.8,18,32.0,185
02171637,2020,tmax,6,8.3,3.0,43.9,50,32.67,182
02171637,2021,tmax,1,10.0,3.07,14.8,10,31.54,182
02171637,2022,tmax,2,5.5,2.93,15.4,11,31.54,157
02171637,2023,tmax,6,7.5,2.59,44.0,45,32.49,174
02171637,2024,tmax,7,9.1,3.43,62.3,64,32.67,185
02171637,2025,tmax,4,9.0,3.6,43.1,36,32.99,185
02171637,2009,tmax,0,0.0,0.0,0.0,0,30.94,0
02171637,2011,tmax,0,0.0,0.0,0.0,0,32.0,0
02171639,2001,tmax,1,6.0,2.0,5.8,6,31.07,168
02171639,2002,tmax,3,7.7,3.88,28.5,23,30.8,183
02171639,2003,tmax,1,5.0,0.95,2.1,5,30.9,165
02171639,2004,tmax,1,7.0,1.0,3.2,7,31.23,187
02171639,2005,tmax,4,5.5,2.96,20.2,22,32.57,169
02171639,2006,tmax,2,5.5,0.6,3.8,11,31.73,163
02171639,2000,tmax,0,0.0,0.0,0.0,0,13.0,0
02171645,2007,tmax,1,5.0,1.4,5.0,5,31.9,164
02171645,2008,tmax,2,5.0,2.42,9.0,10,31.77,163
02171645,2010,tmax,1,5.0,1.54,4.3,5,32.8,175
02171645,2012,tmax,4,10.8,3.52,49.5,43,32.33,198
02171645,2013,tmax,1,5.0,2.4,7.5,5,30.84,166
02171645,2014,tmax,1,5.0,1.1,3.5,5,31.53,179
02171645,2015,tmax,3,10.0,3.6,42.4,30,33.09,171
02171645,2016,tmax,3,7.7,2.4,15.1,23,33.34,184
02171645,2017,tmax,5,10.6,2.3,47.4,53,32.96,197
02171645,2018,tmax,3,6.7,1.8,16.7,20,31.7,173
02171645,2019,tmax,2,10.5,2.5,23.2,21,32.41,189
02171645,2020,tmax,5,6.2,2.97,29.5,31,33.1,180
02171645,2021,tmax,1,7.0,2.84,12.1,7,31.5,181
02171645,2022,tmax,3,5.3,2.99,19.5,16,32.07,163
02171645,2023,tmax,2,8.0,2.7,21.3,16,32.16,175
02171645,2024,tmax,4,8.0,2.8,35.2,32,32.84,185
02171645,2025,tmax,4,7.2,2.62,27.8,29,33.56,185
02171645,2006,tmax,0,0.0,0.0,0.0,0,14.74,0
02171645,2009,tmax,0,0.0,0.0,0.0,0,31.5,0
02171645,2011,tmax,0,0.0,0.0,0.0,0,32.46,0
02172020,1985,tmax,4,9.8,3.0,48.1,39,30.14,167
02172020,1986,tmax,3,8.7,2.55,29.3,26,30.93,167
02172020,1987,tmax,2,12.5,3.3,37.5,25,30.71,149
02172020,1989,tmax,1,5.0,0.8,2.0,5,30.5,153
02172020,1990,tmax,6,10.8,2.52,59.4,65,30.71,167
02172020,1991,tmax,4,7.5,2.0,27.0,30,30.07,162
02172020,1992,tmax,1,5.0,0.7,2.0,5,31.0,138
02172020,1994,tmax,2,9.0,1.3,11.9,18,30.14,159
02172020,1995,tmax,6,8.3,1.84,41.3,50,31.07,182
02172020,1997,tmax,1,12.0,1.8,14.2,12,29.79,150
02172020,1998,tmax,3,10.3,3.2,36.9,31,30.86,165
02172020,1999,tmax,3,8.3,1.65,22.5,25,31.14,148
02172020,2000,tmax,1,5.0,1.5,3.6,5,30.5,150
02172020,2001,tmax,1,17.0,2.5,16.3,17,29.57,149
02172020,2002,tmax,3,10.0,1.71,20.6,30,29.91,186
02172020,2003,tmax,2,7.5,1.3,8.1,15,30.16,159
02172020,2004,tmax,1,5.0,0.7,2.4,5,29.89,167
02172020,2005,tmax,1,5.0,1.13,3.5,5,30.97,157
02172020,2006,tmax,1,11.0,1.7,8.9,11,30.61,110
02172020,2007,tmax,2,6.5,1.34,7.5,13,30.3,174
02172020,2010,tmax,7,8.1,1.04,30.6,57,31.21,172
02172020,2011,tmax,2,5.5,0.52,3.4,11,30.66,172
02172020,2012,tmax,3,9.0,2.2,23.8,27,30.17,171
02172020,2013,tmax,1,7.0,1.0,2.7,7,29.61,164
02172020,2015,tmax,3,10.0,3.4,46.1,30,30.49,147
02172020,2016,tmax,2,6.5,0.7,4.4,13,31.04,170
02172020,2017,tmax,3,11.0,2.05,25.0,33,30.0,186
02172020,2018,tmax,6,10.8,1.9,51.3,65,30.31,175
02172020,2019,tmax,3,9.7,1.6,20.3,29,30.8,184
02172020,2020,tmax,4,12.5,2.94,53.5,50,30.36,179
02172020,2021,tmax,1,10.0,2.13,10.8,10,29.97,180
02172020,2022,tmax,2,5.0,1.0,5.7,10,30.49,154
02172020,2023,tmax,2,13.0,2.9,37.3,26,30.57,159
02172020,2024,tmax,1,17.0,1.5,17.0,17,30.37,169
02172020,2025,tmax,3,9.7,1.3,15.3,29,31.51,171
02172020,1993,tmax,0,0.0,0.0,0.0,0,30.36,0
02172020,1996,tmax,0,0.0,0.0,0.0,0,30.07,0
02172020,2008,tmax,0,0.0,0.0,0.0,0,30.0,0
02172020,2009,tmax,0,0.0,0.0,0.0,0,29.73,0
02172020,2014,tmax,0,0.0,0.0,0.0,0,29.97,0
02172040,1986,tmax,2,8.5,2.46,24.0,17,28.93,18
02172040,1987,tmax,1,7.0,0.7,3.0,7,31.01,154
02172040,1989,tmax,1,7.0,1.14,4.6,7,30.64,151
02172040,1990,tmax,5,10.6,3.4,65.1,53,31.21,167
02172040,1991,tmax,4,6.2,1.9,19.2,25,30.29,154
02172040,1993,tmax,2,6.5,1.2,8.1,13,31.36,151
02172040,1994,tmax,4,7.0,4.8,34.6,28,30.21,176
02172040,1997,tmax,1,13.0,2.3,16.8,13,30.0,136
02172040,1998,tmax,3,9.0,3.34,26.8,27,30.93,153
02172040,1999,tmax,4,7.2,2.1,24.5,29,31.64,98
02172040,2001,tmax,1,27.0,2.7,40.3,27,30.07,75
02172040,2002,tmax,3,7.7,1.1,14.5,23,29.51,143
02172040,2004,tmax,1,5.0,1.1,3.3,5,30.61,176
02172040,2005,tmax,1,5.0,1.1,3.8,5,31.33,164
02172040,2007,tmax,2,6.0,2.64,15.0,12,30.97,178
02172040,2010,tmax,7,7.7,1.4,28.5,54,31.6,171
02172040,2011,tmax,1,7.0,0.69,2.7,7,30.93,177
02172040,2012,tmax,4,5.5,2.3,19.3,22,30.49,176
02172040,2013,tmax,1,6.0,1.05,4.5,6,29.89,164
02172040,2015,tmax,3,9.0,3.9,42.9,27,30.79,157
02172040,2016,tmax,3,6.0,0.9,6.3,18,31.5,173
02172040,2017,tmax,3,8.0,2.5,21.2,24,30.29,177
02172040,2018,tmax,6,9.0,1.8,44.9,54,30.64,169
02172040,2019,tmax,4,7.8,1.5,18.0,31,30.97,186
02172040,2020,tmax,6,8.7,3.03,60.3,52,30.93,184
02172040,2021,tmax,1,7.0,3.1,12.2,7,29.99,182
02172040,2022,tmax,2,6.5,0.8,5.9,13,31.0,155
02172040,2023,tmax,1,19.0,3.4,33.9,19,30.96,156
02172040,2024,tmax,3,8.3,1.6,20.9,25,30.71,176
02172040,2025,tmax,3,8.3,1.3,12.1,25,31.7,170
02172040,1992,tmax,0,0.0,0.0,0.0,0,30.71,0
02172040,1995,tmax,0,0.0,0.0,0.0,0,30.57,0
02172040,1996,tmax,0,0.0,0.0,0.0,0,29.93,0
02172040,2000,tmax,0,0.0,0.0,0.0,0,30.0,0
02172040,2003,tmax,0,0.0,0.0,0.0,0,30.0,0
02172040,2006,tmax,0,0.0,0.0,0.0,0,31.0,0
02172040,2008,tmax,0,0.0,0.0,0.0,0,30.46,0
02172040,2009,tmax,0,0.0,0.0,0.0,0,30.3,0
02172040,2014,tmax,0,0.0,0.0,0.0,0,30.31,0
02172050,1985,tmax,3,13.3,4.0,61.0,40,30.14,180
02172050,1986,tmax,4,14.2,1.7,44.2,57,32.14,164
02172050,1987,tmax,1,8.0,1.0,6.1,8,31.47,154
02172050,1989,tmax,2,6.0,1.05,5.4,12,31.0,162
02172050,1990,tmax,4,13.2,2.25,55.9,53,30.57,171
02172050,1991,tmax,3,5.7,2.15,13.0,17,30.86,166
02172050,1994,tmax,1,5.0,0.51,1.3,5,30.5,161
02172050,1995,tmax,1,8.0,0.95,4.5,8,30.57,179
02172050,1996,tmax,1,5.0,0.5,1.5,5,30.14,148
02172050,1997,tmax,1,13.0,2.4,19.8,13,30.29,162
02172050,1998,tmax,2,10.5,3.0,25.1,21,31.0,168
02172050,1999,tmax,3,9.7,1.5,24.6,29,31.93,154
02172050,2000,tmax,1,5.0,1.0,3.0,5,30.64,150
02172050,2001,tmax,1,27.0,2.9,41.2,27,30.14,157
02172050,2002,tmax,6,8.0,2.6,47.0,48,30.47,180
02172050,2003,tmax,1,6.0,0.6,2.0,6,30.46,173
02172050,2004,tmax,1,5.0,0.75,2.8,5,30.5,174
02172050,2005,tmax,1,5.0,0.9,3.4,5,31.41,168
02172050,2007,tmax,2,9.0,1.92,14.6,18,31.06,180
02172050,2008,tmax,1,6.0,0.54,2.2,6,30.99,158
02172050,2010,tmax,7,7.3,1.7,24.3,51,31.64,172
02172050,2011,tmax,1,8.0,1.0,4.6,8,31.1,180
02172050,2012,tmax,3,10.0,2.2,24.2,30,30.79,180
02172050,2013,tmax,1,8.0,2.04,9.4,8,30.29,165
02172050,2015,tmax,2,16.0,4.56,55.8,32,31.07,161
02172050,2016,tmax,4,8.0,1.45,12.3,32,31.51,174
02172050,2017,tmax,4,9.5,2.2,28.0,38,30.54,185
02172050,2018,tmax,5,13.8,2.35,63.7,69,30.67,177
02172050,2019,tmax,6,9.5,1.6,39.7,57,31.47,188
02172050,2020,tmax,6,8.0,3.3,53.0,48,31.19,182
02172050,2021,tmax,1,8.0,2.15,10.2,8,30.3,182
02172050,2022,tmax,2,6.5,1.55,9.8,13,31.23,158
02172050,2023,tmax,1,21.0,2.9,38.5,21,31.03,148
02172050,2024,tmax,2,11.5,1.4,17.6,23,30.73,174
02172050,2025,tmax,4,7.2,1.1,15.0,29,31.84,175
02172050,1992,tmax,0,0.0,0.0,0.0,0,30.86,0
02172050,1993,tmax,0,0.0,0.0,0.0,0,31.21,0
02172050,2006,tmax,0,0.0,0.0,0.0,0,31.1,0
02172050,2009,tmax,0,0.0,0.0,0.0,0,30.59,0
02172050,2014,tmax,0,0.0,0.0,0.0,0,30.41,0
021720508,2016,tmax,1,8.0,0.35,1.5,8,31.73,120
021720508,2017,tmax,1,5.0,0.22,0.7,5,30.81,192
021720508,2018,tmax,2,7.0,1.05,4.7,14,30.97,176
021720508,2019,tmax,1,8.0,0.62,1.5,8,31.63,186
021720508,2020,tmax,4,7.0,1.22,14.1,28,31.53,181
021720508,2021,tmax,1,7.0,1.54,5.9,7,30.4,180
021720508,2022,tmax,4,6.8,1.6,15.4,27,31.31,158
021720508,2023,tmax,2,9.0,2.0,19.3,18,31.0,160
021720508,2024,tmax,3,6.3,1.25,12.0,19,30.87,175
021720508,2025,tmax,3,7.7,1.54,13.6,23,32.03,176
02172053,1985,tmax,4,12.0,4.53,81.5,48,30.51,181
02172053,1986,tmax,3,12.3,2.1,24.7,37,31.93,164
02172053,1987,tmax,1,6.0,0.6,2.3,6,31.29,141
02172053,1989,tmax,1,9.0,1.5,7.3,9,30.29,149
02172053,1990,tmax,3,13.0,2.15,37.4,39,30.79,153
02172053,1994,tmax,1,6.0,1.0,3.5,6,30.64,173
02172053,1995,tmax,1,6.0,1.03,3.6,6,31.07,178
02172053,1997,tmax,2,9.0,1.9,18.3,18,30.36,160
02172053,1998,tmax,3,12.0,2.55,28.4,36,31.5,171
02172053,1999,tmax,4,9.5,1.65,24.0,38,32.29,169
02172053,2000,tmax,1,5.0,1.04,3.5,5,31.14,159
02172053,2001,tmax,2,18.0,2.6,47.0,36,30.43,157
02172053,2002,tmax,6,6.8,2.3,33.7,41,30.59,154
02172053,2003,tmax,1,7.0,0.5,1.5,7,30.66,173
02172053,2004,tmax,1,6.0,0.41,1.8,6,30.87,182
02172053,2005,tmax,2,5.5,0.8,4.9,11,31.76,169
02172053,2007,tmax,3,8.7,1.3,16.0,26,31.41,183
02172053,2008,tmax,1,7.0,0.44,1.8,7,31.11,170
02172053,2010,tmax,6,10.7,1.5,27.3,64,32.11,174
02172053,2011,tmax,2,9.0,1.13,9.8,18,31.67,177
02172053,2012,tmax,1,26.0,1.97,29.8,26,31.01,187
02172053,2013,tmax,1,9.0,1.85,9.3,9,30.46,166
02172053,2015,tmax,4,10.8,5.2,67.8,43,31.6,162
02172053,2016,tmax,3,7.3,1.14,11.4,22,31.43,151
02172053,2017,tmax,5,12.0,2.0,37.6,60,30.97,186
02172053,2018,tmax,4,14.2,2.5,57.8,57,31.16,179
02172053,2019,tmax,6,9.3,1.72,39.4,56,31.6,169
02172053,2020,tmax,4,8.8,3.3,39.1,35,31.5,182
02172053,2021,tmax,1,7.0,1.7,6.6,7,30.53,184
02172053,2022,tmax,2,6.5,1.5,8.9,13,31.51,160
02172053,2023,tmax,1,21.0,2.7,35.6,21,31.34,172
02172053,2024,tmax,1,18.0,1.4,15.9,18,31.03,168
02172053,2025,tmax,3,8.0,1.3,13.6,24,32.24,178
02172053,1991,tmax,0,0.0,0.0,0.0,0,30.64,0
02172053,1992,tmax,0,0.0,0.0,0.0,0,30.86,0
02172053,1993,tmax,0,0.0,0.0,0.0,0,31.64,0
02172053,1996,tmax,0,0.0,0.0,0.0,0,30.21,0
02172053,2006,tmax,0,0.0,0.0,0.0,0,31.39,0
02172053,2009,tmax,0,0.0,0.0,0.0,0,30.46,0
02172053,2014,tmax,0,0.0,0.0,0.0,0,30.63,0
021720698,1998,tmax,3,9.7,3.5,26.7,29,31.21,166
021720698,1999,tmax,4,8.5,2.17,34.2,34,32.14,127
021720698,2000,tmax,1,6.0,1.4,4.5,6,31.07,159
021720698,2001,tmax,1,28.0,2.8,40.7,28,30.71,167
021720698,2002,tmax,4,6.8,2.02,24.9,27,31.07,197
021720698,2003,tmax,2,5.5,0.9,4.0,11,30.59,175
021720698,2005,tmax,1,6.0,0.7,2.6,6,31.64,163
021720698,2006,tmax,1,5.0,0.2,0.6,5,31.57,175
021720698,2007,tmax,3,7.3,1.85,12.4,22,31.31,183
021720698,2008,tmax,1,7.0,0.7,3.1,7,30.83,164
021720698,2010,tmax,3,9.7,1.1,10.4,29,31.53,186
021720698,2011,tmax,2,7.0,0.6,4.6,14,31.4,174
021720698,2012,tmax,1,24.0,2.07,24.1,24,31.04,186
021720698,2015,tmax,2,17.5,5.2,61.3,35,31.27,153
021720698,2016,tmax,1,10.0,1.91,11.8,10,31.53,192
021720698,2017,tmax,5,12.8,2.7,54.2,64,31.1,192
021720698,2018,tmax,4,13.2,3.47,48.4,53,30.9,174
021720698,2019,tmax,4,8.5,1.7,27.8,34,31.21,196
021720698,2020,tmax,6,9.8,3.1,62.7,59,31.64,197
021720698,2021,tmax,1,6.0,2.0,7.5,6,30.63,184
021720698,2022,tmax,2,7.0,2.1,15.2,14,30.99,163
021720698,2023,tmax,1,20.0,3.2,39.7,20,31.03,173
021720698,2024,tmax,2,14.0,1.8,22.6,28,31.43,188
021720698,2025,tmax,3,7.0,2.3,18.2,21,32.36,182
021720698,1997,tmax,0,0.0,0.0,0.0,0,30.5,0
021720698,2004,tmax,0,0.0,0.0,0.0,0,30.97,0
021720698,2009,tmax,0,0.0,0.0,0.0,0,28.87,0
021720698,2013,tmax,0,0.0,0.0,0.0,0,30.19,0
021720698,2014,tmax,0,0.0,0.0,0.0,0,30.66,0
02176930,2010,tmax,1,5.0,1.2,2.8,5,24.74,45
02176930,2011,tmax,1,9.0,1.68,7.7,9,24.86,65
02176930,2012,tmax,3,5.3,1.8,12.5,16,23.86,29
02176930,2013,tmax,2,5.0,1.9,8.6,10,20.34,0
02176930,2015,tmax,2,5.5,1.7,11.9,11,23.99,55
02176930,2016,tmax,4,7.8,2.0,26.3,31,25.31,59
02176930,2017,tmax,1,5.0,0.8,2.8,5,19.83,0
02176930,2018,tmax,2,7.0,2.72,21.2,14,21.99,5
02176930,2019,tmax,2,9.0,1.6,14.7,18,23.61,49
02176930,2020,tmax,3,7.3,4.0,33.4,22,23.07,14
02176930,2021,tmax,1,6.0,2.26,8.9,6,22.76,28
02176930,2022,tmax,5,7.2,3.1,45.2,36,24.61,58
02176930,2023,tmax,2,13.5,2.7,40.8,27,24.76,66
02176930,2024,tmax,2,6.5,3.3,18.5,13,24.07,64
02176930,2025,tmax,2,5.0,2.36,12.5,10,23.71,39
02176930,2009,tmax,0,0.0,0.0,0.0,0,15.09,0
02176930,2014,tmax,0,0.0,0.0,0.0,0,21.74,0
02188100,2011,tmax,1,7.0,0.6,2.5,7,33.0,168
02188100,2012,tmax,2,8.0,2.8,18.0,16,33.43,175
02188100,2015,tmax,3,8.3,2.2,20.0,25,33.1,171
02188100,2016,tmax,2,6.0,1.08,5.8,12,32.5,197
02188100,2017,tmax,1,9.0,1.1,5.8,9,33.0,186
02188100,2018,tmax,4,5.8,2.8,23.1,23,32.97,176
02188100,2019,tmax,5,6.8,2.9,32.0,34,33.44,169
02188100,2020,tmax,3,11.7,2.5,29.6,35,33.99,202
02188100,2021,tmax,1,12.0,2.8,14.0,12,33.2,184
02188100,2022,tmax,1,9.0,1.7,9.1,9,32.51,179
02188100,2023,tmax,1,13.0,2.83,22.0,13,33.1,172
02188100,2024,tmax,3,8.3,2.6,17.6,25,33.21,200
02188100,2025,tmax,3,5.3,2.5,18.3,16,33.6,190
02188100,2010,tmax,0,0.0,0.0,0.0,0,11.8,0
02188100,2013,tmax,0,0.0,0.0,0.0,0,32.16,0
02188100,2014,tmax,0,0.0,0.0,0.0,0,32.34,0
02193900,2011,tmax,1,5.0,0.7,1.9,5,33.07,183
02193900,2012,tmax,3,6.7,2.4,22.1,20,33.86,198
02193900,2013,tmax,1,7.0,3.08,11.7,7,31.74,160
02193900,2014,tmax,2,6.5,0.9,6.4,13,32.53,187
02193900,2015,tmax,2,12.0,2.24,25.8,24,33.44,125
02193900,2016,tmax,4,6.8,1.9,21.3,27,33.63,178
02193900,2017,tmax,3,6.7,3.6,21.7,20,32.59,206
02193900,2018,tmax,3,6.3,2.1,17.6,19,32.86,140
02193900,2019,tmax,5,7.0,3.16,29.8,35,33.69,187
02193900,2020,tmax,2,5.0,2.3,9.5,10,31.64,193
02193900,2022,tmax,1,6.0,1.3,3.6,6,31.77,175
02193900,2023,tmax,1,8.0,1.3,6.3,8,31.8,168
02193900,2024,tmax,2,6.0,0.73,4.9,12,32.7,192
02193900,2010,tmax,0,0.0,0.0,0.0,0,9.94,0
02193900,2021,tmax,0,0.0,0.0,0.0,0,30.8,0
02193900,2025,tmax,0,0.0,0.0,0.0,0,32.57,0
02205000,2020,tmax,2,6.0,0.99,5.5,12,25.7,99
02205000,2021,tmax,1,9.0,3.19,12.7,9,26.37,106
02205000,2022,tmax,3,14.0,4.69,42.3,42,26.34,110
02205000,2023,tmax,3,6.3,2.79,14.8,19,25.7,94
02205000,2024,tmax,4,10.5,2.09,36.1,42,25.7,106
02205000,2025,tmax,3,19.0,3.76,57.3,57,26.26,105
02205000,2019,tmax,0,0.0,0.0,0.0,0,24.7,0
02205522,2005,tmax,1,5.0,1.6,6.1,5,22.76,11
02205522,2006,tmax,1,5.0,1.38,3.4,5,26.04,99
02205522,2007,tmax,2,5.5,1.77,7.3,11,25.9,105
02205522,2008,tmax,1,5.0,0.68,2.2,5,25.34,97
02205522,2012,tmax,3,8.0,1.58,17.4,24,25.67,95
02205522,2013,tmax,1,7.0,2.0,9.4,7,24.31,88
02205522,2009,tmax,0,0.0,0.0,0.0,0,24.64,0
02205522,2010,tmax,0,0.0,0.0,0.0,0,26.56,0
02205522,2011,tmax,0,0.0,0.0,0.0,0,26.44,0
02205522,2014,tmax,0,0.0,0.0,0.0,0,23.34,0
02205865,2011,tmax,2,7.0,2.4,13.1,14,28.5,128
02205865,2012,tmax,3,6.3,3.0,21.8,19,30.37,140
02205865,2015,tmax,1,10.0,3.3,18.1,10,28.43,133
02205865,2016,tmax,2,5.5,1.8,7.5,11,29.09,142
02205865,2017,tmax,3,6.3,3.1,20.0,19,27.49,146
02205865,2018,tmax,1,13.0,3.48,21.3,13,27.21,156
02205865,2019,tmax,2,9.5,2.91,22.7,19,28.31,154
02205865,2020,tmax,2,7.0,4.11,20.5,14,27.74,117
02205865,2021,tmax,1,6.0,3.95,13.7,6,27.4,129
02205865,2022,tmax,1,5.0,2.17,6.8,5,27.86,131
02205865,2023,tmax,1,15.0,2.88,22.8,15,27.16,114
02205865,2024,tmax,1,8.0,1.51,6.1,8,27.5,139
02205865,2025,tmax,2,7.0,3.4,22.8,14,27.83,127
02205865,2010,tmax,0,0.0,0.0,0.0,0,28.43,0
02205865,2013,tmax,0,0.0,0.0,0.0,0,26.49,0
02205865,2014,tmax,0,0.0,0.0,0.0,0,27.21,0
02208130,2005,tmax,1,5.0,1.9,6.0,5,22.04,3
02208130,2006,tmax,3,5.0,1.58,7.9,15,26.86,111
02208130,2007,tmax,1,6.0,1.36,4.0,6,26.74,108
02208130,2010,tmax,1,6.0,1.5,6.8,6,27.21,124
02208130,2012,tmax,2,6.0,1.5,10.8,12,26.79,99
02208130,2013,tmax,1,7.0,1.92,9.6,7,25.0,106
02208130,2008,tmax,0,0.0,0.0,0.0,0,26.21,0
02208130,2009,tmax,0,0.0,0.0,0.0,0,25.51,0
02208130,2011,tmax,0,0.0,0.0,0.0,0,26.9,0
02208130,2014,tmax,0,0.0,0.0,0.0,0,24.21,0
02217274,2002,tmax,2,6.0,2.67,20.9,12,24.89,73
02217274,2004,tmax,3,6.7,2.89,27.6,20,23.81,71
02217274,2005,tmax,1,5.0,1.48,4.6,5,24.16,75
02217274,2006,tmax,3,5.7,1.86,11.3,17,25.81,87
02217274,2007,tmax,5,7.2,2.0,37.1,36,26.21,99
02217274,2008,tmax,2,6.5,2.0,12.7,13,25.51,94
02217274,2011,tmax,1,5.0,0.6,2.3,5,25.57,97
02217274,2012,tmax,3,9.3,2.27,21.9,28,25.16,77
02217274,2013,tmax,1,7.0,1.64,7.4,7,23.04,38
02217274,2015,tmax,3,6.3,3.9,31.2,19,25.0,85
02217274,2016,tmax,2,6.0,1.11,6.8,12,25.2,111
02217274,2017,tmax,3,7.3,3.68,25.8,22,24.57,76
02217274,2018,tmax,4,9.2,4.15,42.7,37,24.07,113
02217274,2019,tmax,1,9.0,2.0,11.3,9,24.51,96
02217274,2020,tmax,3,6.3,3.5,26.1,19,24.54,81
02217274,2021,tmax,1,9.0,3.2,17.7,9,24.16,79
02217274,2022,tmax,4,6.2,2.0,23.6,25,25.14,96
02217274,2023,tmax,2,11.0,4.05,37.0,22,25.24,79
02217274,2024,tmax,5,10.0,2.4,50.3,50,25.87,97
02217274,2025,tmax,6,8.0,4.47,58.5,48,26.01,82
02217274,2001,tmax,0,0.0,0.0,0.0,0,23.17,0
02217274,2003,tmax,0,0.0,0.0,0.0,0,23.21,0
02217274,2009,tmax,0,0.0,0.0,0.0,0,24.07,0
02217274,2010,tmax,0,0.0,0.0,0.0,0,24.97,0
02217274,2014,tmax,0,0.0,0.0,0.0,0,23.36,0
02218565,2002,tmax,1,7.0,2.37,12.2,7,25.4,97
02218565,2004,tmax,2,7.5,2.5,18.8,15,24.67,83
02218565,2007,tmax,3,6.3,1.3,11.9,19,26.36,94
02218565,2008,tmax,2,6.0,1.7,12.2,12,25.17,96
02218565,2010,tmax,3,6.0,1.1,6.7,18,26.33,111
02218565,2011,tmax,3,10.3,1.6,19.6,31,26.81,105
02218565,2012,tmax,3,9.0,2.1,27.1,27,26.2,97
02218565,2013,tmax,1,7.0,2.2,11.0,7,24.24,90
02218565,2015,tmax,2,7.5,4.12,31.4,15,25.43,98
02218565,2016,tmax,2,7.0,1.6,8.3,14,25.56,117
02218565,2017,tmax,4,8.0,4.16,40.5,32,25.09,91
02218565,2018,tmax,2,7.0,4.3,23.7,14,24.76,130
02218565,2019,tmax,2,8.0,1.9,15.5,16,25.34,116
02218565,2020,tmax,4,6.2,3.8,35.7,25,25.07,92
02218565,2021,tmax,1,9.0,4.18,22.0,9,24.91,88
02218565,2022,tmax,2,6.0,1.97,13.5,12,25.7,103
02218565,2023,tmax,2,11.0,4.1,40.2,22,25.66,88
02218565,2024,tmax,2,7.0,2.3,13.0,14,25.86,96
02218565,2025,tmax,6,6.7,4.99,49.9,40,26.67,89
02218565,2001,tmax,0,0.0,0.0,0.0,0,24.1,0
02218565,2003,tmax,0,0.0,0.0,0.0,0,24.09,0
02218565,2005,tmax,0,0.0,0.0,0.0,0,25.2,0
02218565,2006,tmax,0,0.0,0.0,0.0,0,26.06,0
02218565,2009,tmax,0,0.0,0.0,0.0,0,24.79,0
02218565,2014,tmax,0,0.0,0.0,0.0,0,24.23,0
02334480,2002,tmax,2,6.0,2.59,22.2,12,25.06,103
02334480,2004,tmax,2,7.5,2.9,20.5,15,24.07,69
02334480,2007,tmax,2,5.5,1.09,6.0,11,24.2,82
02334480,2008,tmax,2,7.5,1.58,14.2,15,26.29,105
02334480,2011,tmax,3,7.3,1.2,14.3,22,26.49,101
02334480,2012,tmax,4,7.8,1.8,26.1,31,26.4,95
02334480,2013,tmax,1,7.0,2.2,9.4,7,23.8,71
02334480,2015,tmax,1,10.0,4.4,28.2,10,25.91,95
02334480,2016,tmax,1,5.0,1.6,6.1,5,25.84,120
02334480,2017,tmax,3,7.3,3.8,30.0,22,24.83,94
02334480,2018,tmax,4,9.0,4.34,44.5,36,24.83,130
02334480,2019,tmax,4,7.0,2.0,26.4,28,25.64,118
02334480,2020,tmax,2,7.5,3.94,23.3,15,25.39,92
02334480,2021,tmax,2,8.0,4.3,26.1,16,25.99,106
02334480,2022,tmax,6,5.7,2.6,39.2,34,26.71,110
02334480,2023,tmax,2,12.0,4.38,40.3,24,26.11,96
02334480,2024,tmax,6,6.0,3.17,34.4,36,26.23,110
02334480,2025,tmax,6,7.2,4.19,47.4,43,26.84,112
02334480,2001,tmax,0,0.0,0.0,0.0,0,23.9,0
02334480,2003,tmax,0,0.0,0.0,0.0,0,23.5,0
02334480,2005,tmax,0,0.0,0.0,0.0,0,25.33,0
02334480,2006,tmax,0,0.0,0.0,0.0,0,24.77,0
02334480,2009,tmax,0,0.0,0.0,0.0,0,24.91,0
02334480,2010,tmax,0,0.0,0.0,0.0,0,25.49,0
02334480,2014,tmax,0,0.0,0.0,0.0,0,24.0,0
02334578,2002,tmax,2,6.0,2.77,22.7,12,24.43,89
02334578,2004,tmax,3,6.7,2.7,24.5,20,23.94,75
02334578,2006,tmax,1,5.0,1.48,4.4,5,25.24,88
02334578,2007,tmax,4,5.2,1.46,10.2,21,25.37,100
02334578,2008,tmax,2,6.0,1.28,8.6,12,24.77,88
02334578,2010,tmax,3,5.3,1.3,9.0,16,25.51,93
02334578,2011,tmax,3,7.0,1.1,11.1,21,25.93,99
02334578,2012,tmax,3,6.7,1.69,13.9,20,25.09,84
02334578,2013,tmax,1,7.0,2.04,7.6,7,23.43,53
02334578,2015,tmax,2,7.5,4.4,30.9,15,24.69,81
02334578,2017,tmax,2,9.0,2.93,20.4,18,24.29,75
02334578,2018,tmax,5,9.0,3.97,49.5,45,24.43,123
02334578,2019,tmax,5,8.2,1.7,29.8,41,25.43,114
02334578,2020,tmax,4,7.8,4.3,40.2,31,24.81,91
02334578,2021,tmax,1,9.0,4.0,22.0,9,25.27,95
02334578,2022,tmax,9,8.6,3.2,78.6,77,26.43,113
02334578,2023,tmax,5,9.8,4.9,75.7,49,27.13,94
02334578,2024,tmax,5,16.0,3.7,118.2,80,26.9,116
02334578,2025,tmax,7,13.6,4.48,131.8,95,27.01,120
02334578,2001,tmax,0,0.0,0.0,0.0,0,23.81,0
02334578,2003,tmax,0,0.0,0.0,0.0,0,23.57,0
02334578,2005,tmax,0,0.0,0.0,0.0,0,24.43,0
02334578,2009,tmax,0,0.0,0.0,0.0,0,24.11,0
02334578,2014,tmax,0,0.0,0.0,0.0,0,23.34,0
02334578,2016,tmax,0,0.0,0.0,0.0,0,24.87,0
02334652,2017,tmax,5,7.8,2.58,32.5,39,17.74,0
02334652,2020,tmax,6,14.7,4.2,120.9,88,18.8,1
02334652,2021,tmax,2,10.5,2.7,12.1,21,17.19,0
02334652,2022,tmax,1,6.0,0.56,1.6,6,16.86,0
02334652,2023,tmax,1,6.0,3.11,9.4,6,17.17,0
02334652,2010,tmax,0,0.0,0.0,0.0,0,13.07,0
02334652,2011,tmax,0,0.0,0.0,0.0,0,15.94,0
02334652,2012,tmax,0,0.0,0.0,0.0,0,16.47,0
02334652,2013,tmax,0,0.0,0.0,0.0,0,16.54,0
02334652,2014,tmax,0,0.0,0.0,0.0,0,15.39,0
02334652,2015,tmax,0,0.0,0.0,0.0,0,14.73,0
02334652,2016,tmax,0,0.0,0.0,0.0,0,15.13,0
02334652,2018,tmax,0,0.0,0.0,0.0,0,16.56,0
02334652,2019,tmax,0,0.0,0.0,0.0,0,16.23,0
02334652,2024,tmax,0,0.0,0.0,0.0,0,17.03,0
02334652,2025,tmax,0,0.0,0.0,0.0,0,16.13,0
02334653,2012,tmax,1,8.0,0.6,2.1,8,16.46,0
02334653,2015,tmax,1,9.0,2.6,6.4,9,15.61,0
02334653,2017,tmax,11,7.6,3.28,82.2,84,18.21,0
02334653,2020,tmax,8,11.4,6.6,122.2,91,18.66,1
02334653,2021,tmax,1,9.0,2.5,7.6,9,17.11,0
02334653,2023,tmax,1,6.0,3.3,10.9,6,17.27,0
02334653,2010,tmax,0,0.0,0.0,0.0,0,13.09,0
02334653,2011,tmax,0,0.0,0.0,0.0,0,15.93,0
02334653,2013,tmax,0,0.0,0.0,0.0,0,16.54,0
02334653,2014,tmax,0,0.0,0.0,0.0,0,15.36,0
02334653,2016,tmax,0,0.0,0.0,0.0,0,15.39,0
02334653,2018,tmax,0,0.0,0.0,0.0,0,17.39,0
02334653,2019,tmax,0,0.0,0.0,0.0,0,16.24,0
02334653,2022,tmax,0,0.0,0.0,0.0,0,16.87,0
02334653,2024,tmax,0,0.0,0.0,0.0,0,16.99,0
02334653,2025,tmax,0,0.0,0.0,0.0,0,16.0,0
02334654,2017,tmax,1,5.0,1.95,4.2,5,17.66,0
02334654,2020,tmax,4,11.5,2.54,25.5,46,18.6,1
02334654,2022,tmax,1,6.0,2.14,4.3,6,17.04,0
02334654,2023,tmax,1,6.0,3.1,10.2,6,17.37,0
02334654,2015,tmax,0,0.0,0.0,0.0,0,14.93,0
02334654,2016,tmax,0,0.0,0.0,0.0,0,15.39,0
02334654,2018,tmax,0,0.0,0.0,0.0,0,17.57,0
02334654,2019,tmax,0,0.0,0.0,0.0,0,16.23,0
02334654,2021,tmax,0,0.0,0.0,0.0,0,17.21,0
02334654,2024,tmax,0,0.0,0.0,0.0,0,17.09,0
02334654,2025,tmax,0,0.0,0.0,0.0,0,16.11,0
02334885,1995,tmax,1,7.0,2.0,8.6,7,27.36,76
02334885,1996,tmax,1,8.0,3.2,10.5,8,25.8,97
02334885,2001,tmax,1,5.0,1.62,4.6,5,24.89,90
02334885,2002,tmax,2,5.5,3.24,21.3,11,25.71,109
02334885,2004,tmax,2,7.5,2.8,21.3,15,25.2,97
02334885,2006,tmax,2,5.5,1.2,4.4,11,26.36,103
02334885,2007,tmax,4,7.2,1.4,20.2,29,27.1,105
02334885,2008,tmax,1,9.0,1.2,6.9,9,25.61,107
02334885,2010,tmax,1,5.0,0.3,1.3,5,26.89,114
02334885,2011,tmax,3,10.7,1.6,22.1,32,27.3,101
02334885,2012,tmax,4,9.2,2.5,37.7,37,26.49,101
02334885,2013,tmax,1,7.0,2.6,13.3,7,24.21,89
02334885,2015,tmax,2,8.5,4.65,37.3,17,26.19,101
02334885,2016,tmax,2,8.5,1.84,11.6,17,26.34,123
02334885,2017,tmax,3,8.3,3.0,31.4,25,25.37,112
02334885,2018,tmax,3,10.7,4.2,48.7,32,24.94,139
02334885,2019,tmax,4,8.2,3.6,43.2,33,26.41,131
02334885,2020,tmax,3,8.0,4.1,44.3,24,26.13,105
02334885,2021,tmax,1,8.0,3.85,20.4,8,25.63,109
02334885,2022,tmax,5,5.4,2.56,25.9,27,26.33,115
02334885,2023,tmax,2,11.5,3.7,38.4,23,26.57,97
02334885,2024,tmax,7,6.9,2.66,46.8,48,27.43,114
02334885,2025,tmax,5,8.6,4.4,51.7,43,26.97,116
02334885,1994,tmax,0,0.0,0.0,0.0,0,18.17,0
02334885,1997,tmax,0,0.0,0.0,0.0,0,18.87,0
02334885,1998,tmax,0,0.0,0.0,0.0,0,,0
02334885,1999,tmax,0,0.0,0.0,0.0,0,,0
02334885,2000,tmax,0,0.0,0.0,0.0,0,,0
02334885,2003,tmax,0,0.0,0.0,0.0,0,24.64,0
02334885,2005,tmax,0,0.0,0.0,0.0,0,25.44,0
02334885,2009,tmax,0,0.0,0.0,0.0,0,25.77,0
02334885,2014,tmax,0,0.0,0.0,0.0,0,24.61,0
02335350,2001,tmax,4,5.5,2.4,23.9,22,27.73,130
02335350,2002,tmax,7,7.1,3.4,50.0,50,28.83,145
02335350,2004,tmax,5,6.4,2.5,34.8,32,27.56,132
02335350,2006,tmax,4,5.5,2.36,26.2,22,28.64,126
02335350,2007,tmax,3,5.7,1.68,12.1,17,27.91,138
02335350,2008,tmax,1,6.0,1.0,3.6,6,27.2,115
02335350,2010,tmax,1,7.0,0.98,2.6,7,28.13,125
02335350,2011,tmax,1,5.0,0.9,3.1,5,28.09,119
02335350,2012,tmax,3,6.3,2.3,18.7,19,27.56,131
02335350,2013,tmax,1,7.0,2.27,9.3,7,25.43,111
02335350,2015,tmax,1,10.0,4.49,28.8,10,26.57,114
02335350,2017,tmax,2,7.5,3.18,23.3,15,26.59,123
02335350,2018,tmax,1,13.0,4.58,29.5,13,25.83,148
02335350,2019,tmax,1,8.0,1.7,8.8,8,26.64,136
02335350,2020,tmax,2,7.0,5.0,25.6,14,26.44,109
02335350,2021,tmax,1,8.0,3.77,19.4,8,26.79,116
02335350,2022,tmax,1,5.0,1.4,4.0,5,26.97,120
02335350,2023,tmax,1,15.0,3.18,28.1,15,26.24,103
02335350,2024,tmax,1,7.0,1.88,7.5,7,26.67,123
02335350,2025,tmax,2,7.0,3.96,26.2,14,27.21,123
02335350,2003,tmax,0,0.0,0.0,0.0,0,26.36,0
02335350,2005,tmax,0,0.0,0.0,0.0,0,27.2,0
02335350,2009,tmax,0,0.0,0.0,0.0,0,26.44,0
02335350,2014,tmax,0,0.0,0.0,0.0,0,25.5,0
02335350,2016,tmax,0,0.0,0.0,0.0,0,26.71,0
02335400,2020,tmax,1,5.0,1.06,2.7,5,20.89,3
02335400,2021,tmax,1,10.0,2.72,8.5,10,19.77,3
02335400,2023,tmax,4,5.2,3.64,34.8,21,20.49,1
02335400,2018,tmax,0,0.0,0.0,0.0,0,19.76,0
02335400,2019,tmax,0,0.0,0.0,0.0,0,19.47,0
02335400,2022,tmax,0,0.0,0.0,0.0,0,19.44,0
02335400,2024,tmax,0,0.0,0.0,0.0,0,19.69,0
02335400,2025,tmax,0,0.0,0.0,0.0,0,18.61,0
02335405,2021,tmax,1,5.0,2.18,5.0,5,19.86,3
02335405,2023,tmax,4,5.2,3.32,32.5,21,20.71,1
02335405,2018,tmax,0,0.0,0.0,0.0,0,19.91,0
02335405,2019,tmax,0,0.0,0.0,0.0,0,19.93,0
02335405,2020,tmax,0,0.0,0.0,0.0,0,20.9,0
02335405,2022,tmax,0,0.0,0.0,0.0,0,19.64,0
02335405,2024,tmax,0,0.0,0.0,0.0,0,20.19,0
02335405,2025,tmax,0,0.0,0.0,0.0,0,18.44,0
02335450,2012,tmax,3,6.7,3.4,36.5,20,20.63,2
02335450,2015,tmax,1,10.0,2.89,19.4,10,19.83,1
02335450,2017,tmax,13,8.5,3.31,124.1,111,22.79,17
02335450,2020,tmax,4,10.0,2.64,45.4,40,20.5,1
02335450,2021,tmax,1,9.0,3.1,11.8,9,19.23,2
02335450,2022,tmax,1,5.0,0.7,2.0,5,19.41,0
02335450,2023,tmax,1,5.0,3.3,11.6,5,21.06,3
02335450,2004,tmax,0,0.0,0.0,0.0,0,18.47,0
02335450,2005,tmax,0,0.0,0.0,0.0,0,20.33,0
02335450,2006,tmax,0,0.0,0.0,0.0,0,19.3,0
02335450,2007,tmax,0,0.0,0.0,0.0,0,,0
02335450,2008,tmax,0,0.0,0.0,0.0,0,,0
02335450,2009,tmax,0,0.0,0.0,0.0,0,,0
02335450,2010,tmax,0,0.0,0.0,0.0,0,,0
02335450,2011,tmax,0,0.0,0.0,0.0,0,17.73,0
02335450,2013,tmax,0,0.0,0.0,0.0,0,18.77,0
02335450,2014,tmax,0,0.0,0.0,0.0,0,18.27,0
02335450,2016,tmax,0,0.0,0.0,0.0,0,19.57,0
02335450,2018,tmax,0,0.0,0.0,0.0,0,21.07,0
02335450,2019,tmax,0,0.0,0.0,0.0,0,14.24,0
02335450,2024,tmax,0,0.0,0.0,0.0,0,20.23,0
02335450,2025,tmax,0,0.0,0.0,0.0,0,18.91,0
02335700,2018,tmax,2,5.0,1.59,7.1,10,25.93,153
02335700,2019,tmax,2,8.5,1.2,9.1,17,26.34,133
02335700,2020,tmax,1,7.0,3.3,12.5,7,26.34,106
02335700,2021,tmax,1,8.0,3.98,17.0,8,26.46,116
02335700,2022,tmax,3,6.0,2.1,18.8,18,26.76,122
02335700,2016,tmax,0,0.0,0.0,0.0,0,26.6,0
02335700,2017,tmax,0,0.0,0.0,0.0,0,26.03,0
023432415,2010,tmax,3,5.7,0.86,6.0,17,31.03,154
023432415,2011,tmax,2,5.5,1.5,4.7,11,30.97,169
023432415,2012,tmax,3,5.3,1.2,8.8,16,30.26,191
023432415,2015,tmax,1,6.0,0.7,2.6,6,30.43,167
023432415,2016,tmax,1,8.0,0.9,4.3,8,30.14,191
023432415,2017,tmax,3,7.0,2.05,15.5,21,30.57,177
023432415,2018,tmax,3,5.3,0.51,4.6,16,30.37,177
023432415,2019,tmax,1,9.0,1.2,4.9,9,30.31,179
023432415,2020,tmax,4,7.2,1.86,23.0,29,30.59,171
023432415,2021,tmax,2,12.0,1.8,19.1,24,30.46,178
023432415,2022,tmax,3,7.0,1.42,11.7,21,30.31,168
023432415,2023,tmax,2,16.5,3.2,31.3,33,31.51,145
023432415,2024,tmax,3,8.7,2.2,23.0,26,31.1,173
023432415,2025,tmax,2,16.0,1.3,14.2,32,31.09,176
023432415,2013,tmax,0,0.0,0.0,0.0,0,29.11,0
023432415,2014,tmax,0,0.0,0.0,0.0,0,29.93,0
02357150,2017,tmax,1,5.0,0.64,1.7,5,25.64,149
02357150,2018,tmax,1,8.0,1.56,6.4,8,25.79,170
02357150,2019,tmax,2,6.0,1.5,8.9,12,27.91,183
02357150,2020,tmax,1,5.0,0.96,2.5,5,26.64,186
02357150,2021,tmax,3,5.0,2.32,16.3,15,27.96,171
02357150,2022,tmax,2,8.0,1.34,11.9,16,25.89,158
02357150,2023,tmax,4,12.0,2.34,43.5,48,28.0,167
02357150,2024,tmax,2,20.5,1.58,25.6,41,27.36,170
02357150,2025,tmax,7,7.7,2.83,57.3,54,27.47,178
02358000,2017,tmax,1,5.0,0.9,3.2,5,31.17,204
02358000,2019,tmax,2,5.0,0.7,3.1,10,31.31,195
02358000,2020,tmax,2,6.5,0.73,5.3,13,31.04,168
02358000,2021,tmax,1,10.0,3.3,14.8,10,30.69,183
02358000,2022,tmax,1,6.0,1.23,4.5,6,29.11,74
02358000,2023,tmax,3,13.0,3.46,40.2,39,31.81,175
02358000,2024,tmax,5,9.8,2.56,46.5,49,31.54,194
02358000,2025,tmax,3,5.7,1.73,11.4,17,31.33,194
02358000,2018,tmax,0,0.0,0.0,0.0,0,30.71,0
02358795,2022,tmax,6,16.3,0.3,12.1,98,21.09,0
02358795,2023,tmax,12,23.8,0.4,48.7,286,21.2,0
02358795,2024,tmax,9,44.6,0.4,68.8,401,21.09,0
02358795,2025,tmax,4,39.2,0.6,30.7,157,21.21,0
02358795,2017,tmax,0,0.0,0.0,0.0,0,20.9,0
02358795,2018,tmax,0,0.0,0.0,0.0,0,20.9,0
02358795,2019,tmax,0,0.0,0.0,0.0,0,20.84,0
02358795,2020,tmax,0,0.0,0.0,0.0,0,21.19,0
02358795,2021,tmax,0,0.0,0.0,0.0,0,21.0,0
02385800,2006,tmax,1,5.0,1.34,3.5,5,29.87,119
02385800,2012,tmax,3,8.7,2.89,32.7,26,29.93,141
02385800,2015,tmax,4,6.0,3.02,34.5,24,29.47,127
02385800,2016,tmax,3,6.0,1.5,10.4,18,29.81,141
02385800,2017,tmax,2,6.5,3.3,19.2,13,29.41,119
02385800,2018,tmax,1,8.0,3.06,14.9,8,27.03,138
02385800,2019,tmax,3,7.0,2.74,25.7,21,29.67,148
02385800,2020,tmax,2,5.0,4.12,17.5,10,29.24,111
02385800,2005,tmax,0,0.0,0.0,0.0,0,27.11,0
02385800,2007,tmax,0,0.0,0.0,0.0,0,,0
02385800,2008,tmax,0,0.0,0.0,0.0,0,,0
02385800,2009,tmax,0,0.0,0.0,0.0,0,,0
02385800,2010,tmax,0,0.0,0.0,0.0,0,,0
02385800,2011,tmax,0,0.0,0.0,0.0,0,17.2,0
02385800,2013,tmax,0,0.0,0.0,0.0,0,13.57,0
02385800,2014,tmax,0,0.0,0.0,0.0,0,26.93,0
02385800,2021,tmax,0,0.0,0.0,0.0,0,28.64,0
02385800,2022,tmax,0,0.0,0.0,0.0,0,,0
02388985,2020,tmax,1,5.0,1.86,5.1,5,24.13,69
02388985,2022,tmax,2,5.5,2.32,16.4,11,23.94,71
02388985,2023,tmax,1,16.0,4.0,37.9,16,23.77,51
02388985,2024,tmax,1,5.0,2.36,7.2,5,23.87,57
02388985,2025,tmax,4,6.5,4.92,43.4,26,25.63,83
02388985,2018,tmax,0,0.0,0.0,0.0,0,26.67,0
02388985,2019,tmax,0,0.0,0.0,0.0,0,28.03,0
02388985,2021,tmax,0,0.0,0.0,0.0,0,23.27,0
02389150,2019,tmax,1,5.0,0.73,2.1,5,25.13,87
02389150,2020,tmax,2,5.0,2.41,8.7,10,24.31,66
02389150,2021,tmax,1,6.0,2.63,10.1,6,24.03,38
02389150,2022,tmax,8,7.5,3.76,73.1,60,25.36,69
02389150,2023,tmax,5,8.4,3.25,55.3,42,25.31,75
02389150,2024,tmax,7,13.3,3.69,134.6,93,26.11,94
02389150,2025,tmax,6,15.3,4.19,153.6,92,27.19,88
02389150,2018,tmax,0,0.0,0.0,0.0,0,23.53,0
02392000,2015,tmax,2,6.0,1.98,11.1,12,28.36,43
02392000,2016,tmax,2,5.5,1.05,3.6,11,28.73,81
02392000,2017,tmax,4,7.2,2.2,20.8,29,28.84,141
02392000,2018,tmax,1,7.0,1.8,7.2,7,26.59,121
02392000,2019,tmax,1,8.0,2.05,8.4,8,28.57,138
02392000,2020,tmax,3,6.0,3.27,25.6,18,26.84,53
02392000,2021,tmax,1,6.0,2.7,8.1,6,28.14,83
02392000,2022,tmax,1,7.0,2.0,9.4,7,27.89,119
02392000,2023,tmax,1,9.0,1.35,6.2,9,27.49,69
02392000,2014,tmax,0,0.0,0.0,0.0,0,26.13,0
02394000,2005,tmax,1,5.0,2.34,4.3,5,26.51,105
02394000,2012,tmax,1,6.0,0.64,2.5,6,25.67,69
02394000,2016,tmax,1,23.0,1.27,15.8,23,24.79,68
02394000,2018,tmax,1,15.0,3.08,21.4,15,28.09,127
02394000,2019,tmax,4,6.8,0.88,10.8,27,28.34,126
02394000,2020,tmax,2,5.0,1.76,6.2,10,26.33,73
02394000,2021,tmax,1,5.0,1.0,1.9,5,26.59,119
02394000,2022,tmax,2,7.5,1.86,9.4,15,26.5,54
02394000,2023,tmax,1,6.0,1.16,4.3,6,27.4,113
02394000,2024,tmax,1,6.0,1.3,4.0,6,25.66,98
02394000,2025,tmax,3,7.7,3.18,32.4,23,27.17,127
02394000,2006,tmax,0,0.0,0.0,0.0,0,26.69,0
02394000,2007,tmax,0,0.0,0.0,0.0,0,,0
02394000,2008,tmax,0,0.0,0.0,0.0,0,,0
02394000,2009,tmax,0,0.0,0.0,0.0,0,,0
02394000,2010,tmax,0,0.0,0.0,0.0,0,,0
02394000,2011,tmax,0,0.0,0.0,0.0,0,24.23,0
02394000,2013,tmax,0,0.0,0.0,0.0,0,,0
02394000,2014,tmax,0,0.0,0.0,0.0,0,,0
02394000,2015,tmax,0,0.0,0.0,0.0,0,24.8,0
02394000,2017,tmax,0,0.0,0.0,0.0,0,26.79,0
02394682,2017,tmax,4,6.2,5.75,62.3,25,35.41,174
02394682,2019,tmax,1,7.0,1.6,7.6,7,31.57,153
02394682,2020,tmax,1,8.0,0.54,1.9,8,32.6,158
02394682,2022,tmax,1,7.0,1.7,5.7,7,27.43,114
02394682,2024,tmax,2,5.0,2.04,11.5,10,25.97,86
02394682,2016,tmax,0,0.0,0.0,0.0,0,26.54,0
02394682,2018,tmax,0,0.0,0.0,0.0,0,30.91,0
02394682,2021,tmax,0,0.0,0.0,0.0,0,19.24,0
02394682,2023,tmax,0,0.0,0.0,0.0,0,25.2,0
02394682,2025,tmax,0,0.0,0.0,0.0,0,25.53,0
03057300,2019,tmax,1,5.0,3.3,5.4,5,25.06,68
03057300,2021,tmax,1,6.0,1.15,3.9,6,24.61,75
03057300,2023,tmax,1,5.0,1.43,4.2,5,23.84,54
03057300,2024,tmax,11,6.6,5.7,139.4,73,28.16,89
03057300,2025,tmax,5,9.2,12.5,121.4,46,31.31,83
03057300,2017,tmax,0,0.0,0.0,0.0,0,20.64,0
03057300,2018,tmax,0,0.0,0.0,0.0,0,25.56,0
03057300,2020,tmax,0,0.0,0.0,0.0,0,26.37,0
03057300,2022,tmax,0,0.0,0.0,0.0,0,24.1,0
03058000,2005,tmax,1,17.0,1.4,12.4,17,24.64,78
03058000,2007,tmax,2,6.5,1.1,6.8,13,23.41,50
03058000,2011,tmax,1,6.0,0.7,1.3,6,23.81,51
03058000,2012,tmax,1,8.0,2.3,8.2,8,21.84,2
03058000,2015,tmax,2,18.0,2.41,29.0,36,24.47,55
03058000,2016,tmax,5,9.8,2.3,29.8,49,25.13,65
03058000,2017,tmax,4,7.2,3.22,26.1,29,23.69,76
03058000,2018,tmax,2,9.0,1.1,7.2,18,22.76,32
03058000,2019,tmax,2,7.5,3.35,20.9,15,23.11,34
03058000,2020,tmax,5,10.4,3.4,37.0,52,25.34,64
03058000,2021,tmax,1,7.0,0.71,2.7,7,24.5,76
03058000,2022,tmax,2,8.5,1.87,10.8,17,24.11,78
03058000,2023,tmax,2,13.5,1.46,14.1,27,23.94,66
03058000,2024,tmax,8,13.0,3.03,89.1,104,26.06,74
03058000,2025,tmax,8,11.9,2.6,76.6,95,25.54,74
03058000,1999,tmax,0,0.0,0.0,0.0,0,24.49,0
03058000,2000,tmax,0,0.0,0.0,0.0,0,,0
03058000,2001,tmax,0,0.0,0.0,0.0,0,,0
03058000,2002,tmax,0,0.0,0.0,0.0,0,,0
03058000,2003,tmax,0,0.0,0.0,0.0,0,,0
03058000,2004,tmax,0,0.0,0.0,0.0,0,,0
03058000,2006,tmax,0,0.0,0.0,0.0,0,24.31,0
03058000,2008,tmax,0,0.0,0.0,0.0,0,22.51,0
03058000,2009,tmax,0,0.0,0.0,0.0,0,22.94,0
03058000,2010,tmax,0,0.0,0.0,0.0,0,22.91,0
03058000,2013,tmax,0,0.0,0.0,0.0,0,22.3,0
03058000,2014,tmax,0,0.0,0.0,0.0,0,22.23,0
03119341,2015,tmax,2,6.5,2.58,19.3,13,29.11,65
03119341,2017,tmax,2,6.0,2.5,15.4,12,28.41,107
03119341,2021,tmax,1,5.0,3.85,17.2,5,26.67,110
03119341,2023,tmax,2,6.0,2.75,15.0,12,26.94,101
03119341,2024,tmax,2,6.5,3.7,23.5,13,28.76,116
03119341,2025,tmax,3,6.7,3.4,29.9,20,28.86,106
03119341,2016,tmax,0,0.0,0.0,0.0,0,29.09,0
03119341,2018,tmax,0,0.0,0.0,0.0,0,29.17,0
03119341,2019,tmax,0,0.0,0.0,0.0,0,27.6,0
03119341,2020,tmax,0,0.0,0.0,0.0,0,29.04,0
03119341,2022,tmax,0,0.0,0.0,0.0,0,28.96,0
03119971,2015,tmax,1,7.0,1.94,9.3,7,24.93,14
03119971,2016,tmax,1,5.0,0.45,1.2,5,29.24,113
03119971,2017,tmax,1,6.0,2.2,7.8,6,25.83,66
03119971,2018,tmax,1,5.0,2.0,5.1,5,26.71,80
03119971,2021,tmax,1,5.0,2.85,7.6,5,25.74,87
03119971,2024,tmax,2,7.0,4.05,23.5,14,26.59,92
03119971,2019,tmax,0,0.0,0.0,0.0,0,24.91,0
03119971,2020,tmax,0,0.0,0.0,0.0,0,28.33,0
03119971,2022,tmax,0,0.0,0.0,0.0,0,25.33,0
03119971,2023,tmax,0,0.0,0.0,0.0,0,25.53,0
03119971,2025,tmax,0,0.0,0.0,0.0,0,27.73,0
03119979,2015,tmax,1,6.0,1.6,6.4,6,22.16,9
03119979,2017,tmax,1,7.0,2.55,8.5,7,21.53,7
03119979,2019,tmax,1,5.0,3.42,10.3,5,23.23,30
03119979,2021,tmax,1,5.0,2.4,6.8,5,22.7,17
03119979,2024,tmax,1,8.0,2.05,9.7,8,21.49,5
03119979,2025,tmax,1,6.0,1.6,6.2,6,22.77,21
03119979,2016,tmax,0,0.0,0.0,0.0,0,23.5,0
03119979,2018,tmax,0,0.0,0.0,0.0,0,22.71,0
03119979,2020,tmax,0,0.0,0.0,0.0,0,22.44,0
03119979,2022,tmax,0,0.0,0.0,0.0,0,22.36,0
03119979,2023,tmax,0,0.0,0.0,0.0,0,20.8,0
03120820,2015,tmax,2,6.5,1.81,9.6,13,27.73,57
03120820,2016,tmax,2,5.5,3.1,16.9,11,30.84,118
03120820,2017,tmax,2,6.5,1.95,13.5,13,28.1,70
03120820,2019,tmax,1,5.0,3.86,10.1,5,27.9,83
03120820,2021,tmax,1,6.0,2.5,9.8,6,28.63,105
03120820,2023,tmax,1,6.0,4.05,11.0,6,28.26,89
03120820,2024,tmax,3,7.3,4.14,33.9,22,29.46,100
03120820,2025,tmax,2,7.0,3.79,20.9,14,31.06,82
03120820,2018,tmax,0,0.0,0.0,0.0,0,27.64,0
03120820,2020,tmax,0,0.0,0.0,0.0,0,31.84,0
03120820,2022,tmax,0,0.0,0.0,0.0,0,27.81,0
03120869,2015,tmax,1,6.0,1.76,6.4,6,24.21,39
03120869,2016,tmax,1,5.0,3.06,6.1,5,26.59,93
03120869,2017,tmax,2,7.0,4.95,22.2,14,24.49,23
03120869,2021,tmax,1,5.0,2.6,10.0,5,24.57,62
03120869,2023,tmax,1,5.0,2.5,6.8,5,23.31,43
03120869,2024,tmax,1,5.0,3.5,8.7,5,24.7,55
03120869,2018,tmax,0,0.0,0.0,0.0,0,24.47,0
03120869,2019,tmax,0,0.0,0.0,0.0,0,23.46,0
03120869,2020,tmax,0,0.0,0.0,0.0,0,25.79,0
03120869,2022,tmax,0,0.0,0.0,0.0,0,24.2,0
03120869,2025,tmax,0,0.0,0.0,0.0,0,25.4,0
03120961,2016,tmax,1,5.0,1.65,4.8,5,26.11,89
03120961,2017,tmax,1,6.0,2.41,7.5,6,25.44,40
03120961,2021,tmax,2,5.0,2.05,12.8,10,25.39,64
03120961,2024,tmax,1,5.0,1.84,4.3,5,25.81,65
03120961,2025,tmax,1,5.0,1.6,4.6,5,26.4,59
03120961,2015,tmax,0,0.0,0.0,0.0,0,24.01,0
03120961,2018,tmax,0,0.0,0.0,0.0,0,25.76,0
03120961,2019,tmax,0,0.0,0.0,0.0,0,23.99,0
03120961,2020,tmax,0,0.0,0.0,0.0,0,25.7,0
03120961,2022,tmax,0,0.0,0.0,0.0,0,24.67,0
03120961,2023,tmax,0,0.0,0.0,0.0,0,24.47,0
03125338,2015,tmax,2,6.5,3.2,19.9,13,25.77,61
03125338,2016,tmax,3,5.7,3.22,19.1,17,27.77,112
03125338,2017,tmax,2,6.5,2.5,15.2,13,24.91,67
03125338,2018,tmax,2,5.0,1.35,7.2,10,26.74,106
03125338,2021,tmax,1,5.0,2.15,5.0,5,24.84,81
03125338,2024,tmax,2,5.5,2.0,8.1,11,25.69,80
03125338,2025,tmax,2,6.0,1.9,12.2,12,26.49,72
03125338,2019,tmax,0,0.0,0.0,0.0,0,25.7,0
03125338,2020,tmax,0,0.0,0.0,0.0,0,26.63,0
03125338,2022,tmax,0,0.0,0.0,0.0,0,24.86,0
03125338,2023,tmax,0,0.0,0.0,0.0,0,24.11,0
03126395,2015,tmax,2,6.0,2.61,15.3,12,26.11,51
03126395,2016,tmax,2,5.0,1.62,8.1,10,27.57,100
03126395,2017,tmax,2,5.5,2.4,10.3,11,25.46,58
03126395,2020,tmax,1,5.0,1.4,3.8,5,27.21,89
03126395,2021,tmax,1,5.0,2.75,9.0,5,25.37,87
03126395,2024,tmax,4,5.2,3.1,24.7,21,26.14,84
03126395,2025,tmax,2,6.5,2.9,19.5,13,26.61,69
03126395,2018,tmax,0,0.0,0.0,0.0,0,26.91,0
03126395,2019,tmax,0,0.0,0.0,0.0,0,25.27,0
03126395,2022,tmax,0,0.0,0.0,0.0,0,25.19,0
03126395,2023,tmax,0,0.0,0.0,0.0,0,24.67,0
03127980,2015,tmax,2,6.5,2.8,15.4,13,26.86,55
03127980,2016,tmax,3,5.3,2.16,15.7,16,28.93,113
03127980,2017,tmax,1,7.0,2.25,9.4,7,25.96,65
03127980,2021,tmax,1,6.0,2.35,8.2,6,26.46,99
03127980,2024,tmax,4,6.0,3.55,40.4,24,27.76,95
03127980,2025,tmax,4,6.8,4.1,46.5,27,28.81,89
03127980,2018,tmax,0,0.0,0.0,0.0,0,27.43,0
03127980,2019,tmax,0,0.0,0.0,0.0,0,25.64,0
03127980,2020,tmax,0,0.0,0.0,0.0,0,27.84,0
03127980,2022,tmax,0,0.0,0.0,0.0,0,26.29,0
03127980,2023,tmax,0,0.0,0.0,0.0,0,26.84,0
03127986,2015,tmax,1,7.0,2.68,9.2,7,25.56,49
03127986,2016,tmax,2,5.0,2.06,11.4,10,28.31,106
03127986,2017,tmax,2,6.0,2.15,10.1,12,24.81,56
03127986,2025,tmax,1,5.0,1.83,4.6,5,26.3,64
03127986,2018,tmax,0,0.0,0.0,0.0,0,26.56,0
03127986,2019,tmax,0,0.0,0.0,0.0,0,25.31,0
03127986,2020,tmax,0,0.0,0.0,0.0,0,26.71,0
03127986,2021,tmax,0,0.0,0.0,0.0,0,25.4,0
03127986,2022,tmax,0,0.0,0.0,0.0,0,25.21,0
03127986,2023,tmax,0,0.0,0.0,0.0,0,25.56,0
03127986,2024,tmax,0,0.0,0.0,0.0,0,26.11,0
03127989,2015,tmax,1,7.0,2.86,8.5,7,25.61,50
03127989,2017,tmax,1,7.0,3.15,9.6,7,26.54,80
03127989,2018,tmax,1,5.0,1.65,4.9,5,27.96,116
03127989,2021,tmax,1,5.0,1.8,5.4,5,25.61,85
03127989,2024,tmax,1,8.0,2.1,7.7,8,26.6,87
03127989,2016,tmax,0,0.0,0.0,0.0,0,27.07,0
03127989,2019,tmax,0,0.0,0.0,0.0,0,25.94,0
03127989,2020,tmax,0,0.0,0.0,0.0,0,27.94,0
03127989,2022,tmax,0,0.0,0.0,0.0,0,26.3,0
03127989,2023,tmax,0,0.0,0.0,0.0,0,25.56,0
03127989,2025,tmax,0,0.0,0.0,0.0,0,26.14,0
03140853,2015,tmax,2,6.5,3.12,19.6,13,28.46,65
03140853,2016,tmax,1,5.0,1.66,5.3,5,29.69,117
03140853,2017,tmax,1,7.0,2.2,7.7,7,25.94,86
03140853,2024,tmax,3,7.7,3.5,37.5,23,28.4,49
03140853,2025,tmax,4,7.0,3.3,35.7,28,27.84,99
03140853,2018,tmax,0,0.0,0.0,0.0,0,26.76,0
03140853,2019,tmax,0,0.0,0.0,0.0,0,26.61,0
03140853,2020,tmax,0,0.0,0.0,0.0,0,28.8,0
03140853,2021,tmax,0,0.0,0.0,0.0,0,26.93,0
03140853,2022,tmax,0,0.0,0.0,0.0,0,25.61,0
03140853,2023,tmax,0,0.0,0.0,0.0,0,25.79,0
03140900,2015,tmax,2,8.0,3.44,21.1,16,31.41,87
03140900,2016,tmax,3,5.7,4.62,33.1,17,33.91,130
03140900,2017,tmax,3,6.3,5.8,26.4,19,28.91,127
03140900,2018,tmax,1,5.0,1.85,5.8,5,31.43,105
03140900,2021,tmax,2,5.0,2.15,12.0,10,31.53,116
03140900,2023,tmax,1,5.0,0.65,1.8,5,27.49,99
03140900,2024,tmax,3,6.0,3.5,30.0,18,27.47,69
03140900,2025,tmax,2,8.0,4.05,23.9,16,28.87,74
03140900,2019,tmax,0,0.0,0.0,0.0,0,30.86,0
03140900,2020,tmax,0,0.0,0.0,0.0,0,32.97,0
03140900,2022,tmax,0,0.0,0.0,0.0,0,28.81,0
03140950,2015,tmax,1,5.0,3.14,10.2,5,29.5,65
03140950,2016,tmax,2,5.0,2.66,16.0,10,29.91,116
03140950,2018,tmax,1,5.0,1.65,4.5,5,26.7,106
03140950,2019,tmax,1,5.0,2.62,8.1,5,26.5,96
03140950,2023,tmax,1,5.0,2.25,6.0,5,25.36,78
03140950,2024,tmax,1,7.0,3.9,11.6,7,26.89,88
03140950,2025,tmax,2,5.5,3.58,13.4,11,27.5,81
03140950,2017,tmax,0,0.0,0.0,0.0,0,25.99,0
03140950,2020,tmax,0,0.0,0.0,0.0,0,27.51,0
03140950,2021,tmax,0,0.0,0.0,0.0,0,26.9,0
03140950,2022,tmax,0,0.0,0.0,0.0,0,26.21,0
03238745,2001,tmean,2,6.0,3.6,23.1,12,27.29,76
03238745,2002,tmean,2,5.5,3.9,20.4,11,27.89,100
03238745,2003,tmean,1,5.0,1.93,6.4,5,26.56,68
03238745,2004,tmean,1,7.0,2.74,7.6,7,26.3,85
03238745,2005,tmean,1,5.0,2.08,7.6,5,28.3,96
03238745,2006,tmean,1,5.0,2.72,4.8,5,27.99,85
03238745,2007,tmean,5,5.4,2.1,26.5,27,28.54,116
03238745,2009,tmean,1,6.0,3.2,13.0,6,25.91,59
03238745,2011,tmean,1,5.0,0.89,2.8,5,28.59,84
03238745,2012,tmean,3,9.3,4.62,43.2,28,28.83,97
03238745,2015,tmean,2,8.0,4.1,33.9,16,17.2,0
03238745,2016,tmean,1,5.0,1.32,3.0,5,27.04,109
03238745,2000,tmean,0,0.0,0.0,0.0,0,1.06,0
03238745,2008,tmean,0,0.0,0.0,0.0,0,26.47,0
03238745,2010,tmean,0,0.0,0.0,0.0,0,11.8,0
03238745,2013,tmean,0,0.0,0.0,0.0,0,27.46,0
03238745,2014,tmean,0,0.0,0.0,0.0,0,,0
03238772,2002,tmean,2,5.0,2.7,18.4,10,24.61,53
03238772,2004,tmean,1,8.0,2.59,12.0,8,22.87,26
03238772,2007,tmean,1,5.0,2.0,6.8,5,24.7,38
03238772,2012,tmean,3,8.7,4.53,39.5,26,26.7,59
03238772,2015,tmean,1,9.0,2.8,15.0,9,15.2,0
03238772,2016,tmean,3,6.7,2.0,11.8,20,24.36,62
03238772,2001,tmean,0,0.0,0.0,0.0,0,21.77,0
03238772,2003,tmean,0,0.0,0.0,0.0,0,22.57,0
03238772,2005,tmean,0,0.0,0.0,0.0,0,24.4,0
03238772,2006,tmean,0,0.0,0.0,0.0,0,24.16,0
03238772,2008,tmean,0,0.0,0.0,0.0,0,22.77,0
03238772,2009,tmean,0,0.0,0.0,0.0,0,,0
03238772,2010,tmean,0,0.0,0.0,0.0,0,,0
03238772,2011,tmean,0,0.0,0.0,0.0,0,14.26,0
03238772,2013,tmean,0,0.0,0.0,0.0,0,,0
03238772,2014,tmean,0,0.0,0.0,0.0,0,,0
03254520,2007,tmax,1,6.0,2.37,9.3,6,23.6,6
03254520,2008,tmax,1,5.0,1.7,6.0,5,30.29,119
03254520,2009,tmax,1,5.0,2.6,6.9,5,27.87,89
03254520,2010,tmax,4,7.8,2.0,31.5,31,31.33,118
03254520,2011,tmax,2,7.5,1.68,14.7,15,29.96,81
03254520,2012,tmax,3,12.0,4.05,74.5,36,32.61,106
03254520,2014,tmax,1,9.0,1.0,4.9,9,29.94,115
03254520,2015,tmax,3,7.7,2.74,28.5,23,29.24,94
03254520,2016,tmax,5,6.4,2.91,35.2,32,31.63,124
03254520,2017,tmax,4,8.8,5.5,58.7,35,29.06,102
03254520,2018,tmax,2,5.5,3.23,13.5,11,29.93,127
03254520,2019,tmax,3,5.0,3.5,19.6,15,29.4,120
03254520,2020,tmax,2,5.5,1.92,9.5,11,30.73,102
03254520,2021,tmax,3,7.7,3.34,30.4,23,29.69,119
03254520,2022,tmax,1,6.0,1.82,5.0,6,30.23,113
03254520,2023,tmax,5,8.8,3.43,72.1,44,29.3,131
03254520,2024,tmax,5,8.4,4.12,64.1,42,30.5,110
03254520,2025,tmax,3,9.0,2.1,26.4,27,31.04,113
03254520,2013,tmax,0,0.0,0.0,0.0,0,29.16,0
03254695,2007,tmean,1,6.0,4.39,14.9,6,20.43,1
03254695,2009,tmean,1,5.0,3.3,8.6,5,24.76,50
03254695,2012,tmean,3,5.7,3.56,22.6,17,27.11,85
03254695,2008,tmean,0,0.0,0.0,0.0,0,24.7,0
03254695,2010,tmean,0,0.0,0.0,0.0,0,26.64,0
03254695,2011,tmean,0,0.0,0.0,0.0,0,27.73,0
03254695,2013,tmean,0,0.0,0.0,0.0,0,21.97,0
03271510,1990,tmax,2,8.0,4.08,26.9,16,27.64,86
03271510,1997,tmax,1,7.0,1.4,5.6,7,22.44,5
03271510,1998,tmax,3,7.3,5.5,32.7,22,27.37,116
03271510,1999,tmax,4,6.5,6.2,39.6,26,30.21,122
03271510,2000,tmax,3,7.0,4.43,40.7,21,27.57,104
03271510,2002,tmax,2,6.0,3.24,16.7,12,30.26,101
03271510,2004,tmax,1,6.0,2.23,6.4,6,27.09,118
03271510,2005,tmax,1,5.0,1.1,3.6,5,29.94,117
03271510,2006,tmax,1,5.0,1.84,5.3,5,29.11,78
03271510,2007,tmax,4,6.2,3.34,27.2,25,29.73,138
03271510,2008,tmax,1,6.0,1.7,4.0,6,27.34,112
03271510,2009,tmax,2,5.5,2.46,16.4,11,28.53,126
03271510,2010,tmax,2,6.0,2.34,9.2,12,29.73,124
03271510,2012,tmax,4,9.2,6.44,86.5,37,30.89,109
03271510,1991,tmax,0,0.0,0.0,0.0,0,,0
03271510,1992,tmax,0,0.0,0.0,0.0,0,,0
03271510,1993,tmax,0,0.0,0.0,0.0,0,,0
03271510,1994,tmax,0,0.0,0.0,0.0,0,,0
03271510,1995,tmax,0,0.0,0.0,0.0,0,,0
03271510,1996,tmax,0,0.0,0.0,0.0,0,,0
03271510,2001,tmax,0,0.0,0.0,0.0,0,18.39,0
03271510,2003,tmax,0,0.0,0.0,0.0,0,26.93,0
03271510,2011,tmax,0,0.0,0.0,0.0,0,30.53,0
03271510,2013,tmax,0,0.0,0.0,0.0,0,28.47,0
03271510,2014,tmax,0,0.0,0.0,0.0,0,27.27,0
03297800,2015,tmax,2,5.5,4.4,20.5,11,27.29,25
03297800,2016,tmax,2,5.5,2.68,10.9,11,27.59,114
03297800,2017,tmax,1,10.0,2.41,13.9,10,26.84,94
03297800,2018,tmax,2,8.0,2.24,23.5,16,27.43,142
03297800,2020,tmax,1,5.0,0.64,2.0,5,27.43,108
03297800,2022,tmax,1,5.0,0.77,2.2,5,27.39,115
03297800,2023,tmax,2,5.0,2.9,13.5,10,27.53,78
03297800,2024,tmax,1,11.0,4.11,19.9,11,27.1,89
03297800,2025,tmax,2,6.0,1.37,7.5,12,27.99,80
03297800,2008,tmax,0,0.0,0.0,0.0,0,19.0,0
03297800,2009,tmax,0,0.0,0.0,0.0,0,26.26,0
03297800,2010,tmax,0,0.0,0.0,0.0,0,,0
03297800,2011,tmax,0,0.0,0.0,0.0,0,,0
03297800,2012,tmax,0,0.0,0.0,0.0,0,,0
03297800,2013,tmax,0,0.0,0.0,0.0,0,20.43,0
03297800,2014,tmax,0,0.0,0.0,0.0,0,26.09,0
03297800,2019,tmax,0,0.0,0.0,0.0,0,27.21,0
03297800,2021,tmax,0,0.0,0.0,0.0,0,26.37,0
03298000,2007,tmax,2,5.0,3.28,22.6,10,28.8,92
03298000,2009,tmax,2,5.0,2.64,15.7,10,28.26,128
03298000,2015,tmax,2,6.0,3.68,19.1,12,24.41,18
03298000,2016,tmax,5,5.6,3.7,37.9,28,29.69,130
03298000,2017,tmax,2,6.0,4.92,32.0,12,30.26,119
03298000,2018,tmax,2,6.5,2.52,20.2,13,29.56,145
03298000,2019,tmax,2,5.5,2.64,15.8,11,29.61,130
03298000,2020,tmax,1,6.0,0.68,2.6,6,30.16,116
03298000,2022,tmax,1,5.0,1.4,4.1,5,29.57,137
03298000,2023,tmax,4,5.2,4.08,33.1,21,29.03,132
03298000,2024,tmax,4,9.8,3.18,57.6,39,30.31,129
03298000,2025,tmax,4,6.0,2.48,27.5,24,30.24,134
03298000,2006,tmax,0,0.0,0.0,0.0,0,18.77,0
03298000,2008,tmax,0,0.0,0.0,0.0,0,20.7,0
03298000,2010,tmax,0,0.0,0.0,0.0,0,,0
03298000,2011,tmax,0,0.0,0.0,0.0,0,,0
03298000,2012,tmax,0,0.0,0.0,0.0,0,,0
03298000,2013,tmax,0,0.0,0.0,0.0,0,21.81,0
03298000,2014,tmax,0,0.0,0.0,0.0,0,28.76,0
03298000,2021,tmax,0,0.0,0.0,0.0,0,28.99,0
03298150,2007,tmax,1,5.0,1.72,5.2,5,26.06,11
03298150,2009,tmax,1,5.0,3.62,9.8,5,28.2,130
03298150,2016,tmax,5,5.6,3.06,35.3,28,31.04,147
03298150,2017,tmax,2,6.0,5.86,29.8,12,31.73,143
03298150,2018,tmax,1,6.0,2.62,11.5,6,30.97,151
03298150,2019,tmax,2,5.5,2.53,16.4,11,30.47,136
03298150,2025,tmax,2,5.0,2.6,11.5,10,31.09,140
03298150,2008,tmax,0,0.0,0.0,0.0,0,29.47,0
03298150,2010,tmax,0,0.0,0.0,0.0,0,,0
03298150,2011,tmax,0,0.0,0.0,0.0,0,,0
03298150,2012,tmax,0,0.0,0.0,0.0,0,,0
03298150,2013,tmax,0,0.0,0.0,0.0,0,22.64,0
03298150,2014,tmax,0,0.0,0.0,0.0,0,30.24,0
03298150,2015,tmax,0,0.0,0.0,0.0,0,28.94,0
03298150,2020,tmax,0,0.0,0.0,0.0,0,30.56,0
03298150,2021,tmax,0,0.0,0.0,0.0,0,29.81,0
03298150,2022,tmax,0,0.0,0.0,0.0,0,30.21,0
03298150,2023,tmax,0,0.0,0.0,0.0,0,30.29,0
03298150,2024,tmax,0,0.0,0.0,0.0,0,29.94,0
03298200,2009,tmax,1,5.0,2.11,7.2,5,27.81,125
03298200,2014,tmax,2,5.0,6.47,26.9,10,30.26,126
03298200,2015,tmax,2,6.0,3.14,14.4,12,28.2,24
03298200,2016,tmax,3,6.0,2.54,18.6,18,29.1,108
03298200,2017,tmax,1,10.0,3.33,18.6,10,29.6,106
03298200,2018,tmax,2,6.0,2.9,22.1,12,29.96,120
03298200,2019,tmax,2,5.0,1.94,10.0,10,30.14,111
03298200,2020,tmax,1,5.0,3.32,7.3,5,30.07,118
03298200,2021,tmax,1,5.0,0.7,2.0,5,29.29,124
03298200,2022,tmax,2,6.0,3.09,18.3,12,30.01,137
03298200,2023,tmax,2,5.0,3.3,16.3,10,29.43,132
03298200,2024,tmax,4,6.2,3.37,37.4,25,29.54,119
03298200,2025,tmax,4,5.8,2.8,26.0,23,30.43,127
03298200,2008,tmax,0,0.0,0.0,0.0,0,20.3,0
03298200,2010,tmax,0,0.0,0.0,0.0,0,,0
03298200,2011,tmax,0,0.0,0.0,0.0,0,,0
03298200,2012,tmax,0,0.0,0.0,0.0,0,,0
03298200,2013,tmax,0,0.0,0.0,0.0,0,21.64,0
03298250,2009,tmax,2,5.0,3.03,13.4,10,25.41,82
03298250,2010,tmax,2,6.0,3.07,17.7,12,26.74,73
03298250,2015,tmax,1,5.0,3.38,9.8,5,25.27,38
03298250,2016,tmax,1,6.0,1.68,6.7,6,26.37,116
03298250,2017,tmax,2,6.5,4.7,28.5,13,26.74,96
03298250,2018,tmax,4,6.0,2.06,24.8,24,26.53,134
03298250,2019,tmax,1,6.0,1.65,7.4,6,26.47,91
03298250,2022,tmax,1,6.0,0.77,3.6,6,26.61,104
03298250,2024,tmax,3,5.7,2.9,21.8,17,26.04,99
03298250,2025,tmax,3,5.3,2.5,15.3,16,26.93,86
03298250,2008,tmax,0,0.0,0.0,0.0,0,19.54,0
03298250,2011,tmax,0,0.0,0.0,0.0,0,,0
03298250,2012,tmax,0,0.0,0.0,0.0,0,,0
03298250,2013,tmax,0,0.0,0.0,0.0,0,,0
03298250,2014,tmax,0,0.0,0.0,0.0,0,10.86,0
03298250,2020,tmax,0,0.0,0.0,0.0,0,25.67,0
03298250,2021,tmax,0,0.0,0.0,0.0,0,26.29,0
03298250,2023,tmax,0,0.0,0.0,0.0,0,26.7,0
03306000,1987,tmax,2,11.5,1.4,13.5,23,28.99,108
03306000,1988,tmax,2,61.0,5.7,394.3,122,27.7,111
03306000,1989,tmax,3,17.7,2.91,60.1,53,28.76,101
03306000,1991,tmax,5,9.8,1.9,41.7,49,28.13,123
03306000,2000,tmax,4,12.0,9.9,92.2,48,25.97,109
03306000,2001,tmax,1,39.0,1.7,34.4,39,25.81,92
03306000,2002,tmax,2,9.0,1.0,6.1,18,25.54,88
03306000,2003,tmax,1,14.0,0.5,4.4,14,24.6,64
03306000,2004,tmax,1,8.0,0.69,2.8,8,25.83,80
03306000,2005,tmax,1,18.0,2.0,15.8,18,28.29,98
03306000,2007,tmax,1,17.0,0.7,8.0,17,24.54,101
03306000,2008,tmax,2,6.5,2.29,11.4,13,28.09,125
03306000,2011,tmax,3,12.3,3.02,33.3,37,29.29,89
03306000,2012,tmax,7,16.1,4.8,185.8,113,28.54,122
03306000,2016,tmax,2,6.5,0.8,4.6,13,27.96,96
03306000,2022,tmax,3,38.0,4.5,193.7,114,22.41,7
03306000,2023,tmax,3,28.0,3.7,98.5,84,26.86,76
03306000,2024,tmax,5,34.6,3.8,252.9,173,26.84,124
03306000,2025,tmax,3,32.3,3.32,117.4,97,28.16,116
03306000,1990,tmax,0,0.0,0.0,0.0,0,26.87,0
03306000,1992,tmax,0,0.0,0.0,0.0,0,25.51,0
03306000,1993,tmax,0,0.0,0.0,0.0,0,25.24,0
03306000,1994,tmax,0,0.0,0.0,0.0,0,,0
03306000,1995,tmax,0,0.0,0.0,0.0,0,,0
03306000,1996,tmax,0,0.0,0.0,0.0,0,,0
03306000,1997,tmax,0,0.0,0.0,0.0,0,,0
03306000,1998,tmax,0,0.0,0.0,0.0,0,,0
03306000,1999,tmax,0,0.0,0.0,0.0,0,16.14,0
03306000,2006,tmax,0,0.0,0.0,0.0,0,27.96,0
03306000,2009,tmax,0,0.0,0.0,0.0,0,26.69,0
03306000,2010,tmax,0,0.0,0.0,0.0,0,26.49,0
03306000,2013,tmax,0,0.0,0.0,0.0,0,24.83,0
03306000,2014,tmax,0,0.0,0.0,0.0,0,,0
03306000,2015,tmax,0,0.0,0.0,0.0,0,,0
03306000,2017,tmax,0,0.0,0.0,0.0,0,,0
03306000,2018,tmax,0,0.0,0.0,0.0,0,,0
03306000,2019,tmax,0,0.0,0.0,0.0,0,,0
03306000,2020,tmax,0,0.0,0.0,0.0,0,,0
03306000,2021,tmax,0,0.0,0.0,0.0,0,,0
03307000,2000,tmax,1,6.0,1.24,5.0,6,29.44,126
03307000,2002,tmax,3,7.0,4.65,40.9,21,30.03,124
03307000,2004,tmax,2,6.5,2.81,18.7,13,26.31,85
03307000,2005,tmax,1,5.0,1.97,7.7,5,29.66,111
03307000,2006,tmax,3,5.7,2.8,16.9,17,31.94,107
03307000,2007,tmax,5,6.2,2.23,33.8,31,29.7,56
03307000,2008,tmax,2,5.5,1.79,9.1,11,29.24,117
03307000,2009,tmax,1,6.0,3.23,11.1,6,28.19,115
03307000,2010,tmax,5,5.6,2.08,24.0,28,30.53,126
03307000,2011,tmax,1,7.0,1.0,3.6,7,31.3,108
03307000,2012,tmax,5,9.8,4.1,84.3,49,31.57,137
03307000,2015,tmax,5,5.4,3.2,35.2,27,29.74,144
03307000,2023,tmax,1,5.0,1.8,5.6,5,22.66,5
03307000,2024,tmax,4,6.2,3.38,42.7,25,30.03,119
03307000,2025,tmax,5,6.6,5.79,55.1,33,30.97,117
03307000,1999,tmax,0,0.0,0.0,0.0,0,6.4,0
03307000,2001,tmax,0,0.0,0.0,0.0,0,21.0,0
03307000,2003,tmax,0,0.0,0.0,0.0,0,26.84,0
03307000,2013,tmax,0,0.0,0.0,0.0,0,29.0,0
03307000,2014,tmax,0,0.0,0.0,0.0,0,27.56,0
03307000,2016,tmax,0,0.0,0.0,0.0,0,,0
03307000,2017,tmax,0,0.0,0.0,0.0,0,,0
03307000,2018,tmax,0,0.0,0.0,0.0,0,,0
03307000,2019,tmax,0,0.0,0.0,0.0,0,,0
03307000,2020,tmax,0,0.0,0.0,0.0,0,,0
03307000,2021,tmax,0,0.0,0.0,0.0,0,,0
03307000,2022,tmax,0,0.0,0.0,0.0,0,,0
03311500,2001,tmax,1,7.0,0.88,4.5,7,18.2,1
03311500,2002,tmax,1,11.0,2.2,11.1,11,28.6,96
03311500,2003,tmax,1,7.0,0.4,1.5,7,24.51,40
03311500,2004,tmax,4,9.8,0.9,14.9,39,22.43,32
03311500,2005,tmax,3,10.7,1.4,19.9,32,22.23,8
03311500,2006,tmax,1,7.0,0.3,1.4,7,26.01,59
03311500,2007,tmax,1,17.0,0.53,4.7,17,27.24,24
03311500,2008,tmax,4,6.5,3.39,29.3,26,28.14,72
03311500,2010,tmax,5,7.8,3.02,49.5,39,29.19,106
03311500,2011,tmax,2,14.0,2.48,26.9,28,29.34,60
03311500,2012,tmax,3,25.3,5.9,203.8,76,29.29,95
03311500,2013,tmax,1,5.0,1.1,2.4,5,25.54,82
03311500,1999,tmax,0,0.0,0.0,0.0,0,9.26,0
03311500,2000,tmax,0,0.0,0.0,0.0,0,18.14,0
03311500,2009,tmax,0,0.0,0.0,0.0,0,27.51,0
03311500,2014,tmax,0,0.0,0.0,0.0,0,25.04,0
03323500,2004,tmax,3,7.0,3.13,26.1,21,25.74,102
03323500,2006,tmax,7,5.9,2.2,34.7,41,30.61,110
03323500,2007,tmax,2,6.5,2.0,11.7,13,28.13,125
03323500,2008,tmax,1,7.0,3.8,14.7,7,27.27,115
03323500,2010,tmax,2,6.5,3.46,17.4,13,26.51,93
03323500,2012,tmax,5,9.4,6.4,86.3,47,25.89,101
03323500,2015,tmax,2,6.5,3.8,28.3,13,26.16,84
03323500,2016,tmax,7,7.7,4.6,59.0,54,31.19,101
03323500,2017,tmax,4,7.5,6.1,82.9,30,27.9,119
03323500,2018,tmax,3,5.0,2.4,17.9,15,27.29,37
03323500,2023,tmax,2,6.5,2.0,13.6,13,29.2,102
03323500,2024,tmax,8,8.1,4.84,111.8,65,29.66,130
03323500,2025,tmax,3,8.7,2.95,36.1,26,29.31,83
03323500,2002,tmax,0,0.0,0.0,0.0,0,18.49,0
03323500,2003,tmax,0,0.0,0.0,0.0,0,26.09,0
03323500,2005,tmax,0,0.0,0.0,0.0,0,27.64,0
03323500,2009,tmax,0,0.0,0.0,0.0,0,23.36,0
03323500,2011,tmax,0,0.0,0.0,0.0,0,27.8,0
03323500,2013,tmax,0,0.0,0.0,0.0,0,27.21,0
03323500,2014,tmax,0,0.0,0.0,0.0,0,27.6,0
03323500,2019,tmax,0,0.0,0.0,0.0,0,,0
03323500,2020,tmax,0,0.0,0.0,0.0,0,,0
03323500,2021,tmax,0,0.0,0.0,0.0,0,,0
03323500,2022,tmax,0,0.0,0.0,0.0,0,,0
03324500,2004,tmax,5,6.2,2.2,25.0,31,24.64,88
03324500,2006,tmax,3,7.3,2.59,23.5,22,25.37,75
03324500,2007,tmax,3,8.7,1.15,11.9,26,23.01,28
03324500,2008,tmax,1,6.0,1.71,8.8,6,25.11,95
03324500,2009,tmax,2,6.0,1.64,5.6,12,23.21,61
03324500,2010,tmax,4,26.8,2.72,130.4,107,27.96,108
03324500,2012,tmax,6,12.3,5.06,114.0,74,26.06,82
03324500,2015,tmax,2,11.0,2.1,19.7,22,24.53,49
03324500,2016,tmax,2,8.0,1.42,15.3,16,24.64,38
03324500,2017,tmax,2,15.0,3.55,34.2,30,25.47,77
03324500,2018,tmax,1,10.0,1.64,9.3,10,25.23,69
03324500,2019,tmax,2,5.0,0.9,3.7,10,26.63,85
03324500,2021,tmax,2,7.0,1.5,7.6,14,25.69,68
03324500,2023,tmax,1,15.0,1.62,13.4,15,22.41,13
03324500,2024,tmax,6,14.0,3.21,79.9,84,26.03,83
03324500,2025,tmax,3,6.3,3.9,25.8,19,27.29,51
03324500,2002,tmax,0,0.0,0.0,0.0,0,20.99,0
03324500,2003,tmax,0,0.0,0.0,0.0,0,23.4,0
03324500,2005,tmax,0,0.0,0.0,0.0,0,23.19,0
03324500,2011,tmax,0,0.0,0.0,0.0,0,23.29,0
03324500,2013,tmax,0,0.0,0.0,0.0,0,24.0,0
03324500,2014,tmax,0,0.0,0.0,0.0,0,23.61,0
03324500,2020,tmax,0,0.0,0.0,0.0,0,22.79,0
03324500,2022,tmax,0,0.0,0.0,0.0,0,25.7,0
03327000,2003,tmax,1,5.0,1.4,3.7,5,26.03,86
03327000,2004,tmax,1,5.0,0.94,3.1,5,27.31,122
03327000,2005,tmax,1,7.0,0.62,2.3,7,28.01,95
03327000,2006,tmax,3,5.3,0.5,4.0,16,25.11,72
03327000,2007,tmax,3,8.7,1.8,16.4,26,29.4,76
03327000,2008,tmax,2,7.5,2.1,14.8,15,29.17,118
03327000,2010,tmax,1,13.0,1.8,9.2,13,28.27,85
03327000,2012,tmax,9,11.9,5.64,188.1,107,30.07,121
03327000,2015,tmax,1,23.0,4.9,29.6,23,24.34,65
03327000,2016,tmax,2,14.0,3.0,24.4,28,27.03,77
03327000,2017,tmax,1,9.0,0.95,5.6,9,5.66,0
03327000,2023,tmax,6,7.3,3.7,62.9,44,24.31,7
03327000,2024,tmax,3,35.0,10.32,280.3,105,33.63,76
03327000,2025,tmax,2,14.5,2.5,39.2,29,26.93,122
03327000,2002,tmax,0,0.0,0.0,0.0,0,21.36,0
03327000,2009,tmax,0,0.0,0.0,0.0,0,25.06,0
03327000,2011,tmax,0,0.0,0.0,0.0,0,26.34,0
03327000,2013,tmax,0,0.0,0.0,0.0,0,20.39,0
03327000,2014,tmax,0,0.0,0.0,0.0,0,26.36,0
03327000,2018,tmax,0,0.0,0.0,0.0,0,,0
03327000,2019,tmax,0,0.0,0.0,0.0,0,,0
03327000,2020,tmax,0,0.0,0.0,0.0,0,,0
03327000,2021,tmax,0,0.0,0.0,0.0,0,,0
03327000,2022,tmax,0,0.0,0.0,0.0,0,,0
03359000,1994,tmax,3,5.3,2.7,20.6,16,27.77,89
03359000,1995,tmax,2,12.5,1.6,17.0,25,28.49,96
03359000,1999,tmax,1,7.0,1.74,5.4,7,29.04,57
03359000,2001,tmax,1,22.0,2.12,24.6,22,26.37,80
03359000,2003,tmax,1,5.0,0.8,2.3,5,27.44,96
03359000,2004,tmax,2,6.0,2.25,8.9,12,27.1,114
03359000,2005,tmax,5,16.6,2.05,65.0,83,29.19,114
03359000,2006,tmax,2,9.0,0.7,7.4,18,28.19,93
03359000,2007,tmax,2,7.5,1.42,9.1,15,26.36,113
03359000,2010,tmax,8,5.9,2.2,28.2,47,28.29,99
03359000,2012,tmax,2,7.0,1.6,12.8,14,26.63,95
03359000,2015,tmax,1,29.0,3.2,38.3,29,25.97,75
03359000,2016,tmax,5,10.8,1.85,30.4,54,28.07,101
03359000,2017,tmax,4,15.5,4.03,61.3,62,26.44,112
03359000,2023,tmax,4,14.5,3.2,62.8,58,24.47,9
03359000,2024,tmax,9,22.9,3.53,329.3,206,28.39,137
03359000,2025,tmax,9,15.6,3.43,177.9,140,29.66,117
03359000,1993,tmax,0,0.0,0.0,0.0,0,27.13,0
03359000,1996,tmax,0,0.0,0.0,0.0,0,4.6,0
03359000,1997,tmax,0,0.0,0.0,0.0,0,,0
03359000,1998,tmax,0,0.0,0.0,0.0,0,,0
03359000,2000,tmax,0,0.0,0.0,0.0,0,26.41,0
03359000,2002,tmax,0,0.0,0.0,0.0,0,23.03,0
03359000,2008,tmax,0,0.0,0.0,0.0,0,25.44,0
03359000,2009,tmax,0,0.0,0.0,0.0,0,25.27,0
03359000,2011,tmax,0,0.0,0.0,0.0,0,27.27,0
03359000,2013,tmax,0,0.0,0.0,0.0,0,22.69,0
03359000,2014,tmax,0,0.0,0.0,0.0,0,26.33,0
03359000,2018,tmax,0,0.0,0.0,0.0,0,8.9,0
03359000,2019,tmax,0,0.0,0.0,0.0,0,,0
03359000,2020,tmax,0,0.0,0.0,0.0,0,,0
03359000,2021,tmax,0,0.0,0.0,0.0,0,,0
03359000,2022,tmax,0,0.0,0.0,0.0,0,,0
03373980,2001,tmax,5,10.2,3.54,79.9,51,29.8,125
03373980,2002,tmax,2,7.0,3.0,20.8,14,31.23,122
03373980,2003,tmax,1,6.0,1.65,5.2,6,28.87,94
03373980,2004,tmax,3,6.0,1.48,14.3,18,27.56,125
03373980,2006,tmax,3,9.7,2.08,22.6,29,30.74,109
03373980,2007,tmax,7,14.1,3.8,138.3,99,34.16,146
03373980,2008,tmax,2,6.5,2.8,20.7,13,27.26,120
03373980,2010,tmax,2,6.0,1.5,9.3,12,31.47,122
03373980,2011,tmax,1,7.0,0.5,2.1,7,31.37,109
03373980,2012,tmax,5,16.0,6.0,177.8,80,33.4,123
03373980,2013,tmax,1,5.0,1.6,4.2,5,29.83,130
03373980,2015,tmax,2,8.5,2.7,28.5,17,27.77,117
03373980,2016,tmax,4,7.8,2.4,35.0,31,29.53,124
03373980,2017,tmax,4,10.2,4.29,61.5,41,28.03,129
03373980,2018,tmax,4,11.8,1.69,37.7,47,29.71,143
03373980,2019,tmax,3,5.7,3.1,20.0,17,28.23,123
03373980,2020,tmax,1,6.0,1.3,6.1,6,30.41,116
03373980,2021,tmax,3,7.7,2.7,21.5,23,30.03,129
03373980,2022,tmax,1,6.0,1.2,3.4,6,29.51,120
03373980,2023,tmax,5,7.0,2.3,31.2,35,30.53,138
03373980,2024,tmax,8,8.6,3.2,84.8,69,30.06,117
03373980,2025,tmax,1,6.0,1.1,3.7,6,29.3,125
03373980,2005,tmax,0,0.0,0.0,0.0,0,30.43,0
03373980,2009,tmax,0,0.0,0.0,0.0,0,28.0,0
03373980,2014,tmax,0,0.0,0.0,0.0,0,29.34,0
03374500,2003,tmax,2,6.0,1.4,6.6,12,29.86,102
03374500,2004,tmax,5,6.4,3.15,22.8,32,28.41,145
03374500,2005,tmax,1,5.0,1.3,3.8,5,26.09,123
03374500,2006,tmax,1,5.0,1.8,4.8,5,23.86,85
03374500,2009,tmax,5,9.6,2.65,48.0,48,30.47,136
03374500,2010,tmax,9,12.1,4.23,151.1,109,32.11,135
03374500,2011,tmax,1,21.0,2.84,32.0,21,30.66,92
03374500,2015,tmax,1,8.0,2.4,8.2,8,20.87,0
03374500,2016,tmax,1,52.0,2.2,55.1,52,23.14,35
03374500,2017,tmax,2,25.5,3.33,60.3,51,22.46,19
03374500,2018,tmax,1,9.0,1.63,5.8,9,14.17,0
03374500,2023,tmax,4,8.2,2.93,32.4,33,29.17,101
03374500,2024,tmax,5,10.0,2.7,52.6,50,28.6,133
03374500,2025,tmax,2,9.0,1.6,12.2,18,29.47,123
03374500,2002,tmax,0,0.0,0.0,0.0,0,22.27,0
03374500,2007,tmax,0,0.0,0.0,0.0,0,22.8,0
03374500,2008,tmax,0,0.0,0.0,0.0,0,27.91,0
03374500,2012,tmax,0,0.0,0.0,0.0,0,29.49,0
03374500,2013,tmax,0,0.0,0.0,0.0,0,22.83,0
03374500,2014,tmax,0,0.0,0.0,0.0,0,21.54,0
03374500,2019,tmax,0,0.0,0.0,0.0,0,,0
03374500,2020,tmax,0,0.0,0.0,0.0,0,,0
03374500,2021,tmax,0,0.0,0.0,0.0,0,,0
03374500,2022,tmax,0,0.0,0.0,0.0,0,20.97,0
03430200,2004,tmax,2,6.0,1.4,5.2,12,25.67,64
03430200,2005,tmax,2,5.0,1.74,7.9,10,28.97,124
03430200,2006,tmax,3,5.3,5.02,31.4,16,29.26,127
03430200,2007,tmax,9,12.0,5.72,180.2,108,32.19,157
03430200,2010,tmax,1,8.0,2.36,11.7,8,28.51,126
03430200,2011,tmax,1,5.0,1.77,5.0,5,29.09,124
03430200,2012,tmax,3,8.7,5.18,60.4,26,29.5,144
03430200,2015,tmax,2,11.5,2.02,20.9,23,27.11,125
03430200,2016,tmax,2,10.0,2.61,24.1,20,27.64,141
03430200,2017,tmax,2,11.0,2.7,21.3,22,27.83,134
03430200,2019,tmax,1,8.0,1.6,7.6,8,27.47,139
03430200,2021,tmax,2,8.0,2.5,13.4,16,26.84,122
03430200,2023,tmax,2,8.5,4.57,25.2,17,27.53,129
03430200,2024,tmax,1,32.0,4.8,44.0,32,28.03,140
03430200,2025,tmax,4,7.5,2.3,27.1,30,28.17,147
03430200,2003,tmax,0,0.0,0.0,0.0,0,23.41,0
03430200,2008,tmax,0,0.0,0.0,0.0,0,27.23,0
03430200,2009,tmax,0,0.0,0.0,0.0,0,27.7,0
03430200,2013,tmax,0,0.0,0.0,0.0,0,26.41,0
03430200,2014,tmax,0,0.0,0.0,0.0,0,26.94,0
03430200,2018,tmax,0,0.0,0.0,0.0,0,27.54,0
03430200,2020,tmax,0,0.0,0.0,0.0,0,27.21,0
03430200,2022,tmax,0,0.0,0.0,0.0,0,27.84,0
03431083,2004,tmax,1,12.0,2.7,18.7,12,27.64,135
03431083,2005,tmax,1,5.0,1.34,3.9,5,29.47,146
03431083,2007,tmax,4,10.2,2.4,54.8,41,30.93,162
03431083,2008,tmax,1,7.0,1.57,8.6,7,29.3,137
03431083,2010,tmax,4,6.0,1.6,18.8,24,30.64,134
03431083,2012,tmax,6,9.2,3.47,85.6,55,32.29,150
03431083,2015,tmax,2,6.5,3.1,20.7,13,28.66,137
03431083,2016,tmax,3,5.3,1.8,17.4,16,29.99,150
03431083,2017,tmax,2,7.5,3.77,28.7,15,29.96,135
03431083,2018,tmax,3,7.0,2.67,25.3,21,29.4,152
03431083,2019,tmax,3,8.3,2.5,30.9,25,28.33,151
03431083,2021,tmax,2,7.0,3.28,14.2,14,28.7,131
03431083,2022,tmax,2,5.5,1.77,11.6,11,29.74,141
03431083,2023,tmax,2,7.5,2.37,16.2,15,29.36,140
03431083,2024,tmax,3,6.7,2.8,24.9,20,30.14,137
03431083,2025,tmax,4,6.8,3.03,35.2,27,29.96,139
03431083,2003,tmax,0,0.0,0.0,0.0,0,24.21,0
03431083,2006,tmax,0,0.0,0.0,0.0,0,29.06,0
03431083,2009,tmax,0,0.0,0.0,0.0,0,29.77,0
03431083,2011,tmax,0,0.0,0.0,0.0,0,30.43,0
03431083,2013,tmax,0,0.0,0.0,0.0,0,28.67,0
03431083,2014,tmax,0,0.0,0.0,0.0,0,28.73,0
03431083,2020,tmax,0,0.0,0.0,0.0,0,29.89,0
03431091,1997,tmax,1,10.0,1.08,6.6,10,26.74,93
03431091,1998,tmax,1,13.0,2.1,12.5,13,25.91,78
03431091,2000,tmax,1,13.0,1.47,10.4,13,19.67,0
03431091,2001,tmax,3,7.7,1.18,11.5,23,25.97,128
03431091,2002,tmax,1,9.0,2.01,8.8,9,27.5,129
03431091,2004,tmax,2,5.0,0.8,3.8,10,24.13,117
03431091,2005,tmax,2,5.0,0.8,4.5,10,26.79,124
03431091,2006,tmax,2,8.0,2.2,13.6,16,27.11,120
03431091,2007,tmax,8,9.9,3.6,76.3,79,29.61,153
03431091,2008,tmax,4,6.8,2.3,17.2,27,29.91,143
03431091,2009,tmax,1,5.0,0.6,1.6,5,27.91,121
03431091,2010,tmax,5,7.6,2.63,28.6,38,29.99,119
03431091,2011,tmax,1,6.0,1.7,4.0,6,29.47,104
03431091,2012,tmax,6,18.8,3.63,165.7,113,30.59,146
03431091,2015,tmax,1,25.0,3.4,40.9,25,25.89,119
03431091,2016,tmax,4,12.5,1.61,41.0,50,27.79,133
03431091,2017,tmax,2,22.5,2.6,49.8,45,27.6,123
03431091,2018,tmax,2,9.0,1.4,9.9,18,26.99,135
03431091,2019,tmax,3,9.7,2.6,23.2,29,26.67,147
03431091,2020,tmax,1,10.0,1.7,9.0,10,27.91,115
03431091,2021,tmax,1,12.0,2.29,16.3,12,26.57,107
03431091,2022,tmax,2,10.0,2.54,17.5,20,27.86,136
03431091,2023,tmax,2,19.5,1.7,33.6,39,26.4,138
03431091,2024,tmax,4,12.2,1.9,47.2,49,27.94,122
03431091,2025,tmax,2,10.0,0.7,7.2,20,28.63,128
03431091,1996,tmax,0,0.0,0.0,0.0,0,17.76,0
03431091,1999,tmax,0,0.0,0.0,0.0,0,26.09,0
03431091,2003,tmax,0,0.0,0.0,0.0,0,26.14,0
03431091,2013,tmax,0,0.0,0.0,0.0,0,27.13,0
03431091,2014,tmax,0,0.0,0.0,0.0,0,27.11,0
03431514,1997,tmax,1,5.0,0.8,2.2,5,26.99,94
03431514,1998,tmax,1,13.0,2.3,13.5,13,26.57,107
03431514,1999,tmax,3,13.3,2.0,35.6,40,26.39,120
03431514,2000,tmax,2,17.5,2.44,29.6,35,27.47,131
03431514,2001,tmax,3,8.0,1.15,11.5,24,26.21,119
03431514,2002,tmax,1,7.0,1.67,7.0,7,26.97,102
03431514,2004,tmax,2,5.0,0.7,3.1,10,24.11,109
03431514,2005,tmax,2,5.0,0.9,4.4,10,26.46,109
03431514,2006,tmax,2,7.5,1.06,8.2,15,27.09,106
03431514,2007,tmax,4,14.2,2.8,46.9,57,29.03,152
03431514,2008,tmax,1,5.0,0.6,1.8,5,28.6,137
03431514,2009,tmax,1,5.0,0.38,1.2,5,27.86,121
03431514,2010,tmax,6,8.3,2.4,38.5,50,29.86,123
03431514,2011,tmax,3,7.0,1.85,14.0,21,29.31,110
03431514,2012,tmax,7,17.3,3.59,152.8,121,30.31,146
03431514,2013,tmax,2,5.5,0.5,2.8,11,27.44,128
03431514,2015,tmax,1,25.0,3.64,43.0,25,26.06,123
03431514,2016,tmax,4,15.8,2.4,56.4,63,27.97,138
03431514,2017,tmax,3,14.7,2.3,46.0,44,27.59,124
03431514,2018,tmax,2,7.5,1.38,8.8,15,27.11,135
03431514,2019,tmax,2,15.5,2.9,29.8,31,27.09,140
03431514,2020,tmax,1,10.0,1.5,8.3,10,28.01,115
03431514,2021,tmax,1,12.0,2.46,17.8,12,26.71,110
03431514,2022,tmax,1,13.0,3.1,16.5,13,28.01,134
03431514,2023,tmax,3,13.3,1.5,28.2,40,26.51,119
03431514,2024,tmax,5,12.2,2.1,50.7,61,28.06,122
03431514,2025,tmax,2,6.5,0.9,6.4,13,28.79,128
03431514,1996,tmax,0,0.0,0.0,0.0,0,16.26,0
03431514,2003,tmax,0,0.0,0.0,0.0,0,25.73,0
03431514,2014,tmax,0,0.0,0.0,0.0,0,27.41,0
0351706800,2000,tmax,1,5.0,1.3,3.2,5,27.59,117
0351706800,2002,tmax,2,7.0,3.2,20.2,14,29.31,120
0351706800,2004,tmax,1,6.0,1.22,4.0,6,26.76,96
0351706800,2006,tmax,1,5.0,1.7,3.4,5,28.73,114
0351706800,2007,tmax,5,9.8,3.0,44.0,49,29.86,144
0351706800,2009,tmax,1,14.0,0.92,6.0,14,27.54,121
0351706800,2010,tmax,1,10.0,1.3,5.7,10,29.16,126
0351706800,2011,tmax,2,9.0,1.7,14.8,18,29.44,118
0351706800,2012,tmax,4,9.0,2.9,39.4,36,29.27,123
0351706800,2015,tmax,4,6.8,2.9,35.2,27,28.47,132
0351706800,2016,tmax,5,5.8,2.0,22.1,29,29.4,127
0351706800,2017,tmax,4,7.8,2.7,36.1,31,28.19,126
0351706800,2018,tmax,3,7.7,4.2,31.4,23,28.27,144
0351706800,2019,tmax,1,9.0,2.7,15.9,9,28.14,137
0351706800,2020,tmax,2,6.0,2.9,18.0,12,27.77,107
0351706800,2021,tmax,1,7.0,3.18,15.7,7,27.51,115
0351706800,2022,tmax,1,5.0,2.12,6.9,5,27.99,122
0351706800,2023,tmax,1,9.0,1.9,9.5,9,27.57,119
0351706800,2024,tmax,2,6.5,3.2,19.9,13,28.41,122
0351706800,2025,tmax,3,5.7,2.4,18.9,17,29.0,123
0351706800,1999,tmax,0,0.0,0.0,0.0,0,19.13,0
0351706800,2001,tmax,0,0.0,0.0,0.0,0,26.46,0
0351706800,2003,tmax,0,0.0,0.0,0.0,0,26.41,0
0351706800,2005,tmax,0,0.0,0.0,0.0,0,27.49,0
0351706800,2008,tmax,0,0.0,0.0,0.0,0,27.77,0
0351706800,2013,tmax,0,0.0,0.0,0.0,0,25.69,0
0351706800,2014,tmax,0,0.0,0.0,0.0,0,26.43,0
03597860,1996,tmax,2,7.5,2.7,17.2,15,26.3,101
03597860,1997,tmax,1,5.0,2.42,6.2,5,27.41,94
03597860,1998,tmax,2,5.5,2.7,13.6,11,27.94,138
03597860,1999,tmax,2,7.5,2.55,16.4,15,29.53,131
03597860,2000,tmax,1,6.0,0.65,2.4,6,28.13,138
03597860,2001,tmax,2,7.0,2.0,16.2,14,27.89,131
03597860,2002,tmax,1,9.0,3.67,19.8,9,28.53,137
03597860,2004,tmax,2,6.5,1.9,12.1,13,26.47,115
03597860,2006,tmax,1,6.0,2.0,7.6,6,28.37,131
03597860,2007,tmax,7,7.7,2.38,47.9,54,29.43,159
03597860,2008,tmax,2,7.0,1.64,11.9,14,28.33,132
03597860,2009,tmax,2,5.5,2.85,12.0,11,28.13,125
03597860,2010,tmax,1,6.0,0.5,1.6,6,28.74,127
03597860,2011,tmax,1,5.0,0.95,2.3,5,28.0,110
03597860,2012,tmax,4,9.8,2.48,43.7,39,28.59,140
03597860,1991,tmax,0,0.0,0.0,0.0,0,18.61,0
03597860,1992,tmax,0,0.0,0.0,0.0,0,25.5,0
03597860,1993,tmax,0,0.0,0.0,0.0,0,26.44,0
03597860,1994,tmax,0,0.0,0.0,0.0,0,25.83,0
03597860,1995,tmax,0,0.0,0.0,0.0,0,26.6,0
03597860,2003,tmax,0,0.0,0.0,0.0,0,27.99,0
03597860,2005,tmax,0,0.0,0.0,0.0,0,28.96,0
05058000,1997,tmax,2,7.5,2.8,16.5,15,24.81,27
05058000,1998,tmax,5,15.4,3.4,89.1,77,27.34,82
05058000,1999,tmax,3,10.0,0.84,13.1,30,25.79,35
05058000,2000,tmax,4,9.2,2.42,30.7,37,25.7,57
05058000,2001,tmax,1,6.0,0.65,2.1,6,26.21,74
05058000,2002,tmax,6,7.5,6.17,42.3,45,26.44,61
05058000,2003,tmax,2,5.5,0.9,4.8,11,25.91,71
05058000,2006,tmax,3,8.3,3.7,30.7,25,28.27,81
05058000,2007,tmax,1,6.0,1.2,3.6,6,26.3,63
05058000,2010,tmax,2,7.0,2.3,12.0,14,24.69,66
05058000,2011,tmax,1,7.0,0.6,1.9,7,25.41,63
05058000,2012,tmax,4,7.2,2.72,23.3,29,26.87,62
05058000,2015,tmax,2,6.0,2.19,11.4,12,24.99,64
05058000,2016,tmax,2,13.0,2.2,23.2,26,25.41,78
05058000,2021,tmax,6,9.0,4.52,69.0,54,27.16,82
05058000,2023,tmax,3,11.7,3.66,46.6,35,26.3,67
05058000,2024,tmax,3,15.3,1.53,26.2,46,26.13,45
05058000,2025,tmax,2,17.0,2.7,38.1,34,24.46,51
05058000,2004,tmax,0,0.0,0.0,0.0,0,23.96,0
05058000,2005,tmax,0,0.0,0.0,0.0,0,26.33,0
05058000,2008,tmax,0,0.0,0.0,0.0,0,26.0,0
05058000,2009,tmax,0,0.0,0.0,0.0,0,23.01,0
05058000,2013,tmax,0,0.0,0.0,0.0,0,25.99,0
05058000,2014,tmax,0,0.0,0.0,0.0,0,24.13,0
05058000,2017,tmax,0,0.0,0.0,0.0,0,24.77,0
05058000,2018,tmax,0,0.0,0.0,0.0,0,25.54,0
05058000,2019,tmax,0,0.0,0.0,0.0,0,25.99,0
05058000,2020,tmax,0,0.0,0.0,0.0,0,26.59,0
05058000,2022,tmax,0,0.0,0.0,0.0,0,24.59,0
05487520,2012,tmean,9,7.2,6.66,141.4,65,30.34,101
05487520,2013,tmean,1,6.0,1.68,7.2,6,28.89,47
05487520,2015,tmean,1,5.0,2.19,4.7,5,26.71,68
05487520,2016,tmean,3,6.3,1.94,13.7,19,27.97,109
05487520,2017,tmean,2,7.0,1.68,10.0,14,29.71,105
05487520,2018,tmean,1,5.0,1.28,2.7,5,27.06,106
05487520,2019,tmean,1,5.0,0.75,2.7,5,27.47,89
05487520,2021,tmean,6,5.5,2.2,30.3,33,29.59,118
05487520,2022,tmean,1,6.0,2.11,6.8,6,26.93,21
05487520,2011,tmean,0,0.0,0.0,0.0,0,18.84,0
05487520,2014,tmean,0,0.0,0.0,0.0,0,25.5,0
05487520,2020,tmean,0,0.0,0.0,0.0,0,28.79,0
06038500,2012,tmax,3,5.3,3.51,14.3,16,21.64,0
06038500,2013,tmax,5,10.8,0.92,20.5,54,21.2,0
06038500,2014,tmax,5,6.6,3.11,18.9,33,21.44,0
06038500,2015,tmax,4,10.8,2.72,43.5,43,21.27,0
06038500,2016,tmax,1,28.0,1.1,19.2,28,18.23,0
06038500,2017,tmax,2,5.0,1.22,7.1,10,21.81,3
06038500,2022,tmax,1,5.0,0.4,1.2,5,19.61,0
06038500,2024,tmax,2,13.5,0.62,5.0,27,17.56,0
06038500,2025,tmax,2,15.5,1.0,12.2,31,17.47,0
06038500,2009,tmax,0,0.0,0.0,0.0,0,18.71,0
06038500,2010,tmax,0,0.0,0.0,0.0,0,19.79,0
06038500,2011,tmax,0,0.0,0.0,0.0,0,20.36,0
06038500,2018,tmax,0,0.0,0.0,0.0,0,17.71,0
06038500,2019,tmax,0,0.0,0.0,0.0,0,17.61,0
06038500,2020,tmax,0,0.0,0.0,0.0,0,18.29,0
06038500,2021,tmax,0,0.0,0.0,0.0,0,17.83,0
06038500,2023,tmax,0,0.0,0.0,0.0,0,17.37,0
06038800,1999,tmax,1,5.0,0.5,1.7,5,19.57,0
06038800,2001,tmax,2,6.5,3.5,18.5,13,20.5,0
06038800,2013,tmax,3,6.0,1.8,14.2,18,22.17,9
06038800,2014,tmax,1,5.0,0.9,3.0,5,21.27,0
06038800,2015,tmax,6,8.0,2.8,52.7,48,22.4,9
06038800,2016,tmax,3,8.0,1.2,12.4,24,20.87,0
06038800,2017,tmax,1,7.0,1.4,3.7,7,21.76,2
06038800,2021,tmax,3,7.0,2.8,23.0,21,20.2,0
06038800,2022,tmax,3,10.0,2.3,30.3,30,21.41,1
06038800,2023,tmax,1,9.0,1.4,6.7,9,19.97,0
06038800,2024,tmax,3,5.7,1.59,12.8,17,20.33,0
06038800,2025,tmax,7,7.4,2.86,50.2,52,20.41,0
06038800,1995,tmax,0,0.0,0.0,0.0,0,19.0,0
06038800,1996,tmax,0,0.0,0.0,0.0,0,19.43,0
06038800,1997,tmax,0,0.0,0.0,0.0,0,19.14,0
06038800,1998,tmax,0,0.0,0.0,0.0,0,19.5,0
06038800,2000,tmax,0,0.0,0.0,0.0,0,19.79,0
06038800,2002,tmax,0,0.0,0.0,0.0,0,20.36,0
06038800,2003,tmax,0,0.0,0.0,0.0,0,20.43,0
06038800,2004,tmax,0,0.0,0.0,0.0,0,,0
06038800,2005,tmax,0,0.0,0.0,0.0,0,,0
06038800,2006,tmax,0,0.0,0.0,0.0,0,,0
06038800,2007,tmax,0,0.0,0.0,0.0,0,,0
06038800,2008,tmax,0,0.0,0.0,0.0,0,,0
06038800,2009,tmax,0,0.0,0.0,0.0,0,20.43,0
06038800,2010,tmax,0,0.0,0.0,0.0,0,21.07,0
06038800,2011,tmax,0,0.0,0.0,0.0,0,20.14,0
06038800,2012,tmax,0,0.0,0.0,0.0,0,21.69,0
06038800,2018,tmax,0,0.0,0.0,0.0,0,20.21,0
06038800,2019,tmax,0,0.0,0.0,0.0,0,20.03,0
06038800,2020,tmax,0,0.0,0.0,0.0,0,20.04,0
06043120,2022,tmax,1,7.0,0.84,2.3,7,18.31,0
06043120,2024,tmax,1,6.0,1.5,5.0,6,18.59,0
06043120,2025,tmax,1,5.0,1.52,4.2,5,18.34,0
06043120,2019,tmax,0,0.0,0.0,0.0,0,16.96,0
06043120,2020,tmax,0,0.0,0.0,0.0,0,17.84,0
06043120,2021,tmax,0,0.0,0.0,0.0,0,18.44,0
06043120,2023,tmax,0,0.0,0.0,0.0,0,17.9,0
06101630,2016,tmax,7,6.1,2.1,41.3,43,20.89,0
06101630,2018,tmax,1,5.0,1.56,5.0,5,18.94,0
06101630,2019,tmax,1,6.0,1.08,3.3,6,20.7,0
06101630,2022,tmax,5,6.2,1.9,22.7,31,20.2,0
06101630,2024,tmax,8,12.9,4.96,230.0,103,24.06,22
06101630,2025,tmax,9,11.1,4.32,196.2,100,22.04,13
06101630,2015,tmax,0,0.0,0.0,0.0,0,17.19,0
06101630,2017,tmax,0,0.0,0.0,0.0,0,19.37,0
06101630,2020,tmax,0,0.0,0.0,0.0,0,19.17,0
06101630,2021,tmax,0,0.0,0.0,0.0,0,19.21,0
06101630,2023,tmax,0,0.0,0.0,0.0,0,18.04,0
06227600,2011,tmax,1,5.0,1.28,4.0,5,19.23,0
06227600,2013,tmax,3,6.0,1.96,15.9,18,24.5,39
06227600,2016,tmax,2,6.5,2.51,12.1,13,22.83,15
06227600,2010,tmax,0,0.0,0.0,0.0,0,23.4,0
06227600,2012,tmax,0,0.0,0.0,0.0,0,23.56,0
06227600,2014,tmax,0,0.0,0.0,0.0,0,22.1,0
06227600,2015,tmax,0,0.0,0.0,0.0,0,22.84,0
06227600,2017,tmax,0,0.0,0.0,0.0,0,16.03,0
06711565,1996,tmax,1,5.0,0.8,2.4,5,24.03,31
06711565,2002,tmax,2,7.5,2.5,19.7,15,28.59,93
06711565,2003,tmax,3,7.7,3.3,26.8,23,26.86,75
06711565,2004,tmax,1,6.0,1.83,6.3,6,24.91,59
06711565,2005,tmax,1,5.0,1.39,3.9,5,26.61,81
06711565,2006,tmax,2,6.5,2.7,13.3,13,25.03,90
06711565,2008,tmax,1,5.0,1.6,3.7,5,24.5,46
06711565,2009,tmax,1,5.0,1.6,4.4,5,24.74,58
06711565,2012,tmax,5,6.2,3.9,48.8,31,27.84,101
06711565,2013,tmax,1,7.0,1.8,8.0,7,26.99,86
06711565,2014,tmax,1,7.0,1.6,5.0,7,24.2,59
06711565,2015,tmax,3,6.3,1.84,15.2,19,23.8,37
06711565,2016,tmax,1,9.0,2.3,10.4,9,25.34,67
06711565,2017,tmax,2,6.5,2.0,11.1,13,24.36,74
06711565,2018,tmax,4,5.8,2.0,15.9,23,27.37,97
06711565,2020,tmax,1,6.0,1.6,5.1,6,25.81,92
06711565,2021,tmax,1,9.0,1.74,9.3,9,26.13,85
06711565,2022,tmax,1,10.0,0.9,6.1,10,26.83,80
06711565,2023,tmax,1,6.0,1.9,6.7,6,24.79,61
06711565,2024,tmax,3,5.7,1.7,13.5,17,25.01,68
06711565,2025,tmax,2,13.0,4.2,39.2,26,25.87,84
06711565,1995,tmax,0,0.0,0.0,0.0,0,15.01,0
06711565,1997,tmax,0,0.0,0.0,0.0,0,24.01,0
06711565,1998,tmax,0,0.0,0.0,0.0,0,25.3,0
06711565,1999,tmax,0,0.0,0.0,0.0,0,24.81,0
06711565,2000,tmax,0,0.0,0.0,0.0,0,25.44,0
06711565,2001,tmax,0,0.0,0.0,0.0,0,25.94,0
06711565,2007,tmax,0,0.0,0.0,0.0,0,25.3,0
06711565,2010,tmax,0,0.0,0.0,0.0,0,25.49,0
06711565,2011,tmax,0,0.0,0.0,0.0,0,25.89,0
06711565,2019,tmax,0,0.0,0.0,0.0,0,24.89,0
06714215,2022,tmax,4,5.2,4.52,33.2,21,27.3,107
06714215,2025,tmax,2,9.0,2.94,21.4,18,26.71,99
06714215,2018,tmax,0,0.0,0.0,0.0,0,17.44,0
06714215,2019,tmax,0,0.0,0.0,0.0,0,24.97,0
06714215,2020,tmax,0,0.0,0.0,0.0,0,26.71,0
06714215,2021,tmax,0,0.0,0.0,0.0,0,26.66,0
06714215,2023,tmax,0,0.0,0.0,0.0,0,25.63,0
06714215,2024,tmax,0,0.0,0.0,0.0,0,25.91,0
06752260,1989,tmax,2,5.0,3.92,27.6,10,17.84,0
06752260,1990,tmax,7,7.4,6.12,95.5,52,23.4,23
06752260,1991,tmax,6,9.0,9.64,128.1,54,23.29,21
06752260,1992,tmax,9,9.2,17.24,211.0,83,22.3,26
06752260,1993,tmax,2,9.0,5.68,45.8,18,21.27,2
06752260,1994,tmax,5,8.4,5.43,78.8,42,22.01,14
06752260,1995,tmax,5,7.0,7.06,76.0,35,21.46,3
06752260,1996,tmax,0,0.0,0.0,0.0,0,22.17,0
06752260,1997,tmax,0,0.0,0.0,0.0,0,20.83,0
06752260,1998,tmax,0,0.0,0.0,0.0,0,23.97,0
06752260,1999,tmax,0,0.0,0.0,0.0,0,20.84,0
06768000,2012,tmax,1,5.0,3.25,11.0,5,32.39,114
06768000,2014,tmax,1,5.0,4.5,12.0,5,31.93,114
06768000,2015,tmax,1,5.0,3.8,11.9,5,31.21,105
06768000,2016,tmax,1,5.0,1.65,4.1,5,32.77,116
06768000,2017,tmax,2,6.5,4.43,25.6,13,30.39,130
06768000,2021,tmax,6,5.3,3.56,39.9,32,33.57,145
06768000,2022,tmax,1,12.0,4.1,31.3,12,33.67,143
06768000,2023,tmax,3,5.7,4.06,37.3,17,33.93,150
06768000,2024,tmax,4,5.8,5.28,59.2,23,34.24,104
06768000,2025,tmax,4,8.0,5.99,77.6,32,34.39,140
06768000,2011,tmax,0,0.0,0.0,0.0,0,19.56,0
06768000,2013,tmax,0,0.0,0.0,0.0,0,32.64,0
06768000,2018,tmax,0,0.0,0.0,0.0,0,31.01,0
06768000,2019,tmax,0,0.0,0.0,0.0,0,31.66,0
06768000,2020,tmax,0,0.0,0.0,0.0,0,33.14,0
06853500,2020,tmax,3,13.3,6.17,145.9,40,32.81,122
06853500,2021,tmax,3,19.3,7.0,191.2,58,32.73,84
06853500,2023,tmax,3,8.0,7.12,62.3,24,25.96,10
06853500,2024,tmax,15,9.7,8.6,438.3,146,33.49,163
06853500,2025,tmax,9,10.7,10.31,402.0,96,33.51,164
06853500,2018,tmax,0,0.0,0.0,0.0,0,17.83,0
06853500,2019,tmax,0,0.0,0.0,0.0,0,27.33,0
06853500,2022,tmax,0,0.0,0.0,0.0,0,,0
06888990,2021,tmax,1,5.0,1.01,2.4,5,32.66,130
06888990,2022,tmax,5,7.8,9.0,110.9,39,32.26,131
06888990,2023,tmax,9,8.7,8.06,205.6,78,34.41,156
06888990,2024,tmax,9,7.8,5.9,148.8,70,32.77,152
06888990,2025,tmax,6,13.2,7.9,188.1,79,33.11,156
06888990,2018,tmax,0,0.0,0.0,0.0,0,7.89,0
06888990,2019,tmax,0,0.0,0.0,0.0,0,27.73,0
06888990,2020,tmax,0,0.0,0.0,0.0,0,30.33,0
06889000,2001,tmean,1,9.0,1.0,5.0,9,31.27,106
06889000,2002,tmean,1,6.0,0.82,2.7,6,30.07,117
06889000,2003,tmean,2,5.0,4.65,17.8,10,29.8,101
06889000,1999,tmean,0,0.0,0.0,0.0,0,29.7,0
06889000,2000,tmean,0,0.0,0.0,0.0,0,30.94,0
06889000,2004,tmean,0,0.0,0.0,0.0,0,29.01,0
06889000,2005,tmean,0,0.0,0.0,0.0,0,30.06,0
06893060,2011,tmax,1,7.0,0.53,2.4,7,23.5,7
06893060,2012,tmax,6,11.5,5.42,111.6,69,31.04,118
06893060,2013,tmax,4,7.2,1.38,15.3,29,29.6,110
06893060,2014,tmax,1,5.0,0.99,2.2,5,28.74,110
06893060,2016,tmax,5,8.0,2.1,31.2,40,30.07,114
06893060,2017,tmax,3,7.0,2.44,22.8,21,30.99,120
06893060,2018,tmax,1,6.0,0.69,3.5,6,29.41,123
06893060,2021,tmax,2,10.5,1.73,14.1,21,30.47,117
06893060,2022,tmax,2,10.5,2.48,24.2,21,30.43,125
06893060,2023,tmax,5,7.8,3.3,37.9,39,30.21,137
06893060,2024,tmax,5,7.8,2.8,38.6,39,28.76,98
06893060,2025,tmax,4,13.2,2.49,60.7,53,30.04,124
06893060,2015,tmax,0,0.0,0.0,0.0,0,28.71,0
06893060,2019,tmax,0,0.0,0.0,0.0,0,28.86,0
06893060,2020,tmax,0,0.0,0.0,0.0,0,29.8,0
06893500,2006,tmax,1,5.0,1.32,3.6,5,31.93,126
06893500,2005,tmax,0,0.0,0.0,0.0,0,21.43,0
06893500,2007,tmax,0,0.0,0.0,0.0,0,31.14,0
06893500,2008,tmax,0,0.0,0.0,0.0,0,30.4,0
06893500,2009,tmax,0,0.0,0.0,0.0,0,30.04,0
06893500,2010,tmax,0,0.0,0.0,0.0,0,25.93,0
06893562,2006,tmax,1,5.0,1.55,5.1,5,33.39,132
06893562,2007,tmax,2,5.0,2.0,9.2,10,31.63,147
06893562,2005,tmax,0,0.0,0.0,0.0,0,22.74,0
06893562,2008,tmax,0,0.0,0.0,0.0,0,30.6,0
06893562,2009,tmax,0,0.0,0.0,0.0,0,31.19,0
06893562,2010,tmax,0,0.0,0.0,0.0,0,27.81,0
06893620,2012,tmax,5,7.6,4.8,58.9,38,30.6,120
06893620,2013,tmax,1,6.0,2.28,9.5,6,28.19,106
06893620,2015,tmax,1,5.0,4.64,10.8,5,26.09,94
06893620,2016,tmax,2,7.0,3.2,15.6,14,28.0,101
06893620,2017,tmax,2,7.0,4.8,29.0,14,28.84,89
06893620,2018,tmax,2,5.5,1.8,11.5,11,29.49,137
06893620,2022,tmax,1,6.0,2.68,8.4,6,27.8,107
06893620,2023,tmax,2,6.0,2.2,15.1,12,28.97,88
06893620,2011,tmax,0,0.0,0.0,0.0,0,5.71,0
06893620,2014,tmax,0,0.0,0.0,0.0,0,26.91,0
06893620,2019,tmax,0,0.0,0.0,0.0,0,26.67,0
06893620,2020,tmax,0,0.0,0.0,0.0,0,26.33,0
06893620,2021,tmax,0,0.0,0.0,0.0,0,27.63,0
06893620,2024,tmax,0,0.0,0.0,0.0,0,7.91,0
06893820,2010,tmax,1,8.0,3.2,11.8,8,31.3,121
06893820,2011,tmax,2,10.5,4.33,37.6,21,34.19,107
06893820,2012,tmax,5,8.6,4.72,82.2,43,32.44,125
06893820,2013,tmax,1,5.0,1.71,7.0,5,30.04,102
06893820,2014,tmax,2,5.5,1.8,10.2,11,30.0,120
06893820,2015,tmax,2,5.0,5.02,19.3,10,29.16,104
06893820,2016,tmax,4,6.2,5.11,49.6,25,30.86,119
06893820,2017,tmax,3,7.3,5.14,40.5,22,30.19,114
06893820,2018,tmax,3,5.7,2.13,19.0,17,30.83,143
06893820,2023,tmax,3,6.7,4.7,34.2,20,30.34,130
06893820,2025,tmax,3,5.3,3.14,19.2,16,30.03,110
06893820,2009,tmax,0,0.0,0.0,0.0,0,13.57,0
06893820,2019,tmax,0,0.0,0.0,0.0,0,28.61,0
06893820,2020,tmax,0,0.0,0.0,0.0,0,29.54,0
06893820,2021,tmax,0,0.0,0.0,0.0,0,29.63,0
06893820,2022,tmax,0,0.0,0.0,0.0,0,30.47,0
06893820,2024,tmax,0,0.0,0.0,0.0,0,29.5,0
06893830,2010,tmax,1,5.0,2.2,7.6,5,31.86,134
06893830,2012,tmax,3,8.0,6.28,57.8,24,29.69,143
06893830,2015,tmax,1,6.0,5.08,16.2,6,31.39,125
06893830,2016,tmax,1,6.0,2.76,9.1,6,30.53,134
06893830,2017,tmax,1,8.0,2.78,14.2,8,30.4,138
06893830,2008,tmax,0,0.0,0.0,0.0,0,19.39,0
06893830,2009,tmax,0,0.0,0.0,0.0,0,32.33,0
06893830,2011,tmax,0,0.0,0.0,0.0,0,31.27,0
06893830,2013,tmax,0,0.0,0.0,0.0,0,29.17,0
06893830,2014,tmax,0,0.0,0.0,0.0,0,29.6,0
06893830,2018,tmax,0,0.0,0.0,0.0,0,5.6,0
06893890,2010,tmax,1,7.0,2.28,9.5,7,33.26,133
06893890,2012,tmax,3,9.7,6.3,65.8,29,30.9,108
06893890,2015,tmax,2,8.5,2.2,9.6,17,31.6,118
06893890,2016,tmax,4,8.2,3.26,38.0,33,32.19,139
06893890,2017,tmax,4,9.2,3.0,37.7,37,32.71,141
06893890,2018,tmax,1,8.0,2.5,11.2,8,30.11,137
06893890,2019,tmax,1,6.0,2.08,7.4,6,31.29,137
06893890,2009,tmax,0,0.0,0.0,0.0,0,7.59,0
06893890,2011,tmax,0,0.0,0.0,0.0,0,32.83,0
06893890,2013,tmax,0,0.0,0.0,0.0,0,31.06,0
06893890,2014,tmax,0,0.0,0.0,0.0,0,30.97,0
06893890,2020,tmax,0,0.0,0.0,0.0,0,27.86,0
06893970,2006,tmax,2,5.5,5.12,32.5,11,32.91,119
06893970,2007,tmax,2,6.0,3.06,21.1,12,31.1,107
06893970,2010,tmax,1,5.0,2.31,7.3,5,24.73,15
06893970,2011,tmax,1,5.0,0.9,2.6,5,30.37,109
06893970,2014,tmax,1,6.0,1.67,6.9,6,29.14,109
06893970,2015,tmax,2,6.5,6.01,30.3,13,27.39,92
06893970,2016,tmax,2,6.5,4.61,24.3,13,29.86,107
06893970,2017,tmax,1,7.0,4.7,22.2,7,29.56,105
06893970,2018,tmax,1,7.0,3.0,11.0,7,30.06,139
06893970,2005,tmax,0,0.0,0.0,0.0,0,20.54,0
06893970,2008,tmax,0,0.0,0.0,0.0,0,27.09,0
06893970,2009,tmax,0,0.0,0.0,0.0,0,28.36,0
06893970,2012,tmax,0,0.0,0.0,0.0,0,16.76,0
06893970,2013,tmax,0,0.0,0.0,0.0,0,28.06,0
06893970,2019,tmax,0,0.0,0.0,0.0,0,28.83,0
06894000,2006,tmax,4,8.5,3.4,47.3,34,32.29,127
06894000,2007,tmax,2,7.5,2.4,21.0,15,30.54,107
06894000,2008,tmax,1,5.0,1.16,3.8,5,29.99,110
06894000,2009,tmax,1,6.0,3.75,11.8,6,29.93,111
06894000,2010,tmax,2,7.0,2.43,16.5,14,32.27,124
06894000,2011,tmax,2,13.0,1.92,23.0,26,33.04,112
06894000,2012,tmax,5,8.6,5.23,70.5,43,31.37,129
06894000,2013,tmax,1,6.0,1.0,3.8,6,30.07,113
06894000,2014,tmax,1,9.0,1.72,9.1,9,30.4,123
06894000,2015,tmax,2,8.0,5.34,24.0,16,29.76,101
06894000,2016,tmax,6,8.3,4.56,73.8,50,31.43,122
06894000,2017,tmax,3,6.7,4.95,38.9,20,31.1,130
06894000,2018,tmax,6,6.8,2.44,40.7,41,31.5,147
06894000,2019,tmax,1,5.0,1.15,3.8,5,29.77,128
06894000,2021,tmax,1,6.0,0.7,3.3,6,29.89,114
06894000,2022,tmax,1,7.0,1.08,5.0,7,30.56,125
06894000,2023,tmax,5,6.4,4.6,44.0,32,31.17,140
06894000,2024,tmax,3,7.3,3.2,32.4,22,30.11,129
06894000,2025,tmax,5,6.6,3.09,31.8,33,30.46,125
06894000,2005,tmax,0,0.0,0.0,0.0,0,31.56,0
06894000,2020,tmax,0,0.0,0.0,0.0,0,29.93,0
07049050,2016,tmax,4,6.2,2.65,29.8,25,29.9,129
07049050,2017,tmax,4,5.5,2.25,16.1,22,29.6,133
07049050,2018,tmax,4,6.2,1.2,13.6,25,29.73,151
07049050,2021,tmax,3,5.3,3.04,18.1,16,28.46,114
07049050,2019,tmax,0,0.0,0.0,0.0,0,27.6,0
07049050,2020,tmax,0,0.0,0.0,0.0,0,28.41,0
07049050,2022,tmax,0,0.0,0.0,0.0,0,16.73,0
07053450,2008,tmax,1,72.0,1.71,79.9,72,17.47,0
07053450,2009,tmax,1,48.0,2.01,40.8,48,16.7,0
07053450,2011,tmax,3,13.7,1.7,24.1,41,14.87,0
07053450,2012,tmax,1,7.0,0.41,1.1,7,11.36,0
07053450,2015,tmax,3,25.3,0.88,24.0,76,16.1,0
07053450,2017,tmax,2,57.0,2.6,114.1,114,15.39,0
07053450,2021,tmax,1,18.0,1.8,14.4,18,13.83,0
07053450,2022,tmax,1,23.0,1.35,12.2,23,14.56,0
07053450,2024,tmax,2,12.5,0.8,8.2,25,13.24,0
07053450,2025,tmax,1,5.0,0.68,1.8,5,15.87,0
07053450,2000,tmax,0,0.0,0.0,0.0,0,12.91,0
07053450,2001,tmax,0,0.0,0.0,0.0,0,9.61,0
07053450,2002,tmax,0,0.0,0.0,0.0,0,13.14,0
07053450,2003,tmax,0,0.0,0.0,0.0,0,11.01,0
07053450,2004,tmax,0,0.0,0.0,0.0,0,13.41,0
07053450,2005,tmax,0,0.0,0.0,0.0,0,11.51,0
07053450,2006,tmax,0,0.0,0.0,0.0,0,10.24,0
07053450,2007,tmax,0,0.0,0.0,0.0,0,10.81,0
07053450,2010,tmax,0,0.0,0.0,0.0,0,12.83,0
07053450,2013,tmax,0,0.0,0.0,0.0,0,12.56,0
07053450,2014,tmax,0,0.0,0.0,0.0,0,10.96,0
07053450,2016,tmax,0,0.0,0.0,0.0,0,12.57,0
07053450,2018,tmax,0,0.0,0.0,0.0,0,11.8,0
07053450,2019,tmax,0,0.0,0.0,0.0,0,14.94,0
07053450,2020,tmax,0,0.0,0.0,0.0,0,14.69,0
07053450,2023,tmax,0,0.0,0.0,0.0,0,13.04,0
07054527,1992,tmax,1,5.0,5.1,19.2,5,21.59,13
07054527,1993,tmax,1,12.0,5.11,41.9,12,23.46,17
07054527,1998,tmax,1,17.0,2.3,21.4,17,20.46,4
07054527,1999,tmax,2,5.5,1.8,11.6,11,20.04,3
07054527,2000,tmax,2,8.5,2.96,22.5,17,21.26,1
07054527,2005,tmax,1,5.0,2.5,9.7,5,19.9,0
07054527,2015,tmax,3,16.0,1.0,19.4,48,17.94,0
07054527,2017,tmax,1,8.0,0.5,2.9,8,18.1,0
07054527,2021,tmax,2,19.0,1.86,25.8,38,16.7,0
07054527,2024,tmax,2,6.5,1.0,5.9,13,19.3,0
07054527,2025,tmax,3,5.7,1.6,12.8,17,17.69,0
07054527,1994,tmax,0,0.0,0.0,0.0,0,20.09,0
07054527,1995,tmax,0,0.0,0.0,0.0,0,18.79,0
07054527,1996,tmax,0,0.0,0.0,0.0,0,18.5,0
07054527,1997,tmax,0,0.0,0.0,0.0,0,19.03,0
07054527,2001,tmax,0,0.0,0.0,0.0,0,18.5,0
07054527,2002,tmax,0,0.0,0.0,0.0,0,16.93,0
07054527,2003,tmax,0,0.0,0.0,0.0,0,18.33,0
07054527,2004,tmax,0,0.0,0.0,0.0,0,19.37,0
07054527,2006,tmax,0,0.0,0.0,0.0,0,18.61,0
07054527,2007,tmax,0,0.0,0.0,0.0,0,17.71,0
07054527,2008,tmax,0,0.0,0.0,0.0,0,16.84,0
07054527,2009,tmax,0,0.0,0.0,0.0,0,20.47,0
07054527,2010,tmax,0,0.0,0.0,0.0,0,19.33,0
07054527,2011,tmax,0,0.0,0.0,0.0,0,18.16,0
07054527,2012,tmax,0,0.0,0.0,0.0,0,19.53,0
07054527,2013,tmax,0,0.0,0.0,0.0,0,16.23,0
07054527,2014,tmax,0,0.0,0.0,0.0,0,15.16,0
07054527,2016,tmax,0,0.0,0.0,0.0,0,18.67,0
07054527,2018,tmax,0,0.0,0.0,0.0,0,17.09,0
07054527,2019,tmax,0,0.0,0.0,0.0,0,16.86,0
07054527,2020,tmax,0,0.0,0.0,0.0,0,17.67,0
07054527,2022,tmax,0,0.0,0.0,0.0,0,18.06,0
07054527,2023,tmax,0,0.0,0.0,0.0,0,17.36,0
07060000,2014,tmax,1,5.0,9.41,42.2,5,18.07,1
07060000,2015,tmax,1,30.0,3.56,58.4,30,17.91,0
07060000,2017,tmax,4,12.8,1.89,19.5,51,17.0,0
07060000,2020,tmax,2,8.0,3.07,16.5,16,19.33,1
07060000,2022,tmax,1,10.0,1.7,8.2,10,15.93,0
07060000,2023,tmax,3,11.0,4.86,94.7,33,18.87,3
07060000,2024,tmax,1,28.0,2.7,38.6,28,18.47,0
07060000,2025,tmax,5,27.6,11.08,264.0,138,22.67,7
07060000,2012,tmax,0,0.0,0.0,0.0,0,14.9,0
07060000,2013,tmax,0,0.0,0.0,0.0,0,15.73,0
07060000,2016,tmax,0,0.0,0.0,0.0,0,15.83,0
07060000,2018,tmax,0,0.0,0.0,0.0,0,16.9,0
07060000,2019,tmax,0,0.0,0.0,0.0,0,19.01,0
07060000,2021,tmax,0,0.0,0.0,0.0,0,16.46,0
07060500,1992,tmax,1,5.0,4.12,12.7,5,22.01,11
07060500,1993,tmax,1,7.0,2.79,11.1,7,23.36,10
07060500,1999,tmax,3,27.3,8.1,322.1,82,22.06,5
07060500,2000,tmax,5,9.8,5.26,109.2,49,25.91,50
07060500,2001,tmax,1,6.0,3.82,15.7,6,24.26,40
07060500,2002,tmax,1,6.0,2.2,6.0,6,20.34,3
07060500,2006,tmax,3,7.0,5.42,46.6,21,23.06,27
07060500,2007,tmax,1,5.0,3.2,8.3,5,20.6,4
07060500,2009,tmax,2,5.5,5.0,26.1,11,21.09,1
07060500,2010,tmax,1,6.0,1.5,5.5,6,23.0,23
07060500,2011,tmax,2,6.5,3.88,22.1,13,19.89,0
07060500,2012,tmax,7,6.6,7.53,63.7,46,23.59,66
07060500,2015,tmax,2,7.0,1.0,9.0,14,20.01,0
07060500,2017,tmax,5,7.6,4.7,63.3,38,22.36,5
07060500,2018,tmax,3,6.3,3.66,35.5,19,24.09,22
07060500,2024,tmax,1,15.0,1.2,9.4,15,20.89,6
07060500,2025,tmax,2,7.0,3.29,15.9,14,19.57,0
07060500,1991,tmax,0,0.0,0.0,0.0,0,22.13,0
07060500,1994,tmax,0,0.0,0.0,0.0,0,19.56,0
07060500,1995,tmax,0,0.0,0.0,0.0,0,17.67,0
07060500,1996,tmax,0,0.0,0.0,0.0,0,22.61,0
07060500,1997,tmax,0,0.0,0.0,0.0,0,19.96,0
07060500,1998,tmax,0,0.0,0.0,0.0,0,19.04,0
07060500,2003,tmax,0,0.0,0.0,0.0,0,20.26,0
07060500,2004,tmax,0,0.0,0.0,0.0,0,19.44,0
07060500,2005,tmax,0,0.0,0.0,0.0,0,22.91,0
07060500,2008,tmax,0,0.0,0.0,0.0,0,20.73,0
07060500,2013,tmax,0,0.0,0.0,0.0,0,21.09,0
07060500,2014,tmax,0,0.0,0.0,0.0,0,22.27,0
07060500,2016,tmax,0,0.0,0.0,0.0,0,22.49,0
07060500,2019,tmax,0,0.0,0.0,0.0,0,20.64,0
07060500,2020,tmax,0,0.0,0.0,0.0,0,20.34,0
07060500,2021,tmax,0,0.0,0.0,0.0,0,18.83,0
07060500,2022,tmax,0,0.0,0.0,0.0,0,20.2,0
07060500,2023,tmax,0,0.0,0.0,0.0,0,20.61,0
07076000,1992,tmax,1,10.0,3.2,16.1,10,13.59,0
07076000,2008,tmax,1,10.0,0.86,4.7,10,15.2,0
07076000,2009,tmax,1,28.0,0.8,7.9,28,14.91,0
07076000,2011,tmax,4,8.0,1.2,11.7,32,15.29,0
07076000,2012,tmax,3,8.0,1.7,17.1,24,14.2,0
07076000,2013,tmax,3,6.0,2.13,21.5,18,15.51,0
07076000,2015,tmax,2,8.5,1.6,18.3,17,15.81,0
07076000,2016,tmax,1,5.0,6.3,17.1,5,16.74,0
07076000,2017,tmax,6,18.5,3.63,142.1,111,17.0,0
07076000,2018,tmax,2,5.5,0.6,3.1,11,13.91,0
07076000,2020,tmax,2,5.5,2.6,18.9,11,16.16,0
07076000,2021,tmax,1,5.0,0.6,1.8,5,13.21,0
07076000,2022,tmax,1,11.0,0.7,4.3,11,14.11,0
07076000,2023,tmax,6,7.7,1.9,38.8,46,15.07,0
07076000,2024,tmax,2,5.5,8.41,47.5,11,16.59,0
07076000,2025,tmax,5,7.0,6.2,54.1,35,15.71,0
07076000,1991,tmax,0,0.0,0.0,0.0,0,14.63,0
07076000,1993,tmax,0,0.0,0.0,0.0,0,17.74,0
07076000,1994,tmax,0,0.0,0.0,0.0,0,12.57,0
07076000,1995,tmax,0,0.0,0.0,0.0,0,11.54,0
07076000,1996,tmax,0,0.0,0.0,0.0,0,11.61,0
07076000,1997,tmax,0,0.0,0.0,0.0,0,12.53,0
07076000,1998,tmax,0,0.0,0.0,0.0,0,13.56,0
07076000,1999,tmax,0,0.0,0.0,0.0,0,13.0,0
07076000,2000,tmax,0,0.0,0.0,0.0,0,13.17,0
07076000,2001,tmax,0,0.0,0.0,0.0,0,11.37,0
07076000,2002,tmax,0,0.0,0.0,0.0,0,11.66,0
07076000,2003,tmax,0,0.0,0.0,0.0,0,10.54,0
07076000,2004,tmax,0,0.0,0.0,0.0,0,12.01,0
07076000,2005,tmax,0,0.0,0.0,0.0,0,13.17,0
07076000,2006,tmax,0,0.0,0.0,0.0,0,12.71,0
07076000,2007,tmax,0,0.0,0.0,0.0,0,12.53,0
07076000,2010,tmax,0,0.0,0.0,0.0,0,12.44,0
07076000,2014,tmax,0,0.0,0.0,0.0,0,11.96,0
07076000,2019,tmax,0,0.0,0.0,0.0,0,14.31,0
07086000,1994,tmax,1,7.0,0.6,3.4,7,17.59,0
07086000,1995,tmax,1,7.0,0.5,2.2,7,15.89,0
07086000,2002,tmax,3,7.7,2.4,32.0,23,19.63,0
07086000,2003,tmax,1,6.0,0.9,3.0,6,18.8,0
07086000,2004,tmax,1,9.0,2.3,10.8,9,17.74,0
07086000,2005,tmax,2,7.5,2.7,15.4,15,18.56,0
07086000,2007,tmax,1,10.0,1.0,4.9,10,18.57,0
07086000,2010,tmax,2,6.5,1.5,8.6,13,19.1,0
07086000,2012,tmax,8,7.2,3.78,76.7,58,19.9,0
07086000,2014,tmax,1,5.0,1.3,3.0,5,17.81,0
07086000,2015,tmax,3,7.0,1.64,13.2,21,17.6,0
07086000,2017,tmax,2,8.5,1.5,13.3,17,17.53,0
07086000,2018,tmax,1,8.0,0.9,4.3,8,19.17,0
07086000,2020,tmax,1,5.0,0.2,0.8,5,18.03,0
07086000,2022,tmax,1,5.0,1.16,3.0,5,19.01,0
07086000,2024,tmax,4,8.0,1.6,18.7,32,18.51,0
07086000,2025,tmax,3,6.0,2.0,16.7,18,18.69,0
07086000,1993,tmax,0,0.0,0.0,0.0,0,10.61,0
07086000,1996,tmax,0,0.0,0.0,0.0,0,17.01,0
07086000,1997,tmax,0,0.0,0.0,0.0,0,16.47,0
07086000,1998,tmax,0,0.0,0.0,0.0,0,17.54,0
07086000,1999,tmax,0,0.0,0.0,0.0,0,17.26,0
07086000,2000,tmax,0,0.0,0.0,0.0,0,17.61,0
07086000,2001,tmax,0,0.0,0.0,0.0,0,18.26,0
07086000,2006,tmax,0,0.0,0.0,0.0,0,18.0,0
07086000,2008,tmax,0,0.0,0.0,0.0,0,17.57,0
07086000,2009,tmax,0,0.0,0.0,0.0,0,17.74,0
07086000,2011,tmax,0,0.0,0.0,0.0,0,17.56,0
07086000,2013,tmax,0,0.0,0.0,0.0,0,18.61,0
07086000,2016,tmax,0,0.0,0.0,0.0,0,17.8,0
07086000,2019,tmax,0,0.0,0.0,0.0,0,5.16,0
07086000,2021,tmax,0,0.0,0.0,0.0,0,19.01,0
07086000,2023,tmax,0,0.0,0.0,0.0,0,17.73,0
07097000,1995,tmax,5,6.0,3.1,36.6,30,22.04,3
07097000,1996,tmax,2,6.5,4.0,23.0,13,24.29,57
07097000,1998,tmax,1,10.0,1.6,10.5,10,23.91,45
07097000,2000,tmax,1,7.0,3.2,10.2,7,25.03,77
07097000,2001,tmax,1,5.0,1.4,3.1,5,25.67,65
07097000,2002,tmax,5,14.6,4.7,138.4,73,28.81,103
07097000,2003,tmax,4,7.5,3.1,38.8,30,25.49,64
07097000,2004,tmax,3,9.3,2.3,27.3,28,25.44,55
07097000,2005,tmax,3,5.7,2.3,19.8,17,25.51,65
07097000,2010,tmax,1,6.0,3.37,9.0,6,25.53,68
07097000,2012,tmax,6,13.3,4.82,128.8,80,27.33,104
07097000,2013,tmax,1,8.0,0.67,2.8,8,25.33,72
07097000,2015,tmax,2,6.0,2.0,11.0,12,24.16,37
07097000,2016,tmax,1,14.0,2.0,11.0,14,24.56,49
07097000,2017,tmax,3,5.7,2.9,15.8,17,23.03,20
07097000,2018,tmax,1,9.0,1.3,6.2,9,25.83,92
07097000,2021,tmax,1,5.0,1.3,4.2,5,24.66,72
07097000,2023,tmax,1,5.0,1.7,5.0,5,24.11,62
07097000,2025,tmax,1,19.0,4.5,38.4,19,24.71,72
07097000,1994,tmax,0,0.0,0.0,0.0,0,17.11,0
07097000,1997,tmax,0,0.0,0.0,0.0,0,23.99,0
07097000,1999,tmax,0,0.0,0.0,0.0,0,23.67,0
07097000,2006,tmax,0,0.0,0.0,0.0,0,25.43,0
07097000,2007,tmax,0,0.0,0.0,0.0,0,24.06,0
07097000,2008,tmax,0,0.0,0.0,0.0,0,23.64,0
07097000,2009,tmax,0,0.0,0.0,0.0,0,23.57,0
07097000,2011,tmax,0,0.0,0.0,0.0,0,24.51,0
07097000,2014,tmax,0,0.0,0.0,0.0,0,23.4,0
07097000,2019,tmax,0,0.0,0.0,0.0,0,18.24,0
07097000,2020,tmax,0,0.0,0.0,0.0,0,24.43,0
07097000,2022,tmax,0,0.0,0.0,0.0,0,25.47,0
07097000,2024,tmax,0,0.0,0.0,0.0,0,25.09,0
07099400,2010,tmax,1,12.0,0.81,5.8,12,21.81,1
07099400,2012,tmax,2,5.0,1.6,9.5,10,17.73,0
07099400,2013,tmax,1,57.0,2.6,75.7,57,22.41,13
07099400,2015,tmax,1,18.0,0.78,6.9,18,20.73,0
07099400,2016,tmax,1,30.0,0.93,16.1,30,21.3,0
07099400,2017,tmax,1,10.0,0.9,4.3,10,20.53,0
07099400,2018,tmax,2,8.5,1.22,10.0,17,18.16,0
07099400,2021,tmax,1,11.0,0.6,3.7,11,20.86,0
07099400,2022,tmax,3,12.0,0.72,15.1,36,19.64,0
07099400,2023,tmax,2,11.0,0.7,7.3,22,20.74,0
07099400,2024,tmax,4,16.0,1.9,24.7,64,20.97,0
07099400,2025,tmax,3,10.3,1.39,16.7,31,20.49,0
07099400,2008,tmax,0,0.0,0.0,0.0,0,19.79,0
07099400,2009,tmax,0,0.0,0.0,0.0,0,20.61,0
07099400,2011,tmax,0,0.0,0.0,0.0,0,21.4,0
07099400,2014,tmax,0,0.0,0.0,0.0,0,20.87,0
07099400,2019,tmax,0,0.0,0.0,0.0,0,20.44,0
07099400,2020,tmax,0,0.0,0.0,0.0,0,19.66,0
07099969,1996,tmax,1,5.0,1.1,3.1,5,19.86,0
07099969,1998,tmax,2,7.0,1.5,11.7,14,24.34,64
07099969,1999,tmax,1,10.0,0.98,5.3,10,23.31,39
07099969,2000,tmax,2,6.0,1.12,5.7,12,24.81,58
07099969,2002,tmax,6,8.5,4.68,90.1,51,25.89,78
07099969,2003,tmax,8,9.0,3.3,101.9,72,27.14,78
07099969,2004,tmax,6,9.7,3.3,70.5,58,25.3,69
07099969,2005,tmax,2,8.5,3.63,29.1,17,24.61,72
07099969,2006,tmax,1,5.0,1.1,2.9,5,24.77,72
07099969,2007,tmax,1,8.0,1.7,6.4,8,24.89,56
07099969,2009,tmax,1,5.0,1.7,4.7,5,22.99,41
07099969,2013,tmax,2,7.5,2.6,26.8,15,26.83,74
07099969,2015,tmax,4,5.2,1.93,23.4,21,22.83,42
07099969,2016,tmax,1,6.0,0.5,1.6,6,23.31,40
07099969,2021,tmax,3,6.3,2.0,10.5,19,24.33,30
07099969,2023,tmax,1,6.0,1.7,7.9,6,22.77,32
07099969,2024,tmax,2,7.5,1.4,11.3,15,23.14,43
07099969,2025,tmax,3,10.7,3.23,39.3,32,22.3,12
07099969,1997,tmax,0,0.0,0.0,0.0,0,23.99,0
07099969,2001,tmax,0,0.0,0.0,0.0,0,25.2,0
07099969,2008,tmax,0,0.0,0.0,0.0,0,23.56,0
07099969,2010,tmax,0,0.0,0.0,0.0,0,23.54,0
07099969,2011,tmax,0,0.0,0.0,0.0,0,23.27,0
07099969,2012,tmax,0,0.0,0.0,0.0,0,24.61,0
07099969,2014,tmax,0,0.0,0.0,0.0,0,23.27,0
07099969,2017,tmax,0,0.0,0.0,0.0,0,22.89,0
07099969,2018,tmax,0,0.0,0.0,0.0,0,24.54,0
07099969,2019,tmax,0,0.0,0.0,0.0,0,22.67,0
07099969,2020,tmax,0,0.0,0.0,0.0,0,23.13,0
07099969,2022,tmax,0,0.0,0.0,0.0,0,22.51,0
07106500,1990,tmax,2,6.0,2.2,10.3,12,31.69,124
07106500,1992,tmax,1,5.0,1.4,3.2,5,28.99,118
07106500,1994,tmax,1,5.0,2.28,7.2,5,31.79,94
07106500,1995,tmax,2,7.5,2.15,20.8,15,29.5,49
07106500,1996,tmax,3,5.3,4.3,21.0,16,30.53,132
07106500,1998,tmax,1,5.0,0.9,2.7,5,31.24,125
07106500,2003,tmax,1,5.0,0.8,2.1,5,31.5,106
07106500,2004,tmax,2,6.5,2.4,9.5,13,29.03,124
07106500,2005,tmax,2,5.0,2.02,8.0,10,30.86,134
07106500,2006,tmax,1,5.0,1.3,5.3,5,30.21,138
07106500,2008,tmax,1,11.0,2.5,13.7,11,32.71,136
07106500,2009,tmax,1,5.0,2.32,4.9,5,30.06,119
07106500,2011,tmax,1,14.0,3.1,19.2,14,31.19,126
07106500,2012,tmax,1,5.0,2.11,6.4,5,31.49,148
07106500,2013,tmax,1,6.0,0.54,2.1,6,32.46,120
07106500,2014,tmax,2,5.0,1.39,6.5,10,30.5,129
07106500,2015,tmax,1,7.0,3.5,15.0,7,29.27,116
07106500,2016,tmax,1,6.0,1.5,4.9,6,31.29,125
07106500,2017,tmax,4,6.8,2.9,31.1,27,31.16,128
07106500,2021,tmax,3,6.3,1.9,17.4,19,30.2,127
07106500,2023,tmax,2,5.0,2.8,15.3,10,29.61,105
07106500,2024,tmax,1,5.0,0.44,1.4,5,30.64,135
07106500,2025,tmax,1,18.0,3.9,28.8,18,29.39,105
07106500,1991,tmax,0,0.0,0.0,0.0,0,31.39,0
07106500,1993,tmax,0,0.0,0.0,0.0,0,30.46,0
07106500,1997,tmax,0,0.0,0.0,0.0,0,30.59,0
07106500,1999,tmax,0,0.0,0.0,0.0,0,30.19,0
07106500,2000,tmax,0,0.0,0.0,0.0,0,31.37,0
07106500,2001,tmax,0,0.0,0.0,0.0,0,31.27,0
07106500,2002,tmax,0,0.0,0.0,0.0,0,31.26,0
07106500,2007,tmax,0,0.0,0.0,0.0,0,30.93,0
07106500,2010,tmax,0,0.0,0.0,0.0,0,31.34,0
07106500,2018,tmax,0,0.0,0.0,0.0,0,31.76,0
07106500,2019,tmax,0,0.0,0.0,0.0,0,30.94,0
07106500,2020,tmax,0,0.0,0.0,0.0,0,30.6,0
07106500,2022,tmax,0,0.0,0.0,0.0,0,32.26,0
07109500,1995,tmax,1,8.0,1.1,6.3,8,23.66,23
07109500,1996,tmax,1,5.0,2.3,7.1,5,25.91,63
07109500,1998,tmax,1,7.0,1.0,3.4,7,25.43,92
07109500,2002,tmax,6,11.0,6.02,128.8,66,29.53,119
07109500,2003,tmax,7,6.7,3.3,50.7,47,28.84,91
07109500,2004,tmax,3,9.0,3.71,36.2,27,28.07,82
07109500,2005,tmax,2,5.0,1.5,7.5,10,26.97,103
07109500,2006,tmax,1,6.0,3.4,12.1,6,28.04,84
07109500,2012,tmax,7,7.0,4.1,95.0,49,30.67,114
07109500,2013,tmax,2,11.5,3.2,35.6,23,29.06,90
07109500,2014,tmax,2,5.0,1.6,6.6,10,25.57,78
07109500,2015,tmax,2,7.0,3.24,20.1,14,25.01,79
07109500,2016,tmax,2,6.5,2.2,10.9,13,24.93,81
07109500,2017,tmax,4,6.8,3.5,33.6,27,24.51,69
07109500,2021,tmax,3,6.7,2.2,19.7,20,27.23,88
07109500,2023,tmax,3,5.3,2.8,21.3,16,26.24,80
07109500,2024,tmax,4,7.5,2.0,25.7,30,25.84,66
07109500,2025,tmax,3,10.7,3.6,45.4,32,26.51,90
07109500,1990,tmax,0,0.0,0.0,0.0,0,19.63,0
07109500,1991,tmax,0,0.0,0.0,0.0,0,26.4,0
07109500,1992,tmax,0,0.0,0.0,0.0,0,25.13,0
07109500,1993,tmax,0,0.0,0.0,0.0,0,23.94,0
07109500,1994,tmax,0,0.0,0.0,0.0,0,26.41,0
07109500,1997,tmax,0,0.0,0.0,0.0,0,25.17,0
07109500,1999,tmax,0,0.0,0.0,0.0,0,24.59,0
07109500,2000,tmax,0,0.0,0.0,0.0,0,26.01,0
07109500,2001,tmax,0,0.0,0.0,0.0,0,27.06,0
07109500,2007,tmax,0,0.0,0.0,0.0,0,26.11,0
07109500,2008,tmax,0,0.0,0.0,0.0,0,25.57,0
07109500,2009,tmax,0,0.0,0.0,0.0,0,25.81,0
07109500,2010,tmax,0,0.0,0.0,0.0,0,25.77,0
07109500,2011,tmax,0,0.0,0.0,0.0,0,25.59,0
07109500,2018,tmax,0,0.0,0.0,0.0,0,27.84,0
07109500,2019,tmax,0,0.0,0.0,0.0,0,25.01,0
07109500,2020,tmax,0,0.0,0.0,0.0,0,26.57,0
07109500,2022,tmax,0,0.0,0.0,0.0,0,26.83,0
07119700,1990,tmax,1,5.0,1.7,3.7,5,28.87,104
07119700,1995,tmax,1,8.0,2.59,12.0,8,26.53,52
07119700,1996,tmax,1,6.0,1.5,5.5,6,28.04,88
07119700,2002,tmax,12,7.0,6.0,166.9,84,32.34,132
07119700,2003,tmax,5,7.0,3.3,43.2,35,31.06,118
07119700,2004,tmax,3,6.7,3.3,24.7,20,29.97,118
07119700,2005,tmax,1,5.0,0.9,2.4,5,29.97,118
07119700,2006,tmax,1,7.0,1.4,4.5,7,30.03,113
07119700,2012,tmax,5,11.0,5.16,125.1,55,31.77,138
07119700,2013,tmax,4,6.5,4.32,43.4,26,29.49,94
07119700,2014,tmax,2,5.0,1.4,6.7,10,27.87,97
07119700,2015,tmax,1,10.0,4.1,25.5,10,26.54,97
07119700,2016,tmax,1,6.0,2.1,8.3,6,28.43,106
07119700,2017,tmax,1,5.0,4.06,8.7,5,27.57,85
07119700,2018,tmax,1,5.0,2.0,3.5,5,29.27,116
07119700,2020,tmax,1,5.0,1.8,4.4,5,29.19,118
07119700,2022,tmax,1,10.0,2.0,9.2,10,31.1,123
07119700,2023,tmax,1,5.0,0.7,2.1,5,28.87,101
07119700,2024,tmax,1,6.0,2.15,6.3,6,27.87,89
07119700,2025,tmax,4,6.0,4.23,29.2,24,28.94,118
07119700,1991,tmax,0,0.0,0.0,0.0,0,27.8,0
07119700,1992,tmax,0,0.0,0.0,0.0,0,28.53,0
07119700,1993,tmax,0,0.0,0.0,0.0,0,26.39,0
07119700,1994,tmax,0,0.0,0.0,0.0,0,28.74,0
07119700,1997,tmax,0,0.0,0.0,0.0,0,27.43,0
07119700,1998,tmax,0,0.0,0.0,0.0,0,28.64,0
07119700,1999,tmax,0,0.0,0.0,0.0,0,28.54,0
07119700,2000,tmax,0,0.0,0.0,0.0,0,28.64,0
07119700,2001,tmax,0,0.0,0.0,0.0,0,29.56,0
07119700,2007,tmax,0,0.0,0.0,0.0,0,28.27,0
07119700,2008,tmax,0,0.0,0.0,0.0,0,27.39,0
07119700,2009,tmax,0,0.0,0.0,0.0,0,26.89,0
07119700,2010,tmax,0,0.0,0.0,0.0,0,29.49,0
07119700,2011,tmax,0,0.0,0.0,0.0,0,28.41,0
07119700,2019,tmax,0,0.0,0.0,0.0,0,27.03,0
07119700,2021,tmax,0,0.0,0.0,0.0,0,29.2,0
07120480,2003,tmax,2,6.0,3.2,14.7,12,29.8,98
07120480,2004,tmax,1,9.0,0.59,2.8,9,28.96,98
07120480,2005,tmax,3,13.3,1.5,23.4,40,28.04,104
07120480,2006,tmax,4,5.2,2.7,18.0,21,30.9,120
07120480,2001,tmax,0,0.0,0.0,0.0,0,13.46,0
07120480,2002,tmax,0,0.0,0.0,0.0,0,27.43,0
07120480,2007,tmax,0,0.0,0.0,0.0,0,27.99,0
07120480,2008,tmax,0,0.0,0.0,0.0,0,28.04,0
07120480,2009,tmax,0,0.0,0.0,0.0,0,26.57,0
07120480,2010,tmax,0,0.0,0.0,0.0,0,26.99,0
07120480,2011,tmax,0,0.0,0.0,0.0,0,27.96,0
07120480,2012,tmax,0,0.0,0.0,0.0,0,4.89,0
07120500,2012,tmax,6,6.2,3.7,56.6,37,33.27,153
07120500,2013,tmax,3,6.3,3.22,26.7,19,32.21,124
07120500,2015,tmax,3,5.0,1.88,11.6,15,28.64,106
07120500,2016,tmax,1,6.0,2.37,5.7,6,30.86,124
07120500,2017,tmax,2,5.0,2.14,8.0,10,29.67,103
07120500,2018,tmax,1,5.0,2.49,4.5,5,29.93,133
07120500,2021,tmax,1,5.0,1.38,4.2,5,29.64,133
07120500,2022,tmax,1,5.0,1.2,2.7,5,32.91,133
07120500,2023,tmax,2,6.5,1.87,9.8,13,30.8,123
07120500,2024,tmax,3,7.3,3.07,31.4,22,30.33,137
07120500,2025,tmax,2,10.5,5.39,40.4,21,30.19,142
07120500,2014,tmax,0,0.0,0.0,0.0,0,29.31,0
07120500,2019,tmax,0,0.0,0.0,0.0,0,28.49,0
07120500,2020,tmax,0,0.0,0.0,0.0,0,30.83,0
07124000,1988,tmax,3,8.3,4.54,64.3,25,33.17,122
07124000,1989,tmax,1,6.0,3.65,11.1,6,30.23,130
07124000,1991,tmax,1,5.0,2.7,10.1,5,31.87,157
07124000,1992,tmax,1,6.0,1.97,7.1,6,30.7,130
07124000,1995,tmax,1,5.0,1.4,4.7,5,30.0,88
07124000,1996,tmax,1,5.0,2.1,5.7,5,30.24,133
07124000,1998,tmax,2,7.5,2.8,17.4,15,32.97,136
07124000,1999,tmax,1,5.0,1.5,3.1,5,30.87,81
07124000,2002,tmax,5,7.0,6.62,83.0,35,33.61,168
07124000,2003,tmax,3,5.7,2.2,19.0,17,32.64,148
07124000,2004,tmax,1,5.0,2.71,10.1,5,30.43,147
07124000,2005,tmax,1,8.0,2.6,13.5,8,31.39,153
07124000,2006,tmax,3,5.3,3.62,26.8,16,31.07,140
07124000,2012,tmax,2,6.5,2.9,22.7,13,33.59,155
07124000,2013,tmax,3,5.0,2.52,16.5,15,32.64,110
07124000,2015,tmax,1,6.0,2.67,12.1,6,29.14,111
07124000,2016,tmax,1,8.0,2.2,8.3,8,31.17,139
07124000,2017,tmax,3,6.0,2.32,17.4,18,30.47,106
07124000,2018,tmax,1,7.0,1.83,9.1,7,33.64,155
07124000,2020,tmax,2,6.5,2.5,16.1,13,31.61,156
07124000,2021,tmax,3,6.0,3.21,21.1,18,31.87,155
07124000,2022,tmax,2,7.5,3.7,21.2,15,33.03,152
07124000,2023,tmax,1,5.0,2.08,7.3,5,30.93,143
07124000,2024,tmax,1,6.0,1.9,7.8,6,29.9,132
07124000,2025,tmax,4,6.2,4.6,33.6,25,31.63,148
07124000,1990,tmax,0,0.0,0.0,0.0,0,29.53,0
07124000,1993,tmax,0,0.0,0.0,0.0,0,27.99,0
07124000,1994,tmax,0,0.0,0.0,0.0,0,29.69,0
07124000,1997,tmax,0,0.0,0.0,0.0,0,31.53,0
07124000,2000,tmax,0,0.0,0.0,0.0,0,32.73,0
07124000,2001,tmax,0,0.0,0.0,0.0,0,32.56,0
07124000,2007,tmax,0,0.0,0.0,0.0,0,28.8,0
07124000,2008,tmax,0,0.0,0.0,0.0,0,28.31,0
07124000,2009,tmax,0,0.0,0.0,0.0,0,28.2,0
07124000,2010,tmax,0,0.0,0.0,0.0,0,30.27,0
07124000,2011,tmax,0,0.0,0.0,0.0,0,30.1,0
07124000,2014,tmax,0,0.0,0.0,0.0,0,28.14,0
07124000,2019,tmax,0,0.0,0.0,0.0,0,29.04,0
07130500,1989,tmax,2,9.0,7.7,65.3,18,25.0,82
07130500,1990,tmax,2,9.0,5.7,27.9,18,25.2,93
07130500,1991,tmax,2,9.5,2.0,17.8,19,25.53,91
07130500,1992,tmax,1,22.0,1.4,12.2,22,24.14,62
07130500,1995,tmax,3,7.0,3.1,21.9,21,23.89,49
07130500,1996,tmax,3,7.0,1.9,16.2,21,24.11,68
07130500,1997,tmax,1,7.0,0.5,2.4,7,26.07,63
07130500,1998,tmax,2,10.0,2.84,19.7,20,24.24,43
07130500,2004,tmax,3,7.3,4.2,41.9,22,26.21,69
07130500,2005,tmax,1,5.0,0.5,2.0,5,25.8,85
07130500,2006,tmax,4,7.8,1.9,28.2,31,27.26,83
07130500,2007,tmax,2,6.0,5.4,22.8,12,26.21,73
07130500,2010,tmax,2,6.0,0.76,4.6,12,26.51,85
07130500,2011,tmax,3,11.3,1.3,19.3,34,26.6,73
07130500,2012,tmax,6,13.0,5.56,115.3,78,28.06,98
07130500,2013,tmax,1,5.0,3.0,9.4,5,27.01,94
07130500,2014,tmax,1,6.0,1.35,4.4,6,25.1,73
07130500,2015,tmax,4,11.5,3.61,60.5,46,24.54,72
07130500,2016,tmax,3,9.3,2.0,26.9,28,25.14,76
07130500,2017,tmax,2,5.0,2.0,12.6,10,26.76,73
07130500,2018,tmax,1,11.0,1.38,9.7,11,24.66,80
07130500,2019,tmax,2,6.0,2.48,13.9,12,25.44,73
07130500,2021,tmax,3,6.7,4.41,21.3,20,24.89,91
07130500,2022,tmax,1,8.0,0.74,3.2,8,26.61,78
07130500,2023,tmax,4,9.5,5.64,114.4,38,28.2,88
07130500,2024,tmax,2,9.0,2.0,18.5,18,25.26,90
07130500,2025,tmax,6,6.8,5.0,63.7,41,25.29,87
07130500,1993,tmax,0,0.0,0.0,0.0,0,23.67,0
07130500,1994,tmax,0,0.0,0.0,0.0,0,24.17,0
07130500,1999,tmax,0,0.0,0.0,0.0,0,24.63,0
07130500,2000,tmax,0,0.0,0.0,0.0,0,24.59,0
07130500,2001,tmax,0,0.0,0.0,0.0,0,25.66,0
07130500,2002,tmax,0,0.0,0.0,0.0,0,25.74,0
07130500,2003,tmax,0,0.0,0.0,0.0,0,26.14,0
07130500,2008,tmax,0,0.0,0.0,0.0,0,25.53,0
07130500,2009,tmax,0,0.0,0.0,0.0,0,24.87,0
07130500,2020,tmax,0,0.0,0.0,0.0,0,25.51,0
07164500,2006,tmax,1,6.0,3.19,11.7,6,30.14,135
07164500,2007,tmax,1,5.0,1.2,3.6,5,20.29,0
07164500,2009,tmax,1,6.0,4.09,14.4,6,30.73,130
07164500,2010,tmax,2,6.5,2.1,12.8,13,33.73,137
07164500,2011,tmax,2,5.5,3.5,14.3,11,33.26,153
07164500,2012,tmax,3,5.7,4.5,26.3,17,32.76,164
07164500,2013,tmax,1,5.0,1.93,8.2,5,31.34,146
07164500,2015,tmax,1,6.0,5.21,13.4,6,31.36,138
07164500,2016,tmax,2,10.0,4.25,35.6,20,31.63,146
07164500,2018,tmax,4,8.0,5.01,50.9,32,33.33,162
07164500,2019,tmax,1,8.0,1.4,5.5,8,30.61,122
07164500,2021,tmax,2,5.5,4.52,23.2,11,31.29,140
07164500,2022,tmax,2,6.0,4.9,23.9,12,32.07,143
07164500,2023,tmax,2,6.5,2.0,16.2,13,33.11,147
07164500,2005,tmax,0,0.0,0.0,0.0,0,24.44,0
07164500,2008,tmax,0,0.0,0.0,0.0,0,32.56,0
07164500,2014,tmax,0,0.0,0.0,0.0,0,31.73,0
07164500,2017,tmax,0,0.0,0.0,0.0,0,33.29,0
07164500,2020,tmax,0,0.0,0.0,0.0,0,31.31,0
07177500,1999,tmax,1,8.0,0.81,2.8,8,21.79,2
07177500,2000,tmax,6,7.8,2.39,38.2,47,32.34,120
07177500,2001,tmax,5,7.6,3.7,34.0,38,32.34,139
07177500,2002,tmax,2,5.5,1.1,5.3,11,31.51,137
07177500,2003,tmax,1,8.0,0.6,2.0,8,31.57,141
07177500,2004,tmax,1,5.0,3.7,13.0,5,30.47,123
07177500,2005,tmax,1,11.0,1.9,12.8,11,31.43,147
07177500,2006,tmax,2,7.5,3.3,13.1,15,31.94,143
07177500,2007,tmax,2,8.0,2.2,19.1,16,31.13,145
07177500,2008,tmax,3,6.3,3.6,17.9,19,32.81,131
07177500,2009,tmax,3,9.3,4.5,41.1,28,31.93,129
07177500,2010,tmax,4,7.0,1.4,19.8,28,32.39,134
07177500,2012,tmax,6,7.5,5.7,95.7,45,28.33,159
07177500,2013,tmax,2,6.0,2.96,14.7,12,30.91,138
07177500,2015,tmax,5,6.4,3.72,50.7,32,32.93,128
07177500,2016,tmax,2,8.0,3.8,29.9,16,28.2,132
07177500,2017,tmax,4,6.5,4.34,40.1,26,27.74,105
07177500,2021,tmax,1,9.0,3.5,18.8,9,27.47,101
07177500,2022,tmax,1,11.0,3.1,15.5,11,26.3,118
07177500,2023,tmax,1,5.0,2.1,5.9,5,29.51,143
07177500,2011,tmax,0,0.0,0.0,0.0,0,28.76,0
07177500,2014,tmax,0,0.0,0.0,0.0,0,29.07,0
07177500,2018,tmax,0,0.0,0.0,0.0,0,27.61,0
07177500,2019,tmax,0,0.0,0.0,0.0,0,29.53,0
07177500,2020,tmax,0,0.0,0.0,0.0,0,26.93,0
07178000,2000,tmax,2,6.5,1.44,8.8,13,32.86,120
07178000,2001,tmax,5,5.8,2.04,21.9,29,33.43,134
07178000,2003,tmax,1,5.0,0.5,1.2,5,32.56,141
07178000,2005,tmax,1,5.0,1.75,4.0,5,32.6,150
07178000,2006,tmax,4,5.8,2.5,23.0,23,30.46,62
07178000,1999,tmax,0,0.0,0.0,0.0,0,22.16,0
07178000,2002,tmax,0,0.0,0.0,0.0,0,32.34,0
07178000,2004,tmax,0,0.0,0.0,0.0,0,30.5,0
07178200,2000,tmax,1,8.0,2.76,11.1,8,22.7,5
07178200,2001,tmax,3,6.0,1.98,15.5,18,31.7,131
07178200,2002,tmax,1,8.0,1.3,5.8,8,31.23,137
07178200,2003,tmax,1,11.0,0.7,4.9,11,31.1,145
07178200,2004,tmax,1,5.0,1.8,5.1,5,30.4,137
07178200,2005,tmax,3,6.7,2.06,23.0,20,31.3,140
07178200,2006,tmax,4,7.8,2.9,29.8,31,32.04,146
07178200,2007,tmax,1,12.0,2.2,13.6,12,29.63,141
07178200,2008,tmax,1,7.0,0.9,4.4,7,32.13,127
07178200,2009,tmax,3,8.7,3.9,32.7,26,31.99,129
07178200,2010,tmax,3,8.0,1.66,20.6,24,32.6,133
07178200,2011,tmax,4,5.8,2.4,14.4,23,31.26,130
07178200,2012,tmax,7,6.6,4.0,63.4,46,28.26,135
07178200,2013,tmax,1,6.0,1.8,6.2,6,30.49,142
07178200,2015,tmax,2,6.5,1.1,8.2,13,31.94,134
07178200,2016,tmax,2,5.5,2.2,12.9,11,31.26,68
07178200,2018,tmax,2,5.5,1.07,5.3,11,29.74,123
07178200,2019,tmax,2,7.5,1.48,11.5,15,29.9,111
07178200,2020,tmax,1,5.0,0.8,2.4,5,29.61,134
07178200,2021,tmax,2,7.5,3.3,31.1,15,30.2,114
07178200,2022,tmax,1,11.0,2.6,17.3,11,29.63,127
07178200,2023,tmax,3,6.7,2.33,18.3,20,31.43,145
07178200,2014,tmax,0,0.0,0.0,0.0,0,29.67,0
07178200,2017,tmax,0,0.0,0.0,0.0,0,28.96,0
071912213,2012,tmax,10,7.2,1.92,56.3,72,26.54,106
071912213,2015,tmax,1,5.0,0.84,2.5,5,24.61,79
071912213,2016,tmax,2,10.5,2.1,21.4,21,24.79,101
071912213,2017,tmax,3,8.0,2.0,26.0,24,25.53,108
071912213,2018,tmax,6,6.8,1.66,36.6,41,26.36,130
071912213,2019,tmax,2,5.0,1.26,4.9,10,25.14,96
071912213,2020,tmax,1,5.0,0.4,1.2,5,25.59,101
071912213,2021,tmax,2,7.5,2.1,12.9,15,25.46,107
071912213,2022,tmax,3,5.0,1.5,9.1,15,25.99,90
071912213,2023,tmax,3,6.7,1.35,12.3,20,26.76,103
071912213,2004,tmax,0,0.0,0.0,0.0,0,16.4,0
071912213,2005,tmax,0,0.0,0.0,0.0,0,24.21,0
071912213,2006,tmax,0,0.0,0.0,0.0,0,25.59,0
071912213,2007,tmax,0,0.0,0.0,0.0,0,24.77,0
071912213,2008,tmax,0,0.0,0.0,0.0,0,24.37,0
071912213,2009,tmax,0,0.0,0.0,0.0,0,24.54,0
071912213,2010,tmax,0,0.0,0.0,0.0,0,25.66,0
071912213,2011,tmax,0,0.0,0.0,0.0,0,26.09,0
071912213,2013,tmax,0,0.0,0.0,0.0,0,24.29,0
071912213,2014,tmax,0,0.0,0.0,0.0,0,25.01,0
07280010,2016,tmean,1,7.0,1.11,4.5,7,22.93,8
07280010,2017,tmean,7,5.9,2.9,32.6,41,31.64,155
07280010,2018,tmean,2,5.5,0.68,3.0,11,30.86,109
07280010,2019,tmean,1,5.0,0.69,2.0,5,30.1,147
07280010,2021,tmean,3,8.7,4.02,34.4,26,27.53,146
07280010,2022,tmean,2,15.0,2.1,22.4,30,27.99,139
07280010,2023,tmean,3,9.0,1.98,21.1,27,28.03,121
07280010,2024,tmean,7,9.9,3.3,91.2,69,31.33,97
07280010,2020,tmean,0,0.0,0.0,0.0,0,29.9,0
07299890,1998,tmax,8,6.0,4.5,68.7,48,35.41,154
07299890,2004,tmax,1,6.0,1.07,3.7,6,32.31,168
07299890,1997,tmax,0,0.0,0.0,0.0,0,30.5,0
07299890,1999,tmax,0,0.0,0.0,0.0,0,33.24,0
07299890,2000,tmax,0,0.0,0.0,0.0,0,30.03,0
07299890,2001,tmax,0,0.0,0.0,0.0,0,31.96,0
07299890,2002,tmax,0,0.0,0.0,0.0,0,31.27,0
07299890,2003,tmax,0,0.0,0.0,0.0,0,31.5,0
07308500,1995,tmax,2,8.0,2.54,20.8,16,32.4,93
07308500,1996,tmax,1,5.0,1.88,6.2,5,34.97,161
07308500,1998,tmax,3,6.3,5.16,42.5,19,35.93,172
07308500,1999,tmax,1,5.0,2.2,7.2,5,33.84,173
07308500,2000,tmax,1,5.0,3.6,9.6,5,34.11,161
07308500,2001,tmax,1,11.0,2.1,11.2,11,37.2,152
07308500,2006,tmax,1,7.0,2.85,10.7,7,36.37,147
07308500,2009,tmax,2,5.5,3.53,16.3,11,35.3,150
07308500,2011,tmax,2,6.5,3.9,24.7,13,36.91,98
07308500,1994,tmax,0,0.0,0.0,0.0,0,24.06,0
07308500,1997,tmax,0,0.0,0.0,0.0,0,34.53,0
07308500,2002,tmax,0,0.0,0.0,0.0,0,35.03,0
07308500,2003,tmax,0,0.0,0.0,0.0,0,25.97,0
07308500,2004,tmax,0,0.0,0.0,0.0,0,34.34,0
07308500,2005,tmax,0,0.0,0.0,0.0,0,34.64,0
07308500,2007,tmax,0,0.0,0.0,0.0,0,34.06,0
07308500,2008,tmax,0,0.0,0.0,0.0,0,35.83,0
07308500,2010,tmax,0,0.0,0.0,0.0,0,34.64,0
07312100,1996,tmax,1,7.0,2.92,11.0,7,31.89,155
07312100,2000,tmax,1,5.0,3.2,6.5,5,30.81,146
07312100,2001,tmax,1,5.0,4.6,14.9,5,31.8,184
07312100,2002,tmax,2,7.0,3.3,25.7,14,33.83,184
07312100,2003,tmax,1,5.0,2.34,9.4,5,32.74,163
07312100,2004,tmax,1,5.0,4.3,14.7,5,32.23,162
07312100,2005,tmax,3,10.7,4.25,65.4,32,34.07,188
07312100,2009,tmax,1,6.0,2.7,10.2,6,32.86,157
07312100,2010,tmax,1,9.0,2.6,14.7,9,32.31,181
07312100,1994,tmax,0,0.0,0.0,0.0,0,24.49,0
07312100,1995,tmax,0,0.0,0.0,0.0,0,31.17,0
07312100,1997,tmax,0,0.0,0.0,0.0,0,28.61,0
07312100,1998,tmax,0,0.0,0.0,0.0,0,30.19,0
07312100,1999,tmax,0,0.0,0.0,0.0,0,32.83,0
07312100,2006,tmax,0,0.0,0.0,0.0,0,29.5,0
07312100,2007,tmax,0,0.0,0.0,0.0,0,31.59,0
07312100,2008,tmax,0,0.0,0.0,0.0,0,31.4,0
07312100,2011,tmax,0,0.0,0.0,0.0,0,30.64,0
07312130,1998,tmax,1,5.0,4.6,11.0,5,36.54,175
07312130,1997,tmax,0,0.0,0.0,0.0,0,28.57,0
07312130,1999,tmax,0,0.0,0.0,0.0,0,35.99,0
07312130,2000,tmax,0,0.0,0.0,0.0,0,34.6,0
07312130,2001,tmax,0,0.0,0.0,0.0,0,35.93,0
07312130,2002,tmax,0,0.0,0.0,0.0,0,36.27,0
07312200,1997,tmax,1,5.0,2.94,8.1,5,35.07,148
07312200,1999,tmax,1,9.0,2.58,14.4,9,36.37,170
07312200,2000,tmax,2,5.0,3.04,15.1,10,35.39,167
07312200,2001,tmax,1,6.0,1.16,5.5,6,36.51,153
07312200,1996,tmax,0,0.0,0.0,0.0,0,34.83,0
07312200,1998,tmax,0,0.0,0.0,0.0,0,35.99,0
07312200,2002,tmax,0,0.0,0.0,0.0,0,33.86,0
07312500,1998,tmax,1,10.0,3.6,16.3,10,26.33,23
07312500,1999,tmax,2,5.0,1.1,6.1,10,34.81,187
07312500,2000,tmax,2,6.0,4.0,20.1,12,34.57,181
07312500,2001,tmax,1,5.0,1.9,5.6,5,33.4,186
07312500,2006,tmax,1,7.0,2.58,13.0,7,34.23,184
07312500,2010,tmax,1,6.0,0.9,2.9,6,33.14,171
07312500,2011,tmax,3,5.0,3.69,13.9,15,34.84,194
07312500,2012,tmax,6,6.3,3.5,55.2,38,35.16,204
07312500,2013,tmax,6,6.7,3.5,49.2,40,35.81,189
07312500,2014,tmax,4,5.5,4.5,38.9,22,34.56,181
07312500,2015,tmax,1,6.0,3.97,11.8,6,31.93,181
07312500,2016,tmax,1,8.0,2.0,7.4,8,33.11,181
07312500,2017,tmax,1,7.0,3.35,16.5,7,33.59,172
07312500,2021,tmax,1,6.0,2.19,10.3,6,32.76,161
07312500,2023,tmax,1,5.0,3.1,9.5,5,33.83,162
07312500,2002,tmax,0,0.0,0.0,0.0,0,32.7,0
07312500,2003,tmax,0,0.0,0.0,0.0,0,,0
07312500,2004,tmax,0,0.0,0.0,0.0,0,,0
07312500,2005,tmax,0,0.0,0.0,0.0,0,25.0,0
07312500,2007,tmax,0,0.0,0.0,0.0,0,31.33,0
07312500,2008,tmax,0,0.0,0.0,0.0,0,33.23,0
07312500,2009,tmax,0,0.0,0.0,0.0,0,34.4,0
07312500,2018,tmax,0,0.0,0.0,0.0,0,33.43,0
07312500,2019,tmax,0,0.0,0.0,0.0,0,31.31,0
07312500,2020,tmax,0,0.0,0.0,0.0,0,32.29,0
07312500,2022,tmax,0,0.0,0.0,0.0,0,33.67,0
07312500,2024,tmax,0,0.0,0.0,0.0,0,32.43,0
07316000,2002,tmax,2,5.5,2.19,13.2,11,34.67,174
07316000,2003,tmax,3,6.7,3.32,20.4,20,34.27,178
07316000,2004,tmax,1,5.0,1.9,4.1,5,33.43,166
07316000,2006,tmax,3,6.0,3.64,26.5,18,35.57,189
07316000,2008,tmax,1,6.0,5.08,16.8,6,37.16,171
07316000,2009,tmax,3,6.0,2.78,25.3,18,34.51,148
07316000,1996,tmax,0,0.0,0.0,0.0,0,23.07,0
07316000,1997,tmax,0,0.0,0.0,0.0,0,33.86,0
07316000,1998,tmax,0,0.0,0.0,0.0,0,,0
07316000,1999,tmax,0,0.0,0.0,0.0,0,,0
07316000,2000,tmax,0,0.0,0.0,0.0,0,,0
07316000,2001,tmax,0,0.0,0.0,0.0,0,,0
07316000,2005,tmax,0,0.0,0.0,0.0,0,33.44,0
07316000,2007,tmax,0,0.0,0.0,0.0,0,33.4,0
07331000,2001,tmax,1,5.0,5.24,17.4,5,22.44,12
07331000,2002,tmax,1,6.0,1.0,3.2,6,35.43,153
07331000,2003,tmax,3,5.3,2.18,14.7,16,35.24,189
07331000,2005,tmax,1,5.0,2.98,8.6,5,35.34,171
07331000,2006,tmax,4,7.2,3.84,41.4,29,36.6,185
07331000,2007,tmax,1,8.0,1.8,6.7,8,29.47,82
07331000,2009,tmax,2,6.5,3.06,17.6,13,34.71,144
07331000,1996,tmax,0,0.0,0.0,0.0,0,9.93,0
07331000,1997,tmax,0,0.0,0.0,0.0,0,31.71,0
07331000,1998,tmax,0,0.0,0.0,0.0,0,,0
07331000,1999,tmax,0,0.0,0.0,0.0,0,,0
07331000,2000,tmax,0,0.0,0.0,0.0,0,,0
07331000,2004,tmax,0,0.0,0.0,0.0,0,33.06,0
07331000,2008,tmax,0,0.0,0.0,0.0,0,34.04,0
07332620,2006,tmax,1,5.0,4.6,15.6,5,19.64,1
07332620,2009,tmax,2,6.0,4.58,23.8,12,37.81,132
07332620,2010,tmax,1,5.0,1.7,5.7,5,36.71,138
07332620,2011,tmax,2,5.0,3.9,17.7,10,34.66,68
07332620,2012,tmax,3,6.0,3.9,29.8,18,36.71,128
07332620,2014,tmax,1,5.0,1.61,4.6,5,36.97,143
07332620,2015,tmax,1,5.0,4.06,10.6,5,36.17,101
07332620,2017,tmax,3,5.0,3.32,20.2,15,37.94,142
07332620,2007,tmax,0,0.0,0.0,0.0,0,35.59,0
07332620,2008,tmax,0,0.0,0.0,0.0,0,35.81,0
07332620,2013,tmax,0,0.0,0.0,0.0,0,35.57,0
07332620,2016,tmax,0,0.0,0.0,0.0,0,35.0,0
07332620,2018,tmax,0,0.0,0.0,0.0,0,28.91,0
07332620,2019,tmax,0,0.0,0.0,0.0,0,34.79,0
07332622,2010,tmax,2,7.0,2.16,14.5,14,34.2,136
07332622,2011,tmax,1,5.0,3.0,8.4,5,32.79,108
07332622,2012,tmax,1,8.0,3.3,12.9,8,31.36,137
07332622,2014,tmax,1,6.0,1.5,4.1,6,31.56,176
07332622,2015,tmax,2,5.0,3.9,18.9,10,32.93,106
07332622,2016,tmax,3,5.3,2.9,22.1,16,32.6,172
07332622,2017,tmax,2,5.5,2.02,7.0,11,32.36,180
07332622,2018,tmax,1,5.0,0.7,2.2,5,31.41,157
07332622,2019,tmax,1,6.0,0.5,1.8,6,32.64,160
07332622,2020,tmax,1,6.0,1.36,4.2,6,32.57,164
07332622,2022,tmax,6,8.5,4.1,78.5,51,35.1,154
07332622,2023,tmax,2,11.0,2.4,29.7,22,33.69,156
07332622,2024,tmax,3,8.0,3.2,37.6,24,32.96,181
07332622,2009,tmax,0,0.0,0.0,0.0,0,31.64,0
07332622,2013,tmax,0,0.0,0.0,0.0,0,32.19,0
07332622,2021,tmax,0,0.0,0.0,0.0,0,27.21,0
07332622,2025,tmax,0,0.0,0.0,0.0,0,14.71,0
07337000,1998,tmax,3,6.7,4.46,23.1,20,35.27,169
07337000,1999,tmax,2,9.5,6.4,81.9,19,33.6,193
07337000,2000,tmax,2,5.5,5.78,24.8,11,34.17,185
07337000,2001,tmax,1,5.0,3.3,7.3,5,33.54,176
07337000,2003,tmax,5,6.0,8.9,126.4,30,33.69,203
07337000,2005,tmax,4,5.5,10.5,92.7,22,31.97,56
07337000,2006,tmax,5,9.8,8.2,116.1,49,34.77,165
07337000,2010,tmax,2,9.5,1.3,13.6,19,33.84,166
07337000,2012,tmax,6,9.2,3.48,71.0,55,32.59,95
07337000,2013,tmax,3,7.3,1.9,16.2,22,33.89,127
07337000,2014,tmax,7,6.4,2.7,52.2,45,33.64,116
07337000,2015,tmax,4,5.8,1.6,12.7,23,28.34,85
07337000,2016,tmax,2,5.5,1.3,7.2,11,34.21,168
07337000,2018,tmax,1,5.0,1.56,5.3,5,32.49,75
07337000,2021,tmax,2,7.5,4.11,39.3,15,32.83,162
07337000,2022,tmax,4,6.8,2.14,27.6,27,33.84,170
07337000,2023,tmax,4,6.2,2.3,19.3,25,34.0,162
07337000,2024,tmax,2,5.0,1.18,7.1,10,33.23,186
07337000,2025,tmax,1,7.0,4.2,17.7,7,33.59,173
07337000,1997,tmax,0,0.0,0.0,0.0,0,25.99,0
07337000,2002,tmax,0,0.0,0.0,0.0,0,32.83,0
07337000,2004,tmax,0,0.0,0.0,0.0,0,32.56,0
07337000,2007,tmax,0,0.0,0.0,0.0,0,30.54,0
07337000,2008,tmax,0,0.0,0.0,0.0,0,33.2,0
07337000,2009,tmax,0,0.0,0.0,0.0,0,33.14,0
07337000,2011,tmax,0,0.0,0.0,0.0,0,30.76,0
07337000,2017,tmax,0,0.0,0.0,0.0,0,33.27,0
07337000,2019,tmax,0,0.0,0.0,0.0,0,33.53,0
07337000,2020,tmax,0,0.0,0.0,0.0,0,33.73,0
08048000,2011,tmean,4,8.2,1.5,23.0,33,32.03,173
08048000,2012,tmean,3,8.0,1.9,22.1,24,31.29,178
08048000,2015,tmean,1,5.0,1.8,5.8,5,31.53,160
08048000,2016,tmean,2,10.0,2.47,20.9,20,31.9,177
08048000,2017,tmean,1,5.0,1.5,3.8,5,31.71,176
08048000,2018,tmean,2,10.0,2.6,25.6,20,31.36,153
08048000,2019,tmean,2,5.0,1.9,8.0,10,31.19,143
08048000,2020,tmean,1,10.0,2.4,11.7,10,31.24,170
08048000,2021,tmean,1,8.0,4.2,15.0,8,31.71,114
08048000,2022,tmean,3,7.0,3.14,29.2,21,31.41,98
08048000,2023,tmean,8,8.0,2.58,68.7,64,32.84,168
08048000,2024,tmean,10,7.8,3.58,93.6,78,32.0,182
08048000,2025,tmean,1,7.0,2.45,8.3,7,15.84,0
08048000,2010,tmean,0,0.0,0.0,0.0,0,26.91,0
08048000,2013,tmean,0,0.0,0.0,0.0,0,31.11,0
08048000,2014,tmean,0,0.0,0.0,0.0,0,31.03,0
08049500,1985,tmax,1,5.0,1.1,3.0,5,32.76,199
08049500,1986,tmax,6,6.0,7.1,84.9,36,33.07,196
08049500,1988,tmax,2,5.5,1.1,6.6,11,33.43,198
08049500,1989,tmax,4,10.5,5.76,140.2,42,33.09,112
08049500,1996,tmax,1,5.0,1.1,2.4,5,32.6,186
08049500,1998,tmax,3,7.7,1.6,15.0,23,33.36,190
08049500,1999,tmax,4,6.2,3.7,21.7,25,33.23,207
08049500,2000,tmax,4,5.2,2.82,22.6,21,33.01,190
08049500,2001,tmax,1,6.0,0.5,2.1,6,33.39,190
08049500,2003,tmax,2,5.0,2.32,11.5,10,32.01,142
08049500,2004,tmax,1,5.0,1.8,5.7,5,31.54,133
08049500,2005,tmax,1,5.0,1.6,6.3,5,32.66,202
08049500,2006,tmax,5,7.8,3.1,45.0,39,33.09,208
08049500,2009,tmax,2,5.5,1.7,7.7,11,32.67,167
08049500,2010,tmax,2,6.0,0.7,5.8,12,33.54,187
08049500,2011,tmax,3,7.7,2.2,16.4,23,33.59,206
08049500,2012,tmax,3,5.3,2.2,15.3,16,32.66,193
08049500,2014,tmax,1,6.0,2.24,8.4,6,32.36,200
08049500,2016,tmax,4,6.2,2.5,23.0,25,33.37,190
08049500,2017,tmax,1,6.0,2.76,11.8,6,32.94,210
08049500,2018,tmax,3,9.3,1.8,23.4,28,33.59,171
08049500,2019,tmax,3,6.0,1.3,12.7,18,32.96,76
08049500,2021,tmax,2,8.5,4.69,43.4,17,32.67,163
08049500,2022,tmax,3,11.3,2.5,35.1,34,33.8,171
08049500,2023,tmax,4,7.5,1.7,22.8,30,33.94,192
08049500,2024,tmax,6,7.5,2.9,41.0,45,33.56,209
08049500,1990,tmax,0,0.0,0.0,0.0,0,,0
08049500,1991,tmax,0,0.0,0.0,0.0,0,24.87,0
08049500,1992,tmax,0,0.0,0.0,0.0,0,30.99,0
08049500,1993,tmax,0,0.0,0.0,0.0,0,31.71,0
08049500,1994,tmax,0,0.0,0.0,0.0,0,31.91,0
08049500,1995,tmax,0,0.0,0.0,0.0,0,31.97,0
08049500,1997,tmax,0,0.0,0.0,0.0,0,32.84,0
08049500,2002,tmax,0,0.0,0.0,0.0,0,32.41,0
08049500,2007,tmax,0,0.0,0.0,0.0,0,32.36,0
08049500,2008,tmax,0,0.0,0.0,0.0,0,32.43,0
08049500,2013,tmax,0,0.0,0.0,0.0,0,32.67,0
08049500,2015,tmax,0,0.0,0.0,0.0,0,32.86,0
08049500,2020,tmax,0,0.0,0.0,0.0,0,32.93,0
08049500,2025,tmax,0,0.0,0.0,0.0,0,18.16,0
08052700,2011,tmax,1,6.0,3.3,9.2,6,31.87,146
08052700,2012,tmax,3,5.0,3.73,16.6,15,31.46,194
08052700,2016,tmax,4,5.5,2.6,22.2,22,31.8,174
08052700,2018,tmax,2,6.5,1.6,11.4,13,31.86,158
08052700,2020,tmax,4,6.2,5.09,41.7,25,32.67,174
08052700,2022,tmax,2,11.0,3.2,41.1,22,31.9,122
08052700,2023,tmax,7,6.3,2.57,47.8,44,32.06,158
08052700,2024,tmax,7,10.7,4.1,145.9,75,34.4,195
08052700,2010,tmax,0,0.0,0.0,0.0,0,31.4,0
08052700,2013,tmax,0,0.0,0.0,0.0,0,30.8,0
08052700,2014,tmax,0,0.0,0.0,0.0,0,31.5,0
08052700,2015,tmax,0,0.0,0.0,0.0,0,30.41,0
08052700,2017,tmax,0,0.0,0.0,0.0,0,30.83,0
08052700,2019,tmax,0,0.0,0.0,0.0,0,30.84,0
08052700,2021,tmax,0,0.0,0.0,0.0,0,31.17,0
08052700,2025,tmax,0,0.0,0.0,0.0,0,16.93,0
08052745,2010,tmax,2,6.0,0.9,6.1,12,31.21,158
08052745,2011,tmax,2,7.0,1.62,10.5,14,31.69,157
08052745,2012,tmax,4,7.5,4.33,41.1,30,30.14,161
08052745,2013,tmax,1,10.0,0.91,5.6,10,30.33,154
08052745,2015,tmax,1,5.0,1.59,3.0,5,28.93,159
08052745,2016,tmax,5,6.8,3.56,34.9,34,31.33,177
08052745,2017,tmax,5,6.2,5.98,38.6,31,30.41,166
08052745,2018,tmax,1,7.0,2.79,15.6,7,30.26,153
08052745,2019,tmax,2,11.0,1.2,9.6,22,30.06,152
08052745,2021,tmax,1,14.0,2.8,15.3,14,29.39,159
08052745,2022,tmax,2,10.0,3.38,36.5,20,30.37,109
08052745,2023,tmax,3,8.3,2.59,18.6,25,31.01,163
08052745,2024,tmax,5,11.2,3.29,71.6,56,29.76,159
08052745,2014,tmax,0,0.0,0.0,0.0,0,29.7,0
08052745,2020,tmax,0,0.0,0.0,0.0,0,29.69,0
08052745,2025,tmax,0,0.0,0.0,0.0,0,12.67,0
08057000,2014,tmax,1,5.0,1.95,6.8,5,21.36,2
08057000,2016,tmax,1,5.0,2.22,6.9,5,31.97,187
08057000,2017,tmax,3,5.7,2.85,18.7,17,31.74,201
08057000,2022,tmax,4,11.0,2.5,29.2,44,32.13,190
08057000,2023,tmax,7,9.1,3.05,67.8,64,32.57,191
08057000,2024,tmax,7,8.1,4.0,75.1,57,32.29,202
08057000,2025,tmax,2,7.5,3.4,18.7,15,18.1,0
08057000,2015,tmax,0,0.0,0.0,0.0,0,27.04,0
08057000,2018,tmax,0,0.0,0.0,0.0,0,31.94,0
08057000,2019,tmax,0,0.0,0.0,0.0,0,18.91,0
08057000,2020,tmax,0,0.0,0.0,0.0,0,31.53,0
08057000,2021,tmax,0,0.0,0.0,0.0,0,22.5,0
08057055,2001,tmax,2,6.5,1.94,8.3,13,32.66,177
08057055,2003,tmax,1,5.0,1.44,3.2,5,31.44,196
08057055,2005,tmax,2,8.5,2.45,18.3,17,31.93,192
08057055,2006,tmax,8,7.2,3.42,46.1,58,32.67,210
08057055,2009,tmax,1,7.0,1.2,4.4,7,31.97,164
08057055,2010,tmax,2,6.5,0.5,3.5,13,32.53,185
08057055,2011,tmax,4,7.2,1.81,18.2,29,32.56,209
08057055,2012,tmax,4,7.8,2.0,22.2,31,32.26,197
08057055,2013,tmax,2,6.5,3.02,19.0,13,31.86,180
08057055,2014,tmax,1,5.0,1.6,4.9,5,31.5,198
08057055,2000,tmax,0,0.0,0.0,0.0,0,26.89,0
08057055,2002,tmax,0,0.0,0.0,0.0,0,31.87,0
08057055,2004,tmax,0,0.0,0.0,0.0,0,30.0,0
08057055,2007,tmax,0,0.0,0.0,0.0,0,30.13,0
08057055,2008,tmax,0,0.0,0.0,0.0,0,31.57,0
08057055,2015,tmax,0,0.0,0.0,0.0,0,15.9,0
08057410,2015,tmax,1,5.0,0.58,1.5,5,29.31,117
08057410,2016,tmax,1,5.0,0.4,1.3,5,32.39,191
08057410,2017,tmax,1,5.0,1.12,3.3,5,32.2,183
08057410,2018,tmax,1,5.0,0.64,1.5,5,32.07,147
08057410,2021,tmax,1,6.0,0.8,2.5,6,20.6,0
08057410,2022,tmax,4,8.0,2.85,37.8,32,32.23,182
08057410,2023,tmax,6,7.5,2.26,37.2,45,32.46,185
08057410,2024,tmax,4,9.2,4.09,57.3,37,32.4,193
08057410,2025,tmax,1,5.0,1.14,2.9,5,17.87,0
08057410,2019,tmax,0,0.0,0.0,0.0,0,31.96,0
08057410,2020,tmax,0,0.0,0.0,0.0,0,17.0,0
08062500,1986,tmax,3,5.3,2.7,15.9,16,31.96,180
08062500,1987,tmax,1,5.0,6.6,28.8,5,36.16,128
08062500,1989,tmax,1,6.0,11.3,41.5,6,29.4,126
08062500,1990,tmax,2,5.5,7.06,37.8,11,30.31,116
08062500,1996,tmax,1,7.0,1.1,4.8,7,32.04,173
08062500,1998,tmax,3,11.3,1.95,24.7,34,32.81,173
08062500,1999,tmax,3,7.0,1.8,15.3,21,32.84,177
08062500,2000,tmax,2,9.5,2.5,19.4,19,32.04,168
08062500,2003,tmax,1,6.0,1.91,8.7,6,32.07,201
08062500,2004,tmax,2,5.0,1.72,8.5,10,30.51,191
08062500,2005,tmax,4,5.8,2.06,25.0,23,32.36,191
08062500,2006,tmax,5,7.0,3.88,54.3,35,32.66,195
08062500,2007,tmax,1,5.0,1.53,5.5,5,30.79,179
08062500,2009,tmax,2,7.5,1.8,15.6,15,32.94,159
08062500,2010,tmax,2,7.5,1.1,9.2,15,33.2,186
08062500,2011,tmax,6,8.2,2.09,31.9,49,33.53,193
08062500,2012,tmax,4,9.0,1.9,30.7,36,32.7,183
08062500,2013,tmax,2,8.0,3.48,19.2,16,32.1,170
08062500,2014,tmax,1,5.0,1.47,4.4,5,31.61,189
08062500,2015,tmax,1,5.0,1.17,3.6,5,28.8,166
08062500,2016,tmax,5,7.4,2.4,38.0,37,32.97,187
08062500,2017,tmax,3,8.3,2.42,23.2,25,32.77,194
08062500,2018,tmax,2,9.0,1.57,15.7,18,33.37,135
08062500,2019,tmax,2,11.5,2.2,20.9,23,32.56,66
08062500,2021,tmax,2,8.5,4.96,50.0,17,31.83,146
08062500,2022,tmax,4,7.2,2.53,22.0,29,33.49,172
08062500,2023,tmax,6,7.3,1.5,32.6,44,33.59,184
08062500,2024,tmax,7,7.4,3.9,51.8,52,32.77,190
08062500,1991,tmax,0,0.0,0.0,0.0,0,30.2,0
08062500,1992,tmax,0,0.0,0.0,0.0,0,29.74,0
08062500,1993,tmax,0,0.0,0.0,0.0,0,29.97,0
08062500,1994,tmax,0,0.0,0.0,0.0,0,26.73,0
08062500,1995,tmax,0,0.0,0.0,0.0,0,31.63,0
08062500,1997,tmax,0,0.0,0.0,0.0,0,32.5,0
08062500,2001,tmax,0,0.0,0.0,0.0,0,32.7,0
08062500,2002,tmax,0,0.0,0.0,0.0,0,31.83,0
08062500,2008,tmax,0,0.0,0.0,0.0,0,32.19,0
08062500,2020,tmax,0,0.0,0.0,0.0,0,32.61,0
08062500,2025,tmax,0,0.0,0.0,0.0,0,16.94,0
08065350,1985,tmax,3,6.0,3.69,18.6,18,33.77,123
08065350,1986,tmax,5,8.0,3.83,42.5,40,33.97,138
08065350,1987,tmax,2,8.0,0.9,7.7,16,33.69,182
08065350,1988,tmax,2,7.0,2.5,14.8,14,33.64,191
08065350,1989,tmax,2,8.0,2.4,17.7,16,32.03,175
08065350,1990,tmax,1,5.0,1.09,3.1,5,32.43,147
08065350,1996,tmax,5,8.0,2.0,25.4,40,34.11,190
08065350,1997,tmax,3,8.0,3.11,23.7,24,34.13,142
08065350,1998,tmax,3,10.3,2.5,31.9,31,33.39,166
08065350,1999,tmax,2,6.5,2.67,13.1,13,33.44,186
08065350,2000,tmax,7,7.3,2.8,45.3,51,33.51,194
08065350,2004,tmax,1,14.0,1.58,14.7,14,31.23,182
08065350,2005,tmax,3,6.3,2.7,15.6,19,33.09,179
08065350,2006,tmax,7,7.4,3.7,52.5,52,33.77,197
08065350,2007,tmax,1,7.0,0.66,2.6,7,30.93,158
08065350,2009,tmax,3,5.7,1.82,13.0,17,33.63,162
08065350,2010,tmax,1,8.0,0.9,3.8,8,34.06,179
08065350,2011,tmax,7,8.1,1.6,39.8,57,34.21,151
08065350,2012,tmax,4,7.8,2.8,33.0,31,33.91,193
08065350,2013,tmax,3,7.7,3.47,20.2,23,33.31,166
08065350,2015,tmax,1,5.0,2.0,5.8,5,30.76,187
08065350,2016,tmax,4,9.5,2.3,32.0,38,33.57,201
08065350,2017,tmax,4,6.5,2.8,39.2,26,33.19,206
08065350,2018,tmax,1,26.0,1.8,24.8,26,33.13,148
08065350,2019,tmax,1,13.0,2.1,11.4,13,33.4,126
08065350,2021,tmax,3,7.3,5.4,54.8,22,32.39,141
08065350,2022,tmax,5,9.8,3.24,54.1,49,34.69,187
08065350,2023,tmax,6,6.7,2.18,29.2,40,34.39,67
08065350,2024,tmax,1,8.0,2.6,13.4,8,33.31,161
08065350,1991,tmax,0,0.0,0.0,0.0,0,32.53,0
08065350,1992,tmax,0,0.0,0.0,0.0,0,31.23,0
08065350,1993,tmax,0,0.0,0.0,0.0,0,32.27,0
08065350,1994,tmax,0,0.0,0.0,0.0,0,31.9,0
08065350,1995,tmax,0,0.0,0.0,0.0,0,32.3,0
08065350,2001,tmax,0,0.0,0.0,0.0,0,33.53,0
08065350,2002,tmax,0,0.0,0.0,0.0,0,32.51,0
08065350,2003,tmax,0,0.0,0.0,0.0,0,32.57,0
08065350,2008,tmax,0,0.0,0.0,0.0,0,31.94,0
08065350,2014,tmax,0,0.0,0.0,0.0,0,33.07,0
08065350,2020,tmax,0,0.0,0.0,0.0,0,32.94,0
08067074,2012,tmax,1,8.0,2.2,10.7,8,33.67,104
08067074,2013,tmax,3,7.3,2.66,18.8,22,33.47,196
08067074,2014,tmax,2,7.0,1.8,11.5,14,33.74,198
08067074,2016,tmax,5,8.2,3.42,36.0,41,34.06,209
08067074,2017,tmax,5,9.6,2.77,56.6,48,33.27,226
08067074,2018,tmax,5,8.2,2.34,31.3,41,33.89,182
08067074,2019,tmax,1,8.0,1.29,4.6,8,33.64,177
08067074,2020,tmax,1,5.0,1.2,3.5,5,33.76,197
08067074,2015,tmax,0,0.0,0.0,0.0,0,32.91,0
08067074,2021,tmax,0,0.0,0.0,0.0,0,32.64,0
08068000,2016,tmax,2,5.0,0.87,4.0,10,34.07,215
08068000,2017,tmax,1,5.0,1.22,3.2,5,33.5,232
08068000,2018,tmax,2,6.0,1.1,7.6,12,33.7,174
08068000,2019,tmax,1,8.0,1.31,5.4,8,33.71,190
08068000,2020,tmax,3,6.3,1.87,16.6,19,34.74,222
08068000,2021,tmax,1,6.0,4.35,12.0,6,33.81,205
08068000,2022,tmax,7,9.0,3.75,105.0,63,35.34,217
08068000,2023,tmax,7,14.9,4.94,173.6,104,35.37,215
08068000,2024,tmax,5,6.8,3.57,30.4,34,33.6,240
08068000,2014,tmax,0,0.0,0.0,0.0,0,32.99,0
08068000,2015,tmax,0,0.0,0.0,0.0,0,32.77,0
08068275,2000,tmax,4,5.8,3.0,26.2,23,30.01,113
08068275,2003,tmax,1,5.0,3.38,8.3,5,28.9,160
08068275,2004,tmax,1,14.0,2.34,15.9,14,28.54,173
08068275,2005,tmax,1,6.0,2.84,11.1,6,29.87,138
08068275,2006,tmax,2,6.0,2.26,14.9,12,30.36,142
08068275,2011,tmax,1,9.0,2.1,10.4,9,23.66,13
08068275,2012,tmax,8,10.0,2.28,58.0,80,31.77,205
08068275,2013,tmax,3,6.7,4.24,35.1,20,29.7,61
08068275,2014,tmax,2,6.5,1.48,9.9,13,31.67,146
08068275,1999,tmax,0,0.0,0.0,0.0,0,29.33,0
08068275,2001,tmax,0,0.0,0.0,0.0,0,28.94,0
08068275,2002,tmax,0,0.0,0.0,0.0,0,29.5,0
08068275,2007,tmax,0,0.0,0.0,0.0,0,28.4,0
08068275,2008,tmax,0,0.0,0.0,0.0,0,29.73,0
08068275,2009,tmax,0,0.0,0.0,0.0,0,30.06,0
08068275,2010,tmax,0,0.0,0.0,0.0,0,30.21,0
08068275,2015,tmax,0,0.0,0.0,0.0,0,31.07,0
08068400,2000,tmax,2,9.5,2.9,27.9,19,31.16,270
08068400,2002,tmax,1,5.0,0.9,2.8,5,31.4,213
08068400,2004,tmax,2,5.0,1.2,6.3,10,31.33,226
08068400,2005,tmax,4,6.8,2.0,24.1,27,31.59,271
08068400,2006,tmax,1,5.0,1.72,5.4,5,31.63,277
08068400,2007,tmax,1,5.0,3.85,8.7,5,31.33,258
08068400,2010,tmax,3,5.7,1.7,14.0,17,31.97,263
08068400,2011,tmax,7,6.6,1.0,22.1,46,32.43,282
08068400,2012,tmax,4,5.8,2.0,19.5,23,32.01,291
08068400,2013,tmax,2,6.5,2.0,13.6,13,31.21,255
08068400,1999,tmax,0,0.0,0.0,0.0,0,31.69,0
08068400,2001,tmax,0,0.0,0.0,0.0,0,30.99,0
08068400,2003,tmax,0,0.0,0.0,0.0,0,31.84,0
08068400,2008,tmax,0,0.0,0.0,0.0,0,31.27,0
08068400,2009,tmax,0,0.0,0.0,0.0,0,32.0,0
08068400,2014,tmax,0,0.0,0.0,0.0,0,31.2,0
08068400,2015,tmax,0,0.0,0.0,0.0,0,31.84,0
08069500,2011,tmax,2,9.5,2.7,20.1,19,34.23,229
08069500,2012,tmax,1,13.0,2.2,9.5,13,33.53,227
08069500,2013,tmax,3,5.0,2.2,11.9,15,33.93,200
08069500,2016,tmax,4,5.8,2.71,28.4,23,34.99,199
08069500,2017,tmax,3,7.0,4.8,44.8,21,34.49,227
08069500,2018,tmax,5,6.4,2.44,21.4,32,34.94,198
08069500,2019,tmax,1,8.0,2.5,10.1,8,34.51,201
08069500,2020,tmax,2,5.5,1.96,15.1,11,34.96,229
08069500,2021,tmax,2,7.0,5.05,31.4,14,33.69,209
08069500,2022,tmax,4,8.0,3.2,51.1,32,35.06,220
08069500,2023,tmax,6,11.0,3.5,102.8,66,35.41,224
08069500,2024,tmax,5,10.8,3.3,79.8,54,35.23,238
08069500,2010,tmax,0,0.0,0.0,0.0,0,34.57,0
08069500,2014,tmax,0,0.0,0.0,0.0,0,33.09,0
08069500,2015,tmax,0,0.0,0.0,0.0,0,34.2,0
08074710,1988,tmax,4,6.8,1.8,21.6,27,32.77,215
08074710,1990,tmax,2,12.5,2.97,28.8,25,33.54,246
08074710,1993,tmax,1,10.0,1.4,8.8,10,33.9,195
08074710,1994,tmax,1,5.0,3.08,6.0,5,32.6,232
08074710,1995,tmax,1,7.0,1.78,6.7,7,33.01,227
08074710,1996,tmax,1,7.0,1.68,7.2,7,33.27,238
08074710,1998,tmax,1,7.0,1.3,5.3,7,34.1,218
08074710,1999,tmax,4,6.5,1.7,19.2,26,33.36,270
08074710,2000,tmax,5,6.2,2.18,23.8,31,33.46,250
08074710,2001,tmax,1,5.0,1.66,3.6,5,32.49,225
08074710,2002,tmax,1,15.0,1.37,10.4,15,32.2,215
08074710,2004,tmax,2,5.5,2.08,11.2,11,32.3,233
08074710,2005,tmax,1,7.0,1.29,4.7,7,32.29,192
08074710,1991,tmax,0,0.0,0.0,0.0,0,32.44,0
08074710,1992,tmax,0,0.0,0.0,0.0,0,32.34,0
08074710,1997,tmax,0,0.0,0.0,0.0,0,33.07,0
08074710,2003,tmax,0,0.0,0.0,0.0,0,31.8,0
08123800,1986,tmax,2,5.0,1.62,5.6,10,33.71,170
08123800,1989,tmax,1,6.0,1.81,5.9,6,34.56,154
08123800,1990,tmax,1,5.0,3.0,9.7,5,32.03,104
08123800,1993,tmax,1,5.0,2.4,4.1,5,33.8,186
08123800,1994,tmax,2,6.5,3.46,20.2,13,34.07,191
08123800,1995,tmax,1,6.0,1.14,3.9,6,34.27,163
08123800,1996,tmax,1,6.0,1.95,6.7,6,29.51,169
08123800,1997,tmax,1,5.0,1.56,3.9,5,32.67,185
08123800,2005,tmax,2,6.5,2.37,15.3,13,33.9,148
08123800,2006,tmax,1,7.0,3.05,12.8,7,33.31,121
08123800,2010,tmax,1,5.0,1.84,4.7,5,34.71,160
08123800,1991,tmax,0,0.0,0.0,0.0,0,32.69,0
08123800,1992,tmax,0,0.0,0.0,0.0,0,32.37,0
08123800,1998,tmax,0,0.0,0.0,0.0,0,31.76,0
08123800,1999,tmax,0,0.0,0.0,0.0,0,33.53,0
08123800,2000,tmax,0,0.0,0.0,0.0,0,32.43,0
08123800,2001,tmax,0,0.0,0.0,0.0,0,31.33,0
08123800,2002,tmax,0,0.0,0.0,0.0,0,32.64,0
08123800,2003,tmax,0,0.0,0.0,0.0,0,34.19,0
08123800,2004,tmax,0,0.0,0.0,0.0,0,33.27,0
08123800,2007,tmax,0,0.0,0.0,0.0,0,33.07,0
08123800,2008,tmax,0,0.0,0.0,0.0,0,32.71,0
08123800,2009,tmax,0,0.0,0.0,0.0,0,32.09,0
08123800,2011,tmax,0,0.0,0.0,0.0,0,31.59,0
08123850,1985,tmax,3,13.0,3.3,61.8,39,34.44,195
08123850,1986,tmax,1,10.0,2.88,17.3,10,29.74,69
08123850,1987,tmax,2,12.0,2.02,24.6,24,34.49,138
08123850,1988,tmax,2,7.5,2.3,14.2,15,32.81,205
08123850,1989,tmax,3,6.3,3.36,29.4,19,31.86,142
08123850,1990,tmax,2,9.0,4.01,29.7,18,32.06,153
08123850,1991,tmax,1,7.0,1.1,4.2,7,32.99,184
08123850,1992,tmax,1,5.0,2.4,8.2,5,32.23,172
08123850,1996,tmax,1,6.0,4.82,18.6,6,30.81,130
08123850,1998,tmax,3,7.3,2.54,26.7,22,32.4,148
08123850,1999,tmax,4,6.0,3.7,32.3,24,33.54,174
08123850,2000,tmax,3,5.3,5.73,32.5,16,33.01,174
08123850,2004,tmax,1,6.0,4.76,14.7,6,32.34,162
08123850,2007,tmax,1,6.0,1.4,3.9,6,32.89,189
08123850,2010,tmax,1,5.0,0.63,1.8,5,32.61,157
08123850,2011,tmax,1,5.0,2.54,7.7,5,25.73,23
08123850,2012,tmax,1,7.0,2.35,8.8,7,30.44,88
08123850,2013,tmax,1,6.0,5.38,16.0,6,32.71,141
08123850,2014,tmax,1,5.0,2.0,5.8,5,30.39,56
08123850,2015,tmax,2,6.0,1.7,11.0,12,33.94,193
08123850,2016,tmax,3,7.0,3.1,30.6,21,33.89,166
08123850,2017,tmax,3,7.3,3.7,40.4,22,33.64,111
08123850,2021,tmax,1,6.0,2.4,11.3,6,31.2,173
08123850,2022,tmax,1,10.0,2.55,12.7,10,30.3,74
08123850,1993,tmax,0,0.0,0.0,0.0,0,30.84,0
08123850,1994,tmax,0,0.0,0.0,0.0,0,32.46,0
08123850,1995,tmax,0,0.0,0.0,0.0,0,30.19,0
08123850,1997,tmax,0,0.0,0.0,0.0,0,33.19,0
08123850,2001,tmax,0,0.0,0.0,0.0,0,28.57,0
08123850,2002,tmax,0,0.0,0.0,0.0,0,32.21,0
08123850,2003,tmax,0,0.0,0.0,0.0,0,33.01,0
08123850,2005,tmax,0,0.0,0.0,0.0,0,31.49,0
08123850,2006,tmax,0,0.0,0.0,0.0,0,31.16,0
08123850,2008,tmax,0,0.0,0.0,0.0,0,31.7,0
08123850,2009,tmax,0,0.0,0.0,0.0,0,31.89,0
08123850,2018,tmax,0,0.0,0.0,0.0,0,29.23,0
08123850,2019,tmax,0,0.0,0.0,0.0,0,31.01,0
08123850,2020,tmax,0,0.0,0.0,0.0,0,31.89,0
08123850,2023,tmax,0,0.0,0.0,0.0,0,29.43,0
08136500,2002,tmax,1,5.0,3.7,10.1,5,32.89,108
08136500,2004,tmax,3,5.3,3.4,18.9,16,34.71,142
08136500,2005,tmax,1,5.0,2.8,7.3,5,33.69,194
08136500,2006,tmax,3,5.7,3.0,22.9,17,32.9,128
08136500,2009,tmax,1,5.0,1.86,3.7,5,33.3,171
08136500,2011,tmax,2,5.0,2.9,14.3,10,33.36,111
08136500,2001,tmax,0,0.0,0.0,0.0,0,31.9,0
08136500,2003,tmax,0,0.0,0.0,0.0,0,33.21,0
08136500,2007,tmax,0,0.0,0.0,0.0,0,32.76,0
08136500,2008,tmax,0,0.0,0.0,0.0,0,32.53,0
08136500,2010,tmax,0,0.0,0.0,0.0,0,33.69,0
08155500,2004,tmax,5,8.2,0.5,8.2,41,22.3,50
08155500,2008,tmax,1,40.0,0.2,5.0,40,21.61,0
08155500,2009,tmax,2,14.5,0.2,3.4,29,21.79,0
08155500,2010,tmax,1,11.0,0.3,2.1,11,22.26,17
08155500,2016,tmax,3,5.0,0.2,1.5,15,22.1,23
08155500,2018,tmax,1,31.0,0.6,11.5,31,22.66,29
08155500,2020,tmax,1,18.0,0.3,2.6,18,22.2,19
08155500,2021,tmax,9,19.1,0.9,55.6,172,22.86,130
08155500,2022,tmax,3,30.7,0.3,15.4,92,21.8,0
08155500,2023,tmax,4,41.8,0.4,30.5,167,22.0,0
08155500,2024,tmax,3,51.7,0.5,40.5,155,22.53,48
08155500,2025,tmax,3,63.0,0.4,52.3,189,22.06,3
08155500,2003,tmax,0,0.0,0.0,0.0,0,21.29,0
08155500,2005,tmax,0,0.0,0.0,0.0,0,21.39,0
08155500,2006,tmax,0,0.0,0.0,0.0,0,21.61,0
08155500,2007,tmax,0,0.0,0.0,0.0,0,21.99,0
08155500,2011,tmax,0,0.0,0.0,0.0,0,21.6,0
08155500,2012,tmax,0,0.0,0.0,0.0,0,22.0,0
08155500,2013,tmax,0,0.0,0.0,0.0,0,21.83,0
08155500,2014,tmax,0,0.0,0.0,0.0,0,21.8,0
08155500,2015,tmax,0,0.0,0.0,0.0,0,21.7,0
08155500,2017,tmax,0,0.0,0.0,0.0,0,22.0,0
08155500,2019,tmax,0,0.0,0.0,0.0,0,21.7,0
08170990,2010,tmean,1,19.0,0.3,3.6,19,21.46,0
08170990,2015,tmean,2,21.5,0.92,15.8,43,21.94,2
08170990,2016,tmean,5,14.2,0.5,10.8,71,21.56,0
08170990,2021,tmean,1,6.0,0.1,0.4,6,21.17,0
08170990,2022,tmean,3,9.3,0.1,2.8,28,21.0,0
08170990,2023,tmean,7,18.6,0.2,12.9,130,21.1,0
08170990,2024,tmean,2,39.0,0.1,7.8,78,21.1,0
08170990,2025,tmean,5,20.6,0.2,10.7,103,21.14,0
08170990,2009,tmean,0,0.0,0.0,0.0,0,21.0,0
08170990,2011,tmean,0,0.0,0.0,0.0,0,20.9,0
08170990,2012,tmean,0,0.0,0.0,0.0,0,20.93,0
08170990,2013,tmean,0,0.0,0.0,0.0,0,21.04,0
08170990,2014,tmean,0,0.0,0.0,0.0,0,20.9,0
08170990,2017,tmean,0,0.0,0.0,0.0,0,20.99,0
08170990,2018,tmean,0,0.0,0.0,0.0,0,21.3,0
08170990,2019,tmean,0,0.0,0.0,0.0,0,20.9,0
08170990,2020,tmean,0,0.0,0.0,0.0,0,21.1,0
08211200,2009,tmax,1,8.0,1.06,3.3,8,32.0,233
08211200,2010,tmax,3,8.0,0.7,9.4,24,32.89,215
08211200,2012,tmax,2,8.0,2.2,15.8,16,31.73,245
08211200,2013,tmax,2,5.0,2.3,6.8,10,32.14,223
08211200,2016,tmax,2,5.5,1.26,6.1,11,31.96,251
08211200,2017,tmax,5,6.6,3.24,31.8,33,32.49,254
08211200,2018,tmax,4,5.2,1.6,11.1,21,32.53,229
08211200,2019,tmax,1,5.0,1.2,3.4,5,32.21,211
08211200,2020,tmax,3,6.0,3.82,24.7,18,32.4,245
08211200,2021,tmax,3,6.3,3.7,29.1,19,32.1,235
08211200,2022,tmax,4,7.2,1.2,14.9,29,32.13,227
08211200,2023,tmax,7,8.3,1.5,25.9,58,32.6,233
08211200,2024,tmax,6,9.0,1.51,42.9,54,32.79,244
08211200,2025,tmax,9,8.1,3.84,106.5,73,32.06,256
08211200,2008,tmax,0,0.0,0.0,0.0,0,22.37,0
08211200,2011,tmax,0,0.0,0.0,0.0,0,31.81,0
08211200,2014,tmax,0,0.0,0.0,0.0,0,32.06,0
08211200,2015,tmax,0,0.0,0.0,0.0,0,32.07,0
08211503,2004,tmax,1,9.0,1.3,7.6,9,36.33,237
08211503,2005,tmax,4,5.2,2.2,24.0,21,37.0,258
08211503,2006,tmax,4,5.0,2.7,31.1,20,36.33,275
08211503,2007,tmax,1,5.0,2.1,5.9,5,34.07,162
08211503,2010,tmax,1,5.0,2.0,6.9,5,36.71,253
08211503,2011,tmax,2,5.0,1.53,8.2,10,36.39,266
08211503,2012,tmax,1,7.0,1.36,5.2,7,33.57,277
08211503,2018,tmax,2,12.0,3.4,23.9,24,36.39,246
08211503,2008,tmax,0,0.0,0.0,0.0,0,36.26,0
08211503,2009,tmax,0,0.0,0.0,0.0,0,34.17,0
08211503,2013,tmax,0,0.0,0.0,0.0,0,34.91,0
08211503,2014,tmax,0,0.0,0.0,0.0,0,36.1,0
08211503,2015,tmax,0,0.0,0.0,0.0,0,35.06,0
08211503,2016,tmax,0,0.0,0.0,0.0,0,34.06,0
08211503,2017,tmax,0,0.0,0.0,0.0,0,34.64,0
08211503,2019,tmax,0,0.0,0.0,0.0,0,34.4,0
08405200,2014,tmean,4,5.2,1.07,11.2,21,29.03,125
08405200,2015,tmean,1,6.0,0.5,1.9,6,29.67,94
08405200,2016,tmean,3,5.7,1.45,10.6,17,28.77,134
08405200,2017,tmean,3,6.3,2.81,24.0,19,28.8,146
08405200,2018,tmean,1,8.0,1.0,4.4,8,29.11,152
08405200,2020,tmean,3,6.0,1.6,12.3,18,29.7,117
08405200,2023,tmean,1,7.0,1.9,7.9,7,24.1,12
08405200,2024,tmean,3,8.7,1.5,13.5,26,29.31,137
08405200,2025,tmean,5,11.0,3.6,77.3,55,29.4,159
08405200,2012,tmean,0,0.0,0.0,0.0,0,20.99,0
08405200,2013,tmean,0,0.0,0.0,0.0,0,29.4,0
08405200,2019,tmean,0,0.0,0.0,0.0,0,29.6,0
08405200,2021,tmean,0,0.0,0.0,0.0,0,,0
08405200,2022,tmean,0,0.0,0.0,0.0,0,,0
08407500,2011,tmean,2,5.5,0.7,3.3,11,29.9,107
08407500,2012,tmean,2,5.5,1.36,6.1,11,29.17,150
08407500,2014,tmean,1,5.0,1.7,5.6,5,29.37,139
08407500,2015,tmean,2,7.0,0.75,5.8,14,30.31,89
08407500,2016,tmean,4,6.5,2.68,20.9,26,28.97,134
08407500,2017,tmean,4,6.8,3.0,32.6,27,29.06,143
08407500,2019,tmean,1,9.0,1.24,6.3,9,29.26,151
08407500,2020,tmean,1,5.0,0.7,1.7,5,29.47,144
08407500,2021,tmean,1,6.0,1.9,8.7,6,28.87,126
08407500,2022,tmean,2,7.0,2.9,22.5,14,29.87,144
08407500,2023,tmean,2,5.0,1.31,6.9,10,30.1,141
08407500,2024,tmean,1,6.0,1.9,5.1,6,29.26,156
08407500,2025,tmean,3,5.0,2.62,16.3,15,29.46,151
08407500,2013,tmean,0,0.0,0.0,0.0,0,29.34,0
08407500,2018,tmean,0,0.0,0.0,0.0,0,29.47,0
09014050,2012,tmax,2,8.0,3.27,19.1,16,19.19,0
09014050,2013,tmax,2,13.5,3.1,31.7,27,20.97,1
09014050,2015,tmax,2,5.0,1.18,5.3,10,20.09,0
09014050,2017,tmax,1,10.0,2.5,11.7,10,19.94,0
09014050,2018,tmax,4,6.0,3.3,26.8,24,20.24,0
09014050,2010,tmax,0,0.0,0.0,0.0,0,20.71,0
09014050,2011,tmax,0,0.0,0.0,0.0,0,18.69,0
09014050,2014,tmax,0,0.0,0.0,0.0,0,20.94,0
09014050,2016,tmax,0,0.0,0.0,0.0,0,20.79,0
09014050,2019,tmax,0,0.0,0.0,0.0,0,19.46,0
09014050,2020,tmax,0,0.0,0.0,0.0,0,19.49,0
09014050,2021,tmax,0,0.0,0.0,0.0,0,20.03,0
09014050,2022,tmax,0,0.0,0.0,0.0,0,21.19,0
09014050,2023,tmax,0,0.0,0.0,0.0,0,20.69,0
09014050,2024,tmax,0,0.0,0.0,0.0,0,19.31,0
09014050,2025,tmax,0,0.0,0.0,0.0,0,20.19,0
09041400,1996,tmax,1,7.0,2.7,9.5,7,17.37,0
09041400,1997,tmax,1,6.0,2.8,9.2,6,17.54,0
09041400,1998,tmax,1,6.0,0.5,2.3,6,12.37,0
09041400,1999,tmax,3,5.0,1.2,6.5,15,17.3,0
09041400,2000,tmax,3,7.7,2.2,17.4,23,16.31,0
09041400,2001,tmax,3,15.0,3.4,46.3,45,16.99,0
09041400,2002,tmax,1,16.0,0.8,8.0,16,15.66,0
09041400,2003,tmax,3,8.7,1.24,14.2,26,13.0,0
09041400,2004,tmax,4,9.5,2.24,30.8,38,13.06,0
09041400,2005,tmax,1,6.0,0.4,1.7,6,11.21,0
09041400,2008,tmax,2,22.5,7.42,157.1,45,21.64,2
09041400,2009,tmax,1,6.0,2.92,9.4,6,15.83,0
09041400,2010,tmax,1,5.0,2.2,5.9,5,17.99,0
09041400,2011,tmax,2,21.0,0.91,16.6,42,18.09,0
09041400,2012,tmax,8,12.8,4.09,76.7,102,15.46,0
09041400,2014,tmax,1,5.0,0.3,1.1,5,14.14,0
09041400,2015,tmax,1,11.0,3.54,18.8,11,16.94,0
09041400,2017,tmax,2,7.5,3.5,12.4,15,15.56,0
09041400,2018,tmax,3,11.3,3.1,50.7,34,17.04,0
09041400,2019,tmax,1,17.0,5.06,35.7,17,20.79,1
09041400,2021,tmax,2,15.0,1.44,22.0,30,15.53,0
09041400,2023,tmax,1,6.0,1.9,5.9,6,17.04,0
09041400,2024,tmax,1,18.0,1.4,13.9,18,13.29,0
09041400,2025,tmax,4,14.5,1.6,26.7,58,15.46,0
09041400,1995,tmax,0,0.0,0.0,0.0,0,11.63,0
09041400,2006,tmax,0,0.0,0.0,0.0,0,13.44,0
09041400,2007,tmax,0,0.0,0.0,0.0,0,11.53,0
09041400,2013,tmax,0,0.0,0.0,0.0,0,13.17,0
09041400,2016,tmax,0,0.0,0.0,0.0,0,13.3,0
09041400,2020,tmax,0,0.0,0.0,0.0,0,13.24,0
09041400,2022,tmax,0,0.0,0.0,0.0,0,12.86,0
09071750,1995,tmax,2,5.0,2.1,12.2,10,10.51,0
09071750,1996,tmax,2,5.0,1.43,7.5,10,18.76,0
09071750,1998,tmax,2,6.5,1.7,10.5,13,20.6,0
09071750,2000,tmax,3,5.0,1.2,6.2,15,20.7,0
09071750,2002,tmax,4,8.5,2.3,34.8,34,22.19,6
09071750,2003,tmax,2,11.5,2.0,22.9,23,22.16,9
09071750,2004,tmax,5,6.0,2.1,29.6,30,22.19,3
09071750,2005,tmax,2,5.0,1.0,3.6,10,21.03,0
09071750,2006,tmax,1,5.0,1.0,3.3,5,21.97,5
09071750,2007,tmax,2,5.0,0.6,3.6,10,21.61,0
09071750,2008,tmax,1,5.0,0.91,2.6,5,19.51,0
09071750,2010,tmax,2,8.0,2.9,17.9,16,22.01,3
09071750,2012,tmax,3,13.0,2.9,36.4,39,21.37,0
09071750,2013,tmax,2,6.5,1.51,10.1,13,22.26,5
09071750,2014,tmax,3,6.3,1.24,11.2,19,19.11,0
09071750,2015,tmax,5,7.0,1.7,23.9,35,20.34,0
09071750,2016,tmax,1,14.0,2.1,12.5,14,20.07,0
09071750,2017,tmax,4,7.2,3.2,27.6,29,20.4,0
09071750,2018,tmax,2,6.0,0.8,5.6,12,21.94,2
09071750,2021,tmax,4,7.2,2.2,24.6,29,22.51,15
09071750,2022,tmax,3,9.0,1.6,19.6,27,22.89,8
09071750,2023,tmax,4,10.5,1.1,21.4,42,20.53,0
09071750,2024,tmax,4,8.2,2.0,23.5,33,21.36,0
09071750,2025,tmax,6,8.2,4.4,57.0,49,20.81,0
09071750,1997,tmax,0,0.0,0.0,0.0,0,18.7,0
09071750,1999,tmax,0,0.0,0.0,0.0,0,19.2,0
09071750,2001,tmax,0,0.0,0.0,0.0,0,21.53,0
09071750,2009,tmax,0,0.0,0.0,0.0,0,18.99,0
09071750,2011,tmax,0,0.0,0.0,0.0,0,18.5,0
09071750,2019,tmax,0,0.0,0.0,0.0,0,19.0,0
09071750,2020,tmax,0,0.0,0.0,0.0,0,20.53,0
09085150,2006,tmax,1,5.0,0.9,3.2,5,22.0,3
09085150,2009,tmax,1,5.0,1.3,3.0,5,18.86,0
09085150,2010,tmax,1,10.0,2.62,13.5,10,21.71,1
09085150,2012,tmax,4,12.5,2.8,67.0,50,21.96,4
09085150,2013,tmax,1,6.0,1.9,6.6,6,22.51,9
09085150,2014,tmax,1,5.0,1.14,2.6,5,19.37,0
09085150,2015,tmax,3,8.7,1.28,16.5,26,20.23,0
09085150,2016,tmax,1,11.0,1.8,11.9,11,20.23,0
09085150,2017,tmax,4,7.0,2.7,23.0,28,19.54,0
09085150,2018,tmax,3,7.3,1.52,13.5,22,22.74,12
09085150,2021,tmax,3,5.7,2.0,15.9,17,22.69,14
09085150,2022,tmax,3,9.0,1.9,23.7,27,22.73,12
09085150,2024,tmax,4,7.8,2.1,21.8,31,21.63,0
09085150,2025,tmax,2,5.5,0.84,5.2,11,12.59,0
09085150,2007,tmax,0,0.0,0.0,0.0,0,20.9,0
09085150,2008,tmax,0,0.0,0.0,0.0,0,18.76,0
09085150,2011,tmax,0,0.0,0.0,0.0,0,19.17,0
09085150,2019,tmax,0,0.0,0.0,0.0,0,18.49,0
09085150,2020,tmax,0,0.0,0.0,0.0,0,21.06,0
09085150,2023,tmax,0,0.0,0.0,0.0,0,20.49,0
09136100,2010,tmax,1,5.0,1.7,4.1,5,27.17,61
09136100,2012,tmax,4,6.5,3.72,24.9,26,27.01,96
09136100,2013,tmax,2,6.5,1.52,9.0,13,28.0,74
09136100,2015,tmax,1,7.0,1.6,6.8,7,24.94,51
09136100,2016,tmax,2,5.5,2.52,14.0,11,25.64,44
09136100,2018,tmax,2,7.0,1.51,7.2,14,27.64,97
09136100,2020,tmax,1,5.0,1.26,3.1,5,26.76,78
09136100,2021,tmax,5,6.6,3.0,32.4,33,28.77,90
09136100,2022,tmax,2,10.0,2.9,21.6,20,27.89,77
09136100,2024,tmax,5,6.4,1.92,22.4,32,26.76,59
09136100,2025,tmax,5,7.6,4.32,49.4,38,26.49,83
09136100,2009,tmax,0,0.0,0.0,0.0,0,25.71,0
09136100,2011,tmax,0,0.0,0.0,0.0,0,24.71,0
09136100,2014,tmax,0,0.0,0.0,0.0,0,25.7,0
09136100,2017,tmax,0,0.0,0.0,0.0,0,26.46,0
09136100,2019,tmax,0,0.0,0.0,0.0,0,25.01,0
09136100,2023,tmax,0,0.0,0.0,0.0,0,26.4,0
09147500,2012,tmax,2,5.0,1.31,6.3,10,19.11,0
09147500,2013,tmax,4,6.5,3.91,39.7,26,17.14,0
09147500,2014,tmax,3,5.0,1.21,7.5,15,19.59,0
09147500,2015,tmax,3,6.3,1.31,13.1,19,18.49,0
09147500,2016,tmax,1,5.0,1.1,2.8,5,18.19,0
09147500,2017,tmax,1,6.0,0.6,1.7,6,18.24,0
09147500,2018,tmax,2,5.5,2.6,13.3,11,19.83,0
09147500,2020,tmax,1,5.0,0.9,3.7,5,19.43,0
09147500,2021,tmax,2,5.5,3.3,19.5,11,18.57,0
09147500,2022,tmax,1,13.0,1.31,6.7,13,19.63,0
09147500,2023,tmax,1,8.0,0.6,3.4,8,18.34,0
09147500,2024,tmax,5,5.8,1.8,19.3,29,19.14,0
09147500,2025,tmax,2,8.5,2.6,17.0,17,18.56,0
09147500,2009,tmax,0,0.0,0.0,0.0,0,11.59,0
09147500,2010,tmax,0,0.0,0.0,0.0,0,18.99,0
09147500,2011,tmax,0,0.0,0.0,0.0,0,18.64,0
09147500,2019,tmax,0,0.0,0.0,0.0,0,17.66,0
09209400,2015,tmax,3,5.3,1.68,10.0,16,23.86,17
09209400,2017,tmax,1,5.0,1.34,4.7,5,21.76,0
09209400,2014,tmax,0,0.0,0.0,0.0,0,12.51,0
09209400,2016,tmax,0,0.0,0.0,0.0,0,23.29,0
09209400,2018,tmax,0,0.0,0.0,0.0,0,23.17,0
09209400,2019,tmax,0,0.0,0.0,0.0,0,21.89,0
09261000,2000,tmax,2,7.0,1.8,13.1,14,23.47,42
09261000,2001,tmax,2,8.5,1.7,16.1,17,26.24,72
09261000,2002,tmax,4,9.2,2.62,41.8,37,27.21,77
09261000,2003,tmax,4,7.2,2.41,24.5,29,26.27,66
09261000,2004,tmax,4,8.0,4.0,49.4,32,25.83,42
09261000,2006,tmax,1,5.0,0.5,1.5,5,25.84,62
09261000,2007,tmax,4,5.2,2.6,23.7,21,25.49,67
09261000,2008,tmax,1,9.0,1.88,11.8,9,24.5,44
09261000,2010,tmax,1,5.0,1.02,4.1,5,24.71,30
09261000,2012,tmax,1,6.0,2.34,6.8,6,24.71,65
09261000,2013,tmax,1,6.0,1.91,8.2,6,25.34,62
09261000,2014,tmax,1,5.0,1.0,3.9,5,24.17,33
09261000,2015,tmax,8,8.0,1.4,46.8,64,24.6,33
09261000,2016,tmax,2,7.0,1.8,10.7,14,23.44,26
09261000,2017,tmax,2,18.0,2.5,33.9,36,23.83,24
09261000,2018,tmax,2,12.0,1.8,21.1,24,24.03,30
09261000,2021,tmax,3,8.0,2.29,30.4,24,25.81,55
09261000,2023,tmax,1,6.0,0.4,1.8,6,24.64,45
09261000,2024,tmax,3,8.7,1.6,17.0,26,24.69,51
09261000,2025,tmax,6,8.0,3.9,62.8,48,24.03,38
09261000,1998,tmax,0,0.0,0.0,0.0,0,17.06,0
09261000,1999,tmax,0,0.0,0.0,0.0,0,22.93,0
09261000,2005,tmax,0,0.0,0.0,0.0,0,24.59,0
09261000,2009,tmax,0,0.0,0.0,0.0,0,23.54,0
09261000,2011,tmax,0,0.0,0.0,0.0,0,22.87,0
09261000,2019,tmax,0,0.0,0.0,0.0,0,24.3,0
09261000,2020,tmax,0,0.0,0.0,0.0,0,24.09,0
09261000,2022,tmax,0,0.0,0.0,0.0,0,24.97,0
09355500,2014,tmean,2,6.0,0.8,4.3,12,12.51,0
09355500,2015,tmean,2,5.5,1.34,7.8,11,12.27,0
09355500,2016,tmean,3,10.0,1.39,17.1,30,12.16,0
09355500,2017,tmean,3,6.0,0.76,5.4,18,11.9,0
09355500,2019,tmean,1,5.0,0.57,1.5,5,9.31,0
09355500,2021,tmean,1,10.0,1.27,5.4,10,12.56,0
09355500,2022,tmean,7,10.3,1.8,52.4,72,12.83,0
09355500,2023,tmean,1,5.0,1.1,2.6,5,11.4,0
09355500,2024,tmean,2,7.5,1.37,11.9,15,12.34,0
09355500,2018,tmean,0,0.0,0.0,0.0,0,10.7,0
09355500,2020,tmean,0,0.0,0.0,0.0,0,10.07,0
09355500,2025,tmean,0,0.0,0.0,0.0,0,11.23,0
09361500,2016,tmax,1,7.0,1.05,2.9,7,20.13,0
09361500,2017,tmax,1,5.0,1.01,2.6,5,20.14,0
09361500,2018,tmax,6,6.8,2.55,28.4,41,22.17,7
09361500,2022,tmax,1,7.0,1.45,5.5,7,21.84,1
09361500,2023,tmax,1,5.0,0.3,0.8,5,20.5,0
09361500,2024,tmax,2,5.0,1.35,6.4,10,21.4,2
09361500,2025,tmax,1,8.0,1.9,5.9,8,21.39,1
09361500,2019,tmax,0,0.0,0.0,0.0,0,19.21,0
09361500,2020,tmax,0,0.0,0.0,0.0,0,20.36,0
09361500,2021,tmax,0,0.0,0.0,0.0,0,20.2,0
09363500,2018,tmean,3,8.3,1.41,15.5,25,22.9,10
09363500,2022,tmean,3,7.0,1.5,14.8,21,22.7,14
09363500,2023,tmean,2,8.5,2.81,17.6,17,20.37,0
09363500,2024,tmean,4,6.8,1.7,25.1,27,22.44,7
09363500,2016,tmean,0,0.0,0.0,0.0,0,21.1,0
09363500,2017,tmean,0,0.0,0.0,0.0,0,19.79,0
09363500,2019,tmean,0,0.0,0.0,0.0,0,19.83,0
09363500,2020,tmean,0,0.0,0.0,0.0,0,21.1,0
09363500,2021,tmean,0,0.0,0.0,0.0,0,21.03,0
09371520,1994,tmax,1,5.0,2.2,5.8,5,24.89,84
09371520,1995,tmax,4,7.2,4.5,51.9,29,23.89,57
09371520,1996,tmax,2,6.0,2.2,6.1,12,25.66,67
09371520,1998,tmax,1,8.0,1.8,5.8,8,24.77,49
09371520,2001,tmax,1,5.0,2.0,6.0,5,25.66,64
09371520,2002,tmax,4,6.2,2.1,22.7,25,26.37,91
09371520,2003,tmax,4,8.8,3.1,37.7,35,26.93,96
09371520,2004,tmax,4,6.8,2.4,24.8,27,26.56,58
09371520,2005,tmax,3,8.0,2.7,25.2,24,25.03,57
09371520,2006,tmax,1,5.0,1.94,6.0,5,25.5,32
09371520,2007,tmax,1,8.0,1.1,5.1,8,24.74,72
09371520,2010,tmax,1,10.0,4.2,30.2,10,25.69,61
09371520,2012,tmax,1,5.0,2.0,6.9,5,25.51,83
09371520,2013,tmax,2,6.0,1.8,10.5,12,26.7,86
09371520,2014,tmax,3,7.7,2.9,19.8,23,25.64,54
09371520,2015,tmax,3,8.0,1.9,25.2,24,26.6,57
09371520,2016,tmax,2,6.0,1.9,12.2,12,24.81,58
09371520,2017,tmax,2,7.5,4.2,27.8,15,25.19,63
09371520,2018,tmax,2,5.0,1.54,7.6,10,25.9,77
09371520,2021,tmax,2,6.0,2.0,9.8,12,26.46,75
09371520,2022,tmax,5,8.8,2.5,48.6,44,28.0,86
09371520,2023,tmax,2,7.0,3.7,25.2,14,25.74,57
09371520,2024,tmax,3,6.0,2.2,14.1,18,25.97,77
09371520,2025,tmax,4,9.5,6.52,57.3,38,25.74,84
09371520,1993,tmax,0,0.0,0.0,0.0,0,14.54,0
09371520,1997,tmax,0,0.0,0.0,0.0,0,23.33,0
09371520,1999,tmax,0,0.0,0.0,0.0,0,24.89,0
09371520,2000,tmax,0,0.0,0.0,0.0,0,24.31,0
09371520,2008,tmax,0,0.0,0.0,0.0,0,25.1,0
09371520,2009,tmax,0,0.0,0.0,0.0,0,24.39,0
09371520,2011,tmax,0,0.0,0.0,0.0,0,25.11,0
09371520,2019,tmax,0,0.0,0.0,0.0,0,24.76,0
09371520,2020,tmax,0,0.0,0.0,0.0,0,25.04,0
09380000,1995,tmax,1,10.0,0.4,1.8,10,11.49,0
09380000,1996,tmax,2,11.0,0.4,3.4,22,11.14,0
09380000,2004,tmax,1,6.0,0.2,0.9,6,14.69,0
09380000,2005,tmax,8,21.4,1.7,117.9,171,15.9,0
09380000,2011,tmax,3,14.7,1.1,14.3,44,15.01,0
09380000,2015,tmax,1,44.0,0.7,14.3,44,14.39,0
09380000,2016,tmax,2,11.0,0.62,9.0,22,14.39,0
09380000,2018,tmax,4,7.8,0.4,5.5,31,13.01,0
09380000,2019,tmax,8,5.4,1.0,17.7,43,15.63,0
09380000,2021,tmax,8,15.4,2.1,91.0,123,16.97,0
09380000,2022,tmax,4,52.8,6.7,872.6,211,21.17,0
09380000,2023,tmax,2,119.5,4.4,603.2,239,18.67,0
09380000,2024,tmax,6,45.8,2.5,237.4,275,17.06,0
09380000,2025,tmax,4,68.5,3.02,291.8,274,17.59,0
09380000,1990,tmax,0,0.0,0.0,0.0,0,9.74,0
09380000,1991,tmax,0,0.0,0.0,0.0,0,,0
09380000,1992,tmax,0,0.0,0.0,0.0,0,,0
09380000,1993,tmax,0,0.0,0.0,0.0,0,10.66,0
09380000,1994,tmax,0,0.0,0.0,0.0,0,10.06,0
09380000,1997,tmax,0,0.0,0.0,0.0,0,11.36,0
09380000,1998,tmax,0,0.0,0.0,0.0,0,10.67,0
09380000,1999,tmax,0,0.0,0.0,0.0,0,11.17,0
09380000,2000,tmax,0,0.0,0.0,0.0,0,11.54,0
09380000,2001,tmax,0,0.0,0.0,0.0,0,11.06,0
09380000,2002,tmax,0,0.0,0.0,0.0,0,10.11,0
09380000,2003,tmax,0,0.0,0.0,0.0,0,9.17,0
09380000,2006,tmax,0,0.0,0.0,0.0,0,13.0,0
09380000,2007,tmax,0,0.0,0.0,0.0,0,12.3,0
09380000,2008,tmax,0,0.0,0.0,0.0,0,13.29,0
09380000,2009,tmax,0,0.0,0.0,0.0,0,11.87,0
09380000,2010,tmax,0,0.0,0.0,0.0,0,11.61,0
09380000,2012,tmax,0,0.0,0.0,0.0,0,11.24,0
09380000,2013,tmax,0,0.0,0.0,0.0,0,12.1,0
09380000,2014,tmax,0,0.0,0.0,0.0,0,14.57,0
09380000,2017,tmax,0,0.0,0.0,0.0,0,13.49,0
09380000,2020,tmax,0,0.0,0.0,0.0,0,12.86,0
10129900,2002,tmax,1,82.0,3.56,124.0,82,20.84,0
10129900,2003,tmax,4,6.2,1.3,13.2,25,21.17,1
10129900,2005,tmax,1,10.0,4.17,31.2,10,22.79,11
10129900,2006,tmax,1,10.0,3.2,14.3,10,20.84,0
10129900,2007,tmax,5,13.2,2.0,51.5,66,20.99,0
10129900,2008,tmax,4,13.2,1.96,44.6,53,19.8,0
10129900,2011,tmax,1,9.0,2.6,12.0,9,22.89,13
10129900,2015,tmax,2,7.0,1.1,7.5,14,21.49,6
10129900,2017,tmax,1,12.0,2.98,20.8,12,21.99,5
10129900,2020,tmax,3,6.3,1.2,9.6,19,21.56,0
10129900,2021,tmax,2,8.0,0.98,6.8,16,21.81,4
10129900,2022,tmax,2,5.0,0.78,4.4,10,22.26,6
10129900,2023,tmax,1,7.0,0.8,2.8,7,21.34,3
10129900,2024,tmax,5,7.6,3.39,39.3,38,22.17,9
10129900,2025,tmax,1,51.0,2.5,62.7,51,21.6,1
10129900,2001,tmax,0,0.0,0.0,0.0,0,15.0,0
10129900,2004,tmax,0,0.0,0.0,0.0,0,20.63,0
10129900,2009,tmax,0,0.0,0.0,0.0,0,19.71,0
10129900,2010,tmax,0,0.0,0.0,0.0,0,20.36,0
10129900,2012,tmax,0,0.0,0.0,0.0,0,21.33,0
10129900,2013,tmax,0,0.0,0.0,0.0,0,21.93,0
10129900,2014,tmax,0,0.0,0.0,0.0,0,21.99,0
10129900,2016,tmax,0,0.0,0.0,0.0,0,21.54,0
10129900,2018,tmax,0,0.0,0.0,0.0,0,22.57,0
10129900,2019,tmax,0,0.0,0.0,0.0,0,21.57,0
10133650,2012,tmax,1,5.0,0.84,2.3,5,22.27,17
10133650,2014,tmax,1,5.0,0.5,1.4,5,23.56,18
10133650,2015,tmax,6,6.5,2.0,42.2,39,25.23,27
10133650,2016,tmax,2,9.5,3.32,16.8,19,23.94,36
10133650,2017,tmax,1,9.0,1.51,7.7,9,20.99,1
10133650,2018,tmax,2,5.5,1.5,8.0,11,24.97,48
10133650,2020,tmax,1,6.0,1.52,5.1,6,22.76,27
10133650,2021,tmax,3,7.7,3.2,29.2,23,25.97,47
10133650,2022,tmax,1,10.0,2.5,9.9,10,24.27,27
10133650,2023,tmax,1,5.0,1.1,3.7,5,20.41,0
10133650,2024,tmax,2,8.5,1.5,9.8,17,23.9,28
10133650,2025,tmax,1,9.0,1.7,5.9,9,24.11,48
10133650,2010,tmax,0,0.0,0.0,0.0,0,21.66,0
10133650,2011,tmax,0,0.0,0.0,0.0,0,18.64,0
10133650,2013,tmax,0,0.0,0.0,0.0,0,23.3,0
10133650,2019,tmax,0,0.0,0.0,0.0,0,20.06,0
10133800,2003,tmax,1,7.0,1.58,5.5,7,23.69,25
10133800,2004,tmax,1,7.0,1.59,7.0,7,24.01,38
10133800,2005,tmax,1,5.0,0.8,3.1,5,23.51,16
10133800,2013,tmax,2,7.5,1.5,13.5,15,24.47,45
10133800,2014,tmax,3,7.3,2.14,19.5,22,23.79,37
10133800,2015,tmax,10,9.1,3.2,135.2,91,25.64,52
10133800,2016,tmax,2,9.0,2.5,11.7,18,23.24,40
10133800,2017,tmax,1,8.0,2.1,9.7,8,23.79,33
10133800,2018,tmax,5,7.2,2.0,24.9,36,24.53,61
10133800,2020,tmax,4,6.2,1.5,13.2,25,23.87,59
10133800,2021,tmax,3,6.7,2.38,19.3,20,23.89,55
10133800,2022,tmax,1,15.0,2.09,10.8,15,24.31,65
10133800,2024,tmax,2,5.5,1.1,4.6,11,24.67,41
10133800,2025,tmax,4,7.2,2.5,29.4,29,23.16,40
10133800,2001,tmax,0,0.0,0.0,0.0,0,10.57,0
10133800,2002,tmax,0,0.0,0.0,0.0,0,23.57,0
10133800,2006,tmax,0,0.0,0.0,0.0,0,23.96,0
10133800,2007,tmax,0,0.0,0.0,0.0,0,23.59,0
10133800,2008,tmax,0,0.0,0.0,0.0,0,22.77,0
10133800,2009,tmax,0,0.0,0.0,0.0,0,23.4,0
10133800,2010,tmax,0,0.0,0.0,0.0,0,22.87,0
10133800,2011,tmax,0,0.0,0.0,0.0,0,21.36,0
10133800,2012,tmax,0,0.0,0.0,0.0,0,23.54,0
10133800,2019,tmax,0,0.0,0.0,0.0,0,22.56,0
10133800,2023,tmax,0,0.0,0.0,0.0,0,22.97,0
10133980,2012,tmax,1,5.0,1.1,3.1,5,24.6,59
10133980,2013,tmax,2,5.5,2.35,11.0,11,26.23,62
10133980,2014,tmax,3,5.7,1.68,11.0,17,25.56,47
10133980,2015,tmax,10,8.0,3.0,92.9,80,26.93,63
10133980,2016,tmax,2,8.5,2.4,13.2,17,25.3,54
10133980,2017,tmax,1,6.0,1.6,5.5,6,24.27,49
10133980,2018,tmax,1,6.0,0.53,1.5,6,26.13,67
10133980,2021,tmax,3,7.7,2.06,21.5,23,26.53,61
10133980,2022,tmax,1,5.0,1.3,3.5,5,25.83,65
10133980,2025,tmax,3,11.0,4.2,42.3,33,24.63,61
10133980,2007,tmax,0,0.0,0.0,0.0,0,25.76,0
10133980,2008,tmax,0,0.0,0.0,0.0,0,25.03,0
10133980,2009,tmax,0,0.0,0.0,0.0,0,24.77,0
10133980,2010,tmax,0,0.0,0.0,0.0,0,24.57,0
10133980,2011,tmax,0,0.0,0.0,0.0,0,21.91,0
10133980,2019,tmax,0,0.0,0.0,0.0,0,23.56,0
10133980,2020,tmax,0,0.0,0.0,0.0,0,25.04,0
10133980,2023,tmax,0,0.0,0.0,0.0,0,23.21,0
10133980,2024,tmax,0,0.0,0.0,0.0,0,24.13,0
10141000,2019,tmax,2,42.0,8.3,371.5,84,26.21,58
10141000,2021,tmax,1,38.0,8.2,161.5,38,25.13,29
10141000,2022,tmax,2,55.0,8.7,550.9,110,26.77,72
10141000,2023,tmax,1,88.0,7.1,339.5,88,24.44,54
10141000,2024,tmax,3,35.3,8.5,412.9,106,25.87,54
10141000,2025,tmax,1,133.0,8.8,606.4,133,26.61,89
10141000,2018,tmax,0,0.0,0.0,0.0,0,17.7,0
10141000,2020,tmax,0,0.0,0.0,0.0,0,,0
10302002,1995,tmax,2,13.5,2.5,29.4,27,25.79,79
10302002,1999,tmax,2,6.5,2.5,17.9,13,29.0,113
10302002,2000,tmax,6,6.2,4.0,60.6,37,31.93,123
10302002,2001,tmax,2,12.5,4.5,62.6,25,30.21,45
10302002,2004,tmax,4,6.5,5.5,54.4,26,32.71,53
10302002,2005,tmax,1,7.0,3.8,14.1,7,28.14,94
10302002,2007,tmax,1,9.0,3.5,13.2,9,31.0,109
10302002,2008,tmax,2,5.5,2.9,13.7,11,30.29,112
10302002,2010,tmax,2,5.5,3.35,13.9,11,31.07,90
10302002,2017,tmax,1,6.0,0.6,2.1,6,27.54,107
10302002,2019,tmax,1,6.0,0.9,2.6,6,29.2,88
10302002,2020,tmax,2,7.5,3.9,29.2,15,27.99,112
10302002,2021,tmax,4,12.0,9.0,130.7,48,31.7,121
10302002,2022,tmax,4,7.8,8.55,131.5,31,37.01,59
10302002,2023,tmax,2,7.0,1.82,13.0,14,27.3,91
10302002,2024,tmax,4,7.2,4.1,60.0,29,31.49,136
10302002,2025,tmax,4,12.0,3.9,91.4,48,30.71,139
10302002,1996,tmax,0,0.0,0.0,0.0,0,25.79,0
10302002,1997,tmax,0,0.0,0.0,0.0,0,28.14,0
10302002,1998,tmax,0,0.0,0.0,0.0,0,28.64,0
10302002,2002,tmax,0,0.0,0.0,0.0,0,6.64,0
10302002,2003,tmax,0,0.0,0.0,0.0,0,9.43,0
10302002,2006,tmax,0,0.0,0.0,0.0,0,28.93,0
10302002,2009,tmax,0,0.0,0.0,0.0,0,23.64,0
10302002,2011,tmax,0,0.0,0.0,0.0,0,27.79,0
10302002,2012,tmax,0,0.0,0.0,0.0,0,28.64,0
10302002,2013,tmax,0,0.0,0.0,0.0,0,27.71,0
10302002,2014,tmax,0,0.0,0.0,0.0,0,,0
10302002,2015,tmax,0,0.0,0.0,0.0,0,,0
10302002,2016,tmax,0,0.0,0.0,0.0,0,,0
10302002,2018,tmax,0,0.0,0.0,0.0,0,29.51,0
10317480,2019,tmax,2,30.0,11.17,240.7,60,24.9,15
10317480,2020,tmax,1,13.0,8.68,75.5,13,28.24,13
10317480,2023,tmax,5,26.4,2.83,124.8,132,14.89,0
10317480,2024,tmax,5,25.2,6.52,180.4,126,25.13,14
10317480,2018,tmax,0,0.0,0.0,0.0,0,23.74,0
10317480,2021,tmax,0,0.0,0.0,0.0,0,21.21,0
10317480,2022,tmax,0,0.0,0.0,0.0,0,20.06,0
10317480,2025,tmax,0,0.0,0.0,0.0,0,0.77,0
103366092,1997,tmax,0,0.0,0.0,0.0,0,11.86,0
103366092,1998,tmax,0,0.0,0.0,0.0,0,16.86,0
103366092,1999,tmax,0,0.0,0.0,0.0,0,16.43,0
103366092,2000,tmax,0,0.0,0.0,0.0,0,19.71,0
103366092,2001,tmax,0,0.0,0.0,0.0,0,15.0,0
103366092,2002,tmax,0,0.0,0.0,0.0,0,19.86,0
103366092,2003,tmax,0,0.0,0.0,0.0,0,20.29,0
10336700,2020,tmax,5,19.4,5.58,256.2,97,15.9,0
10336700,2021,tmax,3,39.0,7.98,461.7,117,18.64,0
10336700,2022,tmax,3,32.3,6.08,317.9,97,16.53,0
10336700,2023,tmax,4,17.5,2.08,63.3,70,13.11,0
10336700,2024,tmax,3,28.0,5.28,186.4,84,15.9,0
10336700,2019,tmax,0,0.0,0.0,0.0,0,7.14,0
10336775,2001,tmax,3,5.3,2.5,17.2,16,20.71,0
10336775,1997,tmax,0,0.0,0.0,0.0,0,9.79,0
10336775,1998,tmax,0,0.0,0.0,0.0,0,14.93,0
10336775,1999,tmax,0,0.0,0.0,0.0,0,14.57,0
10336775,2000,tmax,0,0.0,0.0,0.0,0,19.79,0
10336775,2002,tmax,0,0.0,0.0,0.0,0,7.93,0
10336775,2003,tmax,0,0.0,0.0,0.0,0,18.71,0
10336779,2001,tmax,6,5.2,2.0,29.8,31,17.71,0
10336779,2002,tmax,1,5.0,1.5,3.8,5,16.71,0
10336779,1997,tmax,0,0.0,0.0,0.0,0,9.81,0
10336779,1998,tmax,0,0.0,0.0,0.0,0,13.36,0
10336779,1999,tmax,0,0.0,0.0,0.0,0,13.21,0
10336779,2000,tmax,0,0.0,0.0,0.0,0,16.21,0
10336779,2003,tmax,0,0.0,0.0,0.0,0,15.57,0
10339400,1986,tmax,1,8.0,2.2,10.5,8,20.07,0
10339400,1987,tmax,2,10.0,2.5,25.7,20,20.86,0
10339400,1988,tmax,5,14.4,2.42,61.0,72,22.64,17
10339400,1989,tmax,1,17.0,3.0,31.5,17,22.43,6
10339400,1990,tmax,1,12.0,1.0,6.1,12,23.21,27
10339400,1991,tmax,8,12.8,3.0,122.9,102,23.43,33
10339400,1992,tmax,8,17.4,4.5,178.7,139,23.86,41
10339400,1993,tmax,2,12.5,3.0,46.9,25,24.93,22
10339400,1994,tmax,5,7.8,4.0,45.4,39,21.21,0
10339400,1995,tmax,2,33.5,6.0,152.5,67,18.57,0
10339400,1996,tmax,1,5.0,0.5,2.5,5,20.64,0
10339400,2001,tmax,2,7.0,1.5,10.0,14,21.71,1
10339400,2003,tmax,3,9.0,1.4,16.7,27,22.64,10
10339400,2005,tmax,1,7.0,6.34,14.7,7,20.57,0
10339400,2007,tmax,8,12.2,2.5,106.4,98,24.29,37
10339400,2008,tmax,2,5.5,2.5,9.3,11,22.13,2
10339400,2009,tmax,5,7.2,2.1,31.0,36,24.34,38
10339400,1997,tmax,0,0.0,0.0,0.0,0,19.93,0
10339400,1998,tmax,0,0.0,0.0,0.0,0,19.64,0
10339400,1999,tmax,0,0.0,0.0,0.0,0,19.93,0
10339400,2000,tmax,0,0.0,0.0,0.0,0,22.07,0
10339400,2002,tmax,0,0.0,0.0,0.0,0,21.79,0
10339400,2004,tmax,0,0.0,0.0,0.0,0,23.0,0
10339400,2006,tmax,0,0.0,0.0,0.0,0,21.43,0
10339400,2010,tmax,0,0.0,0.0,0.0,0,21.6,0
10339419,1994,tmax,8,12.6,6.1,242.8,101,24.5,49
10339419,1995,tmax,1,8.0,1.0,4.6,8,20.07,0
10339419,1993,tmax,0,0.0,0.0,0.0,0,22.79,0
10339419,1996,tmax,0,0.0,0.0,0.0,0,22.79,0
10339419,1997,tmax,0,0.0,0.0,0.0,0,22.43,0
10339419,1998,tmax,0,0.0,0.0,0.0,0,22.57,0
10345490,2003,tmax,1,6.0,1.2,3.3,6,20.14,0
10345490,2001,tmax,0,0.0,0.0,0.0,0,3.21,0
10345490,2002,tmax,0,0.0,0.0,0.0,0,20.29,0
10345490,2004,tmax,0,0.0,0.0,0.0,0,19.71,0
10345490,2005,tmax,0,0.0,0.0,0.0,0,17.64,0
10345490,2006,tmax,0,0.0,0.0,0.0,0,16.74,0
10345490,2007,tmax,0,0.0,0.0,0.0,0,7.43,0
10348000,1990,tmax,5,11.0,3.5,76.5,55,24.5,51
10348000,1991,tmax,4,15.2,5.5,128.7,61,26.29,45
10348000,1992,tmax,5,13.2,5.5,159.8,66,26.14,55
10348000,1993,tmax,1,5.0,2.0,7.6,5,21.93,4
10348000,1994,tmax,2,49.0,6.0,366.9,98,27.43,88
10348000,1995,tmax,0,0.0,0.0,0.0,0,14.79,0
10348000,1996,tmax,0,0.0,0.0,0.0,0,22.71,0
10348000,1997,tmax,0,0.0,0.0,0.0,0,22.0,0
10348000,1998,tmax,0,0.0,0.0,0.0,0,21.0,0
10351650,1994,tmax,9,12.6,7.0,244.1,113,29.07,88
10351650,1995,tmax,5,13.2,5.0,135.5,66,21.93,7
10351650,2001,tmax,2,5.0,3.15,13.0,10,27.57,88
10351650,1993,tmax,0,0.0,0.0,0.0,0,23.71,0
10351650,1996,tmax,0,0.0,0.0,0.0,0,25.21,0
10351650,1997,tmax,0,0.0,0.0,0.0,0,25.21,0
10351650,1998,tmax,0,0.0,0.0,0.0,0,24.71,0
10351650,1999,tmax,0,0.0,0.0,0.0,0,25.14,0
10351650,2000,tmax,0,0.0,0.0,0.0,0,21.07,0
11044000,2000,tmax,7,7.0,3.89,81.3,49,26.93,165
11044000,2001,tmax,5,8.0,3.65,54.5,40,25.43,143
11044000,2003,tmax,1,6.0,0.3,1.2,6,27.66,124
11044000,2006,tmax,1,6.0,2.1,3.5,6,28.6,74
11044000,2007,tmax,3,6.0,3.5,21.4,18,28.5,124
11044000,2008,tmax,5,8.6,2.2,34.8,43,27.91,123
11044000,2009,tmax,4,21.0,4.4,93.3,84,29.09,117
11044000,2010,tmax,4,12.0,2.5,47.0,48,28.53,157
11044000,2011,tmax,2,8.0,4.24,45.5,16,25.73,78
11044000,2014,tmax,1,6.0,0.6,2.5,6,26.44,137
11044000,2015,tmax,4,17.5,5.5,128.8,70,28.27,140
11044000,2016,tmax,2,8.0,1.1,6.4,16,28.17,154
11044000,2018,tmax,4,14.5,2.82,64.0,58,28.74,142
11044000,2020,tmax,2,7.5,4.6,39.4,15,29.06,143
11044000,2022,tmax,6,15.8,5.45,187.8,95,28.89,176
11044000,2023,tmax,6,6.5,4.4,55.0,39,26.96,129
11044000,2024,tmax,4,11.5,3.16,31.9,46,27.76,154
11044000,2025,tmax,2,13.5,4.0,44.9,27,25.99,136
11044000,1999,tmax,0,0.0,0.0,0.0,0,11.07,0
11044000,2002,tmax,0,0.0,0.0,0.0,0,25.31,0
11044000,2004,tmax,0,0.0,0.0,0.0,0,25.04,0
11044000,2005,tmax,0,0.0,0.0,0.0,0,28.24,0
11044000,2012,tmax,0,0.0,0.0,0.0,0,24.69,0
11044000,2013,tmax,0,0.0,0.0,0.0,0,27.17,0
11044000,2017,tmax,0,0.0,0.0,0.0,0,25.81,0
11044000,2019,tmax,0,0.0,0.0,0.0,0,25.79,0
11044000,2021,tmax,0,0.0,0.0,0.0,0,28.26,0
11125600,2002,tmax,1,31.0,5.4,142.5,31,22.57,15
11125600,2003,tmax,3,14.3,1.0,21.2,43,16.71,0
11125600,2014,tmax,4,10.5,0.8,13.9,42,17.73,0
11125600,2015,tmax,6,31.7,3.83,216.9,190,20.46,0
11125600,2004,tmax,0,0.0,0.0,0.0,0,11.86,0
11125600,2005,tmax,0,0.0,0.0,0.0,0,16.86,0
11125600,2006,tmax,0,0.0,0.0,0.0,0,15.63,0
11125600,2007,tmax,0,0.0,0.0,0.0,0,16.6,0
11125600,2008,tmax,0,0.0,0.0,0.0,0,16.13,0
11125600,2009,tmax,0,0.0,0.0,0.0,0,16.37,0
11125600,2010,tmax,0,0.0,0.0,0.0,0,16.73,0
11125600,2011,tmax,0,0.0,0.0,0.0,0,16.63,0
11125600,2012,tmax,0,0.0,0.0,0.0,0,15.86,0
11125600,2013,tmax,0,0.0,0.0,0.0,0,16.81,0
11126000,1995,tmax,4,11.5,2.0,32.6,46,22.64,16
11126000,1996,tmax,5,21.8,4.5,202.6,109,24.29,59
11126000,1999,tmax,1,120.0,7.0,498.5,120,28.5,132
11126000,2000,tmax,4,10.5,2.5,43.5,42,25.29,79
11126000,2001,tmax,2,6.5,1.5,12.2,13,23.07,15
11126000,2003,tmax,1,5.0,0.83,2.6,5,22.57,16
11126000,2012,tmax,1,5.0,1.3,2.5,5,20.64,0
11126000,2014,tmax,2,6.5,1.2,6.3,13,22.9,24
11126000,2015,tmax,2,20.0,2.9,41.4,40,23.23,55
11126000,2016,tmax,6,12.5,3.6,106.1,75,26.41,76
11126000,2017,tmax,3,7.0,3.2,24.8,21,26.77,56
11126000,2018,tmax,1,5.0,1.11,1.8,5,22.47,21
11126000,2025,tmax,1,12.0,1.44,10.5,12,19.24,0
11126000,1994,tmax,0,0.0,0.0,0.0,0,16.79,0
11126000,1997,tmax,0,0.0,0.0,0.0,0,19.79,0
11126000,1998,tmax,0,0.0,0.0,0.0,0,21.86,0
11126000,2002,tmax,0,0.0,0.0,0.0,0,21.36,0
11126000,2004,tmax,0,0.0,0.0,0.0,0,20.0,0
11126000,2005,tmax,0,0.0,0.0,0.0,0,19.79,0
11126000,2006,tmax,0,0.0,0.0,0.0,0,20.36,0
11126000,2007,tmax,0,0.0,0.0,0.0,0,20.51,0
11126000,2008,tmax,0,0.0,0.0,0.0,0,17.33,0
11126000,2009,tmax,0,0.0,0.0,0.0,0,20.56,0
11126000,2010,tmax,0,0.0,0.0,0.0,0,20.0,0
11126000,2011,tmax,0,0.0,0.0,0.0,0,20.67,0
11126000,2013,tmax,0,0.0,0.0,0.0,0,21.74,0
11126000,2019,tmax,0,0.0,0.0,0.0,0,20.8,0
11126000,2020,tmax,0,0.0,0.0,0.0,0,20.8,0
11126000,2021,tmax,0,0.0,0.0,0.0,0,21.6,0
11126000,2022,tmax,0,0.0,0.0,0.0,0,21.66,0
11126000,2023,tmax,0,0.0,0.0,0.0,0,16.74,0
11126000,2024,tmax,0,0.0,0.0,0.0,0,18.1,0
11128500,1997,tmax,3,5.3,1.5,14.1,16,26.71,41
11128500,1999,tmax,7,9.9,4.0,98.0,69,29.0,144
11128500,2000,tmax,5,8.4,3.5,62.4,42,30.36,136
11128500,2001,tmax,3,6.0,3.43,23.6,18,29.07,108
11128500,2003,tmax,2,11.5,2.06,16.4,23,25.93,46
11128500,2004,tmax,1,18.0,2.3,19.5,18,25.79,85
11128500,2005,tmax,1,10.0,2.08,11.2,10,26.43,82
11128500,2006,tmax,1,8.0,1.0,4.1,8,27.0,132
11128500,2012,tmax,1,8.0,1.0,3.4,8,25.0,144
11128500,2014,tmax,1,5.0,0.6,1.9,5,25.29,31
11128500,2016,tmax,1,6.0,1.35,5.1,6,24.94,52
11128500,2018,tmax,1,5.0,0.9,2.8,5,23.7,16
11128500,2024,tmax,1,6.0,0.76,2.4,6,25.37,97
11128500,2025,tmax,8,7.2,4.3,60.6,58,27.43,176
11128500,1998,tmax,0,0.0,0.0,0.0,0,21.14,0
11128500,2002,tmax,0,0.0,0.0,0.0,0,20.07,0
11128500,2007,tmax,0,0.0,0.0,0.0,0,26.13,0
11128500,2008,tmax,0,0.0,0.0,0.0,0,26.56,0
11128500,2009,tmax,0,0.0,0.0,0.0,0,25.56,0
11128500,2010,tmax,0,0.0,0.0,0.0,0,24.14,0
11128500,2011,tmax,0,0.0,0.0,0.0,0,25.37,0
11128500,2013,tmax,0,0.0,0.0,0.0,0,22.5,0
11128500,2015,tmax,0,0.0,0.0,0.0,0,24.1,0
11128500,2017,tmax,0,0.0,0.0,0.0,0,21.41,0
11128500,2019,tmax,0,0.0,0.0,0.0,0,24.27,0
11128500,2020,tmax,0,0.0,0.0,0.0,0,24.5,0
11128500,2021,tmax,0,0.0,0.0,0.0,0,22.81,0
11128500,2022,tmax,0,0.0,0.0,0.0,0,21.99,0
11128500,2023,tmax,0,0.0,0.0,0.0,0,24.09,0
11162690,1990,tmax,1,7.0,0.8,3.6,7,17.36,0
11162690,1992,tmax,8,19.1,2.0,138.5,153,18.5,0
11162690,1993,tmax,2,10.5,2.0,16.8,21,17.93,0
11162690,1995,tmax,4,7.5,2.0,23.5,30,18.14,0
11162690,1997,tmax,1,5.0,0.5,2.1,5,19.0,0
11162690,1991,tmax,0,0.0,0.0,0.0,0,17.5,0
11162690,1994,tmax,0,0.0,0.0,0.0,0,17.0,0
11162690,1996,tmax,0,0.0,0.0,0.0,0,16.79,0
11162690,1998,tmax,0,0.0,0.0,0.0,0,17.57,0
11162690,1999,tmax,0,0.0,0.0,0.0,0,16.57,0
11162690,2000,tmax,0,0.0,0.0,0.0,0,17.0,0
11162690,2001,tmax,0,0.0,0.0,0.0,0,16.64,0
11162690,2002,tmax,0,0.0,0.0,0.0,0,17.64,0
11172955,2017,tmax,2,5.0,1.3,9.1,10,22.96,37
11172955,2018,tmax,4,5.5,1.1,12.4,22,23.36,56
11172955,2022,tmax,5,6.2,2.9,26.3,31,23.77,53
11172955,2015,tmax,0,0.0,0.0,0.0,0,10.87,0
11172955,2016,tmax,0,0.0,0.0,0.0,0,22.0,0
11172955,2019,tmax,0,0.0,0.0,0.0,0,23.07,0
11172955,2020,tmax,0,0.0,0.0,0.0,0,23.26,0
11172955,2021,tmax,0,0.0,0.0,0.0,0,23.34,0
11172955,2023,tmax,0,0.0,0.0,0.0,0,21.34,0
11173500,2009,tmax,1,5.0,1.1,2.8,5,23.09,13
11173500,2012,tmax,2,9.5,1.82,13.3,19,23.57,39
11173500,2013,tmax,6,11.2,3.52,81.0,67,25.1,41
11173500,2014,tmax,6,6.8,2.0,30.3,41,23.43,40
11173500,2015,tmax,5,9.6,1.6,27.8,48,21.5,0
11173500,2016,tmax,2,11.0,0.93,8.3,22,19.69,0
11173500,2017,tmax,2,11.5,2.8,29.4,23,23.34,15
11173500,2019,tmax,2,6.5,0.72,4.0,13,13.23,0
11173500,2008,tmax,0,0.0,0.0,0.0,0,16.67,0
11173500,2010,tmax,0,0.0,0.0,0.0,0,21.94,0
11173500,2011,tmax,0,0.0,0.0,0.0,0,21.19,0
11173500,2018,tmax,0,0.0,0.0,0.0,0,22.69,0
11173500,2020,tmax,0,0.0,0.0,0.0,0,14.4,0
11173500,2021,tmax,0,0.0,0.0,0.0,0,15.04,0
11173500,2022,tmax,0,0.0,0.0,0.0,0,14.6,0
11173500,2023,tmax,0,0.0,0.0,0.0,0,12.87,0
11173510,2009,tmax,8,8.5,3.92,85.7,68,26.3,95
11173510,2010,tmax,2,5.5,0.7,4.1,11,23.44,48
11173510,2012,tmax,1,5.0,0.4,1.0,5,24.66,60
11173510,2013,tmax,4,11.5,3.5,66.6,46,27.26,99
11173510,2014,tmax,3,6.3,1.53,11.3,19,25.04,67
11173510,2016,tmax,2,7.0,0.7,3.7,14,22.26,14
11173510,2017,tmax,1,6.0,0.8,2.6,6,23.36,55
11173510,2018,tmax,1,6.0,1.32,4.7,6,23.0,24
11173510,2021,tmax,1,5.0,0.2,0.5,5,15.89,0
11173510,2023,tmax,1,9.0,1.51,8.7,9,17.21,0
11173510,2024,tmax,1,13.0,1.5,10.0,13,12.4,0
11173510,2008,tmax,0,0.0,0.0,0.0,0,19.27,0
11173510,2011,tmax,0,0.0,0.0,0.0,0,23.3,0
11173510,2015,tmax,0,0.0,0.0,0.0,0,23.14,0
11173510,2019,tmax,0,0.0,0.0,0.0,0,16.44,0
11173510,2020,tmax,0,0.0,0.0,0.0,0,16.26,0
11173510,2022,tmax,0,0.0,0.0,0.0,0,16.4,0
11173575,2008,tmax,1,5.0,1.1,5.0,5,23.33,11
11173575,2009,tmax,1,5.0,0.9,3.0,5,21.96,5
11173575,2010,tmax,1,5.0,0.88,1.8,5,22.49,14
11173575,2011,tmax,1,8.0,1.27,7.2,8,24.47,21
11173575,2012,tmax,1,6.0,1.2,4.7,6,22.34,8
11173575,2013,tmax,1,7.0,1.6,6.1,7,22.04,3
11173575,2014,tmax,8,6.0,2.12,33.3,48,23.14,15
11173575,2015,tmax,4,8.2,1.9,21.7,33,21.67,3
11173575,2016,tmax,5,8.0,2.12,32.2,40,23.66,45
11173575,2017,tmax,5,7.8,2.5,40.0,39,25.16,60
11173575,2018,tmax,1,9.0,0.59,2.2,9,23.07,30
11173575,2020,tmax,2,9.5,3.01,15.9,19,23.7,46
11173575,2022,tmax,2,8.0,2.03,11.2,16,22.56,34
11173575,2007,tmax,0,0.0,0.0,0.0,0,17.47,0
11173575,2019,tmax,0,0.0,0.0,0.0,0,20.1,0
11173575,2021,tmax,0,0.0,0.0,0.0,0,22.76,0
11173575,2023,tmax,0,0.0,0.0,0.0,0,19.53,0
11174000,2010,tmax,1,5.0,2.32,8.2,5,21.74,7
11174000,2012,tmax,2,6.5,3.39,19.0,13,22.14,3
11174000,2014,tmax,3,7.3,3.0,25.2,22,20.33,0
11174000,2016,tmax,3,6.7,2.9,18.1,20,18.41,0
11174000,2017,tmax,2,6.5,1.42,9.3,13,17.86,0
11174000,2023,tmax,2,10.5,6.5,44.9,21,21.63,7
11174000,2008,tmax,0,0.0,0.0,0.0,0,18.04,0
11174000,2009,tmax,0,0.0,0.0,0.0,0,20.2,0
11174000,2011,tmax,0,0.0,0.0,0.0,0,23.86,0
11174000,2013,tmax,0,0.0,0.0,0.0,0,18.03,0
11174000,2015,tmax,0,0.0,0.0,0.0,0,19.86,0
11174000,2018,tmax,0,0.0,0.0,0.0,0,15.73,0
11174000,2019,tmax,0,0.0,0.0,0.0,0,16.5,0
11174000,2020,tmax,0,0.0,0.0,0.0,0,17.74,0
11174000,2021,tmax,0,0.0,0.0,0.0,0,16.26,0
11174000,2022,tmax,0,0.0,0.0,0.0,0,14.11,0
11181360,1991,tmax,1,5.0,0.5,2.1,5,20.43,0
11181360,1992,tmax,8,9.9,2.0,61.3,79,21.43,0
11181360,1993,tmax,2,7.0,1.5,10.4,14,21.43,0
11181360,1995,tmax,3,9.3,1.4,15.9,28,21.14,1
11181360,1996,tmax,1,7.0,1.47,5.6,7,20.21,0
11181360,1997,tmax,2,8.5,1.5,14.1,17,22.07,3
11181360,1998,tmax,1,16.0,1.0,9.0,16,20.64,0
11181360,2003,tmax,1,6.0,0.75,3.3,6,21.07,0
11181360,2004,tmax,1,6.0,1.2,3.3,6,21.89,2
11181360,2005,tmax,1,7.0,1.9,9.3,7,20.64,0
11181360,2006,tmax,1,7.0,1.24,5.8,7,21.57,0
11181360,1990,tmax,0,0.0,0.0,0.0,0,21.21,0
11181360,1994,tmax,0,0.0,0.0,0.0,0,20.29,0
11181360,1999,tmax,0,0.0,0.0,0.0,0,19.43,0
11181360,2000,tmax,0,0.0,0.0,0.0,0,20.57,0
11181360,2001,tmax,0,0.0,0.0,0.0,0,11.71,0
11181360,2002,tmax,0,0.0,0.0,0.0,0,20.57,0
11206820,2014,tmax,1,5.0,0.36,1.4,5,13.76,0
11206820,2015,tmax,1,7.0,3.44,17.6,7,13.37,0
11206820,2017,tmax,2,5.5,1.07,6.1,11,15.73,0
11206820,2018,tmax,1,5.0,1.07,3.7,5,16.36,0
11206820,2020,tmax,1,6.0,0.57,2.3,6,15.84,0
11206820,2021,tmax,4,6.5,1.44,18.9,26,17.63,0
11206820,2022,tmax,3,10.0,2.07,29.2,30,16.27,0
11206820,2024,tmax,5,9.6,2.17,34.6,48,17.13,0
11206820,2025,tmax,3,10.3,1.97,20.7,31,15.39,0
11206820,2013,tmax,0,0.0,0.0,0.0,0,7.76,0
11206820,2016,tmax,0,0.0,0.0,0.0,0,14.79,0
11206820,2019,tmax,0,0.0,0.0,0.0,0,15.47,0
11206820,2023,tmax,0,0.0,0.0,0.0,0,14.53,0
11251000,2009,tmax,1,8.0,0.57,2.2,8,16.14,0
11251000,2012,tmax,1,6.0,0.5,1.8,6,16.14,0
11251000,2013,tmax,1,9.0,0.3,1.4,9,16.11,0
11251000,2014,tmax,10,23.8,2.6,239.3,238,22.7,18
11251000,2015,tmax,15,15.6,3.79,271.8,234,21.66,0
11251000,2023,tmax,1,8.0,1.9,7.4,8,17.5,0
11251000,2024,tmax,1,9.0,2.8,16.7,9,16.51,0
11251000,2004,tmax,0,0.0,0.0,0.0,0,13.93,0
11251000,2005,tmax,0,0.0,0.0,0.0,0,16.57,0
11251000,2006,tmax,0,0.0,0.0,0.0,0,16.64,0
11251000,2007,tmax,0,0.0,0.0,0.0,0,14.71,0
11251000,2008,tmax,0,0.0,0.0,0.0,0,15.26,0
11251000,2010,tmax,0,0.0,0.0,0.0,0,14.66,0
11251000,2011,tmax,0,0.0,0.0,0.0,0,16.64,0
11251000,2016,tmax,0,0.0,0.0,0.0,0,15.97,0
11251000,2017,tmax,0,0.0,0.0,0.0,0,16.7,0
11251000,2018,tmax,0,0.0,0.0,0.0,0,15.0,0
11251000,2019,tmax,0,0.0,0.0,0.0,0,15.67,0
11251000,2020,tmax,0,0.0,0.0,0.0,0,15.96,0
11251000,2021,tmax,0,0.0,0.0,0.0,0,15.59,0
11251000,2022,tmax,0,0.0,0.0,0.0,0,15.86,0
11251000,2025,tmax,0,0.0,0.0,0.0,0,15.26,0
11276500,1989,tmax,1,28.0,1.0,13.0,28,12.71,0
11276500,1990,tmax,1,72.0,2.5,77.0,72,14.21,0
11276500,1992,tmax,5,15.2,1.5,43.2,76,13.14,0
11276500,1994,tmax,4,6.2,0.6,8.1,25,13.64,0
11276500,1995,tmax,2,21.5,2.5,55.2,43,15.07,0
11276500,1996,tmax,2,10.0,3.5,26.7,20,18.14,0
11276500,1998,tmax,1,7.0,1.0,5.3,7,16.64,0
11276500,2000,tmax,1,9.0,4.5,13.6,9,16.86,0
11276500,2002,tmax,1,5.0,1.6,5.0,5,15.36,0
11276500,2003,tmax,4,12.2,1.5,15.0,49,14.57,0
11276500,2004,tmax,1,5.0,2.0,6.8,5,15.21,0
11276500,2006,tmax,2,28.5,1.9,46.7,57,17.29,0
11276500,2007,tmax,1,6.0,3.2,12.6,6,14.37,0
11276500,2009,tmax,2,8.0,1.6,8.6,16,16.23,0
11276500,2010,tmax,1,12.0,2.1,16.4,12,17.5,0
11276500,2011,tmax,2,12.5,4.52,27.5,25,18.2,0
11276500,2012,tmax,2,9.5,2.3,19.1,19,14.29,0
11276500,2014,tmax,4,6.0,1.15,12.7,24,14.6,0
11276500,2015,tmax,4,12.8,1.1,24.0,51,13.3,0
11276500,2016,tmax,1,7.0,0.9,2.8,7,15.54,0
11276500,2017,tmax,5,17.4,2.9,103.4,87,15.7,0
11276500,2018,tmax,2,17.0,2.1,22.4,34,16.36,0
11276500,2020,tmax,6,6.2,0.7,12.3,37,15.71,0
11276500,2021,tmax,4,11.0,0.8,18.6,44,12.09,0
11276500,2022,tmax,1,7.0,3.2,12.5,7,15.57,0
11276500,1991,tmax,0,0.0,0.0,0.0,0,11.79,0
11276500,1993,tmax,0,0.0,0.0,0.0,0,13.86,0
11276500,1997,tmax,0,0.0,0.0,0.0,0,14.07,0
11276500,1999,tmax,0,0.0,0.0,0.0,0,13.57,0
11276500,2001,tmax,0,0.0,0.0,0.0,0,12.79,0
11276500,2005,tmax,0,0.0,0.0,0.0,0,16.36,0
11276500,2008,tmax,0,0.0,0.0,0.0,0,13.47,0
11276500,2013,tmax,0,0.0,0.0,0.0,0,13.9,0
11276500,2019,tmax,0,0.0,0.0,0.0,0,12.19,0
11276600,1988,tmax,3,6.7,1.8,15.8,20,23.0,11
11276600,1989,tmax,1,6.0,1.5,6.0,6,17.93,0
11276600,1990,tmax,2,6.0,1.9,10.9,12,22.36,4
11276600,1992,tmax,2,17.0,4.5,83.5,34,24.5,19
11276600,1994,tmax,7,7.1,3.05,56.3,50,24.5,29
11276600,1995,tmax,1,5.0,0.5,1.7,5,20.07,0
11276600,1996,tmax,1,6.0,1.66,7.8,6,22.29,5
11276600,2001,tmax,2,6.0,2.1,9.8,12,21.79,2
11276600,2003,tmax,1,5.0,0.55,1.6,5,22.57,12
11276600,2005,tmax,1,13.0,1.56,13.1,13,21.29,0
11276600,2006,tmax,1,7.0,0.9,2.9,7,22.0,2
11276600,2007,tmax,3,5.0,0.9,7.7,15,24.77,41
11276600,2008,tmax,1,7.0,3.15,14.0,7,22.47,12
11276600,2010,tmax,1,6.0,0.95,4.5,6,21.19,0
11276600,2012,tmax,1,7.0,1.3,6.1,7,21.47,0
11276600,2014,tmax,15,10.4,3.55,167.5,156,25.94,80
11276600,2015,tmax,10,13.2,4.2,191.5,132,24.61,69
11276600,2016,tmax,2,8.0,2.05,11.7,16,21.67,0
11276600,2017,tmax,4,7.5,2.07,26.1,30,21.74,0
11276600,2018,tmax,2,16.0,2.05,36.7,32,22.54,21
11276600,2019,tmax,2,5.0,1.2,7.5,10,21.67,0
11276600,2020,tmax,9,8.8,3.5,64.6,79,24.9,63
11276600,2021,tmax,12,11.5,4.45,198.1,138,25.61,89
11276600,2022,tmax,3,13.3,2.4,33.5,40,22.06,4
11276600,1991,tmax,0,0.0,0.0,0.0,0,20.64,0
11276600,1993,tmax,0,0.0,0.0,0.0,0,20.14,0
11276600,1997,tmax,0,0.0,0.0,0.0,0,21.14,0
11276600,1998,tmax,0,0.0,0.0,0.0,0,20.79,0
11276600,1999,tmax,0,0.0,0.0,0.0,0,20.57,0
11276600,2000,tmax,0,0.0,0.0,0.0,0,21.0,0
11276600,2002,tmax,0,0.0,0.0,0.0,0,22.5,0
11276600,2004,tmax,0,0.0,0.0,0.0,0,22.43,0
11276600,2009,tmax,0,0.0,0.0,0.0,0,22.73,0
11276600,2011,tmax,0,0.0,0.0,0.0,0,20.36,0
11276600,2013,tmax,0,0.0,0.0,0.0,0,23.71,0
11276900,2007,tmax,1,11.0,0.64,4.2,11,24.03,32
11276900,2008,tmax,1,6.0,2.4,8.2,6,21.97,3
11276900,2010,tmax,1,16.0,0.7,7.6,16,19.89,0
11276900,2012,tmax,1,7.0,0.75,3.6,7,21.04,0
11276900,2014,tmax,9,9.7,2.05,67.1,87,24.59,56
11276900,2015,tmax,7,11.3,3.7,87.1,79,23.73,36
11276900,2016,tmax,1,6.0,1.55,5.0,6,20.91,0
11276900,2017,tmax,3,6.7,2.05,17.3,20,21.06,0
11276900,2018,tmax,2,14.5,1.74,28.5,29,21.83,3
11276900,2020,tmax,5,6.6,1.14,20.8,33,24.94,34
11276900,2021,tmax,9,9.4,3.0,96.0,85,24.91,65
11276900,2022,tmax,2,11.0,1.4,11.9,22,21.8,2
11276900,2006,tmax,0,0.0,0.0,0.0,0,20.0,0
11276900,2009,tmax,0,0.0,0.0,0.0,0,21.96,0
11276900,2011,tmax,0,0.0,0.0,0.0,0,19.69,0
11276900,2013,tmax,0,0.0,0.0,0.0,0,23.07,0
11276900,2019,tmax,0,0.0,0.0,0.0,0,20.9,0
11276900,2023,tmax,0,0.0,0.0,0.0,0,,0
11277300,2007,tmax,1,8.0,1.7,6.6,8,15.91,0
11277300,2012,tmax,1,6.0,0.4,1.5,6,15.41,0
11277300,2014,tmax,5,6.4,1.87,18.8,32,16.04,0
11277300,2015,tmax,13,11.2,4.2,172.2,145,17.66,0
11277300,2016,tmax,2,7.0,1.0,5.3,14,16.26,0
11277300,2017,tmax,3,26.3,8.1,208.1,79,21.43,1
11277300,2020,tmax,2,6.5,2.06,12.1,13,17.94,0
11277300,2021,tmax,4,7.0,1.56,19.6,28,17.04,0
11277300,2022,tmax,3,5.3,1.0,7.3,16,15.7,0
11277300,2006,tmax,0,0.0,0.0,0.0,0,14.0,0
11277300,2008,tmax,0,0.0,0.0,0.0,0,15.59,0
11277300,2009,tmax,0,0.0,0.0,0.0,0,15.43,0
11277300,2010,tmax,0,0.0,0.0,0.0,0,14.03,0
11277300,2011,tmax,0,0.0,0.0,0.0,0,12.97,0
11277300,2013,tmax,0,0.0,0.0,0.0,0,15.11,0
11277300,2018,tmax,0,0.0,0.0,0.0,0,15.29,0
11277300,2019,tmax,0,0.0,0.0,0.0,0,14.59,0
11278000,2007,tmax,1,8.0,0.65,3.5,8,24.33,51
11278000,2008,tmax,1,5.0,0.5,1.8,5,24.11,39
11278000,2012,tmax,3,8.0,0.7,9.3,24,24.54,59
11278000,2014,tmax,5,7.4,0.91,15.3,37,23.9,69
11278000,2015,tmax,9,8.9,2.9,71.5,80,23.89,33
11278000,2016,tmax,1,5.0,0.56,1.9,5,23.47,28
11278000,2017,tmax,1,17.0,1.46,9.6,17,23.26,24
11278000,2018,tmax,1,13.0,1.5,8.4,13,23.64,36
11278000,2020,tmax,1,10.0,0.65,4.6,10,24.26,45
11278000,2021,tmax,5,10.6,1.3,28.1,53,24.8,64
11278000,2022,tmax,5,11.0,1.9,33.0,55,24.27,36
11278000,2006,tmax,0,0.0,0.0,0.0,0,23.21,0
11278000,2009,tmax,0,0.0,0.0,0.0,0,22.87,0
11278000,2010,tmax,0,0.0,0.0,0.0,0,22.26,0
11278000,2011,tmax,0,0.0,0.0,0.0,0,21.39,0
11278000,2013,tmax,0,0.0,0.0,0.0,0,23.49,0
11278000,2019,tmax,0,0.0,0.0,0.0,0,21.13,0
11278000,2023,tmax,0,0.0,0.0,0.0,0,,0
11278300,2011,tmax,1,7.0,0.49,1.7,7,21.71,1
11278300,2012,tmax,1,10.0,1.13,5.1,10,23.36,27
11278300,2014,tmax,4,7.0,1.83,23.3,28,23.63,42
11278300,2015,tmax,10,10.9,4.06,174.1,109,25.37,57
11278300,2017,tmax,3,13.0,2.8,44.0,39,22.7,17
11278300,2019,tmax,3,5.0,1.0,7.4,15,23.79,34
11278300,2020,tmax,6,7.7,2.4,29.2,46,24.71,77
11278300,2021,tmax,4,5.5,1.7,12.3,22,24.94,72
11278300,2022,tmax,4,10.2,2.8,33.5,41,24.49,71
11278300,2008,tmax,0,0.0,0.0,0.0,0,23.91,0
11278300,2009,tmax,0,0.0,0.0,0.0,0,23.34,0
11278300,2010,tmax,0,0.0,0.0,0.0,0,23.39,0
11278300,2013,tmax,0,0.0,0.0,0.0,0,24.31,0
11278300,2016,tmax,0,0.0,0.0,0.0,0,22.63,0
11278300,2018,tmax,0,0.0,0.0,0.0,0,23.96,0
11278400,2008,tmax,3,5.7,1.73,17.1,17,21.14,0
11278400,2010,tmax,1,7.0,2.39,6.9,7,20.2,0
11278400,2011,tmax,1,6.0,1.05,4.2,6,19.84,0
11278400,2012,tmax,1,9.0,2.2,7.9,9,20.71,0
11278400,2013,tmax,2,8.0,2.4,13.5,16,21.5,5
11278400,2014,tmax,5,14.6,2.4,42.5,73,20.2,1
11278400,2015,tmax,4,13.8,4.14,100.1,55,19.16,1
11278400,2016,tmax,1,7.0,0.64,2.0,7,19.27,0
11278400,2017,tmax,2,11.5,2.5,21.4,23,21.57,1
11278400,2018,tmax,3,7.7,1.38,15.6,23,21.36,0
11278400,2019,tmax,1,5.0,1.44,4.8,5,15.44,0
11278400,2021,tmax,4,11.0,2.3,31.4,44,20.54,0
11278400,2022,tmax,6,13.2,6.6,157.4,79,21.7,4
11278400,2006,tmax,0,0.0,0.0,0.0,0,18.93,0
11278400,2007,tmax,0,0.0,0.0,0.0,0,13.46,0
11278400,2009,tmax,0,0.0,0.0,0.0,0,19.33,0
11278400,2020,tmax,0,0.0,0.0,0.0,0,18.14,0
11289650,1985,tmax,3,48.0,7.47,584.1,144,19.64,0
11289650,1986,tmax,3,24.7,5.0,108.7,74,18.64,0
11289650,1987,tmax,2,79.0,9.5,725.8,158,23.29,12
11289650,1988,tmax,1,32.0,8.5,175.4,32,21.0,0
11289650,1989,tmax,4,34.5,3.0,169.4,138,16.0,0
11289650,1990,tmax,1,104.0,6.6,369.7,104,19.5,0
11289650,1991,tmax,5,33.2,5.52,551.4,166,19.43,0
11289650,1992,tmax,5,40.4,9.5,730.0,202,22.5,4
11289650,1994,tmax,2,62.0,5.63,393.4,124,19.79,0
11289650,1998,tmax,1,6.0,1.5,5.9,6,13.57,0
11289650,2000,tmax,1,5.0,0.2,0.8,5,14.0,0
11289650,2002,tmax,3,8.3,1.5,7.6,25,15.0,0
11289650,2014,tmax,4,8.2,2.0,20.7,33,15.07,0
11289650,2015,tmax,12,19.2,5.2,272.7,231,18.26,0
11289650,2016,tmax,1,6.0,0.33,1.2,6,12.99,0
11289650,2017,tmax,2,20.5,0.9,13.6,41,13.57,0
11289650,2018,tmax,6,11.8,0.84,25.8,71,15.31,0
11289650,2019,tmax,1,10.0,0.5,2.8,10,13.84,0
11289650,2020,tmax,3,5.7,0.7,7.5,17,13.86,0
11289650,2021,tmax,6,10.8,0.6,20.6,65,14.19,0
11289650,1993,tmax,0,0.0,0.0,0.0,0,12.57,0
11289650,1995,tmax,0,0.0,0.0,0.0,0,13.0,0
11289650,1996,tmax,0,0.0,0.0,0.0,0,14.5,0
11289650,1997,tmax,0,0.0,0.0,0.0,0,13.5,0
11289650,1999,tmax,0,0.0,0.0,0.0,0,13.79,0
11289650,2001,tmax,0,0.0,0.0,0.0,0,14.79,0
11289650,2003,tmax,0,0.0,0.0,0.0,0,14.71,0
11289650,2004,tmax,0,0.0,0.0,0.0,0,14.43,0
11289650,2005,tmax,0,0.0,0.0,0.0,0,13.14,0
11289650,2006,tmax,0,0.0,0.0,0.0,0,13.36,0
11289650,2007,tmax,0,0.0,0.0,0.0,0,13.7,0
11289650,2008,tmax,0,0.0,0.0,0.0,0,14.36,0
11289650,2009,tmax,0,0.0,0.0,0.0,0,13.77,0
11289650,2010,tmax,0,0.0,0.0,0.0,0,12.96,0
11289650,2011,tmax,0,0.0,0.0,0.0,0,12.96,0
11289650,2012,tmax,0,0.0,0.0,0.0,0,13.51,0
11289650,2013,tmax,0,0.0,0.0,0.0,0,13.29,0
11289650,2022,tmax,0,0.0,0.0,0.0,0,14.06,0
11289650,2023,tmax,0,0.0,0.0,0.0,0,11.47,0
11294500,1991,tmax,3,15.3,5.0,102.4,46,22.5,6
11294500,1992,tmax,4,16.2,6.6,193.1,65,21.36,0
11294500,1993,tmax,2,7.0,2.0,12.0,14,19.07,0
11294500,1994,tmax,11,11.8,3.6,183.0,130,20.79,0
11294500,1995,tmax,3,6.3,2.5,17.6,19,16.71,0
11294500,1990,tmax,0,0.0,0.0,0.0,0,18.5,0
11294500,1996,tmax,0,0.0,0.0,0.0,0,18.07,0
11294500,1997,tmax,0,0.0,0.0,0.0,0,19.64,0
11294500,1998,tmax,0,0.0,0.0,0.0,0,16.86,0
11299997,1986,tmax,1,19.0,0.54,4.7,19,11.57,0
11299997,1987,tmax,2,10.0,0.3,2.6,20,14.14,0
11299997,1988,tmax,1,14.0,0.5,4.8,14,13.5,0
11299997,1990,tmax,3,39.3,5.3,131.4,118,17.0,0
11299997,1991,tmax,2,58.0,5.1,355.6,116,19.64,0
11299997,1992,tmax,3,55.3,6.43,486.7,166,20.36,0
11299997,1994,tmax,1,54.0,2.2,66.2,54,17.21,0
11299997,2003,tmax,4,9.0,0.3,5.3,36,13.71,0
11299997,2011,tmax,1,5.0,0.5,1.6,5,11.1,0
11299997,2014,tmax,3,170.3,5.0,744.2,511,16.06,0
11299997,2016,tmax,5,21.0,0.9,38.6,105,15.74,0
11299997,2017,tmax,1,15.0,0.6,5.0,15,11.56,0
11299997,2019,tmax,2,5.0,0.3,1.9,10,12.33,0
11299997,2020,tmax,1,5.0,0.2,0.7,5,13.41,0
11299997,2021,tmax,4,16.2,0.36,12.2,65,13.59,0
11299997,1993,tmax,0,0.0,0.0,0.0,0,14.43,0
11299997,1995,tmax,0,0.0,0.0,0.0,0,11.5,0
11299997,1996,tmax,0,0.0,0.0,0.0,0,12.0,0
11299997,1997,tmax,0,0.0,0.0,0.0,0,12.29,0
11299997,1998,tmax,0,0.0,0.0,0.0,0,12.0,0
11299997,1999,tmax,0,0.0,0.0,0.0,0,12.5,0
11299997,2000,tmax,0,0.0,0.0,0.0,0,12.86,0
11299997,2001,tmax,0,0.0,0.0,0.0,0,12.86,0
11299997,2002,tmax,0,0.0,0.0,0.0,0,12.71,0
11299997,2004,tmax,0,0.0,0.0,0.0,0,13.0,0
11299997,2005,tmax,0,0.0,0.0,0.0,0,11.64,0
11299997,2006,tmax,0,0.0,0.0,0.0,0,11.64,0
11299997,2007,tmax,0,0.0,0.0,0.0,0,12.4,0
11299997,2008,tmax,0,0.0,0.0,0.0,0,12.73,0
11299997,2009,tmax,0,0.0,0.0,0.0,0,12.41,0
11299997,2010,tmax,0,0.0,0.0,0.0,0,12.59,0
11299997,2012,tmax,0,0.0,0.0,0.0,0,12.6,0
11299997,2013,tmax,0,0.0,0.0,0.0,0,12.8,0
11299997,2015,tmax,0,0.0,0.0,0.0,0,19.71,0
11299997,2018,tmax,0,0.0,0.0,0.0,0,12.84,0
11299997,2022,tmax,0,0.0,0.0,0.0,0,14.63,0
11299997,2023,tmax,0,0.0,0.0,0.0,0,,0
11302000,1985,tmax,1,6.0,0.6,1.7,6,14.0,0
11302000,1986,tmax,1,21.0,1.5,17.2,21,13.0,0
11302000,1987,tmax,7,21.1,2.5,110.8,148,15.93,0
11302000,1988,tmax,9,17.7,1.46,78.8,159,15.14,0
11302000,1989,tmax,7,24.3,2.0,123.4,170,16.36,0
11302000,1990,tmax,1,118.0,3.94,212.6,118,18.21,0
11302000,1991,tmax,2,48.5,6.0,244.3,97,20.71,0
11302000,1992,tmax,5,39.8,6.0,496.7,199,20.71,0
11302000,1993,tmax,2,17.5,1.5,27.5,35,14.79,0
11302000,1994,tmax,1,56.0,2.5,54.6,56,17.29,0
11302000,1995,tmax,1,6.0,0.12,0.6,6,12.43,0
11302000,2003,tmax,1,9.0,0.6,1.8,9,14.21,0
11302000,2004,tmax,1,9.0,0.3,2.4,9,13.71,0
11302000,2014,tmax,5,45.2,2.3,172.6,226,16.57,0
11302000,2015,tmax,1,234.0,5.6,671.9,234,20.44,0
11302000,2016,tmax,9,19.0,2.8,165.0,171,16.46,0
11302000,2017,tmax,2,7.0,0.6,4.4,14,12.13,0
11302000,2021,tmax,2,5.0,0.24,1.5,10,14.84,0
11302000,2022,tmax,3,6.7,1.1,12.4,20,15.77,0
11302000,1996,tmax,0,0.0,0.0,0.0,0,12.5,0
11302000,1997,tmax,0,0.0,0.0,0.0,0,13.29,0
11302000,1998,tmax,0,0.0,0.0,0.0,0,13.0,0
11302000,1999,tmax,0,0.0,0.0,0.0,0,13.0,0
11302000,2000,tmax,0,0.0,0.0,0.0,0,13.71,0
11302000,2001,tmax,0,0.0,0.0,0.0,0,13.79,0
11302000,2002,tmax,0,0.0,0.0,0.0,0,14.0,0
11302000,2005,tmax,0,0.0,0.0,0.0,0,13.0,0
11302000,2006,tmax,0,0.0,0.0,0.0,0,13.21,0
11302000,2007,tmax,0,0.0,0.0,0.0,0,13.66,0
11302000,2008,tmax,0,0.0,0.0,0.0,0,13.77,0
11302000,2009,tmax,0,0.0,0.0,0.0,0,13.29,0
11302000,2010,tmax,0,0.0,0.0,0.0,0,13.73,0
11302000,2011,tmax,0,0.0,0.0,0.0,0,13.04,0
11302000,2012,tmax,0,0.0,0.0,0.0,0,13.61,0
11302000,2013,tmax,0,0.0,0.0,0.0,0,14.06,0
11302000,2018,tmax,0,0.0,0.0,0.0,0,13.81,0
11302000,2019,tmax,0,0.0,0.0,0.0,0,13.23,0
11302000,2020,tmax,0,0.0,0.0,0.0,0,15.36,0
11302500,1985,tmax,1,9.0,0.8,3.2,9,17.86,0
11302500,1986,tmax,2,7.5,1.92,12.3,15,16.21,0
11302500,1987,tmax,6,11.3,2.13,65.8,68,19.57,0
11302500,1988,tmax,4,8.2,1.8,28.8,33,18.79,0
11302500,1989,tmax,2,8.5,2.26,13.2,17,21.64,1
11302500,1990,tmax,5,16.4,2.8,85.1,82,21.21,0
11302500,1991,tmax,6,27.5,5.0,305.9,165,24.79,84
11302500,1992,tmax,7,28.4,5.8,352.6,199,25.29,72
11302500,1993,tmax,3,7.3,1.8,19.7,22,20.86,0
11302500,1994,tmax,4,7.8,4.0,47.0,31,20.36,0
11302500,1995,tmax,3,5.7,1.2,11.5,17,20.71,0
11302500,1996,tmax,1,7.0,2.0,7.0,7,18.07,0
11302500,1997,tmax,1,5.0,1.5,4.9,5,19.36,0
11302500,2001,tmax,1,13.0,1.5,10.9,13,19.64,0
11302500,2004,tmax,2,11.5,1.58,19.8,23,19.86,0
11302500,2010,tmax,1,8.0,1.3,5.1,8,20.61,0
11302500,2012,tmax,1,8.0,0.7,3.3,8,18.99,0
11302500,2014,tmax,11,17.2,2.8,182.4,189,23.11,38
11302500,2015,tmax,4,58.0,6.3,655.3,232,25.43,123
11302500,2016,tmax,8,8.5,2.81,55.6,68,22.1,3
11302500,2017,tmax,1,6.0,1.1,4.0,6,16.43,0
11302500,2018,tmax,1,5.0,0.75,2.2,5,20.83,0
11302500,2019,tmax,1,5.0,1.28,4.2,5,18.01,0
11302500,2020,tmax,3,16.7,1.9,39.1,50,22.6,33
11302500,2021,tmax,1,9.0,3.5,12.0,9,18.19,0
11302500,2022,tmax,2,12.0,1.5,15.8,24,21.3,0
11302500,1998,tmax,0,0.0,0.0,0.0,0,15.43,0
11302500,1999,tmax,0,0.0,0.0,0.0,0,17.93,0
11302500,2000,tmax,0,0.0,0.0,0.0,0,21.07,0
11302500,2002,tmax,0,0.0,0.0,0.0,0,20.21,0
11302500,2003,tmax,0,0.0,0.0,0.0,0,19.93,0
11302500,2005,tmax,0,0.0,0.0,0.0,0,20.5,0
11302500,2006,tmax,0,0.0,0.0,0.0,0,16.36,0
11302500,2007,tmax,0,0.0,0.0,0.0,0,20.8,0
11302500,2008,tmax,0,0.0,0.0,0.0,0,20.06,0
11302500,2009,tmax,0,0.0,0.0,0.0,0,19.9,0
11302500,2011,tmax,0,0.0,0.0,0.0,0,16.46,0
11302500,2013,tmax,0,0.0,0.0,0.0,0,20.7,0
11302500,2023,tmax,0,0.0,0.0,0.0,0,11.46,0
11303000,1985,tmax,3,8.3,3.6,40.4,25,20.37,0
11303000,1986,tmax,4,9.2,3.4,52.9,37,20.94,0
11303000,1987,tmax,6,8.8,3.5,81.7,53,23.43,25
11303000,1988,tmax,2,6.0,1.85,10.7,12,23.07,12
11303000,1989,tmax,2,14.0,9.0,99.1,28,25.71,66
11303000,1995,tmax,2,6.5,1.6,13.9,13,24.71,56
11303000,1996,tmax,1,7.0,2.0,7.5,7,22.07,1
11303000,2000,tmax,1,5.0,1.39,3.6,5,24.57,52
11303000,2001,tmax,2,7.5,2.0,17.0,15,23.64,55
11303000,2003,tmax,1,6.0,1.0,4.4,6,24.21,38
11303000,2004,tmax,2,7.0,1.62,15.2,14,24.0,49
11303000,2005,tmax,3,8.0,3.3,28.3,24,26.21,75
11303000,2010,tmax,3,5.7,2.24,12.9,17,25.27,93
11303000,2012,tmax,1,9.0,2.2,11.4,9,24.0,44
11303000,2013,tmax,1,7.0,1.2,4.5,7,25.56,101
11303000,2014,tmax,10,10.1,3.04,110.7,101,26.11,116
11303000,2015,tmax,7,30.1,7.44,565.5,211,29.61,156
11303000,2016,tmax,7,8.1,2.6,52.5,57,26.07,98
11303000,2019,tmax,1,5.0,2.1,4.9,5,21.49,0
11303000,2020,tmax,3,13.7,2.94,46.1,41,27.9,77
11303000,2021,tmax,1,9.0,4.2,17.9,9,22.01,6
11303000,2022,tmax,5,11.4,2.7,54.3,57,26.34,83
11303000,1990,tmax,0,0.0,0.0,0.0,0,,0
11303000,1991,tmax,0,0.0,0.0,0.0,0,,0
11303000,1992,tmax,0,0.0,0.0,0.0,0,,0
11303000,1993,tmax,0,0.0,0.0,0.0,0,,0
11303000,1994,tmax,0,0.0,0.0,0.0,0,19.81,0
11303000,1997,tmax,0,0.0,0.0,0.0,0,23.5,0
11303000,1998,tmax,0,0.0,0.0,0.0,0,17.43,0
11303000,1999,tmax,0,0.0,0.0,0.0,0,20.93,0
11303000,2002,tmax,0,0.0,0.0,0.0,0,24.0,0
11303000,2006,tmax,0,0.0,0.0,0.0,0,18.43,0
11303000,2007,tmax,0,0.0,0.0,0.0,0,24.96,0
11303000,2008,tmax,0,0.0,0.0,0.0,0,24.27,0
11303000,2009,tmax,0,0.0,0.0,0.0,0,24.89,0
11303000,2011,tmax,0,0.0,0.0,0.0,0,19.4,0
11303000,2017,tmax,0,0.0,0.0,0.0,0,19.2,0
11303000,2018,tmax,0,0.0,0.0,0.0,0,26.2,0
11303000,2023,tmax,0,0.0,0.0,0.0,0,12.24,0
11390000,1999,tmax,1,5.0,0.4,1.2,5,23.71,22
11390000,2000,tmax,1,6.0,1.0,2.8,6,25.07,61
11390000,2001,tmax,5,7.0,2.64,29.7,35,25.14,81
11390000,2002,tmax,3,8.0,2.3,22.4,24,26.86,82
11390000,2003,tmax,1,6.0,1.0,3.2,6,26.07,49
11390000,2005,tmax,2,14.0,2.53,28.0,28,24.97,51
11390000,2007,tmax,2,5.5,0.4,3.0,11,24.54,76
11390000,2013,tmax,2,5.5,1.5,7.1,11,25.64,59
11390000,2014,tmax,4,7.8,1.7,26.8,31,25.39,80
11390000,2015,tmax,8,13.6,3.4,136.5,109,26.86,88
11390000,2017,tmax,1,5.0,1.13,3.8,5,24.87,82
11390000,2018,tmax,2,6.5,1.4,6.6,13,24.9,51
11390000,2020,tmax,5,6.4,1.72,19.9,32,25.6,87
11390000,2021,tmax,5,15.4,2.32,81.0,77,26.76,89
11390000,2022,tmax,4,13.5,2.52,39.6,54,25.07,81
11390000,2024,tmax,2,9.0,2.2,17.8,18,24.79,45
11390000,2025,tmax,4,8.5,2.43,31.6,34,23.86,52
11390000,1998,tmax,0,0.0,0.0,0.0,0,15.29,0
11390000,2004,tmax,0,0.0,0.0,0.0,0,25.36,0
11390000,2006,tmax,0,0.0,0.0,0.0,0,24.1,0
11390000,2008,tmax,0,0.0,0.0,0.0,0,24.3,0
11390000,2009,tmax,0,0.0,0.0,0.0,0,25.1,0
11390000,2010,tmax,0,0.0,0.0,0.0,0,24.17,0
11390000,2011,tmax,0,0.0,0.0,0.0,0,21.7,0
11390000,2012,tmax,0,0.0,0.0,0.0,0,23.79,0
11390000,2016,tmax,0,0.0,0.0,0.0,0,23.69,0
11390000,2019,tmax,0,0.0,0.0,0.0,0,23.24,0
11390000,2023,tmax,0,0.0,0.0,0.0,0,23.41,0
11433790,2000,tmax,2,9.5,1.31,12.6,19,22.14,4
11433790,2001,tmax,6,16.3,2.87,104.1,98,22.57,19
11433790,2002,tmax,2,7.5,2.3,18.8,15,23.29,40
11433790,2003,tmax,1,6.0,0.9,2.9,6,22.86,14
11433790,2013,tmax,2,7.0,1.5,13.3,14,24.06,32
11433790,2014,tmax,5,8.6,1.21,25.6,43,21.21,2
11433790,2015,tmax,6,17.0,3.59,140.3,102,23.29,45
11433790,2016,tmax,1,9.0,0.6,2.6,9,23.96,10
11433790,2017,tmax,1,7.0,1.9,4.1,7,19.7,0
11433790,2018,tmax,3,7.7,1.1,10.8,23,22.71,12
11433790,2020,tmax,2,5.0,0.9,6.0,10,24.13,9
11433790,2021,tmax,5,16.8,4.2,104.5,84,25.49,66
11433790,2022,tmax,1,6.0,1.2,3.8,6,20.93,0
11433790,1999,tmax,0,0.0,0.0,0.0,0,20.0,0
11433790,2004,tmax,0,0.0,0.0,0.0,0,23.5,0
11433790,2005,tmax,0,0.0,0.0,0.0,0,22.29,0
11433790,2006,tmax,0,0.0,0.0,0.0,0,20.43,0
11433790,2007,tmax,0,0.0,0.0,0.0,0,22.93,0
11433790,2008,tmax,0,0.0,0.0,0.0,0,21.93,0
11433790,2009,tmax,0,0.0,0.0,0.0,0,23.81,0
11433790,2010,tmax,0,0.0,0.0,0.0,0,23.47,0
11433790,2011,tmax,0,0.0,0.0,0.0,0,19.86,0
11433790,2012,tmax,0,0.0,0.0,0.0,0,22.0,0
11433790,2019,tmax,0,0.0,0.0,0.0,0,17.96,0
11433790,2023,tmax,0,0.0,0.0,0.0,0,11.53,0
11446030,2000,tmax,2,5.0,1.06,4.5,10,20.21,0
11446030,2001,tmax,3,41.0,5.5,255.9,123,24.21,31
11446030,2002,tmax,1,5.0,1.0,2.9,5,23.36,25
11446030,2005,tmax,1,16.0,2.6,23.3,16,20.5,0
11446030,2014,tmax,6,7.3,2.63,47.9,44,23.71,37
11446030,2015,tmax,9,13.8,4.5,187.0,124,23.87,43
11446030,2017,tmax,1,5.0,1.8,4.7,5,20.29,0
11446030,2018,tmax,1,15.0,1.9,11.4,15,22.71,16
11446030,2019,tmax,1,6.0,1.6,5.5,6,19.39,0
11446030,2020,tmax,1,5.0,0.9,2.2,5,22.76,24
11446030,2021,tmax,7,8.3,2.72,54.3,58,24.6,41
11446030,2022,tmax,1,5.0,1.4,3.1,5,22.09,18
11446030,2023,tmax,1,9.0,1.3,6.1,9,11.67,0
11446030,1999,tmax,0,0.0,0.0,0.0,0,17.21,0
11446030,2003,tmax,0,0.0,0.0,0.0,0,23.71,0
11446030,2004,tmax,0,0.0,0.0,0.0,0,20.14,0
11446030,2006,tmax,0,0.0,0.0,0.0,0,19.71,0
11446030,2007,tmax,0,0.0,0.0,0.0,0,20.87,0
11446030,2008,tmax,0,0.0,0.0,0.0,0,22.54,0
11446030,2009,tmax,0,0.0,0.0,0.0,0,22.03,0
11446030,2010,tmax,0,0.0,0.0,0.0,0,20.67,0
11446030,2011,tmax,0,0.0,0.0,0.0,0,18.83,0
11446030,2012,tmax,0,0.0,0.0,0.0,0,21.1,0
11446030,2013,tmax,0,0.0,0.0,0.0,0,19.94,0
11446030,2016,tmax,0,0.0,0.0,0.0,0,20.71,0
11446220,2000,tmax,2,7.0,0.5,3.8,14,18.07,0
11446220,2001,tmax,2,26.0,2.1,68.9,52,20.93,0
11446220,2002,tmax,1,5.0,0.52,1.9,5,19.07,0
11446220,2004,tmax,2,8.5,1.1,12.5,17,19.86,0
11446220,2008,tmax,2,10.5,1.01,9.1,21,20.33,0
11446220,2014,tmax,6,16.0,6.39,87.7,96,20.11,0
11446220,2015,tmax,7,23.0,4.9,181.1,161,21.87,2
11446220,2018,tmax,4,5.5,1.2,11.7,22,18.81,0
11446220,2021,tmax,5,18.0,2.32,83.7,90,20.3,0
11446220,2022,tmax,1,7.0,1.01,4.7,7,19.73,0
11446220,1998,tmax,0,0.0,0.0,0.0,0,15.79,0
11446220,1999,tmax,0,0.0,0.0,0.0,0,17.5,0
11446220,2003,tmax,0,0.0,0.0,0.0,0,18.0,0
11446220,2005,tmax,0,0.0,0.0,0.0,0,17.43,0
11446220,2006,tmax,0,0.0,0.0,0.0,0,17.56,0
11446220,2007,tmax,0,0.0,0.0,0.0,0,19.14,0
11446220,2009,tmax,0,0.0,0.0,0.0,0,18.63,0
11446220,2010,tmax,0,0.0,0.0,0.0,0,17.24,0
11446220,2011,tmax,0,0.0,0.0,0.0,0,16.8,0
11446220,2012,tmax,0,0.0,0.0,0.0,0,18.47,0
11446220,2013,tmax,0,0.0,0.0,0.0,0,19.31,0
11446220,2016,tmax,0,0.0,0.0,0.0,0,20.1,0
11446220,2017,tmax,0,0.0,0.0,0.0,0,17.67,0
11446220,2019,tmax,0,0.0,0.0,0.0,0,17.81,0
11446220,2020,tmax,0,0.0,0.0,0.0,0,19.47,0
11446220,2023,tmax,0,0.0,0.0,0.0,0,11.2,0
11446500,1999,tmax,3,18.0,1.0,23.8,54,18.5,0
11446500,2001,tmax,3,22.0,3.12,88.7,66,21.29,0
11446500,2002,tmax,1,5.0,0.3,1.2,5,18.71,0
11446500,2004,tmax,1,9.0,0.7,5.3,9,19.29,0
11446500,2014,tmax,3,17.7,3.1,39.4,53,19.59,0
11446500,2015,tmax,6,27.5,2.47,158.2,165,22.17,7
11446500,2020,tmax,1,6.0,0.6,1.5,6,19.79,0
11446500,2021,tmax,5,45.0,3.5,332.0,225,22.24,21
11446500,1998,tmax,0,0.0,0.0,0.0,0,16.36,0
11446500,2000,tmax,0,0.0,0.0,0.0,0,19.43,0
11446500,2003,tmax,0,0.0,0.0,0.0,0,18.0,0
11446500,2005,tmax,0,0.0,0.0,0.0,0,17.29,0
11446500,2006,tmax,0,0.0,0.0,0.0,0,17.21,0
11446500,2007,tmax,0,0.0,0.0,0.0,0,19.03,0
11446500,2008,tmax,0,0.0,0.0,0.0,0,20.4,0
11446500,2009,tmax,0,0.0,0.0,0.0,0,18.7,0
11446500,2010,tmax,0,0.0,0.0,0.0,0,17.53,0
11446500,2011,tmax,0,0.0,0.0,0.0,0,16.97,0
11446500,2012,tmax,0,0.0,0.0,0.0,0,18.01,0
11446500,2013,tmax,0,0.0,0.0,0.0,0,19.19,0
11446500,2016,tmax,0,0.0,0.0,0.0,0,19.87,0
11446500,2017,tmax,0,0.0,0.0,0.0,0,17.39,0
11446500,2018,tmax,0,0.0,0.0,0.0,0,18.29,0
11446500,2019,tmax,0,0.0,0.0,0.0,0,17.7,0
11446500,2022,tmax,0,0.0,0.0,0.0,0,19.49,0
11446700,2001,tmax,3,16.3,1.7,42.8,49,22.93,23
11446700,2005,tmax,1,5.0,0.5,1.4,5,19.07,0
11446700,2008,tmax,1,7.0,0.6,2.8,7,22.61,44
11446700,2013,tmax,2,6.0,1.2,7.8,12,21.36,0
11446700,2014,tmax,4,19.5,2.0,60.0,78,22.39,14
11446700,2015,tmax,13,11.6,2.1,127.8,151,24.33,81
11446700,2020,tmax,2,6.0,0.4,2.3,12,21.69,0
11446700,2021,tmax,7,23.6,3.4,237.8,165,24.86,117
11446700,2022,tmax,1,5.0,0.3,1.1,5,20.86,0
11446700,2000,tmax,0,0.0,0.0,0.0,0,18.86,0
11446700,2002,tmax,0,0.0,0.0,0.0,0,21.14,0
11446700,2003,tmax,0,0.0,0.0,0.0,0,20.21,0
11446700,2004,tmax,0,0.0,0.0,0.0,0,21.79,0
11446700,2006,tmax,0,0.0,0.0,0.0,0,19.21,0
11446700,2007,tmax,0,0.0,0.0,0.0,0,21.17,0
11446700,2009,tmax,0,0.0,0.0,0.0,0,20.63,0
11446700,2010,tmax,0,0.0,0.0,0.0,0,19.69,0
11446700,2011,tmax,0,0.0,0.0,0.0,0,18.71,0
11446700,2012,tmax,0,0.0,0.0,0.0,0,20.09,0
11446700,2016,tmax,0,0.0,0.0,0.0,0,21.43,0
11446700,2017,tmax,0,0.0,0.0,0.0,0,19.06,0
11446700,2018,tmax,0,0.0,0.0,0.0,0,20.53,0
11446700,2019,tmax,0,0.0,0.0,0.0,0,19.97,0
11446700,2023,tmax,0,0.0,0.0,0.0,0,11.51,0
11446980,2001,tmax,4,12.8,2.16,49.0,51,23.14,34
11446980,2004,tmax,1,5.0,1.2,4.1,5,22.29,8
11446980,2013,tmax,1,6.0,1.0,4.5,6,22.43,12
11446980,2014,tmax,4,20.8,3.3,129.2,83,23.03,46
11446980,2015,tmax,13,15.1,3.1,190.6,196,24.19,101
11446980,2016,tmax,1,6.0,1.0,3.7,6,21.83,0
11446980,2018,tmax,1,9.0,0.5,2.2,9,21.01,0
11446980,2020,tmax,1,5.0,0.44,1.3,5,22.33,7
11446980,2021,tmax,5,30.8,3.5,228.8,154,25.51,120
11446980,1998,tmax,0,0.0,0.0,0.0,0,15.07,0
11446980,1999,tmax,0,0.0,0.0,0.0,0,20.93,0
11446980,2000,tmax,0,0.0,0.0,0.0,0,21.0,0
11446980,2002,tmax,0,0.0,0.0,0.0,0,21.57,0
11446980,2003,tmax,0,0.0,0.0,0.0,0,21.14,0
11446980,2005,tmax,0,0.0,0.0,0.0,0,20.0,0
11446980,2006,tmax,0,0.0,0.0,0.0,0,20.07,0
11446980,2007,tmax,0,0.0,0.0,0.0,0,21.96,0
11446980,2008,tmax,0,0.0,0.0,0.0,0,22.71,0
11446980,2009,tmax,0,0.0,0.0,0.0,0,20.96,0
11446980,2010,tmax,0,0.0,0.0,0.0,0,20.07,0
11446980,2011,tmax,0,0.0,0.0,0.0,0,19.16,0
11446980,2012,tmax,0,0.0,0.0,0.0,0,20.54,0
11446980,2017,tmax,0,0.0,0.0,0.0,0,19.8,0
11446980,2019,tmax,0,0.0,0.0,0.0,0,20.23,0
11446980,2022,tmax,0,0.0,0.0,0.0,0,21.76,0
11446980,2023,tmax,0,0.0,0.0,0.0,0,12.04,0
11463682,2009,tmax,1,7.0,0.8,3.0,7,24.71,67
11463682,2013,tmax,2,9.0,2.0,14.5,18,26.84,114
11463682,2015,tmax,1,7.0,0.8,4.3,7,25.47,118
11463682,2016,tmax,1,6.0,1.16,3.8,6,25.23,100
11463682,2017,tmax,1,5.0,1.1,3.9,5,25.54,88
11463682,2020,tmax,1,5.0,0.62,2.1,5,25.43,119
11463682,2021,tmax,2,5.0,0.76,3.2,10,23.9,92
11463682,2022,tmax,3,13.0,3.7,52.3,39,23.39,89
11463682,2023,tmax,1,5.0,1.2,3.1,5,24.54,62
11463682,2024,tmax,2,5.5,1.6,7.3,11,25.8,71
11463682,2025,tmax,1,9.0,1.3,7.5,9,23.29,57
11463682,2010,tmax,0,0.0,0.0,0.0,0,24.49,0
11463682,2011,tmax,0,0.0,0.0,0.0,0,24.29,0
11463682,2012,tmax,0,0.0,0.0,0.0,0,25.2,0
11463682,2014,tmax,0,0.0,0.0,0.0,0,25.64,0
11463682,2018,tmax,0,0.0,0.0,0.0,0,25.24,0
11463682,2019,tmax,0,0.0,0.0,0.0,0,25.09,0
11463980,2003,tmax,1,5.0,0.49,1.5,5,27.43,118
11463980,2004,tmax,2,6.0,0.9,6.9,12,26.89,132
11463980,2005,tmax,2,6.5,1.49,11.1,13,26.73,82
11463980,2006,tmax,1,7.0,3.1,13.3,7,29.09,110
11463980,2007,tmax,4,6.5,1.98,17.9,26,27.86,129
11463980,2008,tmax,2,6.0,1.59,10.8,12,28.03,106
11463980,2009,tmax,1,7.0,1.0,5.1,7,27.2,130
11463980,2013,tmax,1,8.0,1.8,9.5,8,28.5,130
11463980,2014,tmax,3,5.3,1.89,14.7,16,26.71,134
11463980,2015,tmax,5,11.0,2.24,39.7,55,26.81,125
11463980,2016,tmax,1,7.0,1.5,5.9,7,26.26,116
11463980,2018,tmax,1,8.0,0.85,4.6,8,26.56,106
11463980,2020,tmax,3,7.3,1.5,12.1,22,27.11,134
11463980,2021,tmax,6,8.2,1.95,43.0,49,27.43,144
11463980,2022,tmax,5,6.8,3.0,44.4,34,26.73,129
11463980,2023,tmax,1,6.0,1.58,4.6,6,25.61,83
11463980,2024,tmax,1,9.0,2.0,9.4,9,26.64,97
11463980,2025,tmax,1,11.0,1.39,8.2,11,24.59,99
11463980,2002,tmax,0,0.0,0.0,0.0,0,26.86,0
11463980,2010,tmax,0,0.0,0.0,0.0,0,25.69,0
11463980,2011,tmax,0,0.0,0.0,0.0,0,26.2,0
11463980,2012,tmax,0,0.0,0.0,0.0,0,26.14,0
11463980,2017,tmax,0,0.0,0.0,0.0,0,26.67,0
11463980,2019,tmax,0,0.0,0.0,0.0,0,26.66,0
11464000,1985,tmax,1,5.0,1.2,5.1,5,25.5,104
11464000,1986,tmax,2,9.0,4.0,29.1,18,26.29,92
11464000,1987,tmax,4,9.5,5.0,87.5,38,27.07,144
11464000,1988,tmax,5,11.6,3.5,91.9,58,26.86,114
11464000,1989,tmax,2,8.0,2.6,22.8,16,26.14,86
11464000,1990,tmax,4,6.0,3.5,36.1,24,26.0,132
11464000,1991,tmax,1,16.0,2.0,20.7,16,25.5,103
11464000,1992,tmax,2,10.0,2.0,20.3,20,25.29,126
11464000,1993,tmax,1,10.0,1.5,9.5,10,25.71,96
11464000,1994,tmax,3,8.7,2.65,30.4,26,25.57,130
11464000,1995,tmax,4,8.5,3.0,44.0,34,23.36,25
11464000,1996,tmax,3,5.3,1.5,14.3,16,26.86,112
11464000,1998,tmax,4,7.2,4.5,43.0,29,30.21,97
11464000,2001,tmax,2,6.5,2.5,15.8,13,28.36,144
11464000,1997,tmax,0,0.0,0.0,0.0,0,26.86,0
11464000,1999,tmax,0,0.0,0.0,0.0,0,26.86,0
11464000,2000,tmax,0,0.0,0.0,0.0,0,26.5,0
11464000,2002,tmax,0,0.0,0.0,0.0,0,27.57,0
11467000,2002,tmax,2,6.5,2.6,14.6,13,26.43,74
11467000,2003,tmax,2,5.5,1.5,7.8,11,25.73,93
11467000,2004,tmax,4,7.0,0.7,11.4,28,25.86,109
11467000,2005,tmax,2,11.5,1.79,19.9,23,25.2,68
11467000,2006,tmax,1,7.0,2.1,8.6,7,26.76,91
11467000,2007,tmax,3,5.7,2.3,10.6,17,26.03,100
11467000,2008,tmax,1,7.0,3.98,16.2,7,25.34,93
11467000,2009,tmax,3,5.3,2.3,13.4,16,24.93,100
11467000,2012,tmax,2,5.0,1.1,5.8,10,24.54,73
11467000,2013,tmax,1,7.0,1.5,7.2,7,26.33,71
11467000,2014,tmax,2,11.0,1.99,20.4,22,24.56,81
11467000,2015,tmax,4,12.2,2.0,35.7,49,24.37,86
11467000,2016,tmax,3,9.0,1.7,18.2,27,24.87,95
11467000,2017,tmax,2,6.0,1.3,9.0,12,25.83,89
11467000,2019,tmax,3,5.7,1.65,12.2,17,25.46,91
11467000,2020,tmax,5,6.2,3.8,38.1,31,25.14,106
11467000,2021,tmax,3,5.3,0.7,6.5,16,24.57,85
11467000,2022,tmax,3,7.7,2.2,24.7,23,24.79,111
11467000,2023,tmax,1,6.0,1.8,6.6,6,24.79,60
11467000,2024,tmax,3,8.7,2.4,23.7,26,26.13,90
11467000,2025,tmax,1,11.0,1.69,9.9,11,24.1,81
11467000,2010,tmax,0,0.0,0.0,0.0,0,24.39,0
11467000,2011,tmax,0,0.0,0.0,0.0,0,24.99,0
11467000,2018,tmax,0,0.0,0.0,0.0,0,24.36,0
11509370,1992,tmax,1,7.0,1.43,6.7,7,24.49,21
11509370,1994,tmax,1,5.0,0.5,1.8,5,19.4,0
11509370,1995,tmax,4,8.2,3.5,37.3,33,24.4,34
11509370,1996,tmax,3,7.7,2.8,20.0,23,24.57,32
11509370,1998,tmax,2,7.0,2.0,15.0,14,26.16,69
11509370,1999,tmax,1,8.0,0.4,1.6,8,23.83,43
11509370,2002,tmax,1,5.0,0.87,2.0,5,25.64,52
11509370,2003,tmax,1,19.0,1.55,15.4,19,10.94,0
11509370,2004,tmax,3,9.3,2.58,22.3,28,25.63,58
11509370,2005,tmax,2,8.0,3.2,19.6,16,25.41,61
11509370,2006,tmax,1,5.0,1.8,5.7,5,26.14,55
11509370,2007,tmax,2,5.0,0.9,5.0,10,25.44,60
11509370,2008,tmax,1,5.0,3.43,10.8,5,25.4,60
11509370,2009,tmax,1,6.0,1.83,5.7,6,26.66,48
11509370,2010,tmax,1,12.0,1.0,7.6,12,24.41,49
11509370,2012,tmax,1,7.0,0.73,4.3,7,24.77,49
11509370,2013,tmax,1,7.0,2.2,9.4,7,25.26,63
11509370,2014,tmax,3,14.0,2.89,34.5,42,26.1,56
11509370,2015,tmax,6,14.3,2.6,74.7,86,26.46,75
11509370,2016,tmax,4,7.8,3.3,35.1,31,25.43,63
11509370,2017,tmax,2,6.0,0.89,4.2,12,26.2,83
11509370,2018,tmax,2,9.0,1.46,7.2,18,25.24,49
11509370,2019,tmax,4,6.5,1.5,20.5,26,25.1,68
11509370,2020,tmax,1,7.0,0.9,3.9,7,25.16,67
11509370,2021,tmax,1,14.0,3.36,19.0,14,26.44,67
11509370,2022,tmax,4,9.8,1.9,35.6,39,26.49,77
11509370,2023,tmax,4,8.8,2.63,27.3,35,26.09,72
11509370,2024,tmax,5,9.0,1.75,25.7,45,26.24,63
11509370,2025,tmax,5,15.0,3.0,77.7,75,26.96,89
11509370,1991,tmax,0,0.0,0.0,0.0,0,24.79,0
11509370,1993,tmax,0,0.0,0.0,0.0,0,1.16,0
11509370,1997,tmax,0,0.0,0.0,0.0,0,25.06,0
11509370,2000,tmax,0,0.0,0.0,0.0,0,25.67,0
11509370,2001,tmax,0,0.0,0.0,0.0,0,24.97,0
11509370,2011,tmax,0,0.0,0.0,0.0,0,24.23,0
11510700,2022,tmax,6,14.7,1.52,52.1,88,23.76,30
11510700,2023,tmax,4,9.2,3.84,40.1,37,23.43,42
11510700,2024,tmax,2,12.0,0.9,12.3,24,22.79,22
11510700,2025,tmax,6,9.3,2.02,39.9,56,22.66,10
11510700,2018,tmax,0,0.0,0.0,0.0,0,10.36,0
11510700,2019,tmax,0,0.0,0.0,0.0,0,22.27,0
11510700,2020,tmax,0,0.0,0.0,0.0,0,22.81,0
11510700,2021,tmax,0,0.0,0.0,0.0,0,23.96,0
11525854,2020,tmax,3,39.3,4.7,323.1,118,17.53,0
11525854,2021,tmax,5,28.8,5.5,316.8,144,18.27,0
11525854,2022,tmax,1,152.0,6.5,575.1,152,19.27,0
11525854,2023,tmax,2,34.0,5.4,211.4,68,18.06,0
11525854,2024,tmax,3,38.7,4.5,220.0,116,17.2,0
11525854,2025,tmax,4,31.8,2.7,171.8,127,15.37,0
11525854,2019,tmax,0,0.0,0.0,0.0,0,11.11,0
11526400,2020,tmax,3,31.0,7.2,389.8,93,22.67,14
11526400,2021,tmax,5,17.8,7.6,337.3,89,23.26,25
11526400,2022,tmax,5,29.2,8.7,590.3,146,23.91,49
11526400,2023,tmax,5,21.8,6.6,386.5,109,22.19,10
11526400,2024,tmax,3,35.3,6.1,261.0,106,21.19,0
11526400,2025,tmax,7,18.0,3.7,225.7,126,19.14,0
11526400,2019,tmax,0,0.0,0.0,0.0,0,13.34,0
12058800,1993,tmax,1,7.0,0.5,2.2,7,10.07,0
12058800,1994,tmax,1,5.0,0.6,2.1,5,10.74,0
12058800,1995,tmax,2,6.0,1.1,5.7,12,11.31,0
12058800,1998,tmax,1,5.0,0.6,1.5,5,10.5,0
12058800,1999,tmax,2,15.0,0.6,11.0,30,10.63,0
12058800,2000,tmax,1,20.0,1.86,20.9,20,12.46,0
12058800,2001,tmax,3,6.7,0.4,4.6,20,11.86,0
12058800,2002,tmax,1,6.0,0.2,0.8,6,9.54,0
12058800,2003,tmax,4,8.5,1.2,17.0,34,11.9,0
12058800,2004,tmax,3,11.7,1.08,18.0,35,11.89,0
12058800,2005,tmax,2,25.5,0.7,17.9,51,11.0,0
12058800,1996,tmax,0,0.0,0.0,0.0,0,11.43,0
12058800,1997,tmax,0,0.0,0.0,0.0,0,10.33,0
12058800,2006,tmax,0,0.0,0.0,0.0,0,10.17,0
12098700,2015,tmax,6,6.2,2.34,31.2,37,18.06,0
12098700,2016,tmax,4,6.8,2.22,21.1,27,17.36,0
12098700,2018,tmax,3,9.3,3.4,28.7,28,17.09,0
12098700,2019,tmax,2,12.5,2.8,20.8,25,17.24,0
12098700,2022,tmax,4,6.2,1.5,17.7,25,18.11,0
12098700,2023,tmax,2,5.5,1.7,10.9,11,17.94,0
12098700,2024,tmax,4,8.5,1.6,24.5,34,17.91,0
12098700,2010,tmax,0,0.0,0.0,0.0,0,16.53,0
12098700,2011,tmax,0,0.0,0.0,0.0,0,15.36,0
12098700,2012,tmax,0,0.0,0.0,0.0,0,16.73,0
12098700,2013,tmax,0,0.0,0.0,0.0,0,16.54,0
12098700,2014,tmax,0,0.0,0.0,0.0,0,16.6,0
12098700,2017,tmax,0,0.0,0.0,0.0,0,16.77,0
12098700,2020,tmax,0,0.0,0.0,0.0,0,17.39,0
12098700,2021,tmax,0,0.0,0.0,0.0,0,17.81,0
12100490,2014,tmax,2,5.5,1.59,5.9,11,18.8,0
12100490,2015,tmax,9,7.7,5.34,133.5,69,22.5,9
12100490,2016,tmax,3,6.0,2.6,17.3,18,20.16,0
12100490,2018,tmax,2,6.0,0.8,4.6,12,20.1,0
12100490,2021,tmax,2,5.5,1.2,7.1,11,19.67,0
12100490,2022,tmax,1,6.0,0.89,3.2,6,19.57,0
12100490,2023,tmax,4,5.0,1.88,19.2,20,20.09,0
12100490,2024,tmax,4,6.0,2.3,17.1,24,19.71,0
12100490,2025,tmax,6,8.0,2.19,49.9,48,20.19,0
12100490,2010,tmax,0,0.0,0.0,0.0,0,18.93,0
12100490,2011,tmax,0,0.0,0.0,0.0,0,17.63,0
12100490,2012,tmax,0,0.0,0.0,0.0,0,18.79,0
12100490,2013,tmax,0,0.0,0.0,0.0,0,18.87,0
12100490,2017,tmax,0,0.0,0.0,0.0,0,19.24,0
12100490,2019,tmax,0,0.0,0.0,0.0,0,19.54,0
12100490,2020,tmax,0,0.0,0.0,0.0,0,19.31,0
12101100,2010,tmax,1,5.0,0.52,1.0,5,18.1,0
12101100,2014,tmax,3,21.0,10.0,230.8,63,26.74,17
12101100,2015,tmax,8,12.5,7.58,257.5,100,23.3,22
12101100,2016,tmax,5,7.6,5.17,88.9,38,23.2,7
12101100,2018,tmax,1,8.0,0.4,1.8,8,14.21,0
12101100,2022,tmax,1,10.0,1.3,5.7,10,14.86,0
12101100,2023,tmax,1,9.0,0.4,1.9,9,14.74,0
12101100,2024,tmax,3,19.3,2.3,38.5,58,17.44,0
12101100,2025,tmax,2,30.5,2.1,58.2,61,17.33,0
12101100,2011,tmax,0,0.0,0.0,0.0,0,14.93,0
12101100,2012,tmax,0,0.0,0.0,0.0,0,15.41,0
12101100,2013,tmax,0,0.0,0.0,0.0,0,16.06,0
12101100,2017,tmax,0,0.0,0.0,0.0,0,17.31,0
12101100,2019,tmax,0,0.0,0.0,0.0,0,14.43,0
12101100,2020,tmax,0,0.0,0.0,0.0,0,16.36,0
12101100,2021,tmax,0,0.0,0.0,0.0,0,15.36,0
12101102,2016,tmax,1,5.0,1.2,1.9,5,20.5,0
12101102,2018,tmax,1,6.0,1.05,3.5,6,20.66,0
12101102,2021,tmax,1,5.0,0.95,3.3,5,20.3,0
12101102,2022,tmax,1,13.0,2.7,9.3,13,20.2,0
12101102,2023,tmax,6,8.0,2.35,50.9,48,21.27,2
12101102,2024,tmax,5,7.0,2.74,34.0,35,20.36,0
12101102,2025,tmax,6,8.0,2.7,61.3,48,20.64,0
12101102,2017,tmax,0,0.0,0.0,0.0,0,19.69,0
12101102,2019,tmax,0,0.0,0.0,0.0,0,20.09,0
12101102,2020,tmax,0,0.0,0.0,0.0,0,19.89,0
12116100,2021,tmax,1,5.0,0.43,1.4,5,19.03,0
12116100,2022,tmax,3,42.7,3.42,133.2,128,18.26,0
12116100,2023,tmax,2,34.0,2.63,62.9,68,17.21,0
12116100,2024,tmax,2,50.5,2.03,90.7,101,18.06,0
12116100,2025,tmax,2,26.5,2.62,55.9,53,16.86,0
12116100,2018,tmax,0,0.0,0.0,0.0,0,17.27,0
12116100,2019,tmax,0,0.0,0.0,0.0,0,16.59,0
12116100,2020,tmax,0,0.0,0.0,0.0,0,17.83,0
12116400,2022,tmax,2,9.0,1.3,12.4,18,19.16,0
12116400,2023,tmax,5,14.2,2.72,89.0,71,21.67,1
12116400,2025,tmax,7,8.3,2.12,46.7,58,20.86,0
12116400,2018,tmax,0,0.0,0.0,0.0,0,11.77,0
12116400,2019,tmax,0,0.0,0.0,0.0,0,19.69,0
12116400,2020,tmax,0,0.0,0.0,0.0,0,19.27,0
12116400,2021,tmax,0,0.0,0.0,0.0,0,19.83,0
12116400,2024,tmax,0,0.0,0.0,0.0,0,18.4,0
12116500,1999,tmax,1,9.0,0.4,2.5,9,17.11,0
12116500,2002,tmax,1,5.0,0.8,2.7,5,17.24,0
12116500,2003,tmax,5,11.0,2.9,50.3,55,21.33,0
12116500,2004,tmax,3,8.7,1.0,9.5,26,19.37,0
12116500,2005,tmax,1,22.0,1.6,14.1,22,18.66,0
12116500,2008,tmax,1,7.0,0.6,2.0,7,16.97,0
12116500,2010,tmax,1,5.0,0.4,1.2,5,17.37,0
12116500,2012,tmax,1,5.0,0.4,1.2,5,16.91,0
12116500,2013,tmax,1,8.0,1.2,5.6,8,19.06,0
12116500,2014,tmax,2,16.5,1.25,21.4,33,19.27,0
12116500,2015,tmax,8,18.5,5.8,231.2,148,22.59,10
12116500,2016,tmax,7,7.3,1.6,30.5,51,19.06,0
12116500,2017,tmax,1,6.0,0.62,2.2,6,19.26,0
12116500,2019,tmax,1,10.0,1.3,5.1,10,20.34,0
12116500,2020,tmax,2,8.0,0.9,6.1,16,18.81,0
12116500,2021,tmax,5,8.4,1.5,26.6,42,20.34,0
12116500,2022,tmax,3,15.7,1.9,42.1,47,19.59,0
12116500,2023,tmax,6,15.7,2.8,93.7,94,22.1,4
12116500,2024,tmax,2,8.5,1.12,6.2,17,18.74,0
12116500,2025,tmax,4,31.0,2.5,131.8,124,21.16,0
12116500,2000,tmax,0,0.0,0.0,0.0,0,18.9,0
12116500,2001,tmax,0,0.0,0.0,0.0,0,18.0,0
12116500,2006,tmax,0,0.0,0.0,0.0,0,18.84,0
12116500,2007,tmax,0,0.0,0.0,0.0,0,17.71,0
12116500,2009,tmax,0,0.0,0.0,0.0,0,20.0,0
12116500,2011,tmax,0,0.0,0.0,0.0,0,16.71,0
12116500,2018,tmax,0,0.0,0.0,0.0,0,20.13,0
12117500,2022,tmax,3,6.3,0.66,4.3,19,14.63,0
12117500,2023,tmax,5,7.2,1.6,23.1,36,15.81,0
12117500,2024,tmax,3,5.7,0.63,5.4,17,15.09,0
12117500,2025,tmax,6,10.0,1.62,33.8,60,16.89,0
12117500,2018,tmax,0,0.0,0.0,0.0,0,12.6,0
12117500,2019,tmax,0,0.0,0.0,0.0,0,14.97,0
12117500,2020,tmax,0,0.0,0.0,0.0,0,14.63,0
12117500,2021,tmax,0,0.0,0.0,0.0,0,16.6,0
12117600,2002,tmax,2,5.5,1.0,6.2,11,14.8,0
12117600,2003,tmax,2,5.5,1.2,4.0,11,15.71,0
12117600,2004,tmax,5,8.0,1.6,22.7,40,15.2,0
12117600,2005,tmax,1,20.0,1.69,17.7,20,15.14,0
12117600,2007,tmax,1,9.0,0.6,4.0,9,15.27,0
12117600,2009,tmax,1,8.0,0.8,3.7,8,16.43,0
12117600,2010,tmax,2,6.5,0.7,5.1,13,14.23,0
12117600,2014,tmax,1,10.0,0.6,3.4,10,15.5,0
12117600,2015,tmax,5,13.0,3.3,82.2,65,18.59,0
12117600,2016,tmax,9,5.9,1.8,37.4,53,15.13,0
12117600,2020,tmax,1,14.0,0.79,6.6,14,15.13,0
12117600,2021,tmax,5,5.8,1.8,21.1,29,16.81,0
12117600,2022,tmax,3,6.0,0.8,7.8,18,15.63,0
12117600,2023,tmax,8,8.0,2.3,57.8,64,16.6,0
12117600,2024,tmax,5,6.2,0.8,11.6,31,16.04,0
12117600,2025,tmax,8,8.1,1.9,45.3,65,17.21,0
12117600,2001,tmax,0,0.0,0.0,0.0,0,14.21,0
12117600,2006,tmax,0,0.0,0.0,0.0,0,15.79,0
12117600,2008,tmax,0,0.0,0.0,0.0,0,14.44,0
12117600,2011,tmax,0,0.0,0.0,0.0,0,13.67,0
12117600,2012,tmax,0,0.0,0.0,0.0,0,14.2,0
12117600,2013,tmax,0,0.0,0.0,0.0,0,14.8,0
12117600,2017,tmax,0,0.0,0.0,0.0,0,14.87,0
12117600,2018,tmax,0,0.0,0.0,0.0,0,16.03,0
12117600,2019,tmax,0,0.0,0.0,0.0,0,15.4,0
12147470,2015,tmax,1,5.0,1.13,3.6,5,10.97,0
12147470,2016,tmax,3,5.0,2.3,12.6,15,15.84,0
12147470,2018,tmax,1,5.0,0.4,1.3,5,16.44,0
12147470,2021,tmax,2,5.0,1.3,6.2,10,15.76,0
12147470,2022,tmax,1,5.0,0.5,1.2,5,15.86,0
12147470,2023,tmax,4,8.5,1.4,20.1,34,16.17,0
12147470,2024,tmax,4,9.0,0.7,12.0,36,14.87,0
12147470,2025,tmax,6,8.7,2.6,39.7,52,16.39,0
12147470,2017,tmax,0,0.0,0.0,0.0,0,15.83,0
12147470,2019,tmax,0,0.0,0.0,0.0,0,16.07,0
12147470,2020,tmax,0,0.0,0.0,0.0,0,15.26,0
12172000,2023,tmax,10,6.6,1.1,33.9,66,12.89,0
12172000,2024,tmax,10,8.7,0.92,35.6,87,13.06,0
12172000,2025,tmax,14,7.9,1.5,62.3,111,13.16,0
12172000,2018,tmax,0,0.0,0.0,0.0,0,12.16,0
12172000,2019,tmax,0,0.0,0.0,0.0,0,12.31,0
12172000,2020,tmax,0,0.0,0.0,0.0,0,12.11,0
12172000,2021,tmax,0,0.0,0.0,0.0,0,12.36,0
12172000,2022,tmax,0,0.0,0.0,0.0,0,12.04,0
12173500,2019,tmax,1,5.0,0.9,2.7,5,13.74,0
12173500,2021,tmax,2,5.0,0.82,4.1,10,14.4,0
12173500,2022,tmax,8,6.1,0.72,18.2,49,13.6,0
12173500,2023,tmax,7,6.6,1.83,36.7,46,14.6,0
12173500,2024,tmax,7,6.9,1.12,19.5,48,14.89,0
12173500,2025,tmax,8,10.0,2.03,61.5,80,14.53,0
12173500,2018,tmax,0,0.0,0.0,0.0,0,13.13,0
12173500,2020,tmax,0,0.0,0.0,0.0,0,13.27,0
12178000,2002,tmax,1,43.0,0.9,26.5,43,10.79,0
12178000,2003,tmax,1,6.0,0.7,2.1,6,11.89,0
12178000,2008,tmax,2,7.5,2.0,8.8,15,12.79,0
12178000,2010,tmax,2,6.0,0.6,2.9,12,11.06,0
12178000,2012,tmax,2,7.5,0.34,2.7,15,10.99,0
12178000,2013,tmax,1,7.0,0.2,1.0,7,11.34,0
12178000,2015,tmax,7,19.0,3.38,83.1,133,14.9,0
12178000,2016,tmax,7,7.0,0.6,11.0,49,11.94,0
12178000,2018,tmax,1,5.0,0.8,3.0,5,11.69,0
12178000,2019,tmax,6,15.8,1.4,42.6,95,12.34,0
12178000,2020,tmax,1,5.0,0.5,1.4,5,11.57,0
12178000,2023,tmax,4,9.0,1.7,21.0,36,13.07,0
12178000,2024,tmax,7,14.9,1.5,56.5,104,12.47,0
12178000,2025,tmax,8,8.9,0.8,18.8,71,11.91,0
12178000,2001,tmax,0,0.0,0.0,0.0,0,10.63,0
12178000,2004,tmax,0,0.0,0.0,0.0,0,11.14,0
12178000,2005,tmax,0,0.0,0.0,0.0,0,11.71,0
12178000,2006,tmax,0,0.0,0.0,0.0,0,11.74,0
12178000,2007,tmax,0,0.0,0.0,0.0,0,11.36,0
12178000,2009,tmax,0,0.0,0.0,0.0,0,11.19,0
12178000,2011,tmax,0,0.0,0.0,0.0,0,10.53,0
12178000,2014,tmax,0,0.0,0.0,0.0,0,11.36,0
12178000,2017,tmax,0,0.0,0.0,0.0,0,12.07,0
12178000,2021,tmax,0,0.0,0.0,0.0,0,11.69,0
12178000,2022,tmax,0,0.0,0.0,0.0,0,11.41,0
12181000,1987,tmax,2,21.5,1.51,25.8,43,13.37,0
12181000,1989,tmax,2,5.0,1.0,3.9,10,13.19,0
12181000,1991,tmax,1,14.0,0.6,4.0,14,12.3,0
12181000,1992,tmax,3,11.3,0.8,13.3,34,6.54,0
12181000,1994,tmax,3,8.3,0.8,7.8,25,13.57,0
12181000,1998,tmax,1,5.0,0.93,2.8,5,14.21,0
12181000,2003,tmax,3,7.7,0.5,6.5,23,13.56,0
12181000,2004,tmax,3,5.7,0.9,8.2,17,14.2,0
12181000,2005,tmax,6,8.0,1.62,23.1,48,14.81,0
12181000,2007,tmax,2,5.5,0.6,3.1,11,13.66,0
12181000,2008,tmax,2,7.5,0.8,7.7,15,12.91,0
12181000,2010,tmax,5,7.0,0.9,12.7,35,13.21,0
12181000,2014,tmax,1,6.0,0.4,1.6,6,13.64,0
12181000,2015,tmax,12,8.8,2.1,91.1,105,15.67,0
12181000,2016,tmax,4,5.2,0.93,9.8,21,14.74,0
12181000,2018,tmax,2,7.5,0.6,3.0,15,13.79,0
12181000,2019,tmax,4,9.0,1.53,25.3,36,15.06,0
12181000,2022,tmax,1,5.0,0.4,1.3,5,13.59,0
12181000,2023,tmax,8,8.0,1.7,46.1,64,15.41,0
12181000,2024,tmax,5,13.4,1.8,53.2,67,15.11,0
12181000,2025,tmax,12,7.0,1.8,47.6,84,15.01,0
12181000,1990,tmax,0,0.0,0.0,0.0,0,13.53,0
12181000,1993,tmax,0,0.0,0.0,0.0,0,11.2,0
12181000,1995,tmax,0,0.0,0.0,0.0,0,10.51,0
12181000,1996,tmax,0,0.0,0.0,0.0,0,12.94,0
12181000,1997,tmax,0,0.0,0.0,0.0,0,12.66,0
12181000,1999,tmax,0,0.0,0.0,0.0,0,12.03,0
12181000,2000,tmax,0,0.0,0.0,0.0,0,,0
12181000,2001,tmax,0,0.0,0.0,0.0,0,11.56,0
12181000,2002,tmax,0,0.0,0.0,0.0,0,12.83,0
12181000,2006,tmax,0,0.0,0.0,0.0,0,14.31,0
12181000,2009,tmax,0,0.0,0.0,0.0,0,13.89,0
12181000,2011,tmax,0,0.0,0.0,0.0,0,12.1,0
12181000,2012,tmax,0,0.0,0.0,0.0,0,13.01,0
12181000,2013,tmax,0,0.0,0.0,0.0,0,12.99,0
12181000,2017,tmax,0,0.0,0.0,0.0,0,13.93,0
12181000,2020,tmax,0,0.0,0.0,0.0,0,13.93,0
12181000,2021,tmax,0,0.0,0.0,0.0,0,14.1,0
12355500,1996,tmax,12,10.8,16.93,522.9,130,26.13,19
12355500,1997,tmax,3,5.7,0.53,2.5,17,12.5,0
12355500,1999,tmax,2,5.0,1.94,8.1,10,17.67,0
12355500,2000,tmax,1,5.0,1.0,3.2,5,18.57,0
12355500,2001,tmax,5,6.4,2.52,39.1,32,18.79,0
12355500,2007,tmax,2,9.5,2.0,20.4,19,20.0,0
12355500,2010,tmax,1,5.0,1.0,2.8,5,17.43,0
12355500,2013,tmax,1,7.0,0.7,2.4,7,18.1,0
12355500,2015,tmax,2,9.5,2.14,23.7,19,18.89,0
12355500,2021,tmax,1,12.0,1.56,10.7,12,19.26,0
12355500,2022,tmax,1,6.0,1.0,2.5,6,18.23,0
12355500,2023,tmax,5,7.6,3.7,59.0,38,19.37,0
12355500,2024,tmax,3,10.3,1.6,19.8,31,19.66,0
12355500,2025,tmax,6,7.2,1.83,34.6,43,18.53,0
12355500,1998,tmax,0,0.0,0.0,0.0,0,19.57,0
12355500,2002,tmax,0,0.0,0.0,0.0,0,16.71,0
12355500,2003,tmax,0,0.0,0.0,0.0,0,18.64,0
12355500,2004,tmax,0,0.0,0.0,0.0,0,18.86,0
12355500,2005,tmax,0,0.0,0.0,0.0,0,,0
12355500,2006,tmax,0,0.0,0.0,0.0,0,19.29,0
12355500,2008,tmax,0,0.0,0.0,0.0,0,17.57,0
12355500,2009,tmax,0,0.0,0.0,0.0,0,18.0,0
12355500,2011,tmax,0,0.0,0.0,0.0,0,15.93,0
12355500,2012,tmax,0,0.0,0.0,0.0,0,17.14,0
12355500,2014,tmax,0,0.0,0.0,0.0,0,17.83,0
12355500,2016,tmax,0,0.0,0.0,0.0,0,18.39,0
12355500,2017,tmax,0,0.0,0.0,0.0,0,18.09,0
12355500,2018,tmax,0,0.0,0.0,0.0,0,17.56,0
12355500,2019,tmax,0,0.0,0.0,0.0,0,18.06,0
12355500,2020,tmax,0,0.0,0.0,0.0,0,18.79,0
12362500,2001,tmax,4,13.5,1.1,29.4,54,17.0,0
12362500,2004,tmax,1,6.0,0.5,2.5,6,16.43,0
12362500,2005,tmax,1,6.0,0.5,2.6,6,16.57,0
12362500,2007,tmax,1,10.0,1.82,10.1,10,17.36,0
12362500,2009,tmax,2,6.0,2.5,10.5,12,16.93,0
12362500,2012,tmax,1,6.0,0.2,1.0,6,16.34,0
12362500,2013,tmax,1,18.0,1.54,10.5,18,16.91,0
12362500,2014,tmax,1,38.0,1.04,19.4,38,16.16,0
12362500,2015,tmax,7,11.9,2.2,80.2,83,17.21,0
12362500,2016,tmax,3,25.0,4.21,71.9,75,16.57,0
12362500,2020,tmax,1,5.0,0.1,0.5,5,16.17,0
12362500,2021,tmax,2,11.5,0.8,8.7,23,15.71,0
12362500,2022,tmax,1,6.0,0.7,2.6,6,15.59,0
12362500,2023,tmax,2,5.5,1.3,4.3,11,16.57,0
12362500,2024,tmax,2,8.5,1.1,9.8,17,16.71,0
12362500,2025,tmax,5,13.4,1.6,32.6,67,16.83,0
12362500,1999,tmax,0,0.0,0.0,0.0,0,17.36,0
12362500,2000,tmax,0,0.0,0.0,0.0,0,17.71,0
12362500,2002,tmax,0,0.0,0.0,0.0,0,16.79,0
12362500,2003,tmax,0,0.0,0.0,0.0,0,17.57,0
12362500,2006,tmax,0,0.0,0.0,0.0,0,17.0,0
12362500,2008,tmax,0,0.0,0.0,0.0,0,15.5,0
12362500,2010,tmax,0,0.0,0.0,0.0,0,16.21,0
12362500,2011,tmax,0,0.0,0.0,0.0,0,15.07,0
12362500,2017,tmax,0,0.0,0.0,0.0,0,16.19,0
12362500,2018,tmax,0,0.0,0.0,0.0,0,16.17,0
12362500,2019,tmax,0,0.0,0.0,0.0,0,16.23,0
12363000,1986,tmax,2,6.5,2.7,11.9,13,16.1,0
12363000,1987,tmax,7,9.7,4.0,79.8,68,17.43,0
12363000,1988,tmax,5,8.2,2.5,39.9,41,16.86,0
12363000,1992,tmax,7,8.0,2.0,42.9,56,16.43,0
12363000,1993,tmax,4,13.8,1.3,37.6,55,16.43,0
12363000,1994,tmax,5,7.2,2.0,26.5,36,18.86,0
12363000,1995,tmax,1,5.0,1.0,3.0,5,17.14,0
12363000,1996,tmax,1,5.0,0.83,2.4,5,18.21,0
12363000,1997,tmax,1,5.0,0.5,1.3,5,18.64,0
12363000,1998,tmax,5,7.6,2.25,28.5,38,19.36,0
12363000,2001,tmax,7,6.3,1.64,32.2,44,19.36,0
12363000,2002,tmax,1,5.0,0.95,4.0,5,16.21,0
12363000,2007,tmax,1,10.0,2.4,12.0,10,19.07,0
12363000,2010,tmax,5,6.6,1.85,20.5,33,17.14,0
12363000,2013,tmax,2,7.0,1.9,11.7,14,18.74,0
12363000,2015,tmax,4,13.0,3.0,60.7,52,18.44,0
12363000,2016,tmax,5,7.2,2.3,27.1,36,18.91,0
12363000,2018,tmax,1,5.0,0.3,0.9,5,17.69,0
12363000,2020,tmax,1,5.0,0.93,2.5,5,18.27,0
12363000,2021,tmax,2,5.0,1.65,8.7,10,18.6,0
12363000,2023,tmax,2,11.0,3.5,40.2,22,18.5,0
12363000,2024,tmax,2,8.0,1.4,6.6,16,17.89,0
12363000,2025,tmax,4,9.5,2.2,37.9,38,18.3,0
12363000,1990,tmax,0,0.0,0.0,0.0,0,18.07,0
12363000,1991,tmax,0,0.0,0.0,0.0,0,17.21,0
12363000,1999,tmax,0,0.0,0.0,0.0,0,17.29,0
12363000,2000,tmax,0,0.0,0.0,0.0,0,18.5,0
12363000,2003,tmax,0,0.0,0.0,0.0,0,18.36,0
12363000,2004,tmax,0,0.0,0.0,0.0,0,17.57,0
12363000,2005,tmax,0,0.0,0.0,0.0,0,17.86,0
12363000,2006,tmax,0,0.0,0.0,0.0,0,18.43,0
12363000,2008,tmax,0,0.0,0.0,0.0,0,16.0,0
12363000,2009,tmax,0,0.0,0.0,0.0,0,18.14,0
12363000,2011,tmax,0,0.0,0.0,0.0,0,16.29,0
12363000,2012,tmax,0,0.0,0.0,0.0,0,17.46,0
12363000,2014,tmax,0,0.0,0.0,0.0,0,17.71,0
12363000,2017,tmax,0,0.0,0.0,0.0,0,18.73,0
12363000,2019,tmax,0,0.0,0.0,0.0,0,18.44,0
12363000,2022,tmax,0,0.0,0.0,0.0,0,17.81,0
13012475,2022,tmax,2,6.0,1.76,8.7,12,17.54,0
13012475,2018,tmax,0,0.0,0.0,0.0,0,9.71,0
13012475,2019,tmax,0,0.0,0.0,0.0,0,17.81,0
13012475,2020,tmax,0,0.0,0.0,0.0,0,18.19,0
13012475,2021,tmax,0,0.0,0.0,0.0,0,18.71,0
13012475,2023,tmax,0,0.0,0.0,0.0,0,,0
13038500,2007,tmax,2,5.0,1.2,8.9,10,20.64,0
13038500,2010,tmax,1,6.0,1.45,6.0,6,17.14,0
13038500,2013,tmax,4,8.8,1.3,21.4,35,19.9,0
13038500,2014,tmax,4,6.2,1.16,11.7,25,18.06,0
13038500,2015,tmax,1,5.0,1.9,6.2,5,18.91,0
13038500,2004,tmax,0,0.0,0.0,0.0,0,14.07,0
13038500,2005,tmax,0,0.0,0.0,0.0,0,18.36,0
13038500,2006,tmax,0,0.0,0.0,0.0,0,18.07,0
13038500,2008,tmax,0,0.0,0.0,0.0,0,17.14,0
13038500,2009,tmax,0,0.0,0.0,0.0,0,17.36,0
13038500,2011,tmax,0,0.0,0.0,0.0,0,16.8,0
13038500,2012,tmax,0,0.0,0.0,0.0,0,19.19,0
13150430,1999,tmax,1,6.0,1.8,6.7,6,20.7,0
13150430,2001,tmax,1,5.0,0.3,1.1,5,22.03,6
13150430,2004,tmax,1,7.0,2.2,8.5,7,23.16,8
13150430,2007,tmax,1,6.0,1.6,6.3,6,23.13,26
13150430,2010,tmax,1,6.0,1.8,4.9,6,21.37,2
13150430,2012,tmax,1,5.0,2.76,6.6,5,22.24,6
13150430,2013,tmax,2,6.0,3.01,14.9,12,22.84,18
13150430,2014,tmax,2,8.5,3.57,26.7,17,25.64,26
13150430,2015,tmax,4,8.0,2.5,38.8,32,25.0,18
13150430,2016,tmax,2,7.5,1.9,12.4,15,23.06,16
13150430,2017,tmax,1,8.0,2.11,9.8,8,22.17,4
13150430,2018,tmax,1,6.0,1.4,7.1,6,22.43,13
13150430,2020,tmax,1,6.0,0.7,2.6,6,22.7,9
13150430,2021,tmax,2,6.5,3.6,15.3,13,23.93,27
13150430,2022,tmax,2,5.5,1.07,4.5,11,22.21,14
13150430,2024,tmax,4,7.2,1.5,22.6,29,22.71,11
13150430,2025,tmax,4,8.2,2.63,39.9,33,22.34,10
13150430,1998,tmax,0,0.0,0.0,0.0,0,21.73,0
13150430,2000,tmax,0,0.0,0.0,0.0,0,,0
13150430,2002,tmax,0,0.0,0.0,0.0,0,,0
13150430,2003,tmax,0,0.0,0.0,0.0,0,,0
13150430,2005,tmax,0,0.0,0.0,0.0,0,23.23,0
13150430,2006,tmax,0,0.0,0.0,0.0,0,,0
13150430,2008,tmax,0,0.0,0.0,0.0,0,,0
13150430,2009,tmax,0,0.0,0.0,0.0,0,11.29,0
13150430,2011,tmax,0,0.0,0.0,0.0,0,22.2,0
13150430,2019,tmax,0,0.0,0.0,0.0,0,20.11,0
13150430,2023,tmax,0,0.0,0.0,0.0,0,20.94,0
13168500,2000,tmax,3,7.7,2.19,23.3,23,30.91,67
13168500,2004,tmax,1,5.0,1.3,3.3,5,29.86,102
13168500,2005,tmax,1,7.0,1.5,4.6,7,26.86,68
13168500,2007,tmax,1,5.0,2.12,5.9,5,29.63,101
13168500,2010,tmax,1,9.0,1.8,6.2,9,27.83,84
13168500,2012,tmax,3,5.7,3.7,24.6,17,30.8,116
13168500,2013,tmax,2,5.0,1.5,8.9,10,29.73,90
13168500,2014,tmax,1,6.0,2.1,9.1,6,30.03,102
13168500,2015,tmax,7,7.0,3.6,57.1,49,29.56,115
13168500,1997,tmax,0,0.0,0.0,0.0,0,27.51,0
13168500,1998,tmax,0,0.0,0.0,0.0,0,,0
13168500,1999,tmax,0,0.0,0.0,0.0,0,,0
13168500,2001,tmax,0,0.0,0.0,0.0,0,,0
13168500,2002,tmax,0,0.0,0.0,0.0,0,,0
13168500,2003,tmax,0,0.0,0.0,0.0,0,,0
13168500,2006,tmax,0,0.0,0.0,0.0,0,28.57,0
13168500,2008,tmax,0,0.0,0.0,0.0,0,27.83,0
13168500,2009,tmax,0,0.0,0.0,0.0,0,26.77,0
13168500,2011,tmax,0,0.0,0.0,0.0,0,27.11,0
13211205,2016,tmax,1,7.0,1.8,5.3,7,22.36,5
13211205,2018,tmax,1,7.0,1.55,4.9,7,22.8,28
13211205,2021,tmax,2,8.5,1.7,6.8,17,24.27,51
13211205,2022,tmax,5,10.8,3.76,54.7,54,22.87,20
13211205,2023,tmax,5,6.4,1.8,28.4,32,23.21,32
13211205,2024,tmax,7,8.9,2.2,54.7,62,24.0,40
13211205,2025,tmax,11,8.3,5.24,112.9,91,23.27,37
13211205,2015,tmax,0,0.0,0.0,0.0,0,8.79,0
13211205,2017,tmax,0,0.0,0.0,0.0,0,21.97,0
13211205,2019,tmax,0,0.0,0.0,0.0,0,22.89,0
13211205,2020,tmax,0,0.0,0.0,0.0,0,21.77,0
13211210,2016,tmax,1,8.0,1.8,5.5,8,23.06,15
13211210,2018,tmax,1,6.0,1.45,4.2,6,23.23,37
13211210,2020,tmax,2,6.5,1.8,10.3,13,23.16,30
13211210,2021,tmax,2,7.5,0.9,6.1,15,24.51,60
13211210,2022,tmax,6,8.7,2.5,41.7,52,23.17,26
13211210,2023,tmax,5,6.6,2.0,28.8,33,23.37,36
13211210,2024,tmax,7,6.6,1.7,32.1,46,23.76,38
13211210,2025,tmax,6,9.0,3.0,46.4,54,23.09,36
13211210,2015,tmax,0,0.0,0.0,0.0,0,9.79,0
13211210,2017,tmax,0,0.0,0.0,0.0,0,22.44,0
13211210,2019,tmax,0,0.0,0.0,0.0,0,22.63,0
13341000,2010,tmax,1,8.0,0.4,1.8,8,10.04,0
13341000,2011,tmax,4,10.0,1.7,21.4,40,10.16,0
13341000,2015,tmax,1,7.0,0.3,1.4,7,10.13,0
13341000,2016,tmax,4,10.8,1.2,14.8,43,10.46,0
13341000,2017,tmax,2,21.0,1.98,21.1,42,10.89,0
13341000,2018,tmax,2,7.5,0.4,3.1,15,10.26,0
13341000,2022,tmax,2,5.0,1.2,4.8,10,10.31,0
13341000,2009,tmax,0,0.0,0.0,0.0,0,10.09,0
13341000,2012,tmax,0,0.0,0.0,0.0,0,10.41,0
13341000,2013,tmax,0,0.0,0.0,0.0,0,10.57,0
13341000,2014,tmax,0,0.0,0.0,0.0,0,10.44,0
13341000,2019,tmax,0,0.0,0.0,0.0,0,10.33,0
13341000,2020,tmax,0,0.0,0.0,0.0,0,10.34,0
13341000,2021,tmax,0,0.0,0.0,0.0,0,9.81,0
13341050,1985,tmax,1,5.0,0.16,0.5,5,9.64,0
13341050,1986,tmax,2,28.5,6.0,161.2,57,18.5,0
13341050,1987,tmax,3,41.0,7.0,415.2,123,22.0,2
13341050,1988,tmax,4,21.2,7.0,216.1,85,20.57,0
13341050,1989,tmax,2,31.0,7.0,183.7,62,18.71,0
13341050,1990,tmax,1,60.0,8.75,289.1,60,20.86,0
13341050,1991,tmax,2,23.5,7.0,192.7,47,19.79,0
13341050,1992,tmax,2,22.0,7.5,181.1,44,20.0,0
13341050,1993,tmax,3,16.7,7.5,141.3,50,18.86,0
13341050,1994,tmax,7,12.0,7.95,223.0,84,20.57,0
13341050,1995,tmax,2,14.0,3.5,39.9,28,17.5,0
13341050,1996,tmax,4,12.8,2.5,63.5,51,16.93,0
13341050,1997,tmax,1,34.0,5.0,98.6,34,19.21,0
13341050,1998,tmax,5,11.2,8.95,98.5,56,18.86,1
13341050,1999,tmax,2,8.5,3.0,15.0,17,16.57,0
13341050,2000,tmax,1,5.0,0.6,2.7,5,16.29,0
13341050,2001,tmax,6,6.5,2.5,40.9,39,18.64,0
13341050,2004,tmax,2,5.0,1.5,7.6,10,17.43,0
13341050,2005,tmax,2,8.5,1.95,15.5,17,16.36,0
13341050,2006,tmax,1,5.0,0.5,2.3,5,17.07,0
13341050,2010,tmax,5,7.4,2.5,31.6,37,14.93,0
13341050,2014,tmax,2,5.0,1.0,5.8,10,13.86,0
13341050,2015,tmax,6,8.0,3.0,48.8,48,16.21,0
13341050,2016,tmax,1,7.0,2.5,13.7,7,15.64,0
13341050,2018,tmax,1,5.0,0.8,2.3,5,14.11,0
13341050,2021,tmax,1,10.0,2.1,12.3,10,16.31,0
13341050,2023,tmax,2,11.5,2.1,19.8,23,16.6,0
13341050,2024,tmax,4,9.5,1.5,28.6,38,14.7,0
13341050,2025,tmax,3,11.7,1.6,28.1,35,14.46,0
13341050,2002,tmax,0,0.0,0.0,0.0,0,14.93,0
13341050,2003,tmax,0,0.0,0.0,0.0,0,16.86,0
13341050,2007,tmax,0,0.0,0.0,0.0,0,15.29,0
13341050,2008,tmax,0,0.0,0.0,0.0,0,13.71,0
13341050,2009,tmax,0,0.0,0.0,0.0,0,14.79,0
13341050,2011,tmax,0,0.0,0.0,0.0,0,13.93,0
13341050,2012,tmax,0,0.0,0.0,0.0,0,14.36,0
13341050,2013,tmax,0,0.0,0.0,0.0,0,14.64,0
13341050,2017,tmax,0,0.0,0.0,0.0,0,15.26,0
13341050,2019,tmax,0,0.0,0.0,0.0,0,15.91,0
13341050,2020,tmax,0,0.0,0.0,0.0,0,14.56,0
13341050,2022,tmax,0,0.0,0.0,0.0,0,14.01,0
14019240,2010,tmax,2,5.5,0.29,1.7,11,21.71,0
14019240,2013,tmax,1,12.0,1.1,6.3,12,22.01,3
14019240,2014,tmax,4,6.8,0.6,5.9,27,21.87,1
14019240,2015,tmax,3,28.0,1.6,57.4,84,22.3,13
14019240,2016,tmax,5,13.0,1.3,23.2,65,21.99,4
14019240,2019,tmax,2,5.0,0.21,1.5,10,21.8,0
14019240,2020,tmax,2,6.0,0.42,3.0,12,21.06,0
14019240,2021,tmax,3,6.3,0.7,6.9,19,22.29,13
14019240,2009,tmax,0,0.0,0.0,0.0,0,17.63,0
14019240,2011,tmax,0,0.0,0.0,0.0,0,20.91,0
14019240,2012,tmax,0,0.0,0.0,0.0,0,20.74,0
14019240,2017,tmax,0,0.0,0.0,0.0,0,22.09,0
14019240,2018,tmax,0,0.0,0.0,0.0,0,21.99,0
14019240,2022,tmax,0,0.0,0.0,0.0,0,21.89,0
14034470,2009,tmax,1,9.0,1.84,6.7,9,26.39,33
14034470,2013,tmax,1,5.0,3.17,9.7,5,25.11,38
14034470,2014,tmax,4,5.2,2.4,18.9,21,24.9,39
14034470,2015,tmax,3,5.0,4.1,20.8,15,23.41,30
14034470,2016,tmax,2,5.5,4.37,27.6,11,22.07,9
14034470,2020,tmax,1,5.0,1.8,3.7,5,24.57,29
14034470,2021,tmax,4,7.5,4.23,48.7,30,26.39,17
14034470,2023,tmax,2,6.5,3.4,18.8,13,24.47,31
14034470,2024,tmax,4,6.8,3.2,24.1,27,24.66,33
14034470,2025,tmax,3,8.7,4.09,53.6,26,24.69,37
14034470,2010,tmax,0,0.0,0.0,0.0,0,22.11,0
14034470,2011,tmax,0,0.0,0.0,0.0,0,22.63,0
14034470,2012,tmax,0,0.0,0.0,0.0,0,22.56,0
14034470,2017,tmax,0,0.0,0.0,0.0,0,22.53,0
14034470,2018,tmax,0,0.0,0.0,0.0,0,25.59,0
14034470,2019,tmax,0,0.0,0.0,0.0,0,21.83,0
14034470,2022,tmax,0,0.0,0.0,0.0,0,20.63,0
14070615,2018,tmax,1,5.0,0.86,2.4,5,12.8,0
14070615,2020,tmax,1,5.0,0.84,2.3,5,19.14,0
14070615,2021,tmax,1,5.0,2.14,4.5,5,20.0,0
14070615,2022,tmax,1,12.0,0.3,2.2,12,14.91,0
14070615,2024,tmax,1,5.0,0.5,1.3,5,17.1,0
14070615,2025,tmax,2,8.5,1.24,10.5,17,15.86,0
14070615,2017,tmax,0,0.0,0.0,0.0,0,4.81,0
14070615,2019,tmax,0,0.0,0.0,0.0,0,18.13,0
14070615,2023,tmax,0,0.0,0.0,0.0,0,,0
14145500,1987,tmax,3,15.3,2.24,35.0,46,15.26,0
14145500,1988,tmax,1,20.0,0.8,9.3,20,15.91,0
14145500,1992,tmax,4,27.8,2.84,98.9,111,17.86,0
14145500,1993,tmax,2,6.5,0.54,3.1,13,15.27,0
14145500,1995,tmax,3,14.3,0.64,15.4,43,15.07,0
14145500,2010,tmax,1,5.0,0.9,2.8,5,16.84,0
14145500,2013,tmax,1,6.0,0.44,1.6,6,17.4,0
14145500,2014,tmax,3,17.3,0.84,22.9,52,16.0,0
14145500,2015,tmax,5,11.2,1.1,26.2,56,18.11,0
14145500,2016,tmax,8,11.0,4.24,59.9,88,17.67,0
14145500,2017,tmax,2,16.0,4.44,44.0,32,16.36,0
14145500,2018,tmax,1,6.0,0.3,1.3,6,17.1,0
14145500,2019,tmax,1,7.0,0.9,3.4,7,17.87,0
14145500,2021,tmax,4,8.0,0.6,8.4,32,16.99,0
14145500,2022,tmax,1,23.0,1.4,16.0,23,15.9,0
14145500,2023,tmax,4,7.5,0.7,8.2,30,17.29,0
14145500,2024,tmax,4,13.0,0.9,17.5,52,15.2,0
14145500,2025,tmax,5,23.0,1.5,86.1,115,18.46,0
14145500,1990,tmax,0,0.0,0.0,0.0,0,9.21,0
14145500,1991,tmax,0,0.0,0.0,0.0,0,15.63,0
14145500,1994,tmax,0,0.0,0.0,0.0,0,16.41,0
14145500,1996,tmax,0,0.0,0.0,0.0,0,14.96,0
14145500,1997,tmax,0,0.0,0.0,0.0,0,14.03,0
14145500,1998,tmax,0,0.0,0.0,0.0,0,,0
14145500,1999,tmax,0,0.0,0.0,0.0,0,,0
14145500,2000,tmax,0,0.0,0.0,0.0,0,,0
14145500,2001,tmax,0,0.0,0.0,0.0,0,,0
14145500,2002,tmax,0,0.0,0.0,0.0,0,,0
14145500,2003,tmax,0,0.0,0.0,0.0,0,,0
14145500,2004,tmax,0,0.0,0.0,0.0,0,,0
14145500,2005,tmax,0,0.0,0.0,0.0,0,,0
14145500,2006,tmax,0,0.0,0.0,0.0,0,,0
14145500,2007,tmax,0,0.0,0.0,0.0,0,,0
14145500,2008,tmax,0,0.0,0.0,0.0,0,14.26,0
14145500,2009,tmax,0,0.0,0.0,0.0,0,14.9,0
14145500,2011,tmax,0,0.0,0.0,0.0,0,15.36,0
14145500,2012,tmax,0,0.0,0.0,0.0,0,16.87,0
14145500,2020,tmax,0,0.0,0.0,0.0,0,15.19,0
14148000,1985,tmax,1,5.0,0.99,2.2,5,18.09,0
14148000,1986,tmax,2,6.0,1.52,7.0,12,18.93,0
14148000,1987,tmax,9,7.7,2.62,87.1,69,19.03,0
14148000,2013,tmax,1,5.0,0.3,0.8,5,17.84,0
14148000,2014,tmax,3,7.3,1.4,14.3,22,17.49,0
14148000,2015,tmax,12,10.0,3.22,113.1,120,18.71,0
14148000,2016,tmax,6,6.7,1.6,25.5,40,19.21,0
14148000,2017,tmax,1,5.0,0.52,1.5,5,18.74,0
14148000,2019,tmax,1,8.0,0.22,1.1,8,18.4,0
14148000,2020,tmax,1,5.0,1.1,3.0,5,17.27,0
14148000,2021,tmax,2,13.0,1.1,15.4,26,18.61,0
14148000,2023,tmax,1,7.0,1.33,4.5,7,18.04,0
14148000,2024,tmax,4,7.5,0.83,9.5,30,18.23,0
14148000,2025,tmax,8,8.5,2.11,49.8,68,18.97,0
14148000,1990,tmax,0,0.0,0.0,0.0,0,,0
14148000,1991,tmax,0,0.0,0.0,0.0,0,,0
14148000,1992,tmax,0,0.0,0.0,0.0,0,,0
14148000,1993,tmax,0,0.0,0.0,0.0,0,,0
14148000,1994,tmax,0,0.0,0.0,0.0,0,,0
14148000,1995,tmax,0,0.0,0.0,0.0,0,,0
14148000,1996,tmax,0,0.0,0.0,0.0,0,,0
14148000,1997,tmax,0,0.0,0.0,0.0,0,,0
14148000,1998,tmax,0,0.0,0.0,0.0,0,,0
14148000,1999,tmax,0,0.0,0.0,0.0,0,,0
14148000,2000,tmax,0,0.0,0.0,0.0,0,,0
14148000,2001,tmax,0,0.0,0.0,0.0,0,,0
14148000,2002,tmax,0,0.0,0.0,0.0,0,,0
14148000,2003,tmax,0,0.0,0.0,0.0,0,,0
14148000,2004,tmax,0,0.0,0.0,0.0,0,,0
14148000,2005,tmax,0,0.0,0.0,0.0,0,,0
14148000,2006,tmax,0,0.0,0.0,0.0,0,,0
14148000,2007,tmax,0,0.0,0.0,0.0,0,,0
14148000,2008,tmax,0,0.0,0.0,0.0,0,10.03,0
14148000,2009,tmax,0,0.0,0.0,0.0,0,18.16,0
14148000,2010,tmax,0,0.0,0.0,0.0,0,17.39,0
14148000,2011,tmax,0,0.0,0.0,0.0,0,16.06,0
14148000,2012,tmax,0,0.0,0.0,0.0,0,16.93,0
14148000,2018,tmax,0,0.0,0.0,0.0,0,18.17,0
14148000,2022,tmax,0,0.0,0.0,0.0,0,15.76,0
14150000,1987,tmax,4,8.0,0.9,13.5,32,18.76,0
14150000,1988,tmax,2,8.0,0.6,4.7,16,16.64,0
14150000,1992,tmax,7,10.3,1.81,60.4,72,20.3,0
14150000,1995,tmax,1,5.0,2.8,10.1,5,17.26,0
14150000,2001,tmax,1,14.0,0.6,4.2,14,20.37,0
14150000,2002,tmax,1,56.0,1.2,34.5,56,18.8,0
14150000,2003,tmax,1,10.0,0.5,2.5,10,19.71,0
14150000,2005,tmax,1,10.0,1.0,6.6,10,17.0,0
14150000,2013,tmax,1,16.0,0.8,7.1,16,17.13,0
14150000,2014,tmax,3,11.3,1.0,15.4,34,18.6,0
14150000,2015,tmax,11,20.0,3.6,317.2,220,21.17,0
14150000,2016,tmax,6,14.0,1.42,55.2,84,21.34,0
14150000,2018,tmax,1,6.0,0.2,0.7,6,20.29,0
14150000,2020,tmax,2,5.5,2.3,10.4,11,20.37,0
14150000,2021,tmax,3,7.3,1.1,10.3,22,19.89,0
14150000,2022,tmax,1,5.0,1.7,5.2,5,17.09,0
14150000,2023,tmax,3,11.0,0.78,11.8,33,20.57,0
14150000,2024,tmax,2,5.0,0.5,2.3,10,19.07,0
14150000,2025,tmax,6,9.7,1.4,35.2,58,19.46,0
14150000,1990,tmax,0,0.0,0.0,0.0,0,16.99,0
14150000,1991,tmax,0,0.0,0.0,0.0,0,16.83,0
14150000,1993,tmax,0,0.0,0.0,0.0,0,16.91,0
14150000,1994,tmax,0,0.0,0.0,0.0,0,19.97,0
14150000,1996,tmax,0,0.0,0.0,0.0,0,17.01,0
14150000,1997,tmax,0,0.0,0.0,0.0,0,17.83,0
14150000,1998,tmax,0,0.0,0.0,0.0,0,,0
14150000,1999,tmax,0,0.0,0.0,0.0,0,,0
14150000,2000,tmax,0,0.0,0.0,0.0,0,,0
14150000,2004,tmax,0,0.0,0.0,0.0,0,18.89,0
14150000,2006,tmax,0,0.0,0.0,0.0,0,16.86,0
14150000,2007,tmax,0,0.0,0.0,0.0,0,20.04,0
14150000,2008,tmax,0,0.0,0.0,0.0,0,16.0,0
14150000,2009,tmax,0,0.0,0.0,0.0,0,18.97,0
14150000,2010,tmax,0,0.0,0.0,0.0,0,18.93,0
14150000,2011,tmax,0,0.0,0.0,0.0,0,17.57,0
14150000,2012,tmax,0,0.0,0.0,0.0,0,16.73,0
14150000,2017,tmax,0,0.0,0.0,0.0,0,19.57,0
14150000,2019,tmax,0,0.0,0.0,0.0,0,20.0,0
14150290,2010,tmax,1,6.0,1.41,5.9,6,16.57,0
14150290,2013,tmax,2,5.0,1.6,9.0,10,21.57,2
14150290,2014,tmax,5,5.2,1.7,17.9,26,22.01,3
14150290,2015,tmax,3,9.7,2.1,21.9,29,23.26,19
14150290,2016,tmax,2,6.0,2.7,19.5,12,22.13,7
14150290,2019,tmax,2,10.0,2.0,18.1,20,23.54,19
14150290,2021,tmax,7,6.6,4.0,45.1,46,24.29,48
14150290,2022,tmax,3,9.0,1.8,18.6,27,23.93,9
14150290,2023,tmax,7,7.0,1.7,41.6,49,23.76,28
14150290,2024,tmax,9,9.8,2.7,76.5,88,24.87,34
14150290,2025,tmax,14,10.0,5.6,183.7,140,24.31,55
14150290,2011,tmax,0,0.0,0.0,0.0,0,19.97,0
14150290,2012,tmax,0,0.0,0.0,0.0,0,20.46,0
14150290,2017,tmax,0,0.0,0.0,0.0,0,22.64,0
14150290,2018,tmax,0,0.0,0.0,0.0,0,23.19,0
14150290,2020,tmax,0,0.0,0.0,0.0,0,22.19,0
14151000,1985,tmax,1,8.0,3.5,16.0,8,19.21,0
14151000,1986,tmax,1,8.0,4.1,20.2,8,19.73,0
14151000,1987,tmax,5,25.8,5.6,257.2,129,22.19,3
14151000,1988,tmax,2,11.5,1.01,15.8,23,17.26,0
14151000,1989,tmax,2,6.0,0.7,4.1,12,19.01,0
14151000,1990,tmax,1,13.0,0.9,5.7,13,18.53,0
14151000,1991,tmax,2,11.5,0.9,9.3,23,19.06,0
14151000,1992,tmax,3,11.0,2.8,35.7,33,18.49,0
14151000,1994,tmax,4,8.2,1.6,28.8,33,19.51,0
14151000,1995,tmax,7,9.1,2.0,49.7,64,19.17,0
14151000,1996,tmax,1,8.0,0.7,2.9,8,18.54,0
14151000,2002,tmax,1,47.0,2.8,93.6,47,21.27,0
14151000,2003,tmax,3,13.3,2.3,30.1,40,19.81,0
14151000,2004,tmax,4,7.0,4.6,33.4,28,16.97,0
14151000,2005,tmax,1,12.0,0.91,5.6,12,16.3,0
14151000,2006,tmax,1,6.0,0.7,2.7,6,16.96,0
14151000,2007,tmax,1,5.0,1.01,2.6,5,15.67,0
14151000,2010,tmax,4,13.5,4.74,82.0,54,20.34,0
14151000,2011,tmax,2,6.0,0.4,2.5,12,18.51,0
14151000,2012,tmax,1,8.0,0.3,1.6,8,17.09,0
14151000,2014,tmax,4,8.5,1.8,27.9,34,17.87,0
14151000,2015,tmax,7,8.3,3.4,50.7,58,21.29,3
14151000,2016,tmax,3,14.0,1.31,22.4,42,19.09,0
14151000,2018,tmax,3,18.3,6.7,120.4,55,21.94,4
14151000,2019,tmax,1,35.0,2.8,40.6,35,18.51,0
14151000,2020,tmax,1,5.0,0.7,2.2,5,17.97,0
14151000,2021,tmax,2,6.0,1.0,5.4,12,18.5,0
14151000,2022,tmax,3,8.3,0.8,9.0,25,18.97,0
14151000,2023,tmax,3,45.7,7.04,408.2,137,23.61,52
14151000,2024,tmax,4,17.2,2.2,69.6,69,17.97,0
14151000,2025,tmax,1,20.0,1.2,12.9,20,18.51,0
14151000,1993,tmax,0,0.0,0.0,0.0,0,18.41,0
14151000,1997,tmax,0,0.0,0.0,0.0,0,17.83,0
14151000,1998,tmax,0,0.0,0.0,0.0,0,,0
14151000,1999,tmax,0,0.0,0.0,0.0,0,,0
14151000,2000,tmax,0,0.0,0.0,0.0,0,,0
14151000,2001,tmax,0,0.0,0.0,0.0,0,16.56,0
14151000,2008,tmax,0,0.0,0.0,0.0,0,17.01,0
14151000,2009,tmax,0,0.0,0.0,0.0,0,17.73,0
14151000,2013,tmax,0,0.0,0.0,0.0,0,17.2,0
14151000,2017,tmax,0,0.0,0.0,0.0,0,18.24,0
14152000,1987,tmax,5,6.4,2.8,40.0,32,19.46,0
14152000,2001,tmax,2,5.0,1.09,5.0,10,20.74,0
14152000,2003,tmax,2,8.0,1.4,9.3,16,19.71,0
14152000,2005,tmax,1,11.0,1.99,15.4,11,17.59,0
14152000,2008,tmax,1,7.0,0.6,2.4,7,17.43,0
14152000,2013,tmax,2,6.0,0.9,5.9,12,19.54,0
14152000,2014,tmax,1,10.0,1.8,10.2,10,19.89,0
14152000,2015,tmax,16,9.1,3.4,202.1,146,22.31,15
14152000,2016,tmax,3,10.7,2.1,29.3,32,22.31,9
14152000,2018,tmax,2,8.5,1.2,11.0,17,21.1,0
14152000,2020,tmax,2,7.0,2.8,15.4,14,21.83,4
14152000,2021,tmax,5,7.4,2.0,29.3,37,20.73,0
14152000,2022,tmax,1,5.0,1.7,3.6,5,18.81,0
14152000,2023,tmax,5,10.2,1.9,50.3,51,21.63,0
14152000,2024,tmax,3,9.7,1.5,19.2,29,20.09,0
14152000,2025,tmax,6,9.7,2.0,37.7,58,20.54,0
14152000,1990,tmax,0,0.0,0.0,0.0,0,,0
14152000,1991,tmax,0,0.0,0.0,0.0,0,,0
14152000,1992,tmax,0,0.0,0.0,0.0,0,,0
14152000,1993,tmax,0,0.0,0.0,0.0,0,,0
14152000,1994,tmax,0,0.0,0.0,0.0,0,,0
14152000,1995,tmax,0,0.0,0.0,0.0,0,,0
14152000,1996,tmax,0,0.0,0.0,0.0,0,,0
14152000,1997,tmax,0,0.0,0.0,0.0,0,,0
14152000,1998,tmax,0,0.0,0.0,0.0,0,,0
14152000,1999,tmax,0,0.0,0.0,0.0,0,,0
14152000,2000,tmax,0,0.0,0.0,0.0,0,15.93,0
14152000,2002,tmax,0,0.0,0.0,0.0,0,19.3,0
14152000,2004,tmax,0,0.0,0.0,0.0,0,18.94,0
14152000,2006,tmax,0,0.0,0.0,0.0,0,18.23,0
14152000,2007,tmax,0,0.0,0.0,0.0,0,19.66,0
14152000,2009,tmax,0,0.0,0.0,0.0,0,18.24,0
14152000,2010,tmax,0,0.0,0.0,0.0,0,20.31,0
14152000,2011,tmax,0,0.0,0.0,0.0,0,18.11,0
14152000,2012,tmax,0,0.0,0.0,0.0,0,18.84,0
14152000,2017,tmax,0,0.0,0.0,0.0,0,19.81,0
14152000,2019,tmax,0,0.0,0.0,0.0,0,20.03,0
14153500,2003,tmax,2,5.0,0.7,4.2,10,20.86,0
14153500,2004,tmax,3,5.7,0.8,7.7,17,20.47,0
14153500,2005,tmax,2,13.5,1.9,22.1,27,19.26,0
14153500,2007,tmax,1,7.0,0.4,1.7,7,22.63,24
14153500,2010,tmax,2,5.0,0.4,1.9,10,19.31,0
14153500,2011,tmax,2,5.0,0.5,2.9,10,20.46,0
14153500,2012,tmax,1,5.0,0.37,1.2,5,19.86,0
14153500,2013,tmax,3,7.0,0.7,8.5,21,22.41,8
14153500,2014,tmax,3,8.7,2.3,21.0,26,20.66,0
14153500,2015,tmax,8,14.9,2.7,135.9,119,24.24,45
14153500,2016,tmax,3,6.0,1.4,14.0,18,22.53,13
14153500,2017,tmax,1,5.0,0.8,2.3,5,20.49,0
14153500,2018,tmax,2,6.5,0.7,4.2,13,22.76,15
14153500,2021,tmax,2,65.0,4.99,331.9,130,24.83,58
14153500,2022,tmax,1,13.0,0.5,3.8,13,19.64,0
14153500,2023,tmax,1,5.0,0.9,3.5,5,20.66,0
14153500,2024,tmax,4,10.2,2.0,25.3,41,20.9,0
14153500,2025,tmax,9,13.1,1.6,80.5,118,23.83,37
14153500,2001,tmax,0,0.0,0.0,0.0,0,21.84,0
14153500,2002,tmax,0,0.0,0.0,0.0,0,20.23,0
14153500,2006,tmax,0,0.0,0.0,0.0,0,20.01,0
14153500,2008,tmax,0,0.0,0.0,0.0,0,19.5,0
14153500,2009,tmax,0,0.0,0.0,0.0,0,20.27,0
14153500,2019,tmax,0,0.0,0.0,0.0,0,21.91,0
14153500,2020,tmax,0,0.0,0.0,0.0,0,19.3,0
14155500,2003,tmax,3,16.3,1.2,27.2,49,22.2,6
14155500,2004,tmax,3,5.3,1.29,11.8,16,19.17,0
14155500,2005,tmax,2,18.0,2.7,42.8,36,19.2,0
14155500,2007,tmax,3,5.3,0.7,6.5,16,22.89,9
14155500,2010,tmax,1,9.0,0.6,3.2,9,18.94,0
14155500,2011,tmax,1,5.0,0.3,0.8,5,20.47,0
14155500,2012,tmax,1,8.0,0.5,2.7,8,20.04,0
14155500,2014,tmax,2,8.0,1.7,17.2,16,19.29,0
14155500,2015,tmax,8,11.6,2.6,85.0,93,22.11,5
14155500,2016,tmax,4,11.0,1.2,25.1,44,23.04,21
14155500,2018,tmax,1,8.0,0.8,3.9,8,22.87,15
14155500,2021,tmax,4,23.2,6.1,251.8,93,24.7,48
14155500,2022,tmax,1,15.0,0.6,4.9,15,19.77,0
14155500,2024,tmax,2,10.0,1.1,8.0,20,19.97,0
14155500,2025,tmax,11,10.5,2.6,92.6,115,23.1,14
14155500,2001,tmax,0,0.0,0.0,0.0,0,19.34,0
14155500,2002,tmax,0,0.0,0.0,0.0,0,18.64,0
14155500,2006,tmax,0,0.0,0.0,0.0,0,18.94,0
14155500,2008,tmax,0,0.0,0.0,0.0,0,19.21,0
14155500,2009,tmax,0,0.0,0.0,0.0,0,19.77,0
14155500,2013,tmax,0,0.0,0.0,0.0,0,18.96,0
14155500,2017,tmax,0,0.0,0.0,0.0,0,19.51,0
14155500,2019,tmax,0,0.0,0.0,0.0,0,21.94,0
14155500,2020,tmax,0,0.0,0.0,0.0,0,19.24,0
14155500,2023,tmax,0,0.0,0.0,0.0,0,19.04,0
14158100,2013,tmax,1,5.0,0.6,1.7,5,20.43,0
14158100,2014,tmax,2,8.5,1.81,11.0,17,20.93,0
14158100,2015,tmax,16,7.3,3.0,102.5,117,22.33,17
14158100,2016,tmax,4,6.0,1.6,17.7,24,21.96,4
14158100,2018,tmax,1,5.0,0.5,1.7,5,20.49,0
14158100,2020,tmax,1,5.0,1.78,6.7,5,22.21,5
14158100,2021,tmax,3,5.7,1.4,6.3,17,21.0,0
14158100,2023,tmax,3,13.3,1.7,30.2,40,21.77,1
14158100,2024,tmax,3,11.0,1.4,22.2,33,20.19,0
14158100,2025,tmax,5,9.4,1.6,28.7,47,21.47,0
14158100,2010,tmax,0,0.0,0.0,0.0,0,11.13,0
14158100,2011,tmax,0,0.0,0.0,0.0,0,18.5,0
14158100,2012,tmax,0,0.0,0.0,0.0,0,19.97,0
14158100,2017,tmax,0,0.0,0.0,0.0,0,19.7,0
14158100,2019,tmax,0,0.0,0.0,0.0,0,20.61,0
14158100,2022,tmax,0,0.0,0.0,0.0,0,19.5,0
14158740,2018,tmax,1,5.0,0.2,0.6,5,8.29,0
14158740,2019,tmax,2,5.5,0.3,1.7,11,8.0,0
14158740,2021,tmax,1,6.0,0.14,0.6,6,7.74,0
14158740,2023,tmax,2,5.5,0.34,2.2,11,7.51,0
14158740,2024,tmax,1,7.0,0.3,1.2,7,7.47,0
14158740,2016,tmax,0,0.0,0.0,0.0,0,6.64,0
14158740,2017,tmax,0,0.0,0.0,0.0,0,7.79,0
14158740,2020,tmax,0,0.0,0.0,0.0,0,7.43,0
14158740,2022,tmax,0,0.0,0.0,0.0,0,7.31,0
14158740,2025,tmax,0,0.0,0.0,0.0,0,7.47,0
14158798,2022,tmax,1,21.0,1.74,16.0,21,15.37,0
14158798,2023,tmax,2,7.0,1.18,9.2,14,14.8,0
14158798,2024,tmax,2,8.0,1.14,9.0,16,15.56,0
14158798,2025,tmax,2,12.0,2.3,19.2,24,15.66,0
14158798,2017,tmax,0,0.0,0.0,0.0,0,13.93,0
14158798,2018,tmax,0,0.0,0.0,0.0,0,17.96,0
14158798,2019,tmax,0,0.0,0.0,0.0,0,16.14,0
14158798,2020,tmax,0,0.0,0.0,0.0,0,15.47,0
14158798,2021,tmax,0,0.0,0.0,0.0,0,16.59,0
14159500,1987,tmax,1,55.0,1.3,49.9,55,13.56,0
14159500,1989,tmax,1,18.0,1.6,16.4,18,14.19,0
14159500,1990,tmax,1,33.0,2.0,39.8,33,15.56,0
14159500,1991,tmax,1,32.0,1.9,27.2,32,14.33,0
14159500,1992,tmax,2,34.0,1.9,58.3,68,15.39,0
14159500,1993,tmax,1,23.0,1.4,16.5,23,13.19,0
14159500,1994,tmax,1,43.0,1.8,48.0,43,15.54,0
14159500,1995,tmax,4,14.0,0.8,20.7,56,13.86,0
14159500,1996,tmax,1,12.0,0.7,5.1,12,13.9,0
14159500,1997,tmax,1,22.0,0.65,6.6,22,13.21,0
14159500,1998,tmax,2,17.0,1.12,19.3,34,13.91,0
14159500,1999,tmax,1,25.0,1.0,16.1,25,12.53,0
14159500,2001,tmax,2,21.5,1.0,19.3,43,14.54,0
14159500,2003,tmax,3,27.0,2.58,98.3,81,18.19,0
14159500,2004,tmax,4,11.5,1.6,29.0,46,17.87,0
14159500,2010,tmax,1,7.0,0.4,1.8,7,15.63,0
14159500,2013,tmax,1,5.0,0.6,1.8,5,15.17,0
14159500,2014,tmax,2,14.0,1.9,15.8,28,14.74,0
14159500,2015,tmax,13,13.4,3.5,136.2,174,17.77,0
14159500,2016,tmax,5,16.8,3.8,77.9,84,17.76,0
14159500,2018,tmax,4,6.8,0.73,8.7,27,17.64,0
14159500,2020,tmax,2,8.0,1.1,9.0,16,15.41,0
14159500,2021,tmax,4,6.0,0.8,7.5,24,16.39,0
14159500,2022,tmax,2,6.5,0.7,5.4,13,16.8,0
14159500,2023,tmax,3,10.7,1.4,24.7,32,17.14,0
14159500,2024,tmax,4,16.2,1.5,33.4,65,16.77,0
14159500,2025,tmax,2,35.0,2.6,94.4,70,16.56,0
14159500,2000,tmax,0,0.0,0.0,0.0,0,5.57,0
14159500,2002,tmax,0,0.0,0.0,0.0,0,17.44,0
14159500,2005,tmax,0,0.0,0.0,0.0,0,16.16,0
14159500,2006,tmax,0,0.0,0.0,0.0,0,16.6,0
14159500,2007,tmax,0,0.0,0.0,0.0,0,16.0,0
14159500,2008,tmax,0,0.0,0.0,0.0,0,15.94,0
14159500,2009,tmax,0,0.0,0.0,0.0,0,16.56,0
14159500,2011,tmax,0,0.0,0.0,0.0,0,14.61,0
14159500,2012,tmax,0,0.0,0.0,0.0,0,15.19,0
14159500,2017,tmax,0,0.0,0.0,0.0,0,15.21,0
14159500,2019,tmax,0,0.0,0.0,0.0,0,16.86,0
14162200,1986,tmax,6,8.8,1.84,39.8,53,22.23,8
14162200,1987,tmax,1,35.0,4.76,111.8,35,20.54,0
14162200,1988,tmax,1,20.0,1.13,12.3,20,19.64,0
14162200,1991,tmax,3,7.7,1.1,8.1,23,17.7,0
14162200,1992,tmax,5,23.2,8.6,257.9,116,21.89,1
14162200,1994,tmax,2,5.5,0.9,5.1,11,20.37,0
14162200,1995,tmax,3,8.7,1.37,14.6,26,16.73,0
14162200,1996,tmax,2,20.0,4.6,25.2,40,16.81,0
14162200,1997,tmax,1,7.0,1.0,3.5,7,15.46,0
14162200,1998,tmax,1,5.0,0.4,1.4,5,15.8,0
14162200,2001,tmax,1,48.0,3.18,70.3,48,21.64,0
14162200,2002,tmax,1,7.0,1.1,4.0,7,16.3,0
14162200,2003,tmax,3,8.3,1.1,15.7,25,19.36,0
14162200,2004,tmax,1,5.0,0.2,0.7,5,16.34,0
14162200,2005,tmax,1,11.0,2.0,7.9,11,16.46,0
14162200,2007,tmax,3,14.0,1.7,30.9,42,18.7,0
14162200,2011,tmax,1,8.0,0.33,1.4,8,16.64,0
14162200,2014,tmax,5,10.4,1.5,39.7,52,18.97,0
14162200,2015,tmax,14,10.8,1.7,89.8,151,20.61,0
14162200,2016,tmax,5,6.0,0.7,10.7,30,20.0,0
14162200,2018,tmax,1,50.0,2.66,66.2,50,21.76,0
14162200,2020,tmax,1,5.0,0.7,2.6,5,17.06,0
14162200,2021,tmax,3,23.0,4.7,176.2,69,17.87,0
14162200,2022,tmax,2,7.5,0.96,8.6,15,17.63,0
14162200,2024,tmax,3,8.7,1.0,11.5,26,19.27,0
14162200,2025,tmax,5,17.2,2.0,82.1,86,21.6,0
14162200,1990,tmax,0,0.0,0.0,0.0,0,19.2,0
14162200,1993,tmax,0,0.0,0.0,0.0,0,16.89,0
14162200,1999,tmax,0,0.0,0.0,0.0,0,16.89,0
14162200,2000,tmax,0,0.0,0.0,0.0,0,,0
14162200,2006,tmax,0,0.0,0.0,0.0,0,16.89,0
14162200,2008,tmax,0,0.0,0.0,0.0,0,15.77,0
14162200,2009,tmax,0,0.0,0.0,0.0,0,16.03,0
14162200,2010,tmax,0,0.0,0.0,0.0,0,16.81,0
14162200,2012,tmax,0,0.0,0.0,0.0,0,15.66,0
14162200,2013,tmax,0,0.0,0.0,0.0,0,13.61,0
14162200,2017,tmax,0,0.0,0.0,0.0,0,15.66,0
14162200,2019,tmax,0,0.0,0.0,0.0,0,19.9,0
14162200,2023,tmax,0,0.0,0.0,0.0,0,16.17,0
14162500,2000,tmax,1,7.0,0.7,2.1,7,10.07,0
14162500,2001,tmax,2,5.5,1.0,4.2,11,15.77,0
14162500,2003,tmax,2,12.0,1.3,13.2,24,16.69,0
14162500,2004,tmax,2,5.5,0.7,5.2,11,16.54,0
14162500,2005,tmax,3,6.7,1.2,8.6,20,16.93,0
14162500,2014,tmax,3,7.3,1.5,12.9,22,15.79,0
14162500,2015,tmax,10,8.9,2.6,71.5,89,16.87,0
14162500,2016,tmax,2,5.0,1.19,5.1,10,16.39,0
14162500,2020,tmax,1,11.0,1.1,5.6,11,16.71,0
14162500,2021,tmax,6,10.0,1.5,40.9,60,17.57,0
14162500,2022,tmax,3,8.0,1.5,15.5,24,17.21,0
14162500,2023,tmax,7,10.1,1.8,48.2,71,16.9,0
14162500,2024,tmax,7,8.1,1.2,29.6,57,17.63,0
14162500,2025,tmax,8,13.1,3.3,106.9,105,16.77,0
14162500,1990,tmax,0,0.0,0.0,0.0,0,,0
14162500,1991,tmax,0,0.0,0.0,0.0,0,,0
14162500,1992,tmax,0,0.0,0.0,0.0,0,,0
14162500,1993,tmax,0,0.0,0.0,0.0,0,,0
14162500,1994,tmax,0,0.0,0.0,0.0,0,,0
14162500,1995,tmax,0,0.0,0.0,0.0,0,,0
14162500,1996,tmax,0,0.0,0.0,0.0,0,,0
14162500,1997,tmax,0,0.0,0.0,0.0,0,,0
14162500,1998,tmax,0,0.0,0.0,0.0,0,,0
14162500,1999,tmax,0,0.0,0.0,0.0,0,,0
14162500,2002,tmax,0,0.0,0.0,0.0,0,16.49,0
14162500,2006,tmax,0,0.0,0.0,0.0,0,16.5,0
14162500,2007,tmax,0,0.0,0.0,0.0,0,16.64,0
14162500,2008,tmax,0,0.0,0.0,0.0,0,14.71,0
14162500,2009,tmax,0,0.0,0.0,0.0,0,16.49,0
14162500,2010,tmax,0,0.0,0.0,0.0,0,16.04,0
14162500,2011,tmax,0,0.0,0.0,0.0,0,15.03,0
14162500,2012,tmax,0,0.0,0.0,0.0,0,15.31,0
14162500,2013,tmax,0,0.0,0.0,0.0,0,15.93,0
14162500,2017,tmax,0,0.0,0.0,0.0,0,15.77,0
14162500,2018,tmax,0,0.0,0.0,0.0,0,16.36,0
14162500,2019,tmax,0,0.0,0.0,0.0,0,16.13,0
14164550,2019,tmax,1,5.0,0.6,1.9,5,22.21,4
14164550,2021,tmax,7,5.4,3.46,34.1,38,24.43,51
14164550,2022,tmax,2,15.0,2.13,34.5,30,23.01,7
14164550,2023,tmax,5,8.6,2.73,48.9,43,22.79,20
14164550,2024,tmax,9,8.6,2.63,70.6,77,24.19,31
14164550,2025,tmax,13,9.5,3.73,133.2,123,25.04,57
14164550,2017,tmax,0,0.0,0.0,0.0,0,22.36,0
14164550,2018,tmax,0,0.0,0.0,0.0,0,22.39,0
14164550,2020,tmax,0,0.0,0.0,0.0,0,21.9,0
14164700,2020,tmax,1,5.0,1.2,3.7,5,22.54,8
14164700,2021,tmax,2,5.0,1.89,8.4,10,23.96,48
14164700,2022,tmax,2,8.0,1.2,10.1,16,22.83,12
14164700,2023,tmax,5,6.8,1.2,17.1,34,24.56,49
14164700,2024,tmax,6,6.2,1.8,27.1,37,24.5,33
14164700,2025,tmax,10,11.0,5.49,155.8,110,26.37,63
14164700,2017,tmax,0,0.0,0.0,0.0,0,23.01,0
14164700,2018,tmax,0,0.0,0.0,0.0,0,24.29,0
14164700,2019,tmax,0,0.0,0.0,0.0,0,23.31,0
14166000,1986,tmax,1,5.0,1.3,4.3,5,19.14,0
14166000,1987,tmax,1,5.0,3.9,14.6,5,20.11,0
14166000,2001,tmax,2,5.5,1.0,5.5,11,21.74,2
14166000,2002,tmax,1,7.0,0.9,3.0,7,20.33,0
14166000,2003,tmax,4,6.0,1.7,18.5,24,20.8,0
14166000,2005,tmax,2,8.5,2.2,17.4,17,20.19,0
14166000,2010,tmax,1,5.0,1.0,2.0,5,20.16,0
14166000,2012,tmax,1,6.0,0.5,1.4,6,19.59,0
14166000,2013,tmax,2,6.0,1.6,10.4,12,20.36,0
14166000,2014,tmax,3,7.0,1.8,16.0,21,20.77,0
14166000,2015,tmax,14,10.6,3.98,147.9,148,22.76,21
14166000,2016,tmax,4,9.8,2.1,28.5,39,21.76,2
14166000,2018,tmax,1,5.0,0.8,2.4,5,20.77,0
14166000,2021,tmax,6,6.2,2.0,28.2,37,21.91,6
14166000,2023,tmax,3,10.7,1.3,16.3,32,21.7,1
14166000,2024,tmax,2,14.0,1.0,14.7,28,20.09,0
14166000,2025,tmax,4,8.0,2.99,29.0,32,21.37,0
14166000,1990,tmax,0,0.0,0.0,0.0,0,,0
14166000,1991,tmax,0,0.0,0.0,0.0,0,,0
14166000,1992,tmax,0,0.0,0.0,0.0,0,,0
14166000,1993,tmax,0,0.0,0.0,0.0,0,,0
14166000,1994,tmax,0,0.0,0.0,0.0,0,,0
14166000,1995,tmax,0,0.0,0.0,0.0,0,,0
14166000,1996,tmax,0,0.0,0.0,0.0,0,,0
14166000,1997,tmax,0,0.0,0.0,0.0,0,,0
14166000,1998,tmax,0,0.0,0.0,0.0,0,,0
14166000,1999,tmax,0,0.0,0.0,0.0,0,,0
14166000,2000,tmax,0,0.0,0.0,0.0,0,14.54,0
14166000,2004,tmax,0,0.0,0.0,0.0,0,21.11,0
14166000,2006,tmax,0,0.0,0.0,0.0,0,20.77,0
14166000,2007,tmax,0,0.0,0.0,0.0,0,21.0,0
14166000,2008,tmax,0,0.0,0.0,0.0,0,18.94,0
14166000,2009,tmax,0,0.0,0.0,0.0,0,20.93,0
14166000,2011,tmax,0,0.0,0.0,0.0,0,18.61,0
14166000,2017,tmax,0,0.0,0.0,0.0,0,20.3,0
14166000,2019,tmax,0,0.0,0.0,0.0,0,20.44,0
14166000,2020,tmax,0,0.0,0.0,0.0,0,21.2,0
14166000,2022,tmax,0,0.0,0.0,0.0,0,21.21,0
14169000,2002,tmax,2,5.5,1.6,7.9,11,24.09,61
14169000,2003,tmax,2,8.0,1.8,9.4,16,20.21,0
14169000,2004,tmax,1,6.0,0.75,2.2,6,24.39,47
14169000,2005,tmax,1,6.0,0.8,3.4,6,24.67,56
14169000,2007,tmax,2,5.0,1.97,6.4,10,23.59,45
14169000,2011,tmax,3,6.3,1.7,16.3,19,23.49,52
14169000,2012,tmax,1,5.0,1.65,4.4,5,23.76,29
14169000,2013,tmax,2,11.5,2.08,20.8,23,23.71,52
14169000,2014,tmax,4,6.0,2.9,25.6,24,23.96,60
14169000,2015,tmax,6,9.8,2.7,44.2,59,24.07,73
14169000,2016,tmax,3,7.0,2.3,21.1,21,23.24,48
14169000,2018,tmax,1,7.0,2.0,6.6,7,24.14,56
14169000,2020,tmax,1,8.0,1.1,4.7,8,23.96,52
14169000,2021,tmax,4,10.8,2.97,40.8,43,24.61,63
14169000,2022,tmax,2,13.0,1.0,12.6,26,24.06,51
14169000,2023,tmax,1,5.0,0.6,1.5,5,24.04,53
14169000,2024,tmax,4,6.0,1.0,12.5,24,24.33,45
14169000,2025,tmax,3,10.7,3.2,39.6,32,24.33,68
14169000,2001,tmax,0,0.0,0.0,0.0,0,23.33,0
14169000,2006,tmax,0,0.0,0.0,0.0,0,23.26,0
14169000,2008,tmax,0,0.0,0.0,0.0,0,23.33,0
14169000,2009,tmax,0,0.0,0.0,0.0,0,24.23,0
14169000,2010,tmax,0,0.0,0.0,0.0,0,23.43,0
14169000,2017,tmax,0,0.0,0.0,0.0,0,24.69,0
14169000,2019,tmax,0,0.0,0.0,0.0,0,23.61,0
14178000,1986,tmax,3,5.3,1.5,13.9,16,16.5,0
14178000,1987,tmax,3,6.3,2.0,20.6,19,16.59,0
14178000,1999,tmax,1,5.0,0.75,1.7,5,14.46,0
14178000,2000,tmax,1,8.0,1.7,5.2,8,15.94,0
14178000,2001,tmax,4,5.5,2.0,15.2,22,16.63,0
14178000,2003,tmax,4,5.8,1.0,11.1,23,16.94,0
14178000,2004,tmax,2,5.5,0.9,5.2,11,16.53,0
14178000,2005,tmax,1,9.0,1.3,6.0,9,16.4,0
14178000,2007,tmax,1,5.0,1.3,3.4,5,16.73,0
14178000,2013,tmax,1,7.0,0.82,2.7,7,16.0,0
14178000,2014,tmax,3,8.7,1.6,20.5,26,16.1,0
14178000,2015,tmax,11,10.5,2.52,106.6,116,17.73,0
14178000,2016,tmax,7,5.4,2.22,32.2,38,16.4,0
14178000,2018,tmax,1,5.0,0.9,3.4,5,16.23,0
14178000,2021,tmax,3,9.0,2.32,21.2,27,17.79,0
14178000,2022,tmax,5,7.6,1.1,15.9,38,16.96,0
14178000,2023,tmax,3,6.0,1.6,11.9,18,16.69,0
14178000,2024,tmax,5,10.0,1.62,25.5,50,16.93,0
14178000,2025,tmax,7,9.7,2.9,72.8,68,17.43,0
14178000,1990,tmax,0,0.0,0.0,0.0,0,,0
14178000,1991,tmax,0,0.0,0.0,0.0,0,,0
14178000,1992,tmax,0,0.0,0.0,0.0,0,,0
14178000,1993,tmax,0,0.0,0.0,0.0,0,,0
14178000,1994,tmax,0,0.0,0.0,0.0,0,,0
14178000,1995,tmax,0,0.0,0.0,0.0,0,,0
14178000,1996,tmax,0,0.0,0.0,0.0,0,,0
14178000,1997,tmax,0,0.0,0.0,0.0,0,,0
14178000,1998,tmax,0,0.0,0.0,0.0,0,9.59,0
14178000,2002,tmax,0,0.0,0.0,0.0,0,16.04,0
14178000,2006,tmax,0,0.0,0.0,0.0,0,16.67,0
14178000,2008,tmax,0,0.0,0.0,0.0,0,14.83,0
14178000,2009,tmax,0,0.0,0.0,0.0,0,16.79,0
14178000,2010,tmax,0,0.0,0.0,0.0,0,15.76,0
14178000,2011,tmax,0,0.0,0.0,0.0,0,14.56,0
14178000,2012,tmax,0,0.0,0.0,0.0,0,14.99,0
14178000,2017,tmax,0,0.0,0.0,0.0,0,15.76,0
14178000,2019,tmax,0,0.0,0.0,0.0,0,16.14,0
14178000,2020,tmax,0,0.0,0.0,0.0,0,16.0,0
14181500,1987,tmax,1,43.0,1.0,22.5,43,13.99,0
14181500,1988,tmax,1,23.0,1.1,14.8,23,14.24,0
14181500,1992,tmax,5,12.0,0.9,24.3,60,14.14,0
14181500,1993,tmax,1,16.0,0.4,2.6,16,13.91,0
14181500,1994,tmax,1,8.0,0.4,2.4,8,14.1,0
14181500,1996,tmax,1,18.0,0.6,6.0,18,12.56,0
14181500,2001,tmax,1,43.0,2.83,68.6,43,16.26,0
14181500,2003,tmax,2,10.0,1.4,9.8,20,14.0,0
14181500,2005,tmax,1,5.0,0.3,0.7,5,13.67,0
14181500,2006,tmax,1,5.0,1.33,4.8,5,13.66,0
14181500,2007,tmax,2,17.0,2.83,34.5,34,16.6,0
14181500,2009,tmax,1,5.0,3.0,6.7,5,16.16,0
14181500,2011,tmax,2,6.0,1.0,5.6,12,15.84,0
14181500,2013,tmax,1,5.0,0.6,2.3,5,14.99,0
14181500,2014,tmax,3,11.0,1.5,20.5,33,16.73,0
14181500,2015,tmax,5,29.4,1.7,89.7,147,16.73,0
14181500,2016,tmax,7,8.6,1.3,22.0,60,15.76,0
14181500,2017,tmax,2,9.0,3.5,28.6,18,14.39,0
14181500,2018,tmax,4,8.0,0.5,8.8,32,15.8,0
14181500,2019,tmax,1,12.0,0.6,2.9,12,14.16,0
14181500,2021,tmax,1,12.0,0.7,3.1,12,14.23,0
14181500,2022,tmax,1,5.0,0.6,2.1,5,14.31,0
14181500,2023,tmax,2,10.5,3.8,20.3,21,13.71,0
14181500,2024,tmax,1,8.0,1.6,7.3,8,14.1,0
14181500,2025,tmax,5,21.2,1.5,70.0,106,14.03,0
14181500,1990,tmax,0,0.0,0.0,0.0,0,13.7,0
14181500,1991,tmax,0,0.0,0.0,0.0,0,13.63,0
14181500,1995,tmax,0,0.0,0.0,0.0,0,13.87,0
14181500,1997,tmax,0,0.0,0.0,0.0,0,15.97,0
14181500,1998,tmax,0,0.0,0.0,0.0,0,,0
14181500,1999,tmax,0,0.0,0.0,0.0,0,13.43,0
14181500,2000,tmax,0,0.0,0.0,0.0,0,13.46,0
14181500,2002,tmax,0,0.0,0.0,0.0,0,13.66,0
14181500,2004,tmax,0,0.0,0.0,0.0,0,14.0,0
14181500,2008,tmax,0,0.0,0.0,0.0,0,14.51,0
14181500,2010,tmax,0,0.0,0.0,0.0,0,15.71,0
14181500,2012,tmax,0,0.0,0.0,0.0,0,15.33,0
14181500,2020,tmax,0,0.0,0.0,0.0,0,14.8,0
14186200,2010,tmax,1,7.0,0.2,0.8,7,12.4,0
14186200,2014,tmax,2,11.0,0.53,5.6,22,14.51,0
14186200,2015,tmax,8,24.8,1.7,106.1,198,16.04,0
14186200,2016,tmax,1,5.0,0.26,1.0,5,12.27,0
14186200,2018,tmax,1,17.0,0.53,5.7,17,14.3,0
14186200,2019,tmax,2,14.0,0.63,8.4,28,12.73,0
14186200,2020,tmax,2,17.0,5.56,117.8,34,14.41,0
14186200,2021,tmax,1,18.0,1.22,8.9,18,15.37,0
14186200,2022,tmax,2,22.5,1.9,45.9,45,11.64,0
14186200,2023,tmax,4,19.8,5.86,209.3,79,18.09,0
14186200,2024,tmax,6,15.7,11.5,287.8,94,20.97,0
14186200,2025,tmax,4,25.2,9.45,344.4,101,17.57,0
14186200,2007,tmax,0,0.0,0.0,0.0,0,12.17,0
14186200,2008,tmax,0,0.0,0.0,0.0,0,7.14,0
14186200,2009,tmax,0,0.0,0.0,0.0,0,10.93,0
14186200,2011,tmax,0,0.0,0.0,0.0,0,12.33,0
14186200,2012,tmax,0,0.0,0.0,0.0,0,12.4,0
14186200,2013,tmax,0,0.0,0.0,0.0,0,12.79,0
14186200,2017,tmax,0,0.0,0.0,0.0,0,11.83,0
14187200,1985,tmax,1,16.0,0.6,4.8,16,14.03,0
14187200,1986,tmax,5,9.2,1.9,30.6,46,14.03,0
14187200,1987,tmax,5,13.2,4.4,83.2,66,15.24,0
14187200,1989,tmax,1,12.0,2.2,15.8,12,13.69,0
14187200,1990,tmax,2,45.5,1.91,95.1,91,15.21,0
14187200,1992,tmax,3,30.0,2.8,115.4,90,13.84,0
14187200,1993,tmax,5,16.8,2.3,72.6,84,15.47,0
14187200,1994,tmax,2,16.0,3.1,41.4,32,13.74,0
14187200,1995,tmax,10,8.5,1.9,56.6,85,14.57,0
14187200,1996,tmax,1,6.0,0.8,2.9,6,13.76,0
14187200,1997,tmax,1,12.0,1.7,12.7,12,13.86,0
14187200,2002,tmax,1,10.0,0.8,2.9,10,13.09,0
14187200,2003,tmax,2,14.5,1.6,20.6,29,14.4,0
14187200,2004,tmax,3,16.3,1.21,23.2,49,14.59,0
14187200,2005,tmax,1,15.0,1.3,12.7,15,12.39,0
14187200,2007,tmax,1,9.0,1.17,4.6,9,14.17,0
14187200,2008,tmax,2,9.5,4.2,29.7,19,16.86,0
14187200,2010,tmax,1,5.0,0.3,1.0,5,13.24,0
14187200,2014,tmax,3,7.7,1.1,11.6,23,14.27,0
14187200,2015,tmax,6,29.5,2.0,126.2,177,14.99,0
14187200,2016,tmax,4,8.8,1.6,23.1,35,13.84,0
14187200,2017,tmax,2,6.5,0.8,6.2,13,14.1,0
14187200,2018,tmax,1,7.0,0.6,2.0,7,13.49,0
14187200,2019,tmax,1,5.0,0.3,1.0,5,12.71,0
14187200,2021,tmax,1,7.0,0.2,1.0,7,13.54,0
14187200,2022,tmax,2,7.0,1.1,4.4,14,13.86,0
14187200,2023,tmax,2,30.5,3.24,94.8,61,16.7,0
14187200,2024,tmax,5,12.2,3.4,69.6,61,16.3,0
14187200,2025,tmax,7,12.1,1.8,56.6,85,14.17,0
14187200,1991,tmax,0,0.0,0.0,0.0,0,13.69,0
14187200,1998,tmax,0,0.0,0.0,0.0,0,,0
14187200,1999,tmax,0,0.0,0.0,0.0,0,,0
14187200,2000,tmax,0,0.0,0.0,0.0,0,,0
14187200,2001,tmax,0,0.0,0.0,0.0,0,13.23,0
14187200,2006,tmax,0,0.0,0.0,0.0,0,13.07,0
14187200,2009,tmax,0,0.0,0.0,0.0,0,12.67,0
14187200,2011,tmax,0,0.0,0.0,0.0,0,12.94,0
14187200,2012,tmax,0,0.0,0.0,0.0,0,13.07,0
14187200,2013,tmax,0,0.0,0.0,0.0,0,13.19,0
14187200,2020,tmax,0,0.0,0.0,0.0,0,12.71,0
14197900,2003,tmax,4,7.2,1.6,22.5,29,24.64,53
14197900,2004,tmax,2,5.5,1.7,10.4,11,24.49,43
14197900,2005,tmax,2,15.0,2.5,27.4,30,23.33,34
14197900,2006,tmax,1,5.0,0.77,2.2,5,24.59,25
14197900,2008,tmax,1,5.0,0.7,2.3,5,22.64,7
14197900,2009,tmax,1,6.0,1.6,5.6,6,25.5,26
14197900,2013,tmax,1,6.0,1.49,6.1,6,23.77,33
14197900,2014,tmax,3,6.3,1.94,15.1,19,23.79,44
14197900,2015,tmax,13,9.2,3.5,110.7,120,26.11,75
14197900,2016,tmax,5,6.4,2.32,36.4,32,23.89,45
14197900,2021,tmax,6,7.8,3.02,61.4,47,25.04,65
14197900,2023,tmax,1,5.0,0.61,1.9,5,23.53,47
14197900,2024,tmax,3,5.7,1.0,7.1,17,23.4,30
14197900,2025,tmax,5,9.6,2.9,43.4,48,24.63,50
14197900,2001,tmax,0,0.0,0.0,0.0,0,12.69,0
14197900,2002,tmax,0,0.0,0.0,0.0,0,23.16,0
14197900,2007,tmax,0,0.0,0.0,0.0,0,23.94,0
14197900,2010,tmax,0,0.0,0.0,0.0,0,22.09,0
14197900,2011,tmax,0,0.0,0.0,0.0,0,22.27,0
14197900,2012,tmax,0,0.0,0.0,0.0,0,22.09,0
14197900,2017,tmax,0,0.0,0.0,0.0,0,23.89,0
14197900,2018,tmax,0,0.0,0.0,0.0,0,24.44,0
14197900,2019,tmax,0,0.0,0.0,0.0,0,,0
14197900,2020,tmax,0,0.0,0.0,0.0,0,,0
14197900,2022,tmax,0,0.0,0.0,0.0,0,24.83,0
14202980,2003,tmax,3,7.7,1.5,13.4,23,19.04,0
14202980,2010,tmax,3,7.0,8.2,56.3,21,15.54,0
14202980,2012,tmax,1,6.0,0.2,0.8,6,15.76,0
14202980,2014,tmax,3,15.0,0.7,15.8,45,18.13,0
14202980,2015,tmax,7,23.4,3.07,121.8,164,19.69,0
14202980,2016,tmax,4,9.5,1.3,15.5,38,19.06,1
14202980,2020,tmax,9,7.2,0.88,23.0,65,18.0,0
14202980,2021,tmax,3,23.0,1.6,43.7,69,19.84,0
14202980,2022,tmax,1,21.0,1.1,14.8,21,18.31,0
14202980,2023,tmax,2,11.5,0.9,6.7,23,19.71,0
14202980,2024,tmax,1,21.0,0.5,7.3,21,17.87,0
14202980,2025,tmax,2,35.0,2.5,84.4,70,21.2,0
14202980,2002,tmax,0,0.0,0.0,0.0,0,18.23,0
14202980,2004,tmax,0,0.0,0.0,0.0,0,17.83,0
14202980,2005,tmax,0,0.0,0.0,0.0,0,16.0,0
14202980,2006,tmax,0,0.0,0.0,0.0,0,18.01,0
14202980,2007,tmax,0,0.0,0.0,0.0,0,18.6,0
14202980,2008,tmax,0,0.0,0.0,0.0,0,17.94,0
14202980,2009,tmax,0,0.0,0.0,0.0,0,16.67,0
14202980,2011,tmax,0,0.0,0.0,0.0,0,13.8,0
14202980,2013,tmax,0,0.0,0.0,0.0,0,15.44,0
14202980,2017,tmax,0,0.0,0.0,0.0,0,17.39,0
14202980,2018,tmax,0,0.0,0.0,0.0,0,18.06,0
14202980,2019,tmax,0,0.0,0.0,0.0,0,17.57,0
14206241,2022,tmax,2,6.0,1.4,9.5,12,18.76,0
14206241,2023,tmax,3,8.3,3.92,33.6,25,19.0,0
14206241,2024,tmax,1,5.0,0.87,2.8,5,18.83,0
14206241,2025,tmax,2,28.0,3.76,68.2,56,19.33,0
14206241,2019,tmax,0,0.0,0.0,0.0,0,18.23,0
14206241,2020,tmax,0,0.0,0.0,0.0,0,19.6,0
14206241,2021,tmax,0,0.0,0.0,0.0,0,20.4,0
14316500,2001,tmax,1,12.0,1.03,5.8,12,15.33,0
14316500,2002,tmax,1,5.0,0.51,1.5,5,15.29,0
14316500,2003,tmax,2,5.5,0.8,5.2,11,15.79,0
14316500,2005,tmax,4,7.8,1.34,14.0,31,15.53,0
14316500,2010,tmax,2,6.5,0.57,4.1,13,15.21,0
14316500,2012,tmax,1,7.0,1.04,4.5,7,13.81,0
14316500,2013,tmax,3,5.0,0.7,6.2,15,14.99,0
14316500,2014,tmax,3,7.0,0.8,9.5,21,15.04,0
14316500,2015,tmax,9,9.8,1.62,66.0,88,15.97,0
14316500,2016,tmax,3,6.0,1.24,9.6,18,14.41,0
14316500,2018,tmax,1,5.0,1.3,3.2,5,14.39,0
14316500,2019,tmax,1,5.0,0.42,1.5,5,15.21,0
14316500,2020,tmax,3,7.0,0.77,8.1,21,15.11,0
14316500,2021,tmax,4,9.2,2.0,29.7,37,16.57,0
14316500,2022,tmax,5,7.8,0.9,12.9,39,15.54,0
14316500,2023,tmax,6,6.3,1.37,19.8,38,15.57,0
14316500,2024,tmax,7,11.4,1.57,53.0,80,15.69,0
14316500,2025,tmax,1,12.0,1.8,8.2,12,14.71,0
14316500,1998,tmax,0,0.0,0.0,0.0,0,14.34,0
14316500,1999,tmax,0,0.0,0.0,0.0,0,12.66,0
14316500,2000,tmax,0,0.0,0.0,0.0,0,14.41,0
14316500,2004,tmax,0,0.0,0.0,0.0,0,15.36,0
14316500,2006,tmax,0,0.0,0.0,0.0,0,15.24,0
14316500,2007,tmax,0,0.0,0.0,0.0,0,15.24,0
14316500,2008,tmax,0,0.0,0.0,0.0,0,13.81,0
14316500,2009,tmax,0,0.0,0.0,0.0,0,14.84,0
14316500,2011,tmax,0,0.0,0.0,0.0,0,13.44,0
14316500,2017,tmax,0,0.0,0.0,0.0,0,14.3,0
14330000,1990,tmax,4,6.0,0.9,7.9,24,15.73,0
14330000,1991,tmax,1,6.0,0.2,1.0,6,15.3,0
14330000,1992,tmax,6,11.3,3.34,83.8,68,15.56,0
14330000,1994,tmax,3,8.0,1.2,13.0,24,15.53,0
14330000,1995,tmax,5,6.8,2.45,31.7,34,15.03,0
14330000,1996,tmax,1,7.0,0.9,4.8,7,14.71,0
14330000,2001,tmax,2,7.5,2.7,17.5,15,15.1,0
14330000,2002,tmax,2,8.0,1.0,6.0,16,15.96,0
14330000,2003,tmax,2,5.5,0.8,3.3,11,15.69,0
14330000,2004,tmax,1,7.0,1.25,4.0,7,15.2,0
14330000,2005,tmax,5,8.0,1.6,22.2,40,15.57,0
14330000,2010,tmax,2,8.5,1.0,8.4,17,16.0,0
14330000,2012,tmax,1,8.0,1.0,4.4,8,14.76,0
14330000,2013,tmax,3,6.0,1.78,15.8,18,16.11,0
14330000,2014,tmax,5,9.8,3.4,47.1,49,15.69,0
14330000,2015,tmax,12,10.2,2.8,122.1,122,16.5,0
14330000,2016,tmax,3,7.0,1.05,7.3,21,14.56,0
14330000,2018,tmax,2,5.0,0.61,2.8,10,14.61,0
14330000,2020,tmax,1,5.0,0.45,1.3,5,15.14,0
14330000,2021,tmax,3,11.0,2.15,31.4,33,16.87,0
14330000,2023,tmax,3,6.3,2.8,15.1,19,14.96,0
14330000,2024,tmax,1,13.0,0.9,6.3,13,14.59,0
14330000,2025,tmax,2,10.0,1.8,19.0,20,14.27,0
14330000,1993,tmax,0,0.0,0.0,0.0,0,12.41,0
14330000,1997,tmax,0,0.0,0.0,0.0,0,14.29,0
14330000,1998,tmax,0,0.0,0.0,0.0,0,14.93,0
14330000,1999,tmax,0,0.0,0.0,0.0,0,13.71,0
14330000,2000,tmax,0,0.0,0.0,0.0,0,14.71,0
14330000,2006,tmax,0,0.0,0.0,0.0,0,15.13,0
14330000,2007,tmax,0,0.0,0.0,0.0,0,15.63,0
14330000,2008,tmax,0,0.0,0.0,0.0,0,14.53,0
14330000,2009,tmax,0,0.0,0.0,0.0,0,15.19,0
14330000,2011,tmax,0,0.0,0.0,0.0,0,14.17,0
14330000,2017,tmax,0,0.0,0.0,0.0,0,13.97,0
14330000,2019,tmax,0,0.0,0.0,0.0,0,14.11,0
14330000,2022,tmax,0,0.0,0.0,0.0,0,15.29,0
14335072,2014,tmax,1,32.0,1.15,18.3,32,13.87,0
14335072,2015,tmax,4,8.5,0.4,5.9,34,13.66,0
14335072,2016,tmax,1,11.0,0.39,2.5,11,13.91,0
14335072,2020,tmax,2,5.0,0.39,2.0,10,14.26,0
14335072,2021,tmax,1,11.0,0.39,2.0,11,13.53,0
14335072,2023,tmax,4,6.5,0.8,8.7,26,13.83,0
14335072,2024,tmax,1,8.0,0.4,1.8,8,13.77,0
14335072,2025,tmax,7,9.6,0.99,21.6,67,14.4,0
14335072,2012,tmax,0,0.0,0.0,0.0,0,13.74,0
14335072,2013,tmax,0,0.0,0.0,0.0,0,13.89,0
14335072,2017,tmax,0,0.0,0.0,0.0,0,14.09,0
14335072,2018,tmax,0,0.0,0.0,0.0,0,13.76,0
14335072,2019,tmax,0,0.0,0.0,0.0,0,13.96,0
14335072,2022,tmax,0,0.0,0.0,0.0,0,14.09,0
14335075,1985,tmax,3,23.7,3.3,75.3,71,14.76,0
14335075,1986,tmax,1,12.0,0.9,5.9,12,14.04,0
14335075,1992,tmax,5,10.2,1.7,38.5,51,13.99,0
14335075,1994,tmax,2,23.5,3.1,79.0,47,15.54,0
14335075,1995,tmax,2,8.5,0.85,8.3,17,13.94,0
14335075,1996,tmax,1,17.0,1.0,11.5,17,14.21,0
14335075,1998,tmax,1,7.0,1.0,4.0,7,12.79,0
14335075,2000,tmax,1,5.0,0.33,1.0,5,14.4,0
14335075,1990,tmax,0,0.0,0.0,0.0,0,12.93,0
14335075,1991,tmax,0,0.0,0.0,0.0,0,13.69,0
14335075,1993,tmax,0,0.0,0.0,0.0,0,13.33,0
14335075,1997,tmax,0,0.0,0.0,0.0,0,13.47,0
14335075,1999,tmax,0,0.0,0.0,0.0,0,13.86,0
14337600,1985,tmax,2,13.5,1.8,21.0,27,14.4,0
14337600,1986,tmax,1,6.0,0.25,0.9,6,12.3,0
14337600,1987,tmax,1,15.0,0.74,6.8,15,13.9,0
14337600,1991,tmax,1,5.0,0.2,0.5,5,14.69,0
14337600,1992,tmax,3,17.3,2.0,46.4,52,15.03,0
14337600,1993,tmax,1,9.0,0.5,3.0,9,14.06,0
14337600,1994,tmax,2,19.5,1.9,47.5,39,15.76,0
14337600,1995,tmax,1,18.0,1.0,7.1,18,13.53,0
14337600,1997,tmax,1,36.0,1.5,27.6,36,13.64,0
14337600,1998,tmax,1,30.0,0.3,6.3,30,14.0,0
14337600,2000,tmax,1,7.0,0.54,1.7,7,14.86,0
14337600,2001,tmax,3,19.0,1.9,50.2,57,15.84,0
14337600,2002,tmax,4,27.0,2.7,107.9,108,14.11,0
14337600,2003,tmax,1,7.0,0.9,3.6,7,14.33,0
14337600,2005,tmax,4,7.0,1.35,16.0,28,14.81,0
14337600,2007,tmax,3,6.0,1.2,6.2,18,14.83,0
14337600,2010,tmax,2,7.5,1.4,11.2,15,14.57,0
14337600,2014,tmax,2,12.5,1.1,15.3,25,14.64,0
14337600,2015,tmax,6,10.5,1.3,27.1,63,14.49,0
14337600,2018,tmax,1,7.0,0.6,2.4,7,14.09,0
14337600,2020,tmax,1,7.0,0.7,3.3,7,14.46,0
14337600,2021,tmax,1,16.0,0.4,4.3,16,14.3,0
14337600,2022,tmax,4,5.0,1.1,11.3,20,14.19,0
14337600,2024,tmax,2,5.5,0.2,1.6,11,14.49,0
14337600,2025,tmax,1,17.0,0.7,7.8,17,14.41,0
14337600,1990,tmax,0,0.0,0.0,0.0,0,13.86,0
14337600,1996,tmax,0,0.0,0.0,0.0,0,13.27,0
14337600,1999,tmax,0,0.0,0.0,0.0,0,14.07,0
14337600,2004,tmax,0,0.0,0.0,0.0,0,14.1,0
14337600,2006,tmax,0,0.0,0.0,0.0,0,14.57,0
14337600,2008,tmax,0,0.0,0.0,0.0,0,14.17,0
14337600,2009,tmax,0,0.0,0.0,0.0,0,14.49,0
14337600,2011,tmax,0,0.0,0.0,0.0,0,14.0,0
14337600,2012,tmax,0,0.0,0.0,0.0,0,14.04,0
14337600,2013,tmax,0,0.0,0.0,0.0,0,14.24,0
14337600,2016,tmax,0,0.0,0.0,0.0,0,14.5,0
14337600,2017,tmax,0,0.0,0.0,0.0,0,14.04,0
14337600,2019,tmax,0,0.0,0.0,0.0,0,14.37,0
14337600,2023,tmax,0,0.0,0.0,0.0,0,14.4,0
14337830,1986,tmax,2,7.0,4.54,28.6,14,28.04,71
14337830,1987,tmax,7,8.0,5.4,144.4,56,29.93,76
14337830,1988,tmax,6,8.0,4.22,89.8,48,30.34,75
14337830,1989,tmax,2,7.0,2.93,18.4,14,27.33,56
14337830,1990,tmax,3,11.3,4.96,65.9,34,29.4,79
14337830,1991,tmax,3,7.7,3.4,23.2,23,27.81,69
14337830,1992,tmax,8,13.1,6.68,262.6,105,26.89,48
14337830,1993,tmax,1,5.0,2.16,6.1,5,25.44,31
14337830,1994,tmax,4,6.8,4.03,40.2,27,28.69,75
14337830,1995,tmax,5,8.8,2.4,48.8,44,19.73,0
14337830,1996,tmax,1,9.0,0.74,3.3,9,27.24,55
14337830,1998,tmax,1,6.0,1.2,5.0,6,27.53,64
14337830,2001,tmax,2,5.5,3.92,25.9,11,28.44,90
14337830,2002,tmax,1,5.0,2.88,10.1,5,29.36,73
14337830,2003,tmax,1,5.0,2.04,5.7,5,29.29,81
14337830,1997,tmax,0,0.0,0.0,0.0,0,28.43,0
14337830,1999,tmax,0,0.0,0.0,0.0,0,26.21,0
14337830,2000,tmax,0,0.0,0.0,0.0,0,17.2,0
14338000,1985,tmax,2,6.0,2.02,8.3,12,28.44,78
14338000,1986,tmax,4,8.5,4.2,50.3,34,27.3,95
14338000,1987,tmax,3,8.3,3.9,43.7,25,28.94,77
14338000,1988,tmax,3,7.7,2.6,22.5,23,27.37,77
14338000,1990,tmax,2,8.0,3.3,20.5,16,27.39,74
14338000,1991,tmax,2,7.0,1.6,13.3,14,26.04,71
14338000,1992,tmax,8,10.4,4.5,129.1,83,30.89,105
14338000,1994,tmax,4,5.0,2.1,18.0,20,29.64,95
14338000,1995,tmax,4,8.2,1.7,32.9,33,25.21,51
14338000,1996,tmax,1,7.0,1.2,4.9,7,26.87,60
14338000,1999,tmax,2,6.5,5.3,26.0,13,30.46,49
14338000,2001,tmax,3,8.3,3.3,34.7,25,29.69,100
14338000,2003,tmax,1,12.0,2.3,14.0,12,28.86,83
14338000,2004,tmax,1,5.0,0.8,3.3,5,27.39,71
14338000,2005,tmax,2,9.5,2.02,14.3,19,26.73,47
14338000,2011,tmax,1,5.0,0.5,1.2,5,26.86,62
14338000,2012,tmax,2,6.0,1.4,8.2,12,28.43,83
14338000,2013,tmax,2,6.0,3.1,16.9,12,28.96,91
14338000,2014,tmax,13,7.4,3.44,111.6,96,30.2,106
14338000,2015,tmax,10,12.9,5.33,245.1,129,31.5,106
14338000,2016,tmax,5,7.2,4.24,46.6,36,29.54,99
14338000,2018,tmax,2,5.0,3.0,13.9,10,27.67,94
14338000,2021,tmax,5,9.2,4.1,63.4,46,29.31,83
14338000,2022,tmax,2,6.0,2.47,13.6,12,29.14,73
14338000,2023,tmax,1,5.0,2.0,6.1,5,28.97,84
14338000,2024,tmax,3,8.3,1.3,18.3,25,28.1,80
14338000,2025,tmax,4,5.5,2.39,17.4,22,26.54,85
14338000,1993,tmax,0,0.0,0.0,0.0,0,25.13,0
14338000,1997,tmax,0,0.0,0.0,0.0,0,26.51,0
14338000,1998,tmax,0,0.0,0.0,0.0,0,27.03,0
14338000,2000,tmax,0,0.0,0.0,0.0,0,27.73,0
14338000,2002,tmax,0,0.0,0.0,0.0,0,28.13,0
14338000,2006,tmax,0,0.0,0.0,0.0,0,18.6,0
14338000,2007,tmax,0,0.0,0.0,0.0,0,26.57,0
14338000,2008,tmax,0,0.0,0.0,0.0,0,26.4,0
14338000,2009,tmax,0,0.0,0.0,0.0,0,29.19,0
14338000,2010,tmax,0,0.0,0.0,0.0,0,27.44,0
14338000,2017,tmax,0,0.0,0.0,0.0,0,28.04,0
14338000,2019,tmax,0,0.0,0.0,0.0,0,26.83,0
14338000,2020,tmax,0,0.0,0.0,0.0,0,27.41,0
14338100,1988,tmax,4,8.0,1.9,13.7,32,15.86,0
14338100,1990,tmax,5,6.8,1.5,20.1,34,15.54,0
14338100,1991,tmax,1,9.0,1.24,6.4,9,15.46,0
14338100,1992,tmax,8,17.1,4.3,228.5,137,18.47,0
14338100,1993,tmax,1,6.0,1.0,3.2,6,15.06,0
14338100,1994,tmax,4,22.2,3.4,129.8,89,17.77,0
14338100,1995,tmax,2,15.0,2.0,30.5,30,14.91,0
14338100,1996,tmax,1,5.0,1.3,4.0,5,15.46,0
14338100,2000,tmax,1,5.0,0.5,2.2,5,16.0,0
14338100,1997,tmax,0,0.0,0.0,0.0,0,14.93,0
14338100,1998,tmax,0,0.0,0.0,0.0,0,15.64,0
14338100,1999,tmax,0,0.0,0.0,0.0,0,15.5,0
14339000,1985,tmax,3,11.0,2.7,31.7,33,18.19,0
14339000,1992,tmax,7,9.6,4.21,102.3,67,20.76,0
14339000,1994,tmax,3,12.7,2.34,37.8,38,19.76,0
14339000,1995,tmax,3,12.0,1.8,29.9,36,16.47,0
14339000,1996,tmax,1,5.0,1.4,4.3,5,17.21,0
14339000,1997,tmax,2,8.0,1.52,11.0,16,17.0,0
14339000,1999,tmax,1,5.0,0.35,1.4,5,17.21,0
14339000,2001,tmax,8,7.1,1.8,44.4,57,19.5,0
14339000,2002,tmax,1,9.0,0.4,1.8,9,17.89,0
14339000,2003,tmax,1,7.0,1.16,4.8,7,18.2,0
14339000,2004,tmax,1,5.0,0.5,1.8,5,18.51,0
14339000,2005,tmax,2,10.0,1.7,14.2,20,18.01,0
14339000,2007,tmax,1,5.0,0.4,1.4,5,17.74,0
14339000,2010,tmax,3,5.7,0.9,9.2,17,17.79,0
14339000,2011,tmax,1,5.0,0.4,1.1,5,16.73,0
14339000,2012,tmax,1,7.0,1.8,5.9,7,17.5,0
14339000,2014,tmax,7,7.4,2.55,35.4,52,18.49,0
14339000,2015,tmax,7,7.3,2.0,37.4,51,18.07,0
14339000,2019,tmax,3,5.7,0.9,5.5,17,18.41,0
14339000,2020,tmax,2,6.5,1.2,8.4,13,18.04,0
14339000,2021,tmax,1,9.0,1.13,5.5,9,17.79,0
14339000,2022,tmax,2,6.0,2.3,12.6,12,17.69,0
14339000,2024,tmax,2,6.5,1.2,6.1,13,18.07,0
14339000,2025,tmax,1,12.0,1.3,8.0,12,17.49,0
14339000,1990,tmax,0,0.0,0.0,0.0,0,17.84,0
14339000,1991,tmax,0,0.0,0.0,0.0,0,17.84,0
14339000,1993,tmax,0,0.0,0.0,0.0,0,16.61,0
14339000,1998,tmax,0,0.0,0.0,0.0,0,17.21,0
14339000,2000,tmax,0,0.0,0.0,0.0,0,17.5,0
14339000,2006,tmax,0,0.0,0.0,0.0,0,17.64,0
14339000,2008,tmax,0,0.0,0.0,0.0,0,16.73,0
14339000,2009,tmax,0,0.0,0.0,0.0,0,17.66,0
14339000,2013,tmax,0,0.0,0.0,0.0,0,18.07,0
14339000,2016,tmax,0,0.0,0.0,0.0,0,17.99,0
14339000,2017,tmax,0,0.0,0.0,0.0,0,16.59,0
14339000,2018,tmax,0,0.0,0.0,0.0,0,17.31,0
14339000,2023,tmax,0,0.0,0.0,0.0,0,17.9,0
14362000,1985,tmax,2,31.0,4.5,122.5,62,19.09,0
14362000,1986,tmax,1,8.0,0.7,2.5,8,15.49,0
14362000,1987,tmax,1,22.0,5.6,37.3,22,15.19,0
14362000,1988,tmax,5,7.6,1.53,24.9,38,16.96,0
14362000,1991,tmax,5,11.8,3.9,47.6,59,17.49,0
14362000,1992,tmax,3,15.3,3.1,75.0,46,18.54,0
14362000,1993,tmax,1,18.0,1.8,15.7,18,17.27,0
14362000,1994,tmax,2,8.5,1.53,7.9,17,16.6,0
14362000,1995,tmax,4,10.8,1.9,35.8,43,16.5,0
14362000,1996,tmax,2,7.5,1.2,7.7,15,15.96,0
14362000,1997,tmax,2,6.0,5.3,18.4,12,18.0,0
14362000,1998,tmax,1,5.0,0.74,2.2,5,16.21,0
14362000,2000,tmax,1,5.0,0.5,1.6,5,16.21,0
14362000,2001,tmax,3,36.0,6.19,272.0,108,21.2,0
14362000,2003,tmax,5,8.2,1.0,17.2,41,15.91,0
14362000,2005,tmax,1,24.0,1.0,13.5,24,13.44,0
14362000,2009,tmax,1,7.0,1.6,4.8,7,14.74,0
14362000,2010,tmax,3,7.3,0.9,7.2,22,14.99,0
14362000,2014,tmax,4,10.2,2.1,21.4,41,14.44,0
14362000,2015,tmax,4,27.8,4.13,156.6,111,18.51,0
14362000,2018,tmax,1,9.0,0.3,2.0,9,14.11,0
14362000,2020,tmax,2,17.0,0.68,11.7,34,15.76,0
14362000,2021,tmax,1,6.0,0.2,0.9,6,14.19,0
14362000,2023,tmax,1,10.0,0.4,2.6,10,15.16,0
14362000,2024,tmax,3,12.7,1.18,16.1,38,15.23,0
14362000,2025,tmax,3,12.7,1.4,22.2,38,15.07,0
14362000,1990,tmax,0,0.0,0.0,0.0,0,16.19,0
14362000,1999,tmax,0,0.0,0.0,0.0,0,16.07,0
14362000,2002,tmax,0,0.0,0.0,0.0,0,16.06,0
14362000,2004,tmax,0,0.0,0.0,0.0,0,15.54,0
14362000,2006,tmax,0,0.0,0.0,0.0,0,14.19,0
14362000,2007,tmax,0,0.0,0.0,0.0,0,14.33,0
14362000,2008,tmax,0,0.0,0.0,0.0,0,15.46,0
14362000,2011,tmax,0,0.0,0.0,0.0,0,14.31,0
14362000,2012,tmax,0,0.0,0.0,0.0,0,15.44,0
14362000,2013,tmax,0,0.0,0.0,0.0,0,14.44,0
14362000,2016,tmax,0,0.0,0.0,0.0,0,15.47,0
14362000,2017,tmax,0,0.0,0.0,0.0,0,15.64,0
14362000,2019,tmax,0,0.0,0.0,0.0,0,14.5,0
14362000,2022,tmax,0,0.0,0.0,0.0,0,14.27,0
14366000,1985,tmax,2,5.0,2.1,9.9,10,22.36,7
14366000,1988,tmax,3,9.0,2.2,24.1,27,23.84,24
14366000,1990,tmax,5,6.2,2.4,32.0,31,23.0,35
14366000,1991,tmax,1,7.0,1.2,4.1,7,22.56,16
14366000,1992,tmax,8,10.6,3.7,119.0,85,24.7,55
14366000,1993,tmax,1,7.0,1.2,5.2,7,21.9,3
14366000,1994,tmax,2,8.0,1.7,13.4,16,23.53,13
14366000,1995,tmax,4,7.2,2.2,25.1,29,21.26,0
14366000,1996,tmax,1,9.0,1.5,7.1,9,22.87,12
14366000,1997,tmax,1,8.0,1.1,3.6,8,22.26,12
14366000,2000,tmax,1,5.0,0.7,1.9,5,22.57,8
14366000,2001,tmax,9,14.3,4.2,223.5,129,25.34,69
14366000,2002,tmax,4,5.8,1.8,16.6,23,22.9,20
14366000,2003,tmax,3,9.0,1.3,13.8,27,22.7,16
14366000,2004,tmax,1,5.0,0.7,1.8,5,22.46,21
14366000,2005,tmax,2,9.5,1.5,13.7,19,20.3,0
14366000,2007,tmax,1,5.0,1.3,3.7,5,21.51,0
14366000,2009,tmax,1,6.0,1.12,3.5,6,21.16,0
14366000,2010,tmax,1,8.0,0.6,2.7,8,18.84,0
14366000,2014,tmax,8,7.5,2.95,72.3,60,21.54,3
14366000,2015,tmax,7,10.3,2.9,84.7,72,21.51,2
14366000,2020,tmax,2,5.5,1.7,10.1,11,22.01,6
14366000,2021,tmax,1,5.0,0.65,1.8,5,21.26,0
14366000,2022,tmax,1,5.0,1.6,5.6,5,20.07,0
14366000,2024,tmax,2,11.0,1.1,8.4,22,20.03,0
14366000,2025,tmax,1,6.0,1.6,5.9,6,20.26,0
14366000,1998,tmax,0,0.0,0.0,0.0,0,22.93,0
14366000,1999,tmax,0,0.0,0.0,0.0,0,21.71,0
14366000,2006,tmax,0,0.0,0.0,0.0,0,20.37,0
14366000,2008,tmax,0,0.0,0.0,0.0,0,20.86,0
14366000,2011,tmax,0,0.0,0.0,0.0,0,18.71,0
14366000,2012,tmax,0,0.0,0.0,0.0,0,20.56,0
14366000,2013,tmax,0,0.0,0.0,0.0,0,21.5,0
14366000,2016,tmax,0,0.0,0.0,0.0,0,20.23,0
14366000,2017,tmax,0,0.0,0.0,0.0,0,20.03,0
14366000,2018,tmax,0,0.0,0.0,0.0,0,20.1,0
14366000,2019,tmax,0,0.0,0.0,0.0,0,19.56,0
14366000,2023,tmax,0,0.0,0.0,0.0,0,19.96,0
293252098380801,2016,tmean,2,5.5,0.2,1.5,11,22.4,366
293252098380801,2018,tmean,4,5.0,0.3,3.0,20,22.57,353
293252098380801,2013,tmean,0,0.0,0.0,0.0,0,22.2,0
293252098380801,2014,tmean,0,0.0,0.0,0.0,0,22.2,0
293252098380801,2015,tmean,0,0.0,0.0,0.0,0,22.2,0
293252098380801,2017,tmean,0,0.0,0.0,0.0,0,22.2,0
293252098380801,2019,tmean,0,0.0,0.0,0.0,0,22.2,0
293252098380801,2020,tmean,0,0.0,0.0,0.0,0,22.2,0
293252098380801,2021,tmean,0,0.0,0.0,0.0,0,22.3,0
293252098380801,2022,tmean,0,0.0,0.0,0.0,0,22.2,0
293252098380801,2023,tmean,0,0.0,0.0,0.0,0,22.2,0
294300098080001,2014,tmax,1,11.0,0.2,1.0,11,23.51,226
294300098080001,2013,tmax,0,0.0,0.0,0.0,0,23.4,0
294300098080001,2015,tmax,0,0.0,0.0,0.0,0,23.7,0
294300098080001,2016,tmax,0,0.0,0.0,0.0,0,23.3,0
294300098080001,2017,tmax,0,0.0,0.0,0.0,0,23.3,0
294300098080001,2018,tmax,0,0.0,0.0,0.0,0,23.4,0
294300098080001,2019,tmax,0,0.0,0.0,0.0,0,23.4,0
294300098080001,2020,tmax,0,0.0,0.0,0.0,0,23.4,0
294300098080001,2021,tmax,0,0.0,0.0,0.0,0,23.5,0
294300098080001,2022,tmax,0,0.0,0.0,0.0,0,23.4,0
294643095035200,2016,tmax,2,6.5,1.43,7.5,13,31.79,76
294643095035200,2017,tmax,3,6.3,1.32,11.3,19,32.74,221
294643095035200,2018,tmax,5,5.4,1.12,8.7,27,33.14,179
294643095035200,2019,tmax,1,5.0,0.7,2.3,5,33.06,184
294643095035200,2021,tmax,3,6.0,2.25,20.9,18,32.24,192
294643095035200,2022,tmax,6,12.0,2.72,68.3,72,33.37,206
294643095035200,2023,tmax,7,13.7,3.14,105.1,96,33.66,204
294643095035200,2024,tmax,5,9.2,2.38,36.0,46,33.47,210
294643095035200,2020,tmax,0,0.0,0.0,0.0,0,32.97,0
295524095072701,2016,tmax,4,9.0,1.62,22.9,36,31.2,204
295524095072701,2017,tmax,4,8.0,2.51,35.2,32,30.69,192
295524095072701,2019,tmax,1,6.0,0.5,1.3,6,30.86,184
295524095072701,2020,tmax,1,5.0,0.3,0.8,5,30.97,197
295524095072701,2021,tmax,3,12.0,4.3,44.7,36,30.86,187
295524095072701,2022,tmax,5,12.0,2.1,53.2,60,30.89,193
295524095072701,2023,tmax,6,17.5,4.26,82.1,105,31.7,177
295524095072701,2024,tmax,3,13.7,3.09,43.7,41,30.51,224
295524095072701,2013,tmax,0,0.0,0.0,0.0,0,29.3,0
295524095072701,2014,tmax,0,0.0,0.0,0.0,0,30.44,0
295524095072701,2015,tmax,0,0.0,0.0,0.0,0,31.34,0
295524095072701,2018,tmax,0,0.0,0.0,0.0,0,30.7,0
295554095093401,2009,tmean,2,6.5,0.82,4.0,13,30.59,179
295554095093401,2010,tmean,1,5.0,0.85,2.1,5,31.01,191
295554095093401,2011,tmean,1,6.0,0.9,4.6,6,31.16,190
295554095093401,2012,tmean,4,7.2,2.93,19.9,29,30.14,214
295554095093401,2008,tmean,0,0.0,0.0,0.0,0,25.46,0
295554095093401,2013,tmean,0,0.0,0.0,0.0,0,30.41,0
295554095093401,2014,tmean,0,0.0,0.0,0.0,0,30.7,0
295554095093402,2016,tmax,3,6.7,1.7,13.5,20,32.11,198
295554095093402,2017,tmax,2,11.0,2.2,18.6,22,31.8,189
295554095093402,2020,tmax,1,5.0,0.5,2.0,5,31.37,209
295554095093402,2021,tmax,2,9.5,4.06,21.9,19,31.4,192
295554095093402,2022,tmax,3,11.7,2.3,38.3,35,31.46,170
295554095093402,2023,tmax,4,10.8,2.6,35.8,43,32.09,180
295554095093402,2024,tmax,2,8.0,2.75,11.3,16,32.47,213
295554095093402,2014,tmax,0,0.0,0.0,0.0,0,16.77,0
295554095093402,2015,tmax,0,0.0,0.0,0.0,0,32.31,0
295554095093402,2018,tmax,0,0.0,0.0,0.0,0,32.21,0
295554095093402,2019,tmax,0,0.0,0.0,0.0,0,31.97,0
295826095082200,2011,tmax,2,6.0,2.1,11.0,12,35.16,193
295826095082200,2012,tmax,3,7.7,5.0,47.6,23,33.74,219
295826095082200,2015,tmax,3,6.7,2.33,20.8,20,35.81,224
295826095082200,2016,tmax,5,6.8,3.56,34.2,34,35.31,220
295826095082200,2017,tmax,4,8.5,6.0,51.1,34,34.34,223
295826095082200,2018,tmax,2,5.5,4.21,17.2,11,33.94,179
295826095082200,2019,tmax,1,5.0,1.0,3.2,5,33.74,187
295826095082200,2020,tmax,1,5.0,1.08,3.7,5,33.01,220
295826095082200,2021,tmax,3,12.0,4.54,48.7,36,33.14,197
295826095082200,2022,tmax,4,9.2,2.9,46.4,37,33.64,212
295826095082200,2023,tmax,4,10.2,4.4,70.6,41,34.5,208
295826095082200,2024,tmax,3,10.0,2.4,35.6,30,34.59,231
295826095082200,2008,tmax,0,0.0,0.0,0.0,0,25.41,0
295826095082200,2009,tmax,0,0.0,0.0,0.0,0,31.56,0
295826095082200,2010,tmax,0,0.0,0.0,0.0,0,34.61,0
295826095082200,2013,tmax,0,0.0,0.0,0.0,0,33.23,0
295826095082200,2014,tmax,0,0.0,0.0,0.0,0,32.66,0
324122107120802,2015,tmean,2,21.0,0.3,5.7,42,20.8,0
324122107120802,2016,tmean,4,51.8,1.7,160.8,207,20.8,0
324122107120802,2017,tmean,1,12.0,0.16,1.3,12,20.67,0
324122107120802,2022,tmean,1,23.0,0.1,2.2,23,19.9,0
324122107120802,2024,tmean,1,5.0,0.15,0.5,5,20.03,0
324122107120802,2007,tmean,0,0.0,0.0,0.0,0,19.77,0
324122107120802,2008,tmean,0,0.0,0.0,0.0,0,19.44,0
324122107120802,2009,tmean,0,0.0,0.0,0.0,0,19.39,0
324122107120802,2010,tmean,0,0.0,0.0,0.0,0,19.2,0
324122107120802,2011,tmean,0,0.0,0.0,0.0,0,19.9,0
324122107120802,2012,tmean,0,0.0,0.0,0.0,0,19.8,0
324122107120802,2013,tmean,0,0.0,0.0,0.0,0,19.51,0
324122107120802,2014,tmean,0,0.0,0.0,0.0,0,19.5,0
324122107120802,2018,tmean,0,0.0,0.0,0.0,0,19.4,0
324122107120802,2019,tmean,0,0.0,0.0,0.0,0,19.4,0
324122107120802,2020,tmean,0,0.0,0.0,0.0,0,19.34,0
324122107120802,2021,tmean,0,0.0,0.0,0.0,0,20.1,0
324122107120802,2023,tmean,0,0.0,0.0,0.0,0,20.3,0
324122107120802,2025,tmean,0,0.0,0.0,0.0,0,20.1,0
325002107181201,2018,tmean,5,19.4,0.2,9.7,97,20.9,0
325002107181201,2020,tmean,1,125.0,0.3,19.9,125,21.2,0
325002107181201,2021,tmean,7,7.4,0.1,5.1,52,20.57,0
325002107181201,2022,tmean,1,132.0,0.3,21.8,132,20.6,0
325002107181201,2023,tmean,3,91.3,0.7,120.6,274,20.9,0
325002107181201,2024,tmean,1,327.0,1.1,208.9,327,21.2,0
325002107181201,2008,tmean,0,0.0,0.0,0.0,0,19.8,0
325002107181201,2009,tmean,0,0.0,0.0,0.0,0,19.9,0
325002107181201,2010,tmean,0,0.0,0.0,0.0,0,20.3,0
325002107181201,2011,tmean,0,0.0,0.0,0.0,0,20.4,0
325002107181201,2012,tmean,0,0.0,0.0,0.0,0,19.76,0
325002107181201,2013,tmean,0,0.0,0.0,0.0,0,19.7,0
325002107181201,2014,tmean,0,0.0,0.0,0.0,0,19.7,0
325002107181201,2015,tmean,0,0.0,0.0,0.0,0,19.9,0
325002107181201,2016,tmean,0,0.0,0.0,0.0,0,20.3,0
325002107181201,2017,tmean,0,0.0,0.0,0.0,0,20.47,0
325002107181201,2019,tmean,0,0.0,0.0,0.0,0,20.94,0
325002107181201,2025,tmean,0,0.0,0.0,0.0,0,21.0,0
340841090134701,2016,tmean,0,0.0,0.0,0.0,0,18.3,0
340841090134701,2017,tmean,0,0.0,0.0,0.0,0,18.8,0
340841090134701,2018,tmean,0,0.0,0.0,0.0,0,18.8,0
340841090134701,2019,tmean,0,0.0,0.0,0.0,0,18.2,0
340841090134701,2020,tmean,0,0.0,0.0,0.0,0,17.8,0
340841090134701,2021,tmean,0,0.0,0.0,0.0,0,17.9,0
340841090134701,2022,tmean,0,0.0,0.0,0.0,0,18.1,0
340841090134701,2023,tmean,0,0.0,0.0,0.0,0,18.14,0
340841090134701,2024,tmean,0,0.0,0.0,0.0,0,18.2,0
381312104321001,2012,tmax,1,5.0,0.92,3.3,5,22.97,23
381312104321001,2013,tmax,4,19.5,2.7,90.8,78,25.97,93
381312104321001,2015,tmax,2,6.5,0.9,5.8,13,23.67,64
381312104321001,2016,tmax,1,6.0,1.25,4.1,6,24.16,63
381312104321001,2022,tmax,3,6.0,2.1,17.7,18,24.09,62
381312104321001,2023,tmax,1,5.0,0.53,1.7,5,23.64,62
381312104321001,2008,tmax,0,0.0,0.0,0.0,0,23.83,0
381312104321001,2009,tmax,0,0.0,0.0,0.0,0,24.19,0
381312104321001,2010,tmax,0,0.0,0.0,0.0,0,24.67,0
381312104321001,2011,tmax,0,0.0,0.0,0.0,0,24.27,0
381312104321001,2014,tmax,0,0.0,0.0,0.0,0,24.03,0
381312104321001,2017,tmax,0,0.0,0.0,0.0,0,23.33,0
381312104321001,2018,tmax,0,0.0,0.0,0.0,0,23.2,0
381312104321001,2019,tmax,0,0.0,0.0,0.0,0,23.69,0
381312104321001,2020,tmax,0,0.0,0.0,0.0,0,23.97,0
381312104321001,2021,tmax,0,0.0,0.0,0.0,0,24.4,0
381312104321001,2024,tmax,0,0.0,0.0,0.0,0,24.24,0
381312104321001,2025,tmax,0,0.0,0.0,0.0,0,23.81,0
383930122494801,2021,tmax,1,91.0,0.2,12.3,91,17.5,0
383930122494801,2022,tmax,1,74.0,0.2,9.0,74,17.6,0
383930122494801,2016,tmax,0,0.0,0.0,0.0,0,17.3,0
383930122494801,2017,tmax,0,0.0,0.0,0.0,0,17.4,0
383930122494801,2018,tmax,0,0.0,0.0,0.0,0,17.3,0
383930122494801,2019,tmax,0,0.0,0.0,0.0,0,17.4,0
383930122494801,2020,tmax,0,0.0,0.0,0.0,0,17.31,0
383930122494801,2023,tmax,0,0.0,0.0,0.0,0,17.6,0
383930122494801,2024,tmax,0,0.0,0.0,0.0,0,17.3,0
383930122494801,2025,tmax,0,0.0,0.0,0.0,0,17.3,0
404417108524900,2002,tmax,2,9.0,2.28,23.9,18,25.71,39
404417108524900,2003,tmax,3,7.0,1.6,16.2,21,24.89,46
404417108524900,2004,tmax,11,9.4,5.5,236.0,103,23.21,28
404417108524900,2007,tmax,5,5.6,2.02,25.7,28,24.31,56
404417108524900,2013,tmax,3,5.7,1.9,14.7,17,22.93,20
404417108524900,2014,tmax,2,6.0,1.8,10.6,12,21.43,1
404417108524900,2015,tmax,3,6.3,1.31,11.6,19,22.2,8
404417108524900,2017,tmax,3,10.3,1.3,25.2,31,20.69,0
404417108524900,2018,tmax,2,5.5,1.51,6.2,11,21.03,0
404417108524900,2021,tmax,2,6.5,2.87,20.2,13,23.41,30
404417108524900,2022,tmax,1,5.0,2.42,6.3,5,22.64,21
404417108524900,2023,tmax,1,7.0,1.18,6.0,7,22.99,11
404417108524900,2024,tmax,2,6.0,1.16,6.7,12,23.99,20
404417108524900,2025,tmax,2,5.5,2.8,17.8,11,21.33,1
404417108524900,2005,tmax,0,0.0,0.0,0.0,0,21.39,0
404417108524900,2006,tmax,0,0.0,0.0,0.0,0,24.94,0
404417108524900,2008,tmax,0,0.0,0.0,0.0,0,21.71,0
404417108524900,2009,tmax,0,0.0,0.0,0.0,0,21.41,0
404417108524900,2010,tmax,0,0.0,0.0,0.0,0,22.41,0
404417108524900,2011,tmax,0,0.0,0.0,0.0,0,20.5,0
404417108524900,2012,tmax,0,0.0,0.0,0.0,0,22.34,0
404417108524900,2016,tmax,0,0.0,0.0,0.0,0,20.81,0
404417108524900,2019,tmax,0,0.0,0.0,0.0,0,21.63,0
404417108524900,2020,tmax,0,0.0,0.0,0.0,0,22.3,0
420448121503100,2022,tmax,1,10.0,3.22,16.1,10,26.2,43
420448121503100,2023,tmax,3,7.0,5.24,44.6,21,24.51,48
420448121503100,2024,tmax,1,6.0,2.1,6.0,6,22.74,12
420448121503100,2025,tmax,5,11.6,3.38,80.3,58,26.9,102
420448121503100,2018,tmax,0,0.0,0.0,0.0,0,27.39,0
420448121503100,2019,tmax,0,0.0,0.0,0.0,0,11.9,0
420448121503100,2020,tmax,0,0.0,0.0,0.0,0,23.89,0
420448121503100,2021,tmax,0,0.0,0.0,0.0,0,30.0,0
420741121554001,2003,tmax,2,8.0,1.36,12.1,16,23.93,19
420741121554001,2005,tmax,1,7.0,0.76,3.2,7,23.73,43
420741121554001,2006,tmax,3,9.0,2.6,22.9,27,24.41,38
420741121554001,2007,tmax,1,6.0,1.23,4.4,6,23.5,31
420741121554001,2008,tmax,1,6.0,0.3,1.2,6,22.9,23
420741121554001,2009,tmax,1,9.0,0.55,3.3,9,24.21,23
420741121554001,2010,tmax,1,12.0,0.9,6.6,12,22.57,23
420741121554001,2011,tmax,1,5.0,1.0,3.0,5,22.73,20
420741121554001,2012,tmax,2,6.0,0.5,3.8,12,23.0,29
420741121554001,2014,tmax,3,14.0,2.94,34.7,42,24.23,32
420741121554001,2015,tmax,6,10.2,1.68,38.2,61,24.46,26
420741121554001,2016,tmax,6,6.8,2.73,36.7,41,23.19,25
420741121554001,2017,tmax,4,7.8,1.3,16.2,31,23.9,46
420741121554001,2018,tmax,2,7.0,0.6,3.6,14,23.26,21
420741121554001,2019,tmax,4,8.2,2.18,23.7,33,22.79,22
420741121554001,2020,tmax,1,6.0,0.4,1.5,6,22.84,27
420741121554001,2021,tmax,1,20.0,0.98,12.9,20,24.57,42
420741121554001,2022,tmax,4,13.5,1.6,37.7,54,24.16,41
420741121554001,2023,tmax,2,16.0,3.26,27.2,32,23.49,47
420741121554001,2024,tmax,6,9.8,1.4,27.4,59,24.1,38
420741121554001,2025,tmax,7,13.9,2.54,74.2,97,24.19,44
420741121554001,2004,tmax,0,0.0,0.0,0.0,0,22.59,0
420741121554001,2013,tmax,0,0.0,0.0,0.0,0,23.29,0
421134110094701,2018,tmean,2,6.5,0.08,0.6,13,12.1,0
421134110094701,2015,tmean,0,0.0,0.0,0.0,0,12.0,0
421134110094701,2016,tmean,0,0.0,0.0,0.0,0,11.9,0
421134110094701,2017,tmean,0,0.0,0.0,0.0,0,12.07,0
421134110094701,2019,tmean,0,0.0,0.0,0.0,0,11.7,0
421134110094701,2020,tmean,0,0.0,0.0,0.0,0,5.43,0
422302071083801,2005,tmean,1,13.0,2.6,20.1,13,23.36,9
422302071083801,2007,tmean,3,8.3,0.8,10.0,25,25.14,78
422302071083801,2008,tmean,3,10.7,2.7,17.8,32,25.79,83
422302071083801,2009,tmean,3,11.3,2.55,26.6,34,26.3,55
422302071083801,2010,tmean,2,10.5,3.45,35.6,21,26.16,87
422302071083801,2011,tmean,1,13.0,0.66,4.3,13,25.89,83
422302071083801,2012,tmean,2,9.5,6.32,43.1,19,26.37,90
422302071083801,2013,tmean,3,7.0,1.84,19.6,21,27.67,91
422302071083801,2015,tmean,5,10.6,2.36,44.2,53,26.67,100
422302071083801,2017,tmean,1,18.0,1.2,10.8,18,25.67,93
422302071083801,2018,tmean,2,7.0,1.4,9.6,14,27.93,93
422302071083801,2020,tmean,2,5.5,1.0,4.4,11,27.27,92
422302071083801,2022,tmean,3,10.3,1.9,22.9,31,27.7,92
422302071083801,2023,tmean,3,8.7,1.1,13.0,26,26.51,90
422302071083801,2024,tmean,2,6.5,0.73,6.3,13,26.91,97
422302071083801,2006,tmean,0,0.0,0.0,0.0,0,25.11,0
422302071083801,2014,tmean,0,0.0,0.0,0.0,0,26.01,0
422302071083801,2016,tmean,0,0.0,0.0,0.0,0,26.73,0
422302071083801,2019,tmean,0,0.0,0.0,0.0,0,27.03,0
422302071083801,2021,tmean,0,0.0,0.0,0.0,0,25.93,0
422302071083801,2025,tmean,0,0.0,0.0,0.0,0,26.57,0
430834108423201,2015,tmean,3,13.7,0.2,4.2,41,13.7,0
430834108423201,2017,tmean,1,5.0,0.2,0.5,5,13.1,0
430834108423201,2009,tmean,0,0.0,0.0,0.0,0,11.23,0
430834108423201,2010,tmean,0,0.0,0.0,0.0,0,12.7,0
430834108423201,2011,tmean,0,0.0,0.0,0.0,0,13.0,0
430834108423201,2012,tmean,0,0.0,0.0,0.0,0,14.1,0
430834108423201,2013,tmean,0,0.0,0.0,0.0,0,14.1,0
430834108423201,2014,tmean,0,0.0,0.0,0.0,0,12.93,0
430834108423201,2016,tmean,0,0.0,0.0,0.0,0,13.5,0
453004122510301,2001,tmax,1,6.0,0.7,2.9,6,23.56,33
453004122510301,2002,tmax,1,5.0,0.9,3.0,5,24.11,39
453004122510301,2003,tmax,3,6.3,3.6,24.6,19,24.13,49
453004122510301,2004,tmax,5,5.4,1.5,15.7,27,24.93,57
453004122510301,2005,tmax,3,6.0,1.84,13.4,18,23.66,39
453004122510301,2006,tmax,2,5.0,2.18,15.3,10,25.36,36
453004122510301,2007,tmax,2,5.5,1.43,4.6,11,24.01,22
453004122510301,2008,tmax,1,5.0,3.0,10.3,5,23.23,22
453004122510301,2009,tmax,1,6.0,1.1,4.1,6,24.81,25
453004122510301,2012,tmax,1,5.0,1.6,4.6,5,23.01,20
453004122510301,2013,tmax,1,6.0,1.5,5.3,6,24.27,17
453004122510301,2014,tmax,4,5.2,1.8,20.7,21,23.99,36
453004122510301,2015,tmax,3,7.0,1.4,13.3,21,24.57,34
453004122510301,2016,tmax,5,5.8,2.02,31.6,29,23.07,14
453004122510301,2017,tmax,1,8.0,0.9,4.5,8,23.96,42
453004122510301,2020,tmax,1,9.0,0.94,4.8,9,23.11,31
453004122510301,2021,tmax,6,7.0,5.87,65.0,42,27.73,59
453004122510301,2022,tmax,6,10.7,4.4,90.9,64,27.8,61
453004122510301,2023,tmax,8,6.4,4.6,93.0,51,25.69,84
453004122510301,2024,tmax,8,7.9,4.2,89.7,63,26.6,59
453004122510301,2025,tmax,3,6.3,4.72,28.4,19,25.31,43
453004122510301,2010,tmax,0,0.0,0.0,0.0,0,23.03,0
453004122510301,2011,tmax,0,0.0,0.0,0.0,0,21.81,0
453004122510301,2018,tmax,0,0.0,0.0,0.0,0,24.01,0
453004122510301,2019,tmax,0,0.0,0.0,0.0,0,23.39,0
453030122560101,2004,tmax,1,5.0,0.73,2.3,5,24.09,39
453030122560101,2005,tmax,2,7.0,2.0,14.1,14,22.91,21
453030122560101,2006,tmax,2,6.0,2.6,12.0,12,24.69,19
453030122560101,2008,tmax,1,5.0,2.88,10.9,5,22.94,18
453030122560101,2009,tmax,1,8.0,3.1,15.8,8,26.03,23
453030122560101,2010,tmax,1,6.0,1.5,4.4,6,21.9,9
453030122560101,2013,tmax,2,6.5,1.6,11.4,13,23.43,8
453030122560101,2014,tmax,5,5.8,1.67,21.8,29,23.6,30
453030122560101,2015,tmax,6,7.2,2.7,36.6,43,24.51,30
453030122560101,2016,tmax,5,6.0,3.2,43.3,30,22.4,13
453030122560101,2017,tmax,1,9.0,1.0,6.2,9,23.53,25
453030122560101,2019,tmax,1,8.0,3.7,10.5,8,22.54,12
453030122560101,2020,tmax,2,6.0,1.1,6.2,12,23.14,23
453030122560101,2021,tmax,6,7.0,5.2,58.9,42,26.31,51
453030122560101,2022,tmax,5,6.2,2.5,30.1,31,25.67,45
453030122560101,2023,tmax,3,6.7,4.08,40.0,20,24.49,54
453030122560101,2024,tmax,6,7.8,3.2,46.3,47,25.29,32
453030122560101,2025,tmax,7,7.6,4.31,79.0,53,24.27,43
453030122560101,2007,tmax,0,0.0,0.0,0.0,0,23.3,0
453030122560101,2011,tmax,0,0.0,0.0,0.0,0,21.6,0
453030122560101,2012,tmax,0,0.0,0.0,0.0,0,22.54,0
453030122560101,2018,tmax,0,0.0,0.0,0.0,0,23.9,0
453040123065201,2003,tmax,2,9.0,1.96,18.0,18,24.71,38
453040123065201,2004,tmax,2,6.0,1.29,6.9,12,25.06,42
453040123065201,2006,tmax,1,5.0,2.1,6.2,5,25.4,26
453040123065201,2007,tmax,1,5.0,0.9,3.3,5,24.16,19
453040123065201,2009,tmax,1,9.0,3.4,17.5,9,27.03,28
453040123065201,2013,tmax,2,6.0,1.13,5.6,12,22.51,13
453040123065201,2014,tmax,2,5.0,1.1,7.8,10,23.5,29
453040123065201,2015,tmax,9,7.2,2.92,68.5,65,25.4,43
453040123065201,2016,tmax,6,5.2,4.0,40.4,31,22.99,24
453040123065201,2017,tmax,1,8.0,1.5,7.2,8,24.06,30
453040123065201,2020,tmax,2,8.0,1.2,7.8,16,23.2,22
453040123065201,2021,tmax,5,6.6,5.12,49.1,33,26.24,48
453040123065201,2022,tmax,1,5.0,1.1,2.9,5,24.36,20
453040123065201,2023,tmax,1,8.0,1.18,4.9,8,24.33,31
453040123065201,2024,tmax,3,9.0,1.5,16.7,27,23.99,29
453040123065201,2025,tmax,5,8.6,2.52,46.2,43,23.6,41
453040123065201,2001,tmax,0,0.0,0.0,0.0,0,23.71,0
453040123065201,2002,tmax,0,0.0,0.0,0.0,0,24.03,0
453040123065201,2005,tmax,0,0.0,0.0,0.0,0,23.46,0
453040123065201,2008,tmax,0,0.0,0.0,0.0,0,24.14,0
453040123065201,2010,tmax,0,0.0,0.0,0.0,0,22.04,0
453040123065201,2011,tmax,0,0.0,0.0,0.0,0,21.56,0
453040123065201,2012,tmax,0,0.0,0.0,0.0,0,23.16,0
453040123065201,2018,tmax,0,0.0,0.0,0.0,0,24.71,0
453040123065201,2019,tmax,0,0.0,0.0,0.0,0,23.19,0
453113123003501,2001,tmax,1,5.0,1.1,2.7,5,20.41,0
453113123003501,2003,tmax,4,7.0,2.8,26.7,28,22.14,6
453113123003501,2004,tmax,3,5.7,1.61,11.9,17,22.36,13
453113123003501,2005,tmax,3,7.7,1.99,14.9,23,21.29,0
453113123003501,2006,tmax,2,6.5,1.52,7.0,13,23.0,6
453113123003501,2007,tmax,1,5.0,1.2,4.4,5,21.91,4
453113123003501,2008,tmax,1,5.0,2.4,6.6,5,21.87,5
453113123003501,2009,tmax,2,7.5,2.43,17.3,15,24.73,10
453113123003501,2010,tmax,1,7.0,0.6,2.8,7,20.2,0
453113123003501,2011,tmax,1,5.0,1.2,4.2,5,20.49,0
453113123003501,2002,tmax,0,0.0,0.0,0.0,0,21.57,0
453113123003501,2012,tmax,0,0.0,0.0,0.0,0,13.96,0
473423095053301,2020,tmean,1,55.0,0.1,5.3,55,7.0,0
473423095053301,2021,tmean,10,22.4,0.1,21.2,224,7.0,0
473423095053301,2022,tmean,4,26.5,0.1,10.2,106,7.0,0
473423095053301,2023,tmean,6,122.0,0.4,145.8,732,7.0,0
473423095053301,2025,tmean,4,13.8,0.2,5.7,55,7.2,0
473423095053301,2007,tmean,0,0.0,0.0,0.0,0,6.86,0
473423095053301,2008,tmean,0,0.0,0.0,0.0,0,6.8,0
473423095053301,2009,tmean,0,0.0,0.0,0.0,0,6.7,0
473423095053301,2010,tmean,0,0.0,0.0,0.0,0,6.67,0
473423095053301,2011,tmean,0,0.0,0.0,0.0,0,6.8,0
473423095053301,2012,tmean,0,0.0,0.0,0.0,0,6.89,0
473423095053301,2013,tmean,0,0.0,0.0,0.0,0,6.96,0
473423095053301,2014,tmean,0,0.0,0.0,0.0,0,6.7,0
473423095053301,2015,tmean,0,0.0,0.0,0.0,0,6.6,0
473423095053301,2016,tmean,0,0.0,0.0,0.0,0,6.7,0
473423095053301,2017,tmean,0,0.0,0.0,0.0,0,6.8,0
473423095053301,2018,tmean,0,0.0,0.0,0.0,0,6.7,0
473423095053301,2019,tmean,0,0.0,0.0,0.0,0,6.7,0
473423095053301,2024,tmean,0,0.0,0.0,0.0,0,7.1,0
473425095052302,2021,tmean,1,127.0,0.3,28.1,127,8.84,0
473425095052302,2022,tmean,1,247.0,0.2,32.7,247,8.97,0
473425095052302,2023,tmean,3,83.0,0.3,41.5,249,8.84,0
473425095052302,2024,tmean,4,93.8,0.3,69.8,375,8.9,0
473425095052302,2025,tmean,1,16.0,0.2,1.9,16,9.0,0
473425095052302,2014,tmean,0,0.0,0.0,0.0,0,7.63,0
473425095052302,2015,tmean,0,0.0,0.0,0.0,0,7.7,0
473425095052302,2016,tmean,0,0.0,0.0,0.0,0,8.0,0
473425095052302,2017,tmean,0,0.0,0.0,0.0,0,8.11,0
473425095052302,2018,tmean,0,0.0,0.0,0.0,0,8.2,0
473425095052302,2019,tmean,0,0.0,0.0,0.0,0,8.4,0
473425095052302,2020,tmean,0,0.0,0.0,0.0,0,8.7,0
473425095052602,2020,tmean,4,5.0,0.1,2.0,20,10.6,0
473425095052602,2021,tmean,7,26.7,0.3,30.7,187,10.7,0
473425095052602,2022,tmean,1,6.0,0.1,0.6,6,10.7,0
473425095052602,2025,tmean,4,8.8,0.1,3.4,35,10.5,0
473425095052602,2012,tmean,0,0.0,0.0,0.0,0,9.8,0
473425095052602,2013,tmean,0,0.0,0.0,0.0,0,9.8,0
473425095052602,2014,tmean,0,0.0,0.0,0.0,0,9.4,0
473425095052602,2015,tmean,0,0.0,0.0,0.0,0,9.5,0
473425095052602,2016,tmean,0,0.0,0.0,0.0,0,10.3,0
473425095052602,2017,tmean,0,0.0,0.0,0.0,0,10.4,0
473425095052602,2018,tmean,0,0.0,0.0,0.0,0,10.4,0
473425095052602,2019,tmean,0,0.0,0.0,0.0,0,10.4,0
473425095052602,2023,tmean,0,0.0,0.0,0.0,0,10.27,0
473425095052602,2024,tmean,0,0.0,0.0,0.0,0,10.4,0
473426095052305,2020,tmean,2,54.5,0.2,16.1,109,9.6,0
473426095052305,2019,tmean,0,0.0,0.0,0.0,0,9.6,0
473426095052305,2021,tmean,0,0.0,0.0,0.0,0,9.3,0
473426095052305,2022,tmean,0,0.0,0.0,0.0,0,9.4,0
473426095052305,2023,tmean,0,0.0,0.0,0.0,0,9.1,0
473426095052305,2024,tmean,0,0.0,0.0,0.0,0,9.2,0
473426095052305,2025,tmean,0,0.0,0.0,0.0,0,9.34,0
473426095052401,2020,tmean,2,18.0,0.17,3.3,36,10.7,0
473426095052401,2022,tmean,4,17.5,0.2,7.1,70,10.6,0
473426095052401,2025,tmean,5,35.4,0.3,25.2,177,10.5,0
473426095052401,2013,tmean,0,0.0,0.0,0.0,0,8.9,0
473426095052401,2014,tmean,0,0.0,0.0,0.0,0,9.0,0
473426095052401,2015,tmean,0,0.0,0.0,0.0,0,9.4,0
473426095052401,2016,tmean,0,0.0,0.0,0.0,0,10.0,0
473426095052401,2017,tmean,0,0.0,0.0,0.0,0,10.1,0
473426095052401,2018,tmean,0,0.0,0.0,0.0,0,10.1,0
473426095052401,2019,tmean,0,0.0,0.0,0.0,0,10.1,0
473426095052401,2021,tmean,0,0.0,0.0,0.0,0,10.7,0
473426095052401,2023,tmean,0,0.0,0.0,0.0,0,10.0,0
473426095052401,2024,tmean,0,0.0,0.0,0.0,0,10.2,0
474428091594601,2021,tmean,1,102.0,0.4,23.2,102,8.8,0
474428091594601,2022,tmean,2,18.0,0.2,4.5,36,8.5,0
474428091594601,2023,tmean,2,49.5,0.2,10.7,99,8.8,0
474428091594601,2024,tmean,1,9.0,0.1,0.8,9,8.0,0
474428091594601,2016,tmean,0,0.0,0.0,0.0,0,8.57,0
474428091594601,2017,tmean,0,0.0,0.0,0.0,0,8.5,0
474428091594601,2018,tmean,0,0.0,0.0,0.0,0,8.4,0
474428091594601,2019,tmean,0,0.0,0.0,0.0,0,8.2,0
474428091594601,2020,tmean,0,0.0,0.0,0.0,0,8.5,0
