site,year,tier,sample_scope,peak_date,water_mwmt7,air_mwmt7,q_peak7_cfs,q_valid_days,q_source
01073319,2009,tailwater,sensitivity,2009-08-24,26.7,31.67285714285714,24.77142857142857,7.0,"USGS NWIS daily discharge, parameter 00060, statistic 00003"
01073319,2012,tailwater,sensitivity,2012-07-04,25.599999999999998,32.11857142857143,24.557142857142857,7.0,"USGS NWIS daily discharge, parameter 00060, statistic 00003"
01073319,2017,tailwater,sensitivity,2017-07-23,26.714285714285715,30.34857142857143,16.9,7.0,"USGS NWIS daily discharge, parameter 00060, statistic 00003"
01073319,2018,tailwater,sensitivity,2018-07-09,28.485714285714288,32.63428571428572,14.957142857142856,7.0,"USGS NWIS daily discharge, parameter 00060, statistic 00003"
01073319,2019,tailwater,sensitivity,2019-07-22,27.75714285714286,30.66,10.167142857142858,7.0,"USGS NWIS daily discharge, parameter 00060, statistic 00003"
01073319,2020,tailwater,sensitivity,2020-08-01,28.32857142857143,31.91142857142857,7.0514285714285725,7.0,"USGS NWIS daily discharge, parameter 00060, statistic 00003"
01073319,2021,tailwater,sensitivity,2021-07-02,27.7,30.419999999999998,7.942857142857143,7.0,"USGS NWIS daily discharge, parameter 00060, statistic 00003"
01073319,2022,tailwater,sensitivity,2022-08-09,29.04285714285714,33.56142857142857,1.6271428571428408,7.0,"USGS NWIS daily discharge, parameter 00060, statistic 00003"
01091000,2013,tailwater,primary,2013-07-21,29.214285714285715,33.04571428571428,62.94285714285714,7.0,"USGS NWIS daily discharge, parameter 00060, statistic 00003"
01091000,2014,tailwater,primary,2014-07-15,26.2,29.96,100.51428571428572,7.0,"USGS NWIS daily discharge, parameter 00060, statistic 00003"
01091000,2015,tailwater,primary,2015-08-03,29.82857142857143,31.154285714285713,22.242857142857172,7.0,"USGS NWIS daily discharge, parameter 00060, statistic 00003"
01091000,2016,tailwater,primary,2016-07-27,31.985714285714288,32.744285714285716,11.138571428571494,7.0,"USGS NWIS daily discharge, parameter 00060, statistic 00003"
01091000,2017,tailwater,primary,2017-07-23,27.871428571428574,30.664285714285718,51.81428571428578,7.0,"USGS NWIS daily discharge, parameter 00060, statistic 00003"
01091000,2018,tailwater,primary,2018-07-10,30.657142857142855,33.36714285714286,31.3,7.0,"USGS NWIS daily discharge, parameter 00060, statistic 00003"
01091000,2019,tailwater,primary,2019-07-10,29.771428571428572,30.71857142857143,37.614285714285714,7.0,"USGS NWIS daily discharge, parameter 00060, statistic 00003"
01091000,2020,tailwater,primary,2020-08-01,31.371428571428574,31.835714285714285,20.51428571428571,7.0,"USGS NWIS daily discharge, parameter 00060, statistic 00003"
01091000,2021,tailwater,primary,2021-07-02,29.414285714285715,30.464285714285715,39.028571428571425,7.0,"USGS NWIS daily discharge, parameter 00060, statistic 00003"
01091000,2023,tailwater,primary,2023-09-09,26.814285714285717,30.934285714285714,38.9,7.0,"USGS NWIS daily discharge, parameter 00060, statistic 00003"
01091000,2024,tailwater,primary,2024-07-17,32.51428571428571,32.66,19.814285714285713,7.0,"USGS NWIS daily discharge, parameter 00060, statistic 00003"
01095220,1999,tailwater,primary,1999-07-08,24.75714285714286,31.747142857142855,5.142857142857143,7.0,"USGS NWIS daily discharge, parameter 00060, statistic 00003"
01095220,2000,tailwater,primary,2000-08-11,21.87142857142857,28.731428571428573,18.75714285714286,7.0,"USGS NWIS daily discharge, parameter 00060, statistic 00003"
01095220,2001,tailwater,primary,2001-08-11,24.02857142857143,32.245714285714286,6.805714285714286,7.0,"USGS NWIS daily discharge, parameter 00060, statistic 00003"
01095220,2002,tailwater,primary,2002-07-05,24.814285714285713,34.35,11.964285714285714,7.0,"USGS NWIS daily discharge, parameter 00060, statistic 00003"
01095220,2003,tailwater,primary,2003-07-09,24.685714285714287,31.02,10.324285714285724,7.0,"USGS NWIS daily discharge, parameter 00060, statistic 00003"
01095220,2004,tailwater,primary,2004-06-21,20.657142857142862,29.29,16.557142857142875,7.0,"USGS NWIS daily discharge, parameter 00060, statistic 00003"
01095220,2005,tailwater,primary,2005-07-23,24.271428571428572,31.56714285714286,24.342857142857174,7.0,"USGS NWIS daily discharge, parameter 00060, statistic 00003"
01095220,2006,tailwater,primary,2006-08-03,25.457142857142856,32.17285714285715,10.598571428571463,7.0,"USGS NWIS daily discharge, parameter 00060, statistic 00003"
01095220,2007,tailwater,primary,2007-08-04,24.27142857142857,30.78,24.55714285714289,7.0,"USGS NWIS daily discharge, parameter 00060, statistic 00003"
01095220,2008,tailwater,primary,2008-07-13,23.37142857142857,31.461428571428574,7.662857142857176,7.0,"USGS NWIS daily discharge, parameter 00060, statistic 00003"
01095220,2009,tailwater,primary,2009-08-24,24.2,32.244285714285716,15.614285714285748,7.0,"USGS NWIS daily discharge, parameter 00060, statistic 00003"
01095220,2010,tailwater,primary,2010-07-19,24.785714285714285,33.621428571428574,8.755714285714285,7.0,"USGS NWIS daily discharge, parameter 00060, statistic 00003"
01095220,2011,tailwater,primary,2011-07-12,24.5,33.03428571428571,14.28,7.0,"USGS NWIS daily discharge, parameter 00060, statistic 00003"
01095220,2012,tailwater,primary,2012-07-18,24.7,32.924285714285716,5.29,7.0,"USGS NWIS daily discharge, parameter 00060, statistic 00003"
01095220,2013,tailwater,primary,2013-07-21,26.32857142857143,33.67,13.452857142857143,7.0,"USGS NWIS daily discharge, parameter 00060, statistic 00003"
01095220,2014,tailwater,primary,2014-07-14,24.585714285714285,30.34142857142857,13.721428571428572,7.0,"USGS NWIS daily discharge, parameter 00060, statistic 00003"
01095220,2015,tailwater,primary,2015-08-03,24.485714285714288,31.164285714285715,8.31,7.0,"USGS NWIS daily discharge, parameter 00060, statistic 00003"
01095220,2016,tailwater,primary,2016-07-28,25.185714285714287,34.03,0.9114285714285714,7.0,"USGS NWIS daily discharge, parameter 00060, statistic 00003"
01095220,2017,tailwater,primary,2017-07-23,23.557142857142857,31.065714285714286,9.459999999999999,7.0,"USGS NWIS daily discharge, parameter 00060, statistic 00003"
01095220,2018,tailwater,primary,2018-07-06,25.314285714285713,33.50571428571429,8.408571428571445,7.0,"USGS NWIS daily discharge, parameter 00060, statistic 00003"
01095220,2019,tailwater,primary,2019-07-10,24.45714285714286,31.13285714285714,14.900000000000018,7.0,"USGS NWIS daily discharge, parameter 00060, statistic 00003"
01095220,2020,tailwater,primary,2020-07-31,25.04285714285714,32.38,9.552857142857176,7.0,"USGS NWIS daily discharge, parameter 00060, statistic 00003"
01095220,2021,tailwater,primary,2021-07-02,23.942857142857147,30.81857142857143,14.942857142857177,7.0,"USGS NWIS daily discharge, parameter 00060, statistic 00003"
01095220,2022,tailwater,primary,2022-08-09,25.057142857142853,34.324285714285715,1.258571428571453,7.0,"USGS NWIS daily discharge, parameter 00060, statistic 00003"
01095220,2023,tailwater,primary,2023-07-12,23.0,31.080000000000002,163.65714285714287,7.0,"USGS NWIS daily discharge, parameter 00060, statistic 00003"
01095220,2024,tailwater,primary,2024-07-14,25.485714285714284,32.15857142857143,12.752857142857177,7.0,"USGS NWIS daily discharge, parameter 00060, statistic 00003"
01095375,1999,tailwater,primary,1999-08-02,26.87142857142857,31.381428571428575,0.9942857142857141,7.0,"USGS NWIS daily discharge, parameter 00060, statistic 00003"
01095375,2000,tailwater,primary,2000-08-11,22.414285714285715,28.41571428571429,16.571428571428573,7.0,"USGS NWIS daily discharge, parameter 00060, statistic 00003"
01095375,2001,tailwater,primary,2001-08-11,26.557142857142857,31.91428571428571,3.9285714285714284,7.0,"USGS NWIS daily discharge, parameter 00060, statistic 00003"
01095375,2002,tailwater,primary,2002-08-19,28.528571428571432,33.901428571428575,1.81,7.0,"USGS NWIS daily discharge, parameter 00060, statistic 00003"
01095375,2003,tailwater,primary,2003-07-09,24.54285714285714,30.669999999999998,40.457142857142856,7.0,"USGS NWIS daily discharge, parameter 00060, statistic 00003"
01095375,2004,tailwater,primary,2004-08-05,23.342857142857145,28.985714285714284,15.657142857142857,7.0,"USGS NWIS daily discharge, parameter 00060, statistic 00003"
01095375,2005,tailwater,primary,2005-07-24,24.91428571428571,31.264285714285712,21.228571428571428,7.0,"USGS NWIS daily discharge, parameter 00060, statistic 00003"
01095375,2006,tailwater,primary,2006-08-03,26.271428571428572,31.808571428571423,15.299999999999999,7.0,"USGS NWIS daily discharge, parameter 00060, statistic 00003"
01095375,2007,tailwater,primary,2007-08-04,25.400000000000002,30.47142857142857,26.828571428571426,7.0,"USGS NWIS daily discharge, parameter 00060, statistic 00003"
01095375,2008,tailwater,primary,2008-07-21,25.62857142857143,31.055714285714284,7.292857142857143,7.0,"USGS NWIS daily discharge, parameter 00060, statistic 00003"
01095375,2009,tailwater,primary,2009-08-23,26.828571428571426,31.729999999999997,33.82857142857143,7.0,"USGS NWIS daily discharge, parameter 00060, statistic 00003"
01095375,2010,tailwater,primary,2010-07-12,28.771428571428572,33.16571428571428,12.985714285714286,7.0,"USGS NWIS daily discharge, parameter 00060, statistic 00003"
01095375,2011,tailwater,primary,2011-07-23,28.1,32.50142857142857,15.557142857142859,7.0,"USGS NWIS daily discharge, parameter 00060, statistic 00003"
01095375,2012,tailwater,primary,2012-08-09,29.057142857142853,32.45,8.93571428571427,7.0,"USGS NWIS daily discharge, parameter 00060, statistic 00003"
01095375,2013,tailwater,primary,2013-07-21,27.88571428571429,33.222857142857144,21.685714285714273,7.0,"USGS NWIS daily discharge, parameter 00060, statistic 00003"
01095375,2014,tailwater,primary,2014-07-04,24.657142857142855,29.858571428571427,20.02857142857143,7.0,"USGS NWIS daily discharge, parameter 00060, statistic 00003"
01095375,2015,tailwater,primary,2015-08-20,25.25714285714286,30.701428571428572,6.251428571428589,7.0,"USGS NWIS daily discharge, parameter 00060, statistic 00003"
01095375,2017,tailwater,primary,2017-07-23,24.942857142857143,30.718571428571433,10.721428571428604,7.0,"USGS NWIS daily discharge, parameter 00060, statistic 00003"
01095375,2018,tailwater,primary,2018-07-07,27.400000000000002,33.160000000000004,12.871428571428604,7.0,"USGS NWIS daily discharge, parameter 00060, statistic 00003"
01095375,2019,tailwater,primary,2019-08-02,25.657142857142855,30.802857142857142,11.571428571428603,7.0,"USGS NWIS daily discharge, parameter 00060, statistic 00003"
01095375,2020,tailwater,primary,2020-08-01,26.328571428571426,31.998571428571427,7.760000000000033,7.0,"USGS NWIS daily discharge, parameter 00060, statistic 00003"
01095375,2021,tailwater,primary,2021-07-02,24.814285714285713,30.437142857142856,29.557142857142896,7.0,"USGS NWIS daily discharge, parameter 00060, statistic 00003"
01095375,2022,tailwater,primary,2022-08-09,28.057142857142857,33.87714285714286,3.127142857142906,7.0,"USGS NWIS daily discharge, parameter 00060, statistic 00003"
01095375,2023,tailwater,primary,2023-07-12,25.385714285714283,30.76571428571429,169.9428571428572,7.0,"USGS NWIS daily discharge, parameter 00060, statistic 00003"
01095375,2024,tailwater,primary,2024-07-16,26.914285714285715,31.731428571428573,9.49428571428578,7.0,"USGS NWIS daily discharge, parameter 00060, statistic 00003"
01095434,2013,tailwater,primary,2013-07-24,21.02857142857143,33.56,2.507142857142857,7.0,"USGS NWIS daily discharge, parameter 00060, statistic 00003"
01095434,2015,tailwater,primary,2015-08-04,20.771428571428572,31.1,1.5214285714285702,7.0,"USGS NWIS daily discharge, parameter 00060, statistic 00003"
01095434,2016,tailwater,primary,2016-08-20,20.52857142857143,33.910000000000004,1.5042857142857133,7.0,"USGS NWIS daily discharge, parameter 00060, statistic 00003"
01095434,2018,tailwater,primary,2018-08-09,21.614285714285717,33.33,2.107142857142853,7.0,"USGS NWIS daily discharge, parameter 00060, statistic 00003"
01095434,2019,tailwater,primary,2019-07-23,20.685714285714287,31.065714285714282,4.5414285714285665,7.0,"USGS NWIS daily discharge, parameter 00060, statistic 00003"
01095434,2020,tailwater,primary,2020-07-28,20.7,32.28285714285715,1.2185714285714246,7.0,"USGS NWIS daily discharge, parameter 00060, statistic 00003"
01095434,2021,tailwater,primary,2021-08-25,20.52857142857143,30.664285714285715,9.305714285714282,7.0,"USGS NWIS daily discharge, parameter 00060, statistic 00003"
01095434,2022,tailwater,primary,2022-08-09,21.342857142857145,34.21,0.8442857142857091,7.0,"USGS NWIS daily discharge, parameter 00060, statistic 00003"
01095434,2023,tailwater,primary,2023-07-18,20.728571428571428,31.055714285714284,7.489999999999995,7.0,"USGS NWIS daily discharge, parameter 00060, statistic 00003"
01095434,2024,tailwater,primary,2024-08-06,21.599999999999998,32.01428571428571,2.6385714285714235,7.0,"USGS NWIS daily discharge, parameter 00060, statistic 00003"
01104370,2010,tailwater,primary,2010-07-13,22.17142857142857,34.13428571428572,1.2314285714285715,7.0,"USGS NWIS daily discharge, parameter 00060, statistic 00003"
01104370,2011,tailwater,primary,2011-08-13,21.257142857142856,33.52571428571429,16.414285714285715,7.0,"USGS NWIS daily discharge, parameter 00060, statistic 00003"
01104370,2012,tailwater,primary,2012-08-16,21.614285714285717,33.065714285714286,8.784285714285714,7.0,"USGS NWIS daily discharge, parameter 00060, statistic 00003"
01104370,2013,tailwater,primary,2013-07-08,22.67142857142857,34.20428571428572,10.077142857142857,7.0,"USGS NWIS daily discharge, parameter 00060, statistic 00003"
01104370,2014,tailwater,primary,2014-07-11,21.485714285714288,30.549999999999994,10.16,7.0,"USGS NWIS daily discharge, parameter 00060, statistic 00003"
01104370,2015,tailwater,primary,2015-08-23,21.12857142857143,32.20285714285715,2.5285714285714285,7.0,"USGS NWIS daily discharge, parameter 00060, statistic 00003"
01104370,2016,tailwater,primary,2016-08-17,21.185714285714287,35.441428571428574,0.6799999999999999,7.0,"USGS NWIS daily discharge, parameter 00060, statistic 00003"
01104370,2017,tailwater,primary,2017-07-22,21.485714285714288,31.479999999999997,6.7457142857142856,7.0,"USGS NWIS daily discharge, parameter 00060, statistic 00003"
01104370,2018,tailwater,primary,2018-07-06,22.985714285714288,33.995714285714286,8.255714285714287,7.0,"USGS NWIS daily discharge, parameter 00060, statistic 00003"
01104370,2019,tailwater,primary,2019-07-22,22.257142857142856,32.63857142857143,8.818571428571428,7.0,"USGS NWIS daily discharge, parameter 00060, statistic 00003"
01104370,2020,tailwater,primary,2020-07-30,22.0,33.21714285714285,2.0885714285714285,7.0,"USGS NWIS daily discharge, parameter 00060, statistic 00003"
01104370,2021,tailwater,primary,2021-08-27,22.74285714285714,31.32857142857143,38.25714285714286,7.0,"USGS NWIS daily discharge, parameter 00060, statistic 00003"
01104370,2022,tailwater,primary,2022-07-25,23.157142857142862,35.589999999999996,1.2285714285714284,7.0,"USGS NWIS daily discharge, parameter 00060, statistic 00003"
01104370,2023,tailwater,primary,2023-07-19,22.95714285714286,31.608571428571427,16.95714285714286,7.0,"USGS NWIS daily discharge, parameter 00060, statistic 00003"
01104370,2024,tailwater,primary,2024-07-16,22.8,32.68571428571429,2.5557142857142856,7.0,"USGS NWIS daily discharge, parameter 00060, statistic 00003"
01104415,2005,tailwater,primary,2005-08-16,22.657142857142855,31.685714285714287,0.36571428571428577,7.0,"USGS NWIS daily discharge, parameter 00060, statistic 00003"
01104415,2006,tailwater,primary,2006-08-03,21.685714285714287,32.16142857142857,0.6357142857142852,7.0,"USGS NWIS daily discharge, parameter 00060, statistic 00003"
01104415,2007,tailwater,primary,2007-08-03,22.357142857142858,31.315714285714286,0.6157142857142847,7.0,"USGS NWIS daily discharge, parameter 00060, statistic 00003"
01104415,2008,tailwater,primary,2008-07-25,21.457142857142856,31.632857142857144,4.559999999999999,7.0,"USGS NWIS daily discharge, parameter 00060, statistic 00003"
01104415,2009,tailwater,primary,2009-08-24,23.657142857142855,32.364285714285714,0.2114285714285704,7.0,"USGS NWIS daily discharge, parameter 00060, statistic 00003"
01104415,2010,tailwater,primary,2010-07-12,22.342857142857145,34.15428571428571,0.10142857142857041,7.0,"USGS NWIS daily discharge, parameter 00060, statistic 00003"
01104415,2011,tailwater,primary,2011-08-08,21.657142857142855,33.44857142857143,0.7585714285714277,7.0,"USGS NWIS daily discharge, parameter 00060, statistic 00003"
01104415,2012,tailwater,primary,2012-08-16,21.928571428571427,32.995714285714286,0.7528571428571417,7.0,"USGS NWIS daily discharge, parameter 00060, statistic 00003"
01104415,2013,tailwater,primary,2013-07-24,21.7,34.082857142857144,0.22714285714285598,7.0,"USGS NWIS daily discharge, parameter 00060, statistic 00003"
01104415,2014,tailwater,primary,2014-09-06,21.942857142857147,30.47714285714286,0.45714285714285613,7.0,"USGS NWIS daily discharge, parameter 00060, statistic 00003"
01104415,2015,tailwater,primary,2015-08-22,23.514285714285716,31.99857142857143,0.5828571428571419,7.0,"USGS NWIS daily discharge, parameter 00060, statistic 00003"
01104415,2017,tailwater,primary,2017-06-25,21.2,31.42428571428572,0.477142857142856,7.0,"USGS NWIS daily discharge, parameter 00060, statistic 00003"
01104415,2018,tailwater,primary,2018-08-08,24.842857142857138,33.82,0.16428571428571326,7.0,"USGS NWIS daily discharge, parameter 00060, statistic 00003"
01104415,2019,tailwater,primary,2019-07-12,21.771428571428572,32.25857142857143,0.6885714285714275,7.0,"USGS NWIS daily discharge, parameter 00060, statistic 00003"
01104415,2020,tailwater,primary,2020-08-14,22.885714285714283,32.832857142857144,0.01,7.0,"USGS NWIS daily discharge, parameter 00060, statistic 00003"
01104415,2021,tailwater,primary,2021-07-02,21.657142857142855,31.184285714285718,0.8871428571428565,7.0,"USGS NWIS daily discharge, parameter 00060, statistic 00003"
01104415,2023,tailwater,primary,2023-09-13,21.442857142857143,31.31142857142857,1.6471428571428566,7.0,"USGS NWIS daily discharge, parameter 00060, statistic 00003"
01104415,2024,tailwater,primary,2024-08-06,24.085714285714285,32.49857142857143,0.16857142857142754,7.0,"USGS NWIS daily discharge, parameter 00060, statistic 00003"
01104420,2013,tailwater,primary,2013-07-07,23.357142857142858,34.04714285714285,1.7771428571428574,7.0,"USGS NWIS daily discharge, parameter 00060, statistic 00003"
01104420,2014,tailwater,primary,2014-07-10,21.828571428571426,30.43285714285714,1.6542857142857148,7.0,"USGS NWIS daily discharge, parameter 00060, statistic 00003"
01104420,2015,tailwater,primary,2015-08-22,21.88571428571429,31.997142857142855,1.0900000000000005,7.0,"USGS NWIS daily discharge, parameter 00060, statistic 00003"
01104420,2016,tailwater,primary,2016-08-17,23.32857142857143,35.26285714285714,0.07571428571428622,7.0,"USGS NWIS daily discharge, parameter 00060, statistic 00003"
01104420,2018,tailwater,primary,2018-08-09,23.97142857142857,33.85,0.47428571428571537,7.0,"USGS NWIS daily discharge, parameter 00060, statistic 00003"
01104420,2019,tailwater,primary,2019-07-22,22.942857142857143,32.37285714285714,0.5414285714285715,7.0,"USGS NWIS daily discharge, parameter 00060, statistic 00003"
01104420,2020,tailwater,primary,2020-06-27,21.842857142857145,32.91428571428571,2.5714285714285707,7.0,"USGS NWIS daily discharge, parameter 00060, statistic 00003"
01104420,2021,tailwater,primary,2021-08-27,23.571428571428573,31.18,4.827142857142857,7.0,"USGS NWIS daily discharge, parameter 00060, statistic 00003"
01104420,2022,tailwater,primary,2022-08-11,22.785714285714285,35.40571428571429,0.12142857142857144,7.0,"USGS NWIS daily discharge, parameter 00060, statistic 00003"
01104420,2023,tailwater,primary,2023-07-18,23.314285714285713,31.365714285714287,1.8857142857142857,7.0,"USGS NWIS daily discharge, parameter 00060, statistic 00003"
01104420,2024,tailwater,primary,2024-07-11,22.3,32.497142857142855,0.5042857142857146,7.0,"USGS NWIS daily discharge, parameter 00060, statistic 00003"
01104430,1998,tailwater,primary,1998-09-02,23.32857142857143,31.247142857142858,24.571428571428573,7.0,"USGS NWIS daily discharge, parameter 00060, statistic 00003"
01104430,2002,tailwater,primary,2002-08-23,25.771428571428572,35.387142857142855,23.900000000000002,7.0,"USGS NWIS daily discharge, parameter 00060, statistic 00003"
01104430,2003,tailwater,primary,2003-09-01,22.942857142857143,31.147142857142857,21.342857142857138,7.0,"USGS NWIS daily discharge, parameter 00060, statistic 00003"
01104430,2004,tailwater,primary,2004-08-26,23.599999999999998,29.032857142857143,1.1042857142857123,7.0,"USGS NWIS daily discharge, parameter 00060, statistic 00003"
01104430,2005,tailwater,primary,2005-09-07,25.8,31.650000000000002,24.12857142857143,7.0,"USGS NWIS daily discharge, parameter 00060, statistic 00003"
01104430,2006,tailwater,primary,2006-06-24,20.857142857142858,32.08,23.65714285714285,7.0,"USGS NWIS daily discharge, parameter 00060, statistic 00003"
01104430,2007,tailwater,primary,2007-09-05,23.442857142857143,31.264285714285712,22.171428571428567,7.0,"USGS NWIS daily discharge, parameter 00060, statistic 00003"
01104430,2008,tailwater,primary,2008-07-27,24.471428571428568,31.638571428571428,12.815714285714282,7.0,"USGS NWIS daily discharge, parameter 00060, statistic 00003"
01104430,2009,tailwater,primary,2009-08-30,22.557142857142853,32.325714285714284,22.185714285714283,7.0,"USGS NWIS daily discharge, parameter 00060, statistic 00003"
01104430,2010,tailwater,primary,2010-08-15,24.685714285714287,34.13285714285714,23.499999999999993,7.0,"USGS NWIS daily discharge, parameter 00060, statistic 00003"
01104430,2011,tailwater,primary,2011-08-15,24.75714285714286,33.35285714285714,18.08571428571428,7.0,"USGS NWIS daily discharge, parameter 00060, statistic 00003"
01104430,2012,tailwater,primary,2012-07-22,26.571428571428573,33.005714285714284,21.399999999999995,7.0,"USGS NWIS daily discharge, parameter 00060, statistic 00003"
01104430,2013,tailwater,primary,2013-08-29,23.842857142857145,34.03,20.285714285714278,7.0,"USGS NWIS daily discharge, parameter 00060, statistic 00003"
01104430,2014,tailwater,primary,2014-07-24,24.97142857142857,30.395714285714288,13.342857142857133,7.0,"USGS NWIS daily discharge, parameter 00060, statistic 00003"
01104430,2015,tailwater,primary,2015-09-06,25.614285714285717,32.042857142857144,22.514285714285702,7.0,"USGS NWIS daily discharge, parameter 00060, statistic 00003"
01104430,2016,tailwater,primary,2016-08-21,27.2,35.36857142857143,25.871428571428563,7.0,"USGS NWIS daily discharge, parameter 00060, statistic 00003"
01104430,2017,tailwater,primary,2017-07-09,24.671428571428574,31.390000000000004,1.067142857142846,7.0,"USGS NWIS daily discharge, parameter 00060, statistic 00003"
01104430,2018,tailwater,primary,2018-08-13,26.057142857142857,33.81,13.775714285714274,7.0,"USGS NWIS daily discharge, parameter 00060, statistic 00003"
01104430,2019,tailwater,primary,2019-08-21,24.057142857142857,32.371428571428574,15.195714285714274,7.0,"USGS NWIS daily discharge, parameter 00060, statistic 00003"
01104430,2020,tailwater,primary,2020-08-16,25.371428571428574,32.98142857142857,20.914285714285704,7.0,"USGS NWIS daily discharge, parameter 00060, statistic 00003"
01104430,2021,tailwater,primary,2021-08-28,22.885714285714283,31.11285714285714,29.537142857142847,7.0,"USGS NWIS daily discharge, parameter 00060, statistic 00003"
01104430,2022,tailwater,primary,2022-08-13,25.971428571428568,35.417142857142856,24.47142857142856,7.0,"USGS NWIS daily discharge, parameter 00060, statistic 00003"
01104430,2023,tailwater,primary,2023-08-10,22.785714285714285,31.384285714285713,9.908571428571419,7.0,"USGS NWIS daily discharge, parameter 00060, statistic 00003"
01104430,2024,tailwater,primary,2024-08-16,23.428571428571427,32.43714285714286,20.08571428571427,7.0,"USGS NWIS daily discharge, parameter 00060, statistic 00003"
01104455,2003,tailwater,primary,2003-08-08,22.32857142857143,31.252857142857145,0.8257142857142854,7.0,"USGS NWIS daily discharge, parameter 00060, statistic 00003"
01104455,2004,tailwater,primary,2004-08-17,22.071428571428573,29.23,1.8385714285714285,7.0,"USGS NWIS daily discharge, parameter 00060, statistic 00003"
01104455,2007,tailwater,primary,2007-08-03,18.657142857142855,31.375714285714285,0.8042857142857142,7.0,"USGS NWIS daily discharge, parameter 00060, statistic 00003"
01104455,2008,tailwater,primary,2008-07-26,22.37142857142857,31.835714285714285,5.249999999999999,7.0,"USGS NWIS daily discharge, parameter 00060, statistic 00003"
01104455,2009,tailwater,primary,2009-08-01,18.82857142857143,32.339999999999996,1.3342857142857132,7.0,"USGS NWIS daily discharge, parameter 00060, statistic 00003"
01104455,2010,tailwater,primary,2010-06-07,19.82857142857143,34.08571428571428,1.6285714285714277,7.0,"USGS NWIS daily discharge, parameter 00060, statistic 00003"
01104455,2011,tailwater,primary,2011-08-13,19.942857142857143,33.6,2.519999999999999,7.0,"USGS NWIS daily discharge, parameter 00060, statistic 00003"
01104455,2012,tailwater,primary,2012-08-16,20.542857142857144,33.06285714285714,2.291428571428571,7.0,"USGS NWIS daily discharge, parameter 00060, statistic 00003"
01104455,2013,tailwater,primary,2013-07-24,27.5,34.285714285714285,0.545714285714285,7.0,"USGS NWIS daily discharge, parameter 00060, statistic 00003"
01104455,2014,tailwater,primary,2014-07-03,25.214285714285715,30.63,0.3271428571428566,7.0,"USGS NWIS daily discharge, parameter 00060, statistic 00003"
01104455,2015,tailwater,primary,2015-08-21,25.542857142857144,32.247142857142855,1.034285714285714,7.0,"USGS NWIS daily discharge, parameter 00060, statistic 00003"
01104455,2016,tailwater,primary,2016-07-29,27.32857142857143,35.424285714285716,0.3099999999999999,7.0,"USGS NWIS daily discharge, parameter 00060, statistic 00003"
01104455,2017,tailwater,primary,2017-08-25,21.37142857142857,31.518571428571427,0.21857142857142858,7.0,"USGS NWIS daily discharge, parameter 00060, statistic 00003"
01104455,2018,tailwater,primary,2018-08-09,23.728571428571428,34.097142857142856,0.5971428571428576,7.0,"USGS NWIS daily discharge, parameter 00060, statistic 00003"
01104455,2019,tailwater,primary,2019-07-12,21.785714285714285,32.77571428571428,1.1900000000000002,7.0,"USGS NWIS daily discharge, parameter 00060, statistic 00003"
01104455,2020,tailwater,primary,2020-08-29,20.614285714285717,33.32714285714286,0.6500000000000005,7.0,"USGS NWIS daily discharge, parameter 00060, statistic 00003"
01104455,2021,tailwater,primary,2021-08-25,21.8,31.445714285714285,3.4014285714285717,7.0,"USGS NWIS daily discharge, parameter 00060, statistic 00003"
01104455,2022,tailwater,primary,2022-08-11,26.471428571428568,35.675714285714285,0.31428571428571467,7.0,"USGS NWIS daily discharge, parameter 00060, statistic 00003"
01104455,2023,tailwater,primary,2023-09-14,21.7,31.722857142857144,0.9857142857142861,7.0,"USGS NWIS daily discharge, parameter 00060, statistic 00003"
01104455,2024,tailwater,primary,2024-08-10,22.114285714285717,32.824285714285715,0.6314285714285719,7.0,"USGS NWIS daily discharge, parameter 00060, statistic 00003"
01104460,2003,tailwater,primary,2003-08-16,23.014285714285712,31.175714285714285,37.785714285714285,7.0,"USGS NWIS daily discharge, parameter 00060, statistic 00003"
01104460,2004,tailwater,primary,2004-08-05,22.571428571428573,29.110000000000003,11.342857142857143,7.0,"USGS NWIS daily discharge, parameter 00060, statistic 00003"
01104460,2006,tailwater,primary,2006-08-03,23.214285714285715,32.22428571428571,24.657142857142855,7.0,"USGS NWIS daily discharge, parameter 00060, statistic 00003"
01104460,2007,tailwater,primary,2007-08-31,22.54285714285714,31.282857142857146,21.942857142857143,7.0,"USGS NWIS daily discharge, parameter 00060, statistic 00003"
01104460,2008,tailwater,primary,2008-07-14,22.785714285714285,31.74285714285714,15.414285714285715,7.0,"USGS NWIS daily discharge, parameter 00060, statistic 00003"
01104460,2009,tailwater,primary,2009-08-24,22.74285714285714,32.277142857142856,29.37142857142857,7.0,"USGS NWIS daily discharge, parameter 00060, statistic 00003"
01104460,2010,tailwater,primary,2010-08-11,23.75714285714286,34.02571428571429,22.08571428571429,7.0,"USGS NWIS daily discharge, parameter 00060, statistic 00003"
01104460,2011,tailwater,primary,2011-08-06,23.385714285714283,33.45285714285715,23.857142857142858,7.0,"USGS NWIS daily discharge, parameter 00060, statistic 00003"
01104460,2012,tailwater,primary,2012-07-19,24.857142857142858,32.99714285714286,30.3,7.0,"USGS NWIS daily discharge, parameter 00060, statistic 00003"
01104460,2013,tailwater,primary,2013-07-08,22.88571428571429,34.152857142857144,26.757142857142856,7.0,"USGS NWIS daily discharge, parameter 00060, statistic 00003"
01104460,2014,tailwater,primary,2014-09-07,22.928571428571427,30.54,25.02857142857143,7.0,"USGS NWIS daily discharge, parameter 00060, statistic 00003"
01104460,2015,tailwater,primary,2015-08-21,25.085714285714285,32.137142857142855,31.571428571428573,7.0,"USGS NWIS daily discharge, parameter 00060, statistic 00003"
01104460,2016,tailwater,primary,2016-07-31,25.957142857142856,35.354285714285716,33.17142857142857,7.0,"USGS NWIS daily discharge, parameter 00060, statistic 00003"
01104460,2017,tailwater,primary,2017-07-23,22.67142857142857,31.465714285714284,18.842857142857145,7.0,"USGS NWIS daily discharge, parameter 00060, statistic 00003"
01104460,2018,tailwater,primary,2018-08-10,24.814285714285717,33.988571428571426,32.17142857142857,7.0,"USGS NWIS daily discharge, parameter 00060, statistic 00003"
01104460,2019,tailwater,primary,2019-08-04,23.357142857142858,32.59428571428571,17.271428571428572,7.0,"USGS NWIS daily discharge, parameter 00060, statistic 00003"
01104460,2020,tailwater,primary,2020-08-14,24.9,33.215714285714284,27.1,7.0,"USGS NWIS daily discharge, parameter 00060, statistic 00003"
01104460,2021,tailwater,primary,2021-08-27,22.785714285714285,31.307142857142857,107.2,7.0,"USGS NWIS daily discharge, parameter 00060, statistic 00003"
01104460,2022,tailwater,primary,2022-08-09,26.042857142857144,35.589999999999996,35.07142857142858,7.0,"USGS NWIS daily discharge, parameter 00060, statistic 00003"
01104460,2023,tailwater,primary,2023-07-19,22.485714285714288,31.60571428571428,41.52857142857143,7.0,"USGS NWIS daily discharge, parameter 00060, statistic 00003"
01104460,2024,tailwater,primary,2024-08-06,23.571428571428573,32.66142857142857,27.685714285714287,7.0,"USGS NWIS daily discharge, parameter 00060, statistic 00003"
01104475,2004,tailwater,primary,2004-08-18,21.199999999999996,29.194285714285716,1.3128571428571427,7.0,"USGS NWIS daily discharge, parameter 00060, statistic 00003"
01104475,2005,tailwater,primary,2005-07-16,21.314285714285713,31.884285714285713,0.9757142857142858,7.0,"USGS NWIS daily discharge, parameter 00060, statistic 00003"
01104475,2006,tailwater,primary,2006-07-22,22.77142857142857,32.309999999999995,0.7942857142857143,7.0,"USGS NWIS daily discharge, parameter 00060, statistic 00003"
01104475,2007,tailwater,primary,2007-08-03,21.014285714285712,31.337142857142858,0.31857142857142834,7.0,"USGS NWIS daily discharge, parameter 00060, statistic 00003"
01104475,2008,tailwater,primary,2008-07-26,22.471428571428568,31.808571428571433,2.8428571428571425,7.0,"USGS NWIS daily discharge, parameter 00060, statistic 00003"
01104475,2009,tailwater,primary,2009-08-01,22.542857142857144,32.30142857142857,1.3271428571428572,7.0,"USGS NWIS daily discharge, parameter 00060, statistic 00003"
01104475,2010,tailwater,primary,2010-06-08,20.814285714285713,34.02,1.2314285714285713,7.0,"USGS NWIS daily discharge, parameter 00060, statistic 00003"
01104475,2011,tailwater,primary,2011-09-01,21.542857142857144,33.53857142857142,3.3099999999999996,7.0,"USGS NWIS daily discharge, parameter 00060, statistic 00003"
01104475,2012,tailwater,primary,2012-08-18,20.914285714285715,33.02571428571429,1.1657142857142857,7.0,"USGS NWIS daily discharge, parameter 00060, statistic 00003"
01104475,2013,tailwater,primary,2013-07-11,21.400000000000002,34.24142857142857,0.6771428571428572,7.0,"USGS NWIS daily discharge, parameter 00060, statistic 00003"
01104475,2014,tailwater,primary,2014-07-22,20.7,30.634285714285713,1.1928571428571428,7.0,"USGS NWIS daily discharge, parameter 00060, statistic 00003"
01104475,2015,tailwater,primary,2015-07-12,21.985714285714288,32.214285714285715,0.6199999999999999,7.0,"USGS NWIS daily discharge, parameter 00060, statistic 00003"
01104475,2016,tailwater,primary,2016-08-18,20.82857142857143,35.348571428571425,0.06857142857142831,7.0,"USGS NWIS daily discharge, parameter 00060, statistic 00003"
01104475,2017,tailwater,primary,2017-06-24,20.400000000000002,31.495714285714286,0.9728571428571426,7.0,"USGS NWIS daily discharge, parameter 00060, statistic 00003"
01104475,2018,tailwater,primary,2018-08-18,21.87142857142857,34.05428571428571,0.644285714285714,7.0,"USGS NWIS daily discharge, parameter 00060, statistic 00003"
01104475,2019,tailwater,primary,2019-07-18,22.157142857142855,32.68142857142857,0.567142857142857,7.0,"USGS NWIS daily discharge, parameter 00060, statistic 00003"
01104475,2020,tailwater,primary,2020-07-11,22.27142857142857,33.277142857142856,0.8071428571428567,7.0,"USGS NWIS daily discharge, parameter 00060, statistic 00003"
01104475,2021,tailwater,primary,2021-08-27,23.571428571428573,31.38,2.9571428571428564,7.0,"USGS NWIS daily discharge, parameter 00060, statistic 00003"
01104475,2022,tailwater,primary,2022-08-09,22.58571428571429,35.64857142857143,0.08571428571428495,7.0,"USGS NWIS daily discharge, parameter 00060, statistic 00003"
01104475,2023,tailwater,primary,2023-07-30,22.985714285714284,31.707142857142856,1.7999999999999992,7.0,"USGS NWIS daily discharge, parameter 00060, statistic 00003"
01104475,2024,tailwater,primary,2024-06-26,21.071428571428573,32.77428571428571,0.6185714285714281,7.0,"USGS NWIS daily discharge, parameter 00060, statistic 00003"
01104480,2009,tailwater,primary,2009-08-23,27.371428571428574,32.30142857142857,0.41285714285715097,7.0,"USGS NWIS daily discharge, parameter 00060, statistic 00003"
01104480,2010,tailwater,primary,2010-07-12,28.357142857142858,34.02,0.10285714285714388,7.0,"USGS NWIS daily discharge, parameter 00060, statistic 00003"
01104480,2011,tailwater,primary,2011-07-24,27.142857142857142,33.53857142857142,0.05714285714285714,7.0,"USGS NWIS daily discharge, parameter 00060, statistic 00003"
01104480,2012,tailwater,primary,2012-08-09,27.3,33.02571428571429,0.03857142857143365,7.0,"USGS NWIS daily discharge, parameter 00060, statistic 00003"
01104480,2013,tailwater,primary,2013-07-22,28.857142857142858,34.24142857142857,0.01,7.0,"USGS NWIS daily discharge, parameter 00060, statistic 00003"
01104480,2014,tailwater,primary,2014-07-15,27.142857142857142,30.634285714285713,0.2342857142857143,7.0,"USGS NWIS daily discharge, parameter 00060, statistic 00003"
01104480,2015,tailwater,primary,2015-08-21,27.914285714285715,32.214285714285715,0.2057142857142862,7.0,"USGS NWIS daily discharge, parameter 00060, statistic 00003"
01170100,2016,reference,primary,2016-07-28,25.542857142857144,31.321428571428573,8.169999999999968,7.0,"USGS NWIS daily discharge, parameter 00060, statistic 00003"
01170100,2017,reference,primary,2017-07-21,22.085714285714285,28.842857142857145,91.57142857142856,7.0,"USGS NWIS daily discharge, parameter 00060, statistic 00003"
01170100,2018,reference,primary,2018-07-06,26.685714285714283,32.41857142857143,18.27142857142854,7.0,"USGS NWIS daily discharge, parameter 00060, statistic 00003"
01170100,2019,reference,primary,2019-08-02,24.928571428571427,29.458571428571428,15.099999999999971,7.0,"USGS NWIS daily discharge, parameter 00060, statistic 00003"
01170100,2020,reference,primary,2020-08-01,26.24285714285714,30.51571428571429,11.768571428571397,7.0,"USGS NWIS daily discharge, parameter 00060, statistic 00003"
01170100,2021,reference,primary,2021-07-02,24.828571428571426,29.664285714285715,46.7285714285714,7.0,"USGS NWIS daily discharge, parameter 00060, statistic 00003"
01170100,2022,reference,primary,2022-08-09,26.32857142857143,32.212857142857146,10.63142857142854,7.0,"USGS NWIS daily discharge, parameter 00060, statistic 00003"
01193500,1986,reference,primary,1986-07-27,27.857142857142858,29.805714285714288,24.114285714285746,7.0,"USGS NWIS daily discharge, parameter 00060, statistic 00003"
01193500,1987,reference,primary,1987-07-27,29.04285714285714,31.652857142857147,11.142857142857142,7.0,"USGS NWIS daily discharge, parameter 00060, statistic 00003"
01193500,1989,reference,primary,1989-08-20,27.400000000000002,30.927142857142858,294.57142857142856,7.0,"USGS NWIS daily discharge, parameter 00060, statistic 00003"
01193500,1991,reference,primary,1991-07-23,28.642857142857142,35.144285714285715,10.357142857142858,7.0,"USGS NWIS daily discharge, parameter 00060, statistic 00003"
01193500,1992,reference,primary,1992-07-22,23.071428571428573,29.307142857142853,133.28571428571428,7.0,"USGS NWIS daily discharge, parameter 00060, statistic 00003"
01193500,2014,reference,primary,2014-07-13,25.857142857142858,29.181428571428572,25.900000000000002,7.0,"USGS NWIS daily discharge, parameter 00060, statistic 00003"
01193500,2015,reference,primary,2015-08-04,27.071428571428573,30.821428571428573,13.128571428571428,7.0,"USGS NWIS daily discharge, parameter 00060, statistic 00003"
01193500,2016,reference,primary,2016-07-28,29.87142857142857,32.36714285714286,8.751428571428571,7.0,"USGS NWIS daily discharge, parameter 00060, statistic 00003"
01193500,2017,reference,primary,2017-07-23,26.0,30.199999999999996,49.0,7.0,"USGS NWIS daily discharge, parameter 00060, statistic 00003"
01193500,2018,reference,primary,2018-07-07,27.457142857142856,32.151428571428575,49.05714285714286,7.0,"USGS NWIS daily discharge, parameter 00060, statistic 00003"
01193500,2019,reference,primary,2019-08-04,26.099999999999998,31.150000000000002,20.685714285714287,7.0,"USGS NWIS daily discharge, parameter 00060, statistic 00003"
01435000,2013,reference,primary,2013-07-21,22.0,31.247142857142855,69.87142857142858,7.0,"USGS NWIS daily discharge, parameter 00060, statistic 00003"
01435000,2014,reference,primary,2014-09-07,19.957142857142856,27.59714285714286,34.34285714285714,7.0,"USGS NWIS daily discharge, parameter 00060, statistic 00003"
01435000,2015,reference,primary,2015-09-09,21.185714285714287,28.675714285714285,26.828571428571426,7.0,"USGS NWIS daily discharge, parameter 00060, statistic 00003"
01435000,2016,reference,primary,2016-07-27,20.771428571428572,28.81857142857143,43.92857142857143,7.0,"USGS NWIS daily discharge, parameter 00060, statistic 00003"
01435000,2017,reference,primary,2017-07-22,18.885714285714283,28.03714285714286,60.51428571428572,7.0,"USGS NWIS daily discharge, parameter 00060, statistic 00003"
01435000,2018,reference,primary,2018-07-06,21.771428571428572,30.49,52.842857142857085,7.0,"USGS NWIS daily discharge, parameter 00060, statistic 00003"
01435000,2019,reference,primary,2019-08-02,21.75714285714286,29.027142857142856,55.414285714285654,7.0,"USGS NWIS daily discharge, parameter 00060, statistic 00003"
01435000,2020,reference,primary,2020-08-09,14.242857142857144,29.101428571428574,224.3571428571428,7.0,"USGS NWIS daily discharge, parameter 00060, statistic 00003"
01435000,2021,reference,primary,2021-07-06,17.014285714285712,28.291428571428575,101.67142857142858,7.0,"USGS NWIS daily discharge, parameter 00060, statistic 00003"
01435000,2022,reference,primary,2022-08-12,17.371428571428574,30.28857142857143,32.05714285714286,7.0,"USGS NWIS daily discharge, parameter 00060, statistic 00003"
01435000,2023,reference,primary,2023-06-26,14.0,28.451428571428572,42.47142857142857,7.0,"USGS NWIS daily discharge, parameter 00060, statistic 00003"
01435000,2024,reference,primary,2024-08-13,12.885714285714286,29.952857142857145,463.14285714285717,7.0,"USGS NWIS daily discharge, parameter 00060, statistic 00003"
01466500,1986,reference,primary,1986-08-04,16.585714285714285,32.40428571428571,1.4014285714285715,7.0,"USGS NWIS daily discharge, parameter 00060, statistic 00003"
01466500,1987,reference,primary,1987-08-15,19.0,34.18285714285714,4.685714285714285,7.0,"USGS NWIS daily discharge, parameter 00060, statistic 00003"
01466500,1988,reference,primary,1988-08-16,17.214285714285715,34.63142857142857,0.8642857142857142,7.0,"USGS NWIS daily discharge, parameter 00060, statistic 00003"
01466500,1990,reference,primary,1990-08-12,20.5,32.11857142857143,4.571428571428571,7.0,"USGS NWIS daily discharge, parameter 00060, statistic 00003"
01466500,1991,reference,primary,1991-07-28,19.285714285714285,35.285714285714285,2.3,7.0,"USGS NWIS daily discharge, parameter 00060, statistic 00003"
01466500,2013,reference,primary,2013-07-25,22.32857142857143,33.71857142857143,4.199999999999999,7.0,"USGS NWIS daily discharge, parameter 00060, statistic 00003"
01466500,2014,reference,primary,2014-07-18,18.314285714285713,30.975714285714282,2.001428571428571,7.0,"USGS NWIS daily discharge, parameter 00060, statistic 00003"
01466500,2015,reference,primary,2015-08-06,17.714285714285715,31.764285714285716,1.3785714285714281,7.0,"USGS NWIS daily discharge, parameter 00060, statistic 00003"
01466500,2016,reference,primary,2016-08-20,18.814285714285713,33.68714285714286,1.0999999999999994,7.0,"USGS NWIS daily discharge, parameter 00060, statistic 00003"
01466500,2017,reference,primary,2017-08-24,17.428571428571427,32.152857142857144,1.5171428571428567,7.0,"USGS NWIS daily discharge, parameter 00060, statistic 00003"
01466500,2018,reference,primary,2018-08-18,17.657142857142855,34.13428571428572,1.751428571428571,7.0,"USGS NWIS daily discharge, parameter 00060, statistic 00003"
01466500,2019,reference,primary,2019-07-25,20.214285714285715,34.08,2.572857142857142,7.0,"USGS NWIS daily discharge, parameter 00060, statistic 00003"
01466500,2020,reference,primary,2020-09-02,17.728571428571428,33.15714285714286,1.705714285714285,7.0,"USGS NWIS daily discharge, parameter 00060, statistic 00003"
01466500,2021,reference,primary,2021-08-28,21.228571428571428,31.97142857142857,4.5371428571428565,7.0,"USGS NWIS daily discharge, parameter 00060, statistic 00003"
01466500,2022,reference,primary,2022-08-12,17.7,34.987142857142864,1.2199999999999993,7.0,"USGS NWIS daily discharge, parameter 00060, statistic 00003"
01466500,2023,reference,primary,2023-09-08,18.071428571428573,33.14857142857143,0.9699999999999994,7.0,"USGS NWIS daily discharge, parameter 00060, statistic 00003"
01466500,2024,reference,primary,2024-08-06,17.1,32.49571428571428,1.158571428571428,7.0,"USGS NWIS daily discharge, parameter 00060, statistic 00003"
01544500,2011,reference,primary,2011-07-25,29.38571428571429,34.68,13.87142857142857,7.0,"USGS NWIS daily discharge, parameter 00060, statistic 00003"
01544500,2012,reference,primary,2012-07-11,26.885714285714283,31.139999999999997,33.65714285714286,7.0,"USGS NWIS daily discharge, parameter 00060, statistic 00003"
01544500,2013,reference,primary,2013-07-21,26.199999999999996,31.45285714285714,52.01428571428572,7.0,"USGS NWIS daily discharge, parameter 00060, statistic 00003"
01544500,2014,reference,primary,2014-07-28,23.228571428571428,28.437142857142856,34.24285714285714,7.0,"USGS NWIS daily discharge, parameter 00060, statistic 00003"
01544500,2015,reference,primary,2015-09-09,24.7,29.434285714285714,27.442857142857143,7.0,"USGS NWIS daily discharge, parameter 00060, statistic 00003"
01544500,2016,reference,primary,2016-07-27,27.942857142857143,32.05428571428571,8.392857142857142,7.0,"USGS NWIS daily discharge, parameter 00060, statistic 00003"
01544500,2017,reference,primary,2017-07-23,25.542857142857144,29.497142857142855,31.857142857142858,7.0,"USGS NWIS daily discharge, parameter 00060, statistic 00003"
01544500,2018,reference,primary,2018-07-19,25.099999999999998,30.518571428571427,37.957142857142856,7.0,"USGS NWIS daily discharge, parameter 00060, statistic 00003"
01544500,2020,reference,primary,2020-07-11,27.114285714285717,30.824285714285715,26.014285714285712,7.0,"USGS NWIS daily discharge, parameter 00060, statistic 00003"
01544500,2021,reference,primary,2021-07-02,24.728571428571428,29.967142857142854,39.614285714285714,7.0,"USGS NWIS daily discharge, parameter 00060, statistic 00003"
01544500,2022,reference,primary,2022-07-25,27.371428571428574,30.812857142857144,18.900000000000002,7.0,"USGS NWIS daily discharge, parameter 00060, statistic 00003"
01544500,2023,reference,primary,2023-07-01,23.714285714285715,29.274285714285718,27.12857142857143,7.0,"USGS NWIS daily discharge, parameter 00060, statistic 00003"
01544500,2024,reference,primary,2024-07-15,25.82857142857143,31.45428571428571,40.24285714285714,7.0,"USGS NWIS daily discharge, parameter 00060, statistic 00003"
01545600,2013,reference,primary,2013-09-02,21.24285714285714,31.774285714285718,4.601428571428563,7.0,"USGS NWIS daily discharge, parameter 00060, statistic 00003"
01545600,2014,reference,primary,2014-07-27,19.62857142857143,28.75857142857143,8.899999999999967,7.0,"USGS NWIS daily discharge, parameter 00060, statistic 00003"
01545600,2015,reference,primary,2015-09-09,20.428571428571427,29.648571428571426,10.307142857142823,7.0,"USGS NWIS daily discharge, parameter 00060, statistic 00003"
01545600,2016,reference,primary,2016-07-29,23.114285714285717,32.55285714285714,4.234285714285682,7.0,"USGS NWIS daily discharge, parameter 00060, statistic 00003"
01545600,2017,reference,primary,2017-07-23,20.271428571428572,29.768571428571427,19.271428571428537,7.0,"USGS NWIS daily discharge, parameter 00060, statistic 00003"
01545600,2018,reference,primary,2018-07-20,20.657142857142855,30.965714285714284,9.885714285714254,7.0,"USGS NWIS daily discharge, parameter 00060, statistic 00003"
01545600,2019,reference,primary,2019-08-22,18.87142857142857,30.32428571428571,25.128571428571398,7.0,"USGS NWIS daily discharge, parameter 00060, statistic 00003"
01545600,2020,reference,primary,2020-07-29,22.771428571428572,31.104285714285716,7.205714285714253,7.0,"USGS NWIS daily discharge, parameter 00060, statistic 00003"
01545600,2021,reference,primary,2021-08-14,21.228571428571428,30.07857142857143,12.127142857142841,7.0,"USGS NWIS daily discharge, parameter 00060, statistic 00003"
01545600,2023,reference,primary,2023-09-09,20.214285714285715,29.557142857142853,12.58571428571427,7.0,"USGS NWIS daily discharge, parameter 00060, statistic 00003"
01571820,1997,tailwater,sensitivity,1997-07-19,22.3,33.51857142857143,22.142857142857142,7.0,"USGS NWIS daily discharge, parameter 00060, statistic 00003"
01571820,1998,tailwater,sensitivity,1998-08-28,21.24285714285714,29.867142857142856,27.857142857142858,7.0,"USGS NWIS daily discharge, parameter 00060, statistic 00003"
01571820,1999,tailwater,sensitivity,1999-08-01,25.014285714285716,33.12714285714286,12.0,7.0,"USGS NWIS daily discharge, parameter 00060, statistic 00003"
01571820,2001,tailwater,sensitivity,2001-08-10,22.099999999999998,33.315714285714286,25.714285714285715,7.0,"USGS NWIS daily discharge, parameter 00060, statistic 00003"
01571820,2002,tailwater,sensitivity,2002-08-04,24.642857142857142,34.535714285714285,13.542857142857144,7.0,"USGS NWIS daily discharge, parameter 00060, statistic 00003"
01571820,2003,tailwater,sensitivity,2003-07-30,19.900000000000002,29.842857142857138,54.75714285714286,7.0,"USGS NWIS daily discharge, parameter 00060, statistic 00003"
01571820,2004,tailwater,sensitivity,2004-07-11,19.814285714285713,29.065714285714286,32.75714285714284,7.0,"USGS NWIS daily discharge, parameter 00060, statistic 00003"
01571820,2005,tailwater,sensitivity,2005-08-16,22.257142857142856,31.124285714285715,18.72857142857137,7.0,"USGS NWIS daily discharge, parameter 00060, statistic 00003"
01571820,2006,tailwater,sensitivity,2006-08-05,22.342857142857145,31.87142857142857,37.04285714285708,7.0,"USGS NWIS daily discharge, parameter 00060, statistic 00003"
01596500,2013,reference,primary,2013-07-21,22.328571428571426,30.79,22.342857142857078,7.0,"USGS NWIS daily discharge, parameter 00060, statistic 00003"
01596500,2014,reference,primary,2014-07-27,22.471428571428568,28.62,6.697142857142792,7.0,"USGS NWIS daily discharge, parameter 00060, statistic 00003"
01596500,2015,reference,primary,2015-09-09,22.285714285714285,29.58571428571429,4.469999999999935,7.0,"USGS NWIS daily discharge, parameter 00060, statistic 00003"
01596500,2016,reference,primary,2016-08-17,25.02857142857143,31.305714285714284,5.397142857142776,7.0,"USGS NWIS daily discharge, parameter 00060, statistic 00003"
01596500,2017,reference,primary,2017-07-22,22.67142857142857,29.391428571428573,17.64285714285706,7.0,"USGS NWIS daily discharge, parameter 00060, statistic 00003"
01596500,2018,reference,primary,2018-07-05,21.25714285714286,30.71,78.18571428571421,7.0,"USGS NWIS daily discharge, parameter 00060, statistic 00003"
01596500,2019,reference,primary,2019-08-21,23.37142857142857,30.900000000000002,8.231428571428506,7.0,"USGS NWIS daily discharge, parameter 00060, statistic 00003"
01596500,2020,reference,primary,2020-07-10,24.04285714285714,31.88714285714286,12.217142857142791,7.0,"USGS NWIS daily discharge, parameter 00060, statistic 00003"
01596500,2021,reference,primary,2021-07-17,24.25714285714286,31.31142857142857,5.441428571428507,7.0,"USGS NWIS daily discharge, parameter 00060, statistic 00003"
01596500,2023,reference,primary,2023-07-31,24.285714285714285,29.494285714285713,4.069999999999935,7.0,"USGS NWIS daily discharge, parameter 00060, statistic 00003"
01596500,2024,reference,primary,2024-08-06,25.242857142857144,32.44285714285714,2.6285714285713966,7.0,"USGS NWIS daily discharge, parameter 00060, statistic 00003"
01611500,2009,reference,primary,2009-08-21,29.328571428571426,32.47571428571429,76.3142857142857,7.0,"USGS NWIS daily discharge, parameter 00060, statistic 00003"
01611500,2010,reference,primary,2010-07-26,31.085714285714285,35.43571428571428,67.75714285714285,7.0,"USGS NWIS daily discharge, parameter 00060, statistic 00003"
01611500,2011,reference,primary,2011-07-26,31.3,35.58428571428571,87.74285714285715,7.0,"USGS NWIS daily discharge, parameter 00060, statistic 00003"
01611500,2012,reference,primary,2012-08-08,29.099999999999998,35.34142857142857,132.28571428571428,7.0,"USGS NWIS daily discharge, parameter 00060, statistic 00003"
01611500,2013,reference,primary,2013-07-22,30.114285714285717,34.17285714285714,225.57142857142858,7.0,"USGS NWIS daily discharge, parameter 00060, statistic 00003"
01611500,2014,reference,primary,2014-07-03,29.085714285714285,31.73714285714286,198.0,7.0,"USGS NWIS daily discharge, parameter 00060, statistic 00003"
01611500,2015,reference,primary,2015-07-31,29.071428571428573,32.17,114.38571428571429,7.0,"USGS NWIS daily discharge, parameter 00060, statistic 00003"
01611500,2016,reference,primary,2016-07-29,30.400000000000002,34.42142857142857,94.27142857142857,7.0,"USGS NWIS daily discharge, parameter 00060, statistic 00003"
01611500,2017,reference,primary,2017-07-21,30.900000000000002,32.722857142857144,89.5,7.0,"USGS NWIS daily discharge, parameter 00060, statistic 00003"
01611500,2018,reference,primary,2018-07-17,28.214285714285715,33.48,191.14285714285714,7.0,"USGS NWIS daily discharge, parameter 00060, statistic 00003"
01611500,2019,reference,primary,2019-07-22,30.514285714285716,34.55,146.42857142857142,7.0,"USGS NWIS daily discharge, parameter 00060, statistic 00003"
01611500,2020,reference,primary,2020-07-10,31.599999999999998,34.44714285714286,117.42857142857143,7.0,"USGS NWIS daily discharge, parameter 00060, statistic 00003"
01611500,2021,reference,primary,2021-07-17,30.242857142857144,34.815714285714286,105.39999999999999,7.0,"USGS NWIS daily discharge, parameter 00060, statistic 00003"
01611500,2022,reference,primary,2022-07-25,29.742857142857144,33.63428571428572,147.71428571428572,7.0,"USGS NWIS daily discharge, parameter 00060, statistic 00003"
01611500,2023,reference,primary,2023-07-30,30.74285714285714,33.27428571428572,54.228571428571435,7.0,"USGS NWIS daily discharge, parameter 00060, statistic 00003"
01611500,2024,reference,primary,2024-06-24,31.24285714285714,35.12571428571429,74.2,7.0,"USGS NWIS daily discharge, parameter 00060, statistic 00003"
01632900,2011,reference,primary,2011-07-26,26.714285714285715,34.598571428571425,26.657142857142794,7.0,"USGS NWIS daily discharge, parameter 00060, statistic 00003"
01632900,2012,reference,primary,2012-07-13,26.400000000000002,35.67,12.185714285714221,7.0,"USGS NWIS daily discharge, parameter 00060, statistic 00003"
01632900,2013,reference,primary,2013-07-10,24.97142857142857,32.61714285714286,36.42857142857137,7.0,"USGS NWIS daily discharge, parameter 00060, statistic 00003"
01632900,2014,reference,primary,2014-09-07,24.67142857142857,31.53,20.11428571428565,7.0,"USGS NWIS daily discharge, parameter 00060, statistic 00003"
01632900,2015,reference,primary,2015-06-25,25.0,31.747142857142858,26.214285714285648,7.0,"USGS NWIS daily discharge, parameter 00060, statistic 00003"
01632900,2016,reference,primary,2016-08-17,26.071428571428573,33.99,42.514285714285656,7.0,"USGS NWIS daily discharge, parameter 00060, statistic 00003"
01632900,2017,reference,primary,2017-07-24,25.5,32.917142857142856,19.214285714285648,7.0,"USGS NWIS daily discharge, parameter 00060, statistic 00003"
01632900,2018,reference,primary,2018-09-07,23.628571428571426,32.67,56.899999999999935,7.0,"USGS NWIS daily discharge, parameter 00060, statistic 00003"
01632900,2019,reference,primary,2019-07-23,26.41428571428571,33.32142857142857,34.399999999999935,7.0,"USGS NWIS daily discharge, parameter 00060, statistic 00003"
01632900,2020,reference,primary,2020-07-22,26.62857142857143,33.69571428571429,21.628571428571366,7.0,"USGS NWIS daily discharge, parameter 00060, statistic 00003"
01632900,2021,reference,primary,2021-07-18,25.657142857142862,33.68142857142857,33.399999999999935,7.0,"USGS NWIS daily discharge, parameter 00060, statistic 00003"
01632900,2022,reference,primary,2022-08-11,25.657142857142855,32.50285714285714,25.742857142857076,7.0,"USGS NWIS daily discharge, parameter 00060, statistic 00003"
01632900,2023,reference,primary,2023-07-30,26.114285714285717,33.59285714285714,11.78571428571422,7.0,"USGS NWIS daily discharge, parameter 00060, statistic 00003"
01632900,2024,reference,primary,2024-07-16,27.02857142857143,34.56,16.257142857142792,7.0,"USGS NWIS daily discharge, parameter 00060, statistic 00003"
02011400,1985,reference,primary,1985-08-16,24.24285714285714,31.044285714285714,39.0,7.0,"USGS NWIS daily discharge, parameter 00060, statistic 00003"
02011400,1986,reference,primary,1986-07-22,26.11428571428571,32.54714285714285,33.714285714285715,7.0,"USGS NWIS daily discharge, parameter 00060, statistic 00003"
02011400,1987,reference,primary,1987-07-26,25.785714285714285,33.77285714285715,35.142857142857146,7.0,"USGS NWIS daily discharge, parameter 00060, statistic 00003"
02011400,1988,reference,primary,1988-08-16,26.071428571428573,34.21142857142858,17.714285714285715,7.0,"USGS NWIS daily discharge, parameter 00060, statistic 00003"
02011400,1989,reference,primary,1989-07-26,23.685714285714283,30.645714285714288,89.14285714285714,7.0,"USGS NWIS daily discharge, parameter 00060, statistic 00003"
02011400,1990,reference,primary,1990-07-11,24.214285714285715,31.074285714285715,43.0,7.0,"USGS NWIS daily discharge, parameter 00060, statistic 00003"
02011400,1991,reference,primary,1991-07-05,25.24285714285714,31.560000000000002,37.42857142857143,7.0,"USGS NWIS daily discharge, parameter 00060, statistic 00003"
02011400,1992,reference,primary,1992-07-16,24.87142857142857,30.744285714285716,61.57142857142857,7.0,"USGS NWIS daily discharge, parameter 00060, statistic 00003"
02011400,1993,reference,primary,1993-07-11,26.014285714285716,32.392857142857146,42.0,7.0,"USGS NWIS daily discharge, parameter 00060, statistic 00003"
02011400,1994,reference,primary,1994-07-10,25.657142857142862,31.245714285714286,38.0,7.0,"USGS NWIS daily discharge, parameter 00060, statistic 00003"
02011400,1995,reference,primary,1995-08-19,26.5,32.26428571428571,39.714285714285715,7.0,"USGS NWIS daily discharge, parameter 00060, statistic 00003"
02011400,1996,reference,primary,1996-08-10,23.599999999999998,30.34714285714286,73.0,7.0,"USGS NWIS daily discharge, parameter 00060, statistic 00003"
02011400,1997,reference,primary,1997-07-21,24.657142857142862,31.48857142857143,38.0,7.0,"USGS NWIS daily discharge, parameter 00060, statistic 00003"
02011400,1998,reference,primary,1998-08-29,24.557142857142857,30.934285714285714,23.857142857142858,7.0,"USGS NWIS daily discharge, parameter 00060, statistic 00003"
02011400,1999,reference,primary,1999-07-08,25.942857142857143,32.778571428571425,19.285714285714285,7.0,"USGS NWIS daily discharge, parameter 00060, statistic 00003"
02011400,2000,reference,primary,2000-06-17,24.057142857142857,30.217142857142854,48.857142857142854,7.0,"USGS NWIS daily discharge, parameter 00060, statistic 00003"
02011400,2001,reference,primary,2001-08-12,24.75714285714286,30.464285714285715,63.142857142857146,7.0,"USGS NWIS daily discharge, parameter 00060, statistic 00003"
02011400,2002,reference,primary,2002-07-06,25.400000000000002,31.707142857142856,27.11428571428571,7.0,"USGS NWIS daily discharge, parameter 00060, statistic 00003"
02011400,2007,reference,primary,2007-08-13,26.74285714285714,32.26857142857143,31.428571428571427,7.0,"USGS NWIS daily discharge, parameter 00060, statistic 00003"
02011400,2008,reference,primary,2008-07-23,24.88571428571429,31.72714285714286,30.771428571428572,7.0,"USGS NWIS daily discharge, parameter 00060, statistic 00003"
02011400,2009,reference,primary,2009-08-21,24.685714285714287,28.764285714285712,29.942857142857143,7.0,"USGS NWIS daily discharge, parameter 00060, statistic 00003"
02011400,2010,reference,primary,2010-07-29,26.24285714285714,32.89714285714286,32.357142857142875,7.0,"USGS NWIS daily discharge, parameter 00060, statistic 00003"
02011400,2011,reference,primary,2011-07-26,26.77142857142857,32.71,27.614285714285717,7.0,"USGS NWIS daily discharge, parameter 00060, statistic 00003"
02011400,2012,reference,primary,2012-07-11,26.771428571428572,33.807142857142864,26.928571428571427,7.0,"USGS NWIS daily discharge, parameter 00060, statistic 00003"
02011400,2013,reference,primary,2013-07-21,23.414285714285715,30.184285714285714,109.29999999999998,7.0,"USGS NWIS daily discharge, parameter 00060, statistic 00003"
02011400,2014,reference,primary,2014-09-06,24.54285714285714,29.240000000000002,25.914285714285715,7.0,"USGS NWIS daily discharge, parameter 00060, statistic 00003"
02011400,2015,reference,primary,2015-06-21,24.5,29.631428571428568,81.92857142857143,7.0,"USGS NWIS daily discharge, parameter 00060, statistic 00003"
02011400,2016,reference,primary,2016-08-18,26.3,31.85,43.98571428571428,7.0,"USGS NWIS daily discharge, parameter 00060, statistic 00003"
02011400,2018,reference,primary,2018-07-18,25.242857142857144,30.822857142857142,49.08571428571428,7.0,"USGS NWIS daily discharge, parameter 00060, statistic 00003"
02011400,2019,reference,primary,2019-08-21,24.82857142857143,30.99142857142857,36.15714285714286,7.0,"USGS NWIS daily discharge, parameter 00060, statistic 00003"
02011400,2020,reference,primary,2020-07-22,25.542857142857144,31.291428571428572,65.01428571428572,7.0,"USGS NWIS daily discharge, parameter 00060, statistic 00003"
02011400,2021,reference,primary,2021-08-30,26.12857142857143,31.44142857142857,35.05714285714286,7.0,"USGS NWIS daily discharge, parameter 00060, statistic 00003"
02011460,1985,reference,primary,1985-07-20,25.285714285714285,29.857142857142858,11.77142857142857,7.0,"USGS NWIS daily discharge, parameter 00060, statistic 00003"
02011460,1986,reference,primary,1986-07-24,25.614285714285717,31.12,11.985714285714286,7.0,"USGS NWIS daily discharge, parameter 00060, statistic 00003"
02011460,1987,reference,primary,1987-07-25,25.900000000000002,32.44857142857143,6.6571428571428575,7.0,"USGS NWIS daily discharge, parameter 00060, statistic 00003"
02011460,1988,reference,primary,1988-08-18,26.157142857142855,33.01714285714286,3.6714285714285713,7.0,"USGS NWIS daily discharge, parameter 00060, statistic 00003"
02011460,1989,reference,primary,1989-08-06,24.185714285714283,29.345714285714287,16.571428571428573,7.0,"USGS NWIS daily discharge, parameter 00060, statistic 00003"
02011460,1990,reference,primary,1990-07-11,24.357142857142858,29.462857142857143,13.571428571428571,7.0,"USGS NWIS daily discharge, parameter 00060, statistic 00003"
02011460,1991,reference,primary,1991-07-09,25.45714285714286,29.937142857142856,8.442857142857141,7.0,"USGS NWIS daily discharge, parameter 00060, statistic 00003"
02011460,1992,reference,primary,1992-07-16,25.54285714285714,29.055714285714284,17.857142857142858,7.0,"USGS NWIS daily discharge, parameter 00060, statistic 00003"
02011460,1993,reference,primary,1993-07-29,26.0,31.23142857142857,6.557142857142858,7.0,"USGS NWIS daily discharge, parameter 00060, statistic 00003"
02011460,1994,reference,primary,1994-07-10,25.642857142857142,30.06,10.528571428571428,7.0,"USGS NWIS daily discharge, parameter 00060, statistic 00003"
02038850,2015,reference,primary,2015-08-01,23.071428571428573,32.98142857142857,2.3128571428571765,7.0,"USGS NWIS daily discharge, parameter 00060, statistic 00003"
02038850,2017,reference,primary,2017-07-26,23.657142857142855,34.392857142857146,1.575714285714318,7.0,"USGS NWIS daily discharge, parameter 00060, statistic 00003"
02038850,2018,reference,primary,2018-07-06,24.442857142857143,32.45428571428572,3.13714285714289,7.0,"USGS NWIS daily discharge, parameter 00060, statistic 00003"
02038850,2019,reference,primary,2019-07-21,25.24285714285714,34.504285714285714,3.810000000000032,7.0,"USGS NWIS daily discharge, parameter 00060, statistic 00003"
02038850,2020,reference,primary,2020-07-23,26.442857142857143,34.67285714285714,2.661428571428602,7.0,"USGS NWIS daily discharge, parameter 00060, statistic 00003"
02038850,2021,reference,primary,2021-07-18,25.814285714285717,33.63285714285714,2.772857142857171,7.0,"USGS NWIS daily discharge, parameter 00060, statistic 00003"
02038850,2022,reference,primary,2022-07-25,26.285714285714285,33.642857142857146,1.3428571428571703,7.0,"USGS NWIS daily discharge, parameter 00060, statistic 00003"
02038850,2023,reference,primary,2023-07-08,24.75714285714286,32.85142857142857,3.4871428571428837,7.0,"USGS NWIS daily discharge, parameter 00060, statistic 00003"
02038850,2024,reference,primary,2024-07-17,26.099999999999998,34.79714285714286,2.6857142857143144,7.0,"USGS NWIS daily discharge, parameter 00060, statistic 00003"
02077200,1985,reference,primary,1985-07-17,26.099999999999998,33.808571428571426,5.5985714285714305,7.0,"USGS NWIS daily discharge, parameter 00060, statistic 00003"
02077200,1988,reference,primary,1988-07-21,28.142857142857142,36.392857142857146,2.5428571428571436,7.0,"USGS NWIS daily discharge, parameter 00060, statistic 00003"
02077200,1989,reference,primary,1989-07-13,27.428571428571427,33.76,7.071428571428571,7.0,"USGS NWIS daily discharge, parameter 00060, statistic 00003"
02077200,1990,reference,primary,1990-07-15,27.214285714285715,35.510000000000005,7.928571428571429,7.0,"USGS NWIS daily discharge, parameter 00060, statistic 00003"
02077200,1991,reference,primary,1991-07-25,28.5,35.11142857142857,3.0085714285714285,7.0,"USGS NWIS daily discharge, parameter 00060, statistic 00003"
02077200,1992,reference,primary,1992-07-16,27.857142857142858,35.222857142857144,3.342857142857143,7.0,"USGS NWIS daily discharge, parameter 00060, statistic 00003"
02077200,1994,reference,primary,1994-07-19,26.314285714285713,34.0,5.171428571428571,7.0,"USGS NWIS daily discharge, parameter 00060, statistic 00003"
02077200,1998,reference,primary,1998-06-30,26.942857142857143,35.61857142857143,2.685714285714286,7.0,"USGS NWIS daily discharge, parameter 00060, statistic 00003"
02077200,2000,reference,primary,2000-08-12,26.871428571428574,33.38428571428572,15.414285714285715,7.0,"USGS NWIS daily discharge, parameter 00060, statistic 00003"
02077200,2003,reference,primary,2003-09-02,27.028571428571432,32.962857142857146,15.049999999999999,7.0,"USGS NWIS daily discharge, parameter 00060, statistic 00003"
02077200,2004,reference,primary,2004-07-11,27.699999999999996,33.52571428571429,1.5485714285714276,7.0,"USGS NWIS daily discharge, parameter 00060, statistic 00003"
02077200,2005,reference,primary,2005-07-27,28.37142857142857,35.011428571428574,1.6871428571428573,7.0,"USGS NWIS daily discharge, parameter 00060, statistic 00003"
02077200,2006,reference,primary,2006-08-06,29.014285714285712,34.69,9.495714285714294,7.0,"USGS NWIS daily discharge, parameter 00060, statistic 00003"
02077200,2008,reference,primary,2008-06-11,28.5,35.82857142857143,1.6685714285714288,7.0,"USGS NWIS daily discharge, parameter 00060, statistic 00003"
02077200,2009,reference,primary,2009-08-05,26.72857142857143,33.317142857142855,4.85714285714289,7.0,"USGS NWIS daily discharge, parameter 00060, statistic 00003"
02077200,2012,reference,primary,2012-07-21,27.342857142857145,37.457142857142856,5.3100000000000085,7.0,"USGS NWIS daily discharge, parameter 00060, statistic 00003"
02077200,2013,reference,primary,2013-07-23,26.685714285714287,32.78857142857142,15.257142857142878,7.0,"USGS NWIS daily discharge, parameter 00060, statistic 00003"
02077200,2014,reference,primary,2014-06-22,25.928571428571427,33.36571428571428,3.8400000000000327,7.0,"USGS NWIS daily discharge, parameter 00060, statistic 00003"
02077200,2015,reference,primary,2015-06-26,28.199999999999996,34.3,0.7514285714286039,7.0,"USGS NWIS daily discharge, parameter 00060, statistic 00003"
02077200,2016,reference,primary,2016-07-29,28.3,35.38428571428572,13.24714285714289,7.0,"USGS NWIS daily discharge, parameter 00060, statistic 00003"
02077200,2017,reference,primary,2017-07-17,28.357142857142858,34.26,7.361428571428669,7.0,"USGS NWIS daily discharge, parameter 00060, statistic 00003"
02077200,2018,reference,primary,2018-07-06,27.157142857142862,33.894285714285715,5.614285714285812,7.0,"USGS NWIS daily discharge, parameter 00060, statistic 00003"
02077200,2019,reference,primary,2019-07-19,28.085714285714285,35.675714285714285,1.1171428571429547,7.0,"USGS NWIS daily discharge, parameter 00060, statistic 00003"
02077200,2020,reference,primary,2020-07-23,27.828571428571426,35.137142857142855,1.8185714285715586,7.0,"USGS NWIS daily discharge, parameter 00060, statistic 00003"
02077200,2021,reference,primary,2021-07-31,26.614285714285717,34.25142857142857,2.782857142857266,7.0,"USGS NWIS daily discharge, parameter 00060, statistic 00003"
02077200,2022,reference,primary,2022-08-04,27.199999999999996,33.67285714285715,14.521428571428702,7.0,"USGS NWIS daily discharge, parameter 00060, statistic 00003"
02077200,2023,reference,primary,2023-07-09,26.285714285714285,33.864285714285714,16.675714285714417,7.0,"USGS NWIS daily discharge, parameter 00060, statistic 00003"
02077200,2024,reference,primary,2024-07-19,27.2,35.002857142857145,2.7657142857144157,7.0,"USGS NWIS daily discharge, parameter 00060, statistic 00003"
02110500,2008,reference,primary,2008-06-12,32.72857142857143,34.097142857142856,38.800000000000004,7.0,"USGS NWIS daily discharge, parameter 00060, statistic 00003"
02110500,2009,reference,primary,2009-08-11,31.085714285714285,33.39142857142857,94.31428571428572,7.0,"USGS NWIS daily discharge, parameter 00060, statistic 00003"
02110500,2010,reference,primary,2010-07-27,32.4,34.3,79.15714285714286,7.0,"USGS NWIS daily discharge, parameter 00060, statistic 00003"
02110500,2011,reference,primary,2011-08-04,33.18571428571428,34.54857142857143,34.34285714285714,7.0,"USGS NWIS daily discharge, parameter 00060, statistic 00003"
02110500,2012,reference,primary,2012-07-27,32.94285714285714,35.222857142857144,28.65714285714289,7.0,"USGS NWIS daily discharge, parameter 00060, statistic 00003"
02110500,2013,reference,primary,2013-08-15,26.771428571428572,32.48428571428572,1054.2857142857142,7.0,"USGS NWIS daily discharge, parameter 00060, statistic 00003"
02110500,2014,reference,primary,2014-06-23,30.37142857142857,33.12428571428571,104.11428571428571,7.0,"USGS NWIS daily discharge, parameter 00060, statistic 00003"
02110500,2015,reference,primary,2015-06-26,31.37142857142857,35.54714285714286,195.42857142857142,7.0,"USGS NWIS daily discharge, parameter 00060, statistic 00003"
02110500,2016,reference,primary,2016-07-15,31.04285714285714,35.00857142857143,184.57142857142858,7.0,"USGS NWIS daily discharge, parameter 00060, statistic 00003"
02110500,2017,reference,primary,2017-07-14,30.27142857142857,33.7,263.42857142857144,7.0,"USGS NWIS daily discharge, parameter 00060, statistic 00003"
02110500,2018,reference,primary,2018-09-10,29.4,33.357142857142854,124.05714285714285,7.0,"USGS NWIS daily discharge, parameter 00060, statistic 00003"
02110500,2019,reference,primary,2019-07-04,31.900000000000002,34.77285714285714,67.81428571428468,7.0,"USGS NWIS daily discharge, parameter 00060, statistic 00003"
02110500,2020,reference,primary,2020-07-24,29.02857142857143,33.19714285714286,2078.5714285714275,7.0,"USGS NWIS daily discharge, parameter 00060, statistic 00003"
02110500,2021,reference,primary,2021-06-21,30.557142857142853,31.892857142857142,43.771428571427535,7.0,"USGS NWIS daily discharge, parameter 00060, statistic 00003"
02110500,2022,reference,primary,2022-08-10,32.24285714285714,33.75142857142857,100.24285714285611,7.0,"USGS NWIS daily discharge, parameter 00060, statistic 00003"
02110500,2023,reference,primary,2023-07-31,30.742857142857144,33.68,241.99999999999895,7.0,"USGS NWIS daily discharge, parameter 00060, statistic 00003"
02110500,2024,reference,primary,2024-07-10,33.44285714285714,33.332857142857144,23.199999999998962,7.0,"USGS NWIS daily discharge, parameter 00060, statistic 00003"
02137727,2014,reference,primary,2014-09-04,23.54285714285714,32.16428571428572,146.85714285714286,7.0,"USGS NWIS daily discharge, parameter 00060, statistic 00003"
02137727,2015,reference,primary,2015-08-01,26.728571428571428,34.081428571428575,70.17142857142856,7.0,"USGS NWIS daily discharge, parameter 00060, statistic 00003"
02137727,2016,reference,primary,2016-07-30,26.75714285714286,34.26,99.07142857142851,7.0,"USGS NWIS daily discharge, parameter 00060, statistic 00003"
02137727,2017,reference,primary,2017-07-26,25.04285714285714,33.348571428571425,133.71428571428564,7.0,"USGS NWIS daily discharge, parameter 00060, statistic 00003"
02137727,2018,reference,primary,2018-07-06,22.928571428571427,32.36714285714286,324.7142857142857,7.0,"USGS NWIS daily discharge, parameter 00060, statistic 00003"
02137727,2019,reference,primary,2019-08-18,23.985714285714288,33.59571428571429,159.28571428571428,7.0,"USGS NWIS daily discharge, parameter 00060, statistic 00003"
02137727,2020,reference,primary,2020-07-19,24.04285714285714,33.480000000000004,191.42857142857142,7.0,"USGS NWIS daily discharge, parameter 00060, statistic 00003"
02137727,2021,reference,primary,2021-08-01,25.52857142857143,32.817142857142855,121.71428571428571,7.0,"USGS NWIS daily discharge, parameter 00060, statistic 00003"
02137727,2022,reference,primary,2022-07-29,26.357142857142858,33.16285714285714,106.21428571428571,7.0,"USGS NWIS daily discharge, parameter 00060, statistic 00003"
02137727,2023,reference,primary,2023-08-01,25.357142857142858,33.07857142857143,118.85714285714286,7.0,"USGS NWIS daily discharge, parameter 00060, statistic 00003"
02137727,2024,reference,primary,2024-07-15,26.657142857142855,34.04285714285714,78.3,7.0,"USGS NWIS daily discharge, parameter 00060, statistic 00003"
02162035,2012,tailwater,sensitivity,2012-07-10,33.34285714285714,39.31857142857143,1049.142857142857,7.0,"USGS NWIS daily discharge, parameter 00060, statistic 00003"
02162035,2013,tailwater,sensitivity,2013-08-14,29.028571428571432,33.96714285714286,6731.428571428572,7.0,"USGS NWIS daily discharge, parameter 00060, statistic 00003"
02162035,2014,tailwater,sensitivity,2014-09-06,30.571428571428573,35.971428571428575,3710.0,7.0,"USGS NWIS daily discharge, parameter 00060, statistic 00003"
02162035,2015,tailwater,sensitivity,2015-07-23,32.42857142857143,37.86142857142857,1164.2857142857142,7.0,"USGS NWIS daily discharge, parameter 00060, statistic 00003"
02162035,2016,tailwater,sensitivity,2016-07-30,32.24285714285714,38.129999999999995,1606.857142857143,7.0,"USGS NWIS daily discharge, parameter 00060, statistic 00003"
02162035,2017,tailwater,sensitivity,2017-07-27,31.342857142857145,35.80857142857143,1997.142857142857,7.0,"USGS NWIS daily discharge, parameter 00060, statistic 00003"
02162035,2018,tailwater,sensitivity,2018-06-26,30.95714285714286,36.64142857142857,3021.4285714285716,7.0,"USGS NWIS daily discharge, parameter 00060, statistic 00003"
02162035,2019,tailwater,sensitivity,2019-08-18,31.77142857142857,37.61857142857143,2225.714285714286,7.0,"USGS NWIS daily discharge, parameter 00060, statistic 00003"
02162035,2020,tailwater,sensitivity,2020-07-23,31.528571428571432,35.58571428571428,3837.1428571428573,7.0,"USGS NWIS daily discharge, parameter 00060, statistic 00003"
02162035,2021,tailwater,sensitivity,2021-08-15,31.185714285714287,34.76571428571428,2215.714285714286,7.0,"USGS NWIS daily discharge, parameter 00060, statistic 00003"
02162035,2022,tailwater,sensitivity,2022-07-31,32.1,35.87571428571429,1854.2857142857142,7.0,"USGS NWIS daily discharge, parameter 00060, statistic 00003"
02162035,2023,tailwater,sensitivity,2023-08-27,31.599999999999998,35.948571428571434,1901.4285714285713,7.0,"USGS NWIS daily discharge, parameter 00060, statistic 00003"
02162035,2024,tailwater,sensitivity,2024-07-18,32.9,36.60285714285715,1481.7142857142858,7.0,"USGS NWIS daily discharge, parameter 00060, statistic 00003"
02171645,2007,tailwater,primary,2007-08-17,31.900000000000002,37.53000000000001,190.0142857142857,7.0,"USGS NWIS daily discharge, parameter 00060, statistic 00003"
02171645,2008,tailwater,primary,2008-06-14,31.771428571428572,35.808571428571426,155.94285714285712,7.0,"USGS NWIS daily discharge, parameter 00060, statistic 00003"
02171645,2009,tailwater,primary,2009-08-11,31.5,34.80142857142857,88.17142857142858,7.0,"USGS NWIS daily discharge, parameter 00060, statistic 00003"
02171645,2010,tailwater,primary,2010-07-26,32.8,35.61,201.71428571428572,7.0,"USGS NWIS daily discharge, parameter 00060, statistic 00003"
02171645,2011,tailwater,primary,2011-08-11,32.45714285714286,36.9,116.27428571428571,7.0,"USGS NWIS daily discharge, parameter 00060, statistic 00003"
02171645,2012,tailwater,primary,2012-07-10,32.32857142857143,36.61571428571428,94.95142857142856,7.0,"USGS NWIS daily discharge, parameter 00060, statistic 00003"
02171645,2013,tailwater,primary,2013-08-14,30.842857142857145,33.65428571428571,19057.14285714286,7.0,"USGS NWIS daily discharge, parameter 00060, statistic 00003"
02171645,2014,tailwater,primary,2014-06-23,31.528571428571432,34.76,1251.0285714285715,7.0,"USGS NWIS daily discharge, parameter 00060, statistic 00003"
02171645,2015,tailwater,primary,2015-06-24,33.08571428571428,37.21714285714285,587.3714285714286,7.0,"USGS NWIS daily discharge, parameter 00060, statistic 00003"
02171645,2016,tailwater,primary,2016-07-31,33.34285714285714,36.12571428571429,297.4714285714286,7.0,"USGS NWIS daily discharge, parameter 00060, statistic 00003"
02171645,2017,tailwater,primary,2017-08-23,32.957142857142856,34.97571428571428,421.14285714285717,7.0,"USGS NWIS daily discharge, parameter 00060, statistic 00003"
02171645,2018,tailwater,primary,2018-06-25,31.7,35.60285714285715,5035.714285714285,7.0,"USGS NWIS daily discharge, parameter 00060, statistic 00003"
02171645,2019,tailwater,primary,2019-08-16,32.41428571428571,36.82142857142857,806.3571428571429,7.0,"USGS NWIS daily discharge, parameter 00060, statistic 00003"
02171645,2020,tailwater,primary,2020-07-22,33.1,34.449999999999996,1612.857142857143,7.0,"USGS NWIS daily discharge, parameter 00060, statistic 00003"
02171645,2021,tailwater,primary,2021-08-03,31.5,33.70857142857143,4061.285714285714,7.0,"USGS NWIS daily discharge, parameter 00060, statistic 00003"
02171645,2022,tailwater,primary,2022-08-04,32.07142857142857,34.85,550.9428571428572,7.0,"USGS NWIS daily discharge, parameter 00060, statistic 00003"
02171645,2023,tailwater,primary,2023-08-21,32.15714285714286,34.21285714285714,1420.1142857142856,7.0,"USGS NWIS daily discharge, parameter 00060, statistic 00003"
02171645,2024,tailwater,primary,2024-07-20,32.84285714285714,34.392857142857146,95.58571428571429,7.0,"USGS NWIS daily discharge, parameter 00060, statistic 00003"
02212600,2012,reference,primary,2012-07-28,28.542857142857144,38.52285714285714,0.0,7.0,"USGS NWIS daily discharge, parameter 00060, statistic 00003"
02212600,2013,reference,primary,2013-08-14,26.12857142857143,32.684285714285714,24.02857142857136,7.0,"USGS NWIS daily discharge, parameter 00060, statistic 00003"
02212600,2014,reference,primary,2014-07-03,26.400000000000002,34.831428571428575,7.929999999999952,7.0,"USGS NWIS daily discharge, parameter 00060, statistic 00003"
02212600,2015,reference,primary,2015-07-24,28.27142857142857,36.12714285714286,1.1028571428570941,7.0,"USGS NWIS daily discharge, parameter 00060, statistic 00003"
02212600,2016,reference,primary,2016-07-26,28.914285714285715,35.995714285714286,7.934285714285714,7.0,"USGS NWIS daily discharge, parameter 00060, statistic 00003"
02212600,2018,reference,primary,2018-08-10,25.571428571428573,34.43,11.145714285714272,7.0,"USGS NWIS daily discharge, parameter 00060, statistic 00003"
02212600,2019,reference,primary,2019-08-17,28.914285714285715,36.44857142857143,1.3271428571428163,7.0,"USGS NWIS daily discharge, parameter 00060, statistic 00003"
02266200,2003,reference,primary,2003-09-03,27.342857142857145,33.902857142857144,67.92857142857143,7.0,"USGS NWIS daily discharge, parameter 00060, statistic 00003"
02266200,2004,reference,primary,2004-06-25,27.157142857142855,35.23285714285714,1.5642857142857103,7.0,"USGS NWIS daily discharge, parameter 00060, statistic 00003"
02266200,2013,reference,primary,2013-08-13,28.38571428571429,34.46999999999999,6.239999999999996,7.0,"USGS NWIS daily discharge, parameter 00060, statistic 00003"
02266200,2014,reference,primary,2014-06-29,28.828571428571426,35.76285714285714,11.419999999999996,7.0,"USGS NWIS daily discharge, parameter 00060, statistic 00003"
02266200,2015,reference,primary,2015-08-26,28.9,35.87571428571429,27.099999999999998,7.0,"USGS NWIS daily discharge, parameter 00060, statistic 00003"
02266200,2016,reference,primary,2016-07-10,29.3,36.10857142857143,2.1657142857142815,7.0,"USGS NWIS daily discharge, parameter 00060, statistic 00003"
02266200,2018,reference,primary,2018-08-09,28.571428571428573,34.790000000000006,30.999999999999996,7.0,"USGS NWIS daily discharge, parameter 00060, statistic 00003"
02266200,2019,reference,primary,2019-06-28,29.657142857142855,35.84142857142857,10.922857142857138,7.0,"USGS NWIS daily discharge, parameter 00060, statistic 00003"
02266200,2020,reference,primary,2020-07-01,29.571428571428573,35.94285714285714,13.128571428571423,7.0,"USGS NWIS daily discharge, parameter 00060, statistic 00003"
02266200,2021,reference,primary,2021-08-23,29.057142857142857,35.06857142857143,13.485714285714282,7.0,"USGS NWIS daily discharge, parameter 00060, statistic 00003"
02266200,2022,reference,primary,2022-08-02,29.342857142857145,35.74285714285714,19.085714285714282,7.0,"USGS NWIS daily discharge, parameter 00060, statistic 00003"
02266200,2023,reference,primary,2023-08-13,30.571428571428573,36.90714285714286,4.4271428571428535,7.0,"USGS NWIS daily discharge, parameter 00060, statistic 00003"
02266200,2024,reference,primary,2024-06-11,31.900000000000002,36.35285714285714,0.01142857142856737,7.0,"USGS NWIS daily discharge, parameter 00060, statistic 00003"
02313700,2008,reference,primary,2008-06-07,30.457142857142856,34.27571428571429,6.159999999999962,7.0,"USGS NWIS daily discharge, parameter 00060, statistic 00003"
02313700,2019,reference,primary,2019-07-04,31.02857142857143,35.32142857142857,188.28571428571428,7.0,"USGS NWIS daily discharge, parameter 00060, statistic 00003"
02313700,2021,reference,primary,2021-06-12,30.114285714285717,33.86571428571428,-26.607142857142858,7.0,"USGS NWIS daily discharge, parameter 00060, statistic 00003"
02313700,2022,reference,primary,2022-07-15,30.814285714285717,35.12285714285714,252.85714285714286,7.0,"USGS NWIS daily discharge, parameter 00060, statistic 00003"
02313700,2024,reference,primary,2024-07-22,32.228571428571435,35.01857142857143,-23.101428571428432,7.0,"USGS NWIS daily discharge, parameter 00060, statistic 00003"
02315550,2018,reference,primary,2018-06-29,29.5,34.37571428571429,1447.142857142857,7.0,"USGS NWIS daily discharge, parameter 00060, statistic 00003"
02315550,2019,reference,primary,2019-08-16,30.642857142857142,35.878571428571426,389.42857142857144,7.0,"USGS NWIS daily discharge, parameter 00060, statistic 00003"
02315550,2020,reference,primary,2020-09-09,29.38571428571429,34.964285714285715,1391.4285714285713,7.0,"USGS NWIS daily discharge, parameter 00060, statistic 00003"
02315550,2021,reference,primary,2021-06-15,28.8,33.86857142857143,440.0,7.0,"USGS NWIS daily discharge, parameter 00060, statistic 00003"
02315550,2022,reference,primary,2022-07-08,30.414285714285715,35.77,373.0,7.0,"USGS NWIS daily discharge, parameter 00060, statistic 00003"
02315550,2023,reference,primary,2023-07-23,30.357142857142858,36.14857142857143,894.2857142857143,7.0,"USGS NWIS daily discharge, parameter 00060, statistic 00003"
02315550,2024,reference,primary,2024-07-09,30.542857142857144,35.87714285714286,617.1428571428571,7.0,"USGS NWIS daily discharge, parameter 00060, statistic 00003"
02322700,2018,reference,primary,2018-06-28,24.271428571428572,34.15857142857143,301.42857142857144,7.0,"USGS NWIS daily discharge, parameter 00060, statistic 00003"
02322700,2019,reference,primary,2019-05-30,24.571428571428573,35.777142857142856,330.57142857142856,7.0,"USGS NWIS daily discharge, parameter 00060, statistic 00003"
02322700,2020,reference,primary,2020-07-17,24.528571428571432,34.68285714285714,306.42857142857144,7.0,"USGS NWIS daily discharge, parameter 00060, statistic 00003"
02322700,2021,reference,primary,2021-05-28,24.428571428571427,33.558571428571426,317.7142857142857,7.0,"USGS NWIS daily discharge, parameter 00060, statistic 00003"
02322700,2022,reference,primary,2022-06-25,24.285714285714285,35.33,321.57142857142856,7.0,"USGS NWIS daily discharge, parameter 00060, statistic 00003"
02322700,2023,reference,primary,2023-07-05,24.3,36.18714285714286,305.57142857142856,7.0,"USGS NWIS daily discharge, parameter 00060, statistic 00003"
02322700,2024,reference,primary,2024-06-15,24.514285714285712,35.401428571428575,343.0,7.0,"USGS NWIS daily discharge, parameter 00060, statistic 00003"
02322800,2016,reference,primary,2016-07-25,25.771428571428572,35.71142857142858,1412.857142857143,7.0,"USGS NWIS daily discharge, parameter 00060, statistic 00003"
02322800,2017,reference,primary,2017-08-25,26.042857142857144,34.50857142857143,2428.5714285714284,7.0,"USGS NWIS daily discharge, parameter 00060, statistic 00003"
02322800,2018,reference,primary,2018-08-11,26.071428571428573,34.14142857142857,4350.0,7.0,"USGS NWIS daily discharge, parameter 00060, statistic 00003"
02322800,2019,reference,primary,2019-08-29,25.314285714285717,35.682857142857145,2514.285714285714,7.0,"USGS NWIS daily discharge, parameter 00060, statistic 00003"
02322800,2020,reference,primary,2020-06-30,25.428571428571427,34.67714285714286,1792.857142857143,7.0,"USGS NWIS daily discharge, parameter 00060, statistic 00003"
02322800,2021,reference,primary,2021-07-19,26.085714285714285,33.558571428571426,5855.714285714285,7.0,"USGS NWIS daily discharge, parameter 00060, statistic 00003"
02322800,2022,reference,primary,2022-08-06,25.7,35.357142857142854,1905.7142857142858,7.0,"USGS NWIS daily discharge, parameter 00060, statistic 00003"
02322800,2023,reference,primary,2023-08-14,26.942857142857143,36.11714285714286,2501.4285714285716,7.0,"USGS NWIS daily discharge, parameter 00060, statistic 00003"
02322800,2024,reference,primary,2024-08-17,27.885714285714283,35.35857142857143,4732.857142857143,7.0,"USGS NWIS daily discharge, parameter 00060, statistic 00003"
02335450,2005,upstream,primary,2005-07-13,20.32857142857143,33.81714285714286,4588.571428571428,7.0,"USGS NWIS daily discharge, parameter 00060, statistic 00003"
02335450,2006,upstream,primary,2006-07-06,19.300000000000004,35.35142857142857,895.2857142857143,7.0,"USGS NWIS daily discharge, parameter 00060, statistic 00003"
02335450,2012,upstream,primary,2012-07-16,20.628571428571426,37.18571428571429,1694.0,7.0,"USGS NWIS daily discharge, parameter 00060, statistic 00003"
02335450,2013,upstream,primary,2013-08-25,18.771428571428572,31.154285714285717,3476.0,7.0,"USGS NWIS daily discharge, parameter 00060, statistic 00003"
02335450,2014,upstream,primary,2014-07-25,18.271428571428572,33.15,1856.5714285714287,7.0,"USGS NWIS daily discharge, parameter 00060, statistic 00003"
02335450,2015,upstream,primary,2015-08-25,19.82857142857143,34.99857142857143,1798.5714285714287,7.0,"USGS NWIS daily discharge, parameter 00060, statistic 00003"
02335450,2016,upstream,primary,2016-08-22,19.571428571428573,34.70142857142857,1183.4285714285713,7.0,"USGS NWIS daily discharge, parameter 00060, statistic 00003"
02335450,2017,upstream,primary,2017-07-09,22.785714285714285,33.67,836.8571428571429,7.0,"USGS NWIS daily discharge, parameter 00060, statistic 00003"
02335450,2018,upstream,primary,2018-07-19,21.071428571428573,32.965714285714284,2404.285714285714,7.0,"USGS NWIS daily discharge, parameter 00060, statistic 00003"
02335450,2020,upstream,primary,2020-08-09,20.5,34.77571428571429,1447.2857142857142,7.0,"USGS NWIS daily discharge, parameter 00060, statistic 00003"
02335450,2021,upstream,primary,2021-09-14,19.228571428571428,33.62285714285714,2964.285714285714,7.0,"USGS NWIS daily discharge, parameter 00060, statistic 00003"
02335450,2022,upstream,primary,2022-07-10,19.414285714285715,34.917142857142856,2291.4285714285716,7.0,"USGS NWIS daily discharge, parameter 00060, statistic 00003"
02335450,2023,upstream,primary,2023-09-01,21.057142857142857,35.05714285714286,2880.0,7.0,"USGS NWIS daily discharge, parameter 00060, statistic 00003"
02335450,2024,upstream,primary,2024-07-27,20.228571428571428,34.97428571428571,1486.5714285714287,7.0,"USGS NWIS daily discharge, parameter 00060, statistic 00003"
02335815,2004,tailwater,sensitivity,2004-06-21,22.11428571428571,32.18,1420.0,7.0,"USGS NWIS daily discharge, parameter 00060, statistic 00003"
02335815,2005,tailwater,sensitivity,2005-07-13,21.485714285714288,33.785714285714285,5074.285714285715,7.0,"USGS NWIS daily discharge, parameter 00060, statistic 00003"
02335815,2006,tailwater,sensitivity,2006-07-21,22.27142857142857,35.32714285714285,1065.857142857143,7.0,"USGS NWIS daily discharge, parameter 00060, statistic 00003"
02335815,2014,tailwater,sensitivity,2014-07-17,21.357142857142858,33.13,1530.0,7.0,"USGS NWIS daily discharge, parameter 00060, statistic 00003"
02335815,2018,tailwater,sensitivity,2018-07-27,22.942857142857147,32.941428571428574,2465.714285714286,7.0,"USGS NWIS daily discharge, parameter 00060, statistic 00003"
02335815,2019,tailwater,sensitivity,2019-07-17,24.228571428571428,35.51285714285714,2214.285714285714,7.0,"USGS NWIS daily discharge, parameter 00060, statistic 00003"
02335815,2020,tailwater,sensitivity,2020-07-24,24.657142857142855,34.81142857142857,1489.857142857143,7.0,"USGS NWIS daily discharge, parameter 00060, statistic 00003"
02335815,2021,tailwater,sensitivity,2021-06-26,23.3,33.61714285714286,1815.7142857142858,7.0,"USGS NWIS daily discharge, parameter 00060, statistic 00003"
02338523,2015,reference,primary,2015-07-31,25.557142857142857,34.029999999999994,8.862857142857127,7.0,"USGS NWIS daily discharge, parameter 00060, statistic 00003"
02338523,2016,reference,primary,2016-07-14,25.214285714285715,34.41857142857143,10.85999999999998,7.0,"USGS NWIS daily discharge, parameter 00060, statistic 00003"
02338523,2017,reference,primary,2017-08-20,23.099999999999998,32.86142857142857,20.528571428571414,7.0,"USGS NWIS daily discharge, parameter 00060, statistic 00003"
02338523,2018,reference,primary,2018-09-18,23.985714285714284,32.83857142857143,9.528571428571412,7.0,"USGS NWIS daily discharge, parameter 00060, statistic 00003"
02338523,2019,reference,primary,2019-08-16,26.08571428571429,34.59571428571429,7.698571428571414,7.0,"USGS NWIS daily discharge, parameter 00060, statistic 00003"
02338523,2020,reference,primary,2020-07-23,25.057142857142857,33.75,14.442857142857125,7.0,"USGS NWIS daily discharge, parameter 00060, statistic 00003"
02338523,2021,reference,primary,2021-08-29,24.842857142857145,32.71571428571429,16.742857142857144,7.0,"USGS NWIS daily discharge, parameter 00060, statistic 00003"
02338523,2022,reference,primary,2022-07-31,24.814285714285713,33.86714285714286,11.935714285714285,7.0,"USGS NWIS daily discharge, parameter 00060, statistic 00003"
02338523,2023,reference,primary,2023-08-28,26.04285714285714,34.36142857142857,9.42,7.0,"USGS NWIS daily discharge, parameter 00060, statistic 00003"
023432415,2011,tailwater,primary,2011-08-18,30.97142857142857,37.54,4024.285714285714,7.0,"USGS NWIS daily discharge, parameter 00060, statistic 00003"
023432415,2012,tailwater,primary,2012-08-04,30.25714285714286,35.94,3287.1428571428573,7.0,"USGS NWIS daily discharge, parameter 00060, statistic 00003"
023432415,2013,tailwater,primary,2013-08-17,29.11428571428571,33.99714285714286,17014.285714285714,7.0,"USGS NWIS daily discharge, parameter 00060, statistic 00003"
023432415,2014,tailwater,primary,2014-08-29,29.928571428571427,35.59571428571429,4778.571428571428,7.0,"USGS NWIS daily discharge, parameter 00060, statistic 00003"
023432415,2015,tailwater,primary,2015-08-27,30.428571428571427,36.15857142857143,6412.857142857143,7.0,"USGS NWIS daily discharge, parameter 00060, statistic 00003"
023432415,2016,tailwater,primary,2016-08-29,30.142857142857142,35.51857142857143,2807.1428571428573,7.0,"USGS NWIS daily discharge, parameter 00060, statistic 00003"
023432415,2017,tailwater,primary,2017-08-27,30.571428571428573,34.681428571428576,6758.571428571428,7.0,"USGS NWIS daily discharge, parameter 00060, statistic 00003"
023432415,2018,tailwater,primary,2018-07-29,30.371428571428574,35.51428571428572,10425.714285714286,7.0,"USGS NWIS daily discharge, parameter 00060, statistic 00003"
023432415,2019,tailwater,primary,2019-08-17,30.314285714285717,36.63285714285714,4541.428571428572,7.0,"USGS NWIS daily discharge, parameter 00060, statistic 00003"
023432415,2020,tailwater,primary,2020-08-21,30.585714285714285,35.207142857142856,5550.0,7.0,"USGS NWIS daily discharge, parameter 00060, statistic 00003"
023432415,2021,tailwater,primary,2021-08-02,30.45714285714286,34.801428571428566,9461.42857142857,7.0,"USGS NWIS daily discharge, parameter 00060, statistic 00003"
023432415,2022,tailwater,primary,2022-07-29,30.314285714285713,36.917142857142856,5701.428571428572,7.0,"USGS NWIS daily discharge, parameter 00060, statistic 00003"
023432415,2023,tailwater,primary,2023-08-26,31.514285714285712,36.83571428571428,7795.714285714285,7.0,"USGS NWIS daily discharge, parameter 00060, statistic 00003"
023432415,2024,tailwater,primary,2024-08-16,31.099999999999998,35.857142857142854,6534.285714285715,7.0,"USGS NWIS daily discharge, parameter 00060, statistic 00003"
02343805,2018,tailwater,sensitivity,2018-07-28,30.328571428571426,35.49285714285715,8000.0,7.0,"USGS NWIS daily discharge, parameter 00060, statistic 00003"
02356000,2018,tailwater,sensitivity,2018-07-16,29.414285714285715,35.19428571428572,4242.857142857143,7.0,"USGS NWIS daily discharge, parameter 00060, statistic 00003"
02356000,2019,tailwater,sensitivity,2019-08-16,29.814285714285713,36.17285714285715,2747.1428571428573,7.0,"USGS NWIS daily discharge, parameter 00060, statistic 00003"
02356000,2020,tailwater,sensitivity,2020-07-20,29.528571428571432,35.3,5437.142857142857,7.0,"USGS NWIS daily discharge, parameter 00060, statistic 00003"
02356000,2021,tailwater,sensitivity,2021-08-01,29.028571428571432,34.568571428571424,7942.857142857143,7.0,"USGS NWIS daily discharge, parameter 00060, statistic 00003"
02356000,2022,tailwater,sensitivity,2022-07-12,29.828571428571426,36.77142857142858,4391.428571428572,7.0,"USGS NWIS daily discharge, parameter 00060, statistic 00003"
02356000,2023,tailwater,sensitivity,2023-08-16,29.25714285714286,36.76,4918.571428571428,7.0,"USGS NWIS daily discharge, parameter 00060, statistic 00003"
02356000,2024,tailwater,sensitivity,2024-08-04,29.5,35.214285714285715,8105.714285714285,7.0,"USGS NWIS daily discharge, parameter 00060, statistic 00003"
02357150,2018,tailwater,primary,2018-07-28,25.785714285714285,35.41142857142857,570.7142857142857,7.0,"USGS NWIS daily discharge, parameter 00060, statistic 00003"
02357150,2019,tailwater,primary,2019-08-14,27.914285714285715,36.25142857142857,352.2857142857143,7.0,"USGS NWIS daily discharge, parameter 00060, statistic 00003"
02357150,2020,tailwater,primary,2020-07-15,26.642857142857142,35.44285714285714,386.0,7.0,"USGS NWIS daily discharge, parameter 00060, statistic 00003"
02357150,2022,tailwater,primary,2022-07-29,25.88571428571429,36.82,294.0,7.0,"USGS NWIS daily discharge, parameter 00060, statistic 00003"
02357150,2023,tailwater,primary,2023-07-23,28.0,36.972857142857144,757.8571428571429,7.0,"USGS NWIS daily discharge, parameter 00060, statistic 00003"
02357150,2024,tailwater,primary,2024-08-04,27.357142857142858,35.31428571428572,669.1428571428571,7.0,"USGS NWIS daily discharge, parameter 00060, statistic 00003"
02358000,2018,tailwater,primary,2018-07-24,30.714285714285715,35.582857142857144,11914.285714285714,7.0,"USGS NWIS daily discharge, parameter 00060, statistic 00003"
02358000,2019,tailwater,primary,2019-08-16,31.314285714285717,36.37571428571429,9052.857142857143,7.0,"USGS NWIS daily discharge, parameter 00060, statistic 00003"
02358000,2021,tailwater,primary,2021-08-04,30.685714285714287,34.97857142857143,18914.285714285714,7.0,"USGS NWIS daily discharge, parameter 00060, statistic 00003"
02358000,2023,tailwater,primary,2023-08-28,31.814285714285713,37.00857142857143,9702.857142857143,7.0,"USGS NWIS daily discharge, parameter 00060, statistic 00003"
02358000,2024,tailwater,primary,2024-07-14,31.542857142857144,35.568571428571424,9725.714285714286,7.0,"USGS NWIS daily discharge, parameter 00060, statistic 00003"
02397000,1989,tailwater,sensitivity,1989-08-26,26.014285714285712,32.76285714285714,3352.8571428571427,7.0,"USGS NWIS daily discharge, parameter 00060, statistic 00003"
02397000,1991,tailwater,sensitivity,1991-08-10,27.585714285714285,33.79857142857143,2710.0,7.0,"USGS NWIS daily discharge, parameter 00060, statistic 00003"
02397000,1992,tailwater,sensitivity,1992-08-01,26.314285714285717,33.784285714285716,2528.5714285714284,7.0,"USGS NWIS daily discharge, parameter 00060, statistic 00003"
02397000,1993,tailwater,sensitivity,1993-08-22,27.857142857142858,37.385714285714286,1877.142857142857,7.0,"USGS NWIS daily discharge, parameter 00060, statistic 00003"
02397000,1994,tailwater,sensitivity,1994-07-23,26.485714285714288,32.11,3845.714285714286,7.0,"USGS NWIS daily discharge, parameter 00060, statistic 00003"
02397000,1995,tailwater,sensitivity,1995-08-20,28.342857142857145,37.48285714285714,2272.8571428571427,7.0,"USGS NWIS daily discharge, parameter 00060, statistic 00003"
02397000,1996,tailwater,sensitivity,1996-07-25,27.0,33.40857142857143,2427.1428571428573,7.0,"USGS NWIS daily discharge, parameter 00060, statistic 00003"
02397000,1997,tailwater,sensitivity,1997-08-22,26.657142857142862,33.395714285714284,3292.8571428571427,7.0,"USGS NWIS daily discharge, parameter 00060, statistic 00003"
02397000,1998,tailwater,sensitivity,1998-07-25,27.642857142857142,34.74857142857143,2575.714285714286,7.0,"USGS NWIS daily discharge, parameter 00060, statistic 00003"
02397000,1999,tailwater,sensitivity,1999-08-15,27.785714285714285,35.43714285714286,2485.714285714286,7.0,"USGS NWIS daily discharge, parameter 00060, statistic 00003"
02397000,2002,tailwater,sensitivity,2002-08-03,28.32857142857143,34.980000000000004,2065.714285714286,7.0,"USGS NWIS daily discharge, parameter 00060, statistic 00003"
02397000,2003,tailwater,sensitivity,2003-08-29,26.771428571428572,33.354285714285716,4285.714285714285,7.0,"USGS NWIS daily discharge, parameter 00060, statistic 00003"
02397000,2004,tailwater,sensitivity,2004-09-02,26.571428571428573,33.09428571428572,2531.4285714285716,7.0,"USGS NWIS daily discharge, parameter 00060, statistic 00003"
02397000,2005,tailwater,sensitivity,2005-08-24,26.9,34.81285714285715,4120.0,7.0,"USGS NWIS daily discharge, parameter 00060, statistic 00003"
02397000,2006,tailwater,sensitivity,2006-08-10,28.585714285714285,36.68714285714286,1851.4285714285713,7.0,"USGS NWIS daily discharge, parameter 00060, statistic 00003"
02397000,2007,tailwater,sensitivity,2007-08-16,29.24285714285714,38.541428571428575,1188.7142857142858,7.0,"USGS NWIS daily discharge, parameter 00060, statistic 00003"
02397000,2008,tailwater,sensitivity,2008-08-08,28.785714285714285,34.34285714285714,1394.2857142857142,7.0,"USGS NWIS daily discharge, parameter 00060, statistic 00003"
02397000,2009,tailwater,sensitivity,2009-06-25,28.814285714285717,35.62285714285714,2081.4285714285716,7.0,"USGS NWIS daily discharge, parameter 00060, statistic 00003"
02397000,2010,tailwater,sensitivity,2010-08-10,29.357142857142858,36.38285714285714,1921.4285714285713,7.0,"USGS NWIS daily discharge, parameter 00060, statistic 00003"
02397000,2011,tailwater,sensitivity,2011-07-30,28.728571428571428,36.17,2342.8571428571427,7.0,"USGS NWIS daily discharge, parameter 00060, statistic 00003"
02397000,2012,tailwater,sensitivity,2012-07-02,29.37142857142857,38.31142857142857,1205.7142857142858,7.0,"USGS NWIS daily discharge, parameter 00060, statistic 00003"
02397000,2013,tailwater,sensitivity,2013-07-23,25.54285714285714,32.46428571428571,5765.714285714285,7.0,"USGS NWIS daily discharge, parameter 00060, statistic 00003"
02397000,2014,tailwater,sensitivity,2014-09-04,27.3,33.574285714285715,1871.4285714285713,7.0,"USGS NWIS daily discharge, parameter 00060, statistic 00003"
02397000,2015,tailwater,sensitivity,2015-08-05,27.928571428571427,35.60285714285714,2025.7142857142858,7.0,"USGS NWIS daily discharge, parameter 00060, statistic 00003"
02397000,2016,tailwater,sensitivity,2016-07-27,29.214285714285715,35.63285714285714,1378.5714285714287,7.0,"USGS NWIS daily discharge, parameter 00060, statistic 00003"
02397000,2017,tailwater,sensitivity,2017-07-28,28.142857142857142,34.354285714285716,2985.714285714286,7.0,"USGS NWIS daily discharge, parameter 00060, statistic 00003"
02397000,2018,tailwater,sensitivity,2018-07-19,27.7,33.69285714285714,3611.4285714285716,7.0,"USGS NWIS daily discharge, parameter 00060, statistic 00003"
02397000,2019,tailwater,sensitivity,2019-08-17,28.585714285714285,35.88285714285714,2610.0,7.0,"USGS NWIS daily discharge, parameter 00060, statistic 00003"
02397000,2020,tailwater,sensitivity,2020-07-24,28.2,35.69285714285714,2502.8571428571427,7.0,"USGS NWIS daily discharge, parameter 00060, statistic 00003"
02397000,2021,tailwater,sensitivity,2021-08-17,27.328571428571426,34.03857142857143,3694.285714285714,7.0,"USGS NWIS daily discharge, parameter 00060, statistic 00003"
02397000,2022,tailwater,sensitivity,2022-07-10,27.900000000000002,35.097142857142856,2564.285714285714,7.0,"USGS NWIS daily discharge, parameter 00060, statistic 00003"
02397000,2023,tailwater,sensitivity,2023-08-29,28.814285714285713,35.98428571428572,2845.714285714286,7.0,"USGS NWIS daily discharge, parameter 00060, statistic 00003"
02397000,2024,tailwater,sensitivity,2024-07-09,29.471428571428568,35.402857142857144,1870.0,7.0,"USGS NWIS daily discharge, parameter 00060, statistic 00003"
02450250,2013,reference,primary,2013-06-29,27.057142857142857,32.027142857142856,14.528571428571558,7.0,"USGS NWIS daily discharge, parameter 00060, statistic 00003"
02450250,2014,reference,primary,2014-08-26,27.528571428571432,33.10857142857143,8.174285714285844,7.0,"USGS NWIS daily discharge, parameter 00060, statistic 00003"
02450250,2015,reference,primary,2015-07-20,29.328571428571426,33.82857142857143,9.897142857142986,7.0,"USGS NWIS daily discharge, parameter 00060, statistic 00003"
02450250,2016,reference,primary,2016-07-13,29.199999999999996,34.64142857142857,7.481428571428831,7.0,"USGS NWIS daily discharge, parameter 00060, statistic 00003"
02450250,2017,reference,primary,2017-07-27,28.928571428571427,33.510000000000005,20.057142857143116,7.0,"USGS NWIS daily discharge, parameter 00060, statistic 00003"
02450250,2018,reference,primary,2018-09-22,28.557142857142857,33.56142857142857,4.432857142857411,7.0,"USGS NWIS daily discharge, parameter 00060, statistic 00003"
02450250,2019,reference,primary,2019-09-13,30.057142857142853,35.44285714285714,3.6100000000002597,7.0,"USGS NWIS daily discharge, parameter 00060, statistic 00003"
02450250,2020,reference,primary,2020-08-12,29.114285714285717,33.68,5.952857142857395,7.0,"USGS NWIS daily discharge, parameter 00060, statistic 00003"
02450250,2021,reference,primary,2021-08-13,27.271428571428572,33.46,19.214285714285943,7.0,"USGS NWIS daily discharge, parameter 00060, statistic 00003"
02450250,2022,reference,primary,2022-07-09,29.014285714285716,34.92857142857143,9.34285714285742,7.0,"USGS NWIS daily discharge, parameter 00060, statistic 00003"
02450250,2023,reference,primary,2023-08-01,29.77142857142857,34.707142857142856,8.948571428571688,7.0,"USGS NWIS daily discharge, parameter 00060, statistic 00003"
02450250,2024,reference,primary,2024-08-06,29.0,35.339999999999996,7.802857142857404,7.0,"USGS NWIS daily discharge, parameter 00060, statistic 00003"
02479155,2012,reference,primary,2012-07-02,29.25714285714286,35.97714285714285,8.195714285714294,7.0,"USGS NWIS daily discharge, parameter 00060, statistic 00003"
02479155,2013,reference,primary,2013-08-10,27.085714285714285,34.635714285714286,27.985714285714277,7.0,"USGS NWIS daily discharge, parameter 00060, statistic 00003"
02479155,2014,reference,primary,2014-08-26,30.157142857142855,35.18857142857143,10.06857142857143,7.0,"USGS NWIS daily discharge, parameter 00060, statistic 00003"
02479155,2015,reference,primary,2015-07-23,31.67142857142857,36.02857142857143,8.309999999999992,7.0,"USGS NWIS daily discharge, parameter 00060, statistic 00003"
02479155,2016,reference,primary,2016-07-10,30.214285714285715,34.89142857142857,23.49999999999987,7.0,"USGS NWIS daily discharge, parameter 00060, statistic 00003"
02479155,2017,reference,primary,2017-07-23,27.699999999999996,33.85142857142857,84.9285714285713,7.0,"USGS NWIS daily discharge, parameter 00060, statistic 00003"
02479155,2018,reference,primary,2018-06-30,30.328571428571426,34.971428571428575,29.842857142857014,7.0,"USGS NWIS daily discharge, parameter 00060, statistic 00003"
02479155,2019,reference,primary,2019-07-10,30.58571428571429,36.040000000000006,13.899999999999869,7.0,"USGS NWIS daily discharge, parameter 00060, statistic 00003"
02479155,2020,reference,primary,2020-08-12,28.04285714285714,34.69428571428572,19.757142857142664,7.0,"USGS NWIS daily discharge, parameter 00060, statistic 00003"
02479155,2022,reference,primary,2022-06-28,29.67142857142857,36.785714285714285,22.557142857142566,7.0,"USGS NWIS daily discharge, parameter 00060, statistic 00003"
02479155,2023,reference,primary,2023-08-15,31.97142857142857,38.92142857142857,8.218571428571218,7.0,"USGS NWIS daily discharge, parameter 00060, statistic 00003"
02479155,2024,reference,primary,2024-08-19,28.900000000000002,36.472857142857144,17.271428571428377,7.0,"USGS NWIS daily discharge, parameter 00060, statistic 00003"
03017500,2015,reference,primary,2015-09-08,27.8,30.224285714285713,38.38571428571429,7.0,"USGS NWIS daily discharge, parameter 00060, statistic 00003"
03017500,2017,reference,primary,2017-08-21,26.428571428571427,29.805714285714284,70.55714285714285,7.0,"USGS NWIS daily discharge, parameter 00060, statistic 00003"
03017500,2018,reference,primary,2018-08-10,28.514285714285712,31.16142857142857,71.07142857142857,7.0,"USGS NWIS daily discharge, parameter 00060, statistic 00003"
03017500,2020,reference,primary,2020-07-10,30.928571428571427,32.21,48.300000000000004,7.0,"USGS NWIS daily discharge, parameter 00060, statistic 00003"
03017500,2021,reference,primary,2021-08-14,25.61428571428571,30.367142857142856,95.7,7.0,"USGS NWIS daily discharge, parameter 00060, statistic 00003"
03017500,2022,reference,primary,2022-07-25,28.057142857142853,30.29,69.75714285714285,7.0,"USGS NWIS daily discharge, parameter 00060, statistic 00003"
03017500,2023,reference,primary,2023-07-11,27.685714285714283,29.531428571428574,71.07142857142857,7.0,"USGS NWIS daily discharge, parameter 00060, statistic 00003"
03017500,2024,reference,primary,2024-08-01,28.342857142857145,31.697142857142858,41.24285714285714,7.0,"USGS NWIS daily discharge, parameter 00060, statistic 00003"
03022540,2014,reference,primary,2014-07-04,22.442857142857143,28.641428571428573,55.44285714285714,7.0,"USGS NWIS daily discharge, parameter 00060, statistic 00003"
03022540,2015,reference,primary,2015-08-01,23.842857142857145,30.547142857142855,8.467142857142857,7.0,"USGS NWIS daily discharge, parameter 00060, statistic 00003"
03022540,2017,reference,primary,2017-06-18,24.385714285714283,30.357142857142858,21.114285714285682,7.0,"USGS NWIS daily discharge, parameter 00060, statistic 00003"
03022540,2018,reference,primary,2018-07-06,24.599999999999998,31.09,33.800000000000004,7.0,"USGS NWIS daily discharge, parameter 00060, statistic 00003"
03022540,2019,reference,primary,2019-07-21,23.900000000000002,29.575714285714287,54.351428571428606,7.0,"USGS NWIS daily discharge, parameter 00060, statistic 00003"
03022540,2020,reference,primary,2020-07-10,26.300000000000004,31.58428571428571,7.860000000000049,7.0,"USGS NWIS daily discharge, parameter 00060, statistic 00003"
03022540,2021,reference,primary,2021-08-29,24.38571428571429,30.184285714285714,22.285714285714334,7.0,"USGS NWIS daily discharge, parameter 00060, statistic 00003"
03022540,2022,reference,primary,2022-07-25,24.757142857142856,29.37285714285714,10.107142857142906,7.0,"USGS NWIS daily discharge, parameter 00060, statistic 00003"
03022540,2023,reference,primary,2023-07-16,23.542857142857144,28.957142857142856,11.948571428571485,7.0,"USGS NWIS daily discharge, parameter 00060, statistic 00003"
03022540,2024,reference,primary,2024-06-23,24.914285714285715,31.25857142857143,11.037142857142923,7.0,"USGS NWIS daily discharge, parameter 00060, statistic 00003"
03028000,2012,reference,primary,2012-07-11,26.057142857142857,30.60571428571429,17.742857142857144,7.0,"USGS NWIS daily discharge, parameter 00060, statistic 00003"
03028000,2013,reference,primary,2013-07-21,24.12857142857143,30.487142857142857,28.485714285714316,7.0,"USGS NWIS daily discharge, parameter 00060, statistic 00003"
03028000,2014,reference,primary,2014-07-27,20.742857142857144,27.63,33.885714285714315,7.0,"USGS NWIS daily discharge, parameter 00060, statistic 00003"
03028000,2015,reference,primary,2015-09-09,23.985714285714288,29.490000000000002,13.257142857142922,7.0,"USGS NWIS daily discharge, parameter 00060, statistic 00003"
03028000,2016,reference,primary,2016-07-27,25.857142857142858,30.262857142857143,10.912857142857224,7.0,"USGS NWIS daily discharge, parameter 00060, statistic 00003"
03028000,2017,reference,primary,2017-08-22,22.37142857142857,29.211428571428574,18.814285714285777,7.0,"USGS NWIS daily discharge, parameter 00060, statistic 00003"
03028000,2018,reference,primary,2018-08-10,23.48571428571429,30.11428571428571,29.500000000000064,7.0,"USGS NWIS daily discharge, parameter 00060, statistic 00003"
03028000,2019,reference,primary,2019-08-06,22.814285714285713,29.052857142857142,21.01428571428578,7.0,"USGS NWIS daily discharge, parameter 00060, statistic 00003"
03028000,2020,reference,primary,2020-07-11,26.54285714285714,31.532857142857146,15.228571428571495,7.0,"USGS NWIS daily discharge, parameter 00060, statistic 00003"
03028000,2021,reference,primary,2021-08-14,22.3,29.702857142857145,28.285714285714352,7.0,"USGS NWIS daily discharge, parameter 00060, statistic 00003"
03028000,2022,reference,primary,2022-07-25,25.4,29.915714285714284,23.785714285714317,7.0,"USGS NWIS daily discharge, parameter 00060, statistic 00003"
03028000,2023,reference,primary,2023-07-10,23.400000000000002,29.01142857142857,41.500000000000036,7.0,"USGS NWIS daily discharge, parameter 00060, statistic 00003"
03028000,2024,reference,primary,2024-07-16,25.157142857142862,31.197142857142858,16.45714285714289,7.0,"USGS NWIS daily discharge, parameter 00060, statistic 00003"
03066000,2014,reference,primary,2014-07-13,24.485714285714288,26.01571428571429,31.98571428571429,7.0,"USGS NWIS daily discharge, parameter 00060, statistic 00003"
03066000,2015,reference,primary,2015-07-31,25.599999999999998,26.68,37.5,7.0,"USGS NWIS daily discharge, parameter 00060, statistic 00003"
03066000,2016,reference,primary,2016-07-27,27.014285714285712,28.74142857142857,22.842857142857145,7.0,"USGS NWIS daily discharge, parameter 00060, statistic 00003"
03066000,2017,reference,primary,2017-07-21,24.342857142857145,26.81,97.88571428571429,7.0,"USGS NWIS daily discharge, parameter 00060, statistic 00003"
03066000,2018,reference,primary,2018-09-06,24.47142857142857,28.527142857142856,52.2,7.0,"USGS NWIS daily discharge, parameter 00060, statistic 00003"
03066000,2019,reference,primary,2019-07-22,25.642857142857142,27.650000000000002,124.81428571428572,7.0,"USGS NWIS daily discharge, parameter 00060, statistic 00003"
03066000,2020,reference,primary,2020-07-21,27.314285714285713,28.814285714285713,32.0,7.0,"USGS NWIS daily discharge, parameter 00060, statistic 00003"
03066000,2021,reference,primary,2021-07-17,25.414285714285715,28.007142857142856,61.285714285714285,7.0,"USGS NWIS daily discharge, parameter 00060, statistic 00003"
03066000,2022,reference,primary,2022-07-25,26.585714285714285,27.252857142857145,33.51428571428572,7.0,"USGS NWIS daily discharge, parameter 00060, statistic 00003"
03066000,2023,reference,primary,2023-07-31,26.085714285714285,26.82,25.7,7.0,"USGS NWIS daily discharge, parameter 00060, statistic 00003"
03066000,2024,reference,primary,2024-07-10,27.285714285714285,29.19,16.0,7.0,"USGS NWIS daily discharge, parameter 00060, statistic 00003"
03069500,2017,reference,primary,2017-07-21,27.12857142857143,30.79,588.0,7.0,"USGS NWIS daily discharge, parameter 00060, statistic 00003"
03069500,2018,reference,primary,2018-07-15,26.97142857142857,31.34714285714286,512.1428571428571,7.0,"USGS NWIS daily discharge, parameter 00060, statistic 00003"
03069500,2019,reference,primary,2019-08-22,28.228571428571428,31.745714285714286,283.14285714285717,7.0,"USGS NWIS daily discharge, parameter 00060, statistic 00003"
03069500,2020,reference,primary,2020-07-22,29.585714285714285,32.16571428571429,325.0,7.0,"USGS NWIS daily discharge, parameter 00060, statistic 00003"
03069500,2021,reference,primary,2021-08-14,28.528571428571432,31.080000000000002,149.57142857142858,7.0,"USGS NWIS daily discharge, parameter 00060, statistic 00003"
03069500,2022,reference,primary,2022-07-25,28.285714285714285,30.349999999999998,430.2857142857143,7.0,"USGS NWIS daily discharge, parameter 00060, statistic 00003"
03069500,2023,reference,primary,2023-07-31,27.357142857142858,30.137142857142855,441.42857142857144,7.0,"USGS NWIS daily discharge, parameter 00060, statistic 00003"
03069500,2024,reference,primary,2024-07-16,30.714285714285715,33.23857142857143,51.34285714285715,7.0,"USGS NWIS daily discharge, parameter 00060, statistic 00003"
03092090,2024,reference,primary,2024-06-24,24.485714285714288,32.167142857142856,3.0500000000000003,7.0,"USGS NWIS daily discharge, parameter 00060, statistic 00003"
03125338,2023,upstream,primary,2023-07-20,24.11428571428571,29.827142857142857,8.262857142857127,7.0,"USGS NWIS daily discharge, parameter 00060, statistic 00003"
03302050,2017,reference,primary,2017-08-22,24.371428571428574,33.26714285714286,0.031428571428578536,7.0,"USGS NWIS daily discharge, parameter 00060, statistic 00003"
03302050,2018,reference,primary,2018-07-15,25.599999999999998,33.681428571428576,0.3014285714285775,7.0,"USGS NWIS daily discharge, parameter 00060, statistic 00003"
03302050,2020,reference,primary,2020-07-31,26.114285714285717,33.387142857142855,1.4185714285714366,7.0,"USGS NWIS daily discharge, parameter 00060, statistic 00003"
03302050,2021,reference,primary,2021-07-30,26.457142857142856,34.20428571428572,0.3757142857142938,7.0,"USGS NWIS daily discharge, parameter 00060, statistic 00003"
03302050,2022,reference,primary,2022-07-25,27.514285714285716,34.284285714285716,0.05000000000000609,7.0,"USGS NWIS daily discharge, parameter 00060, statistic 00003"
03302050,2023,reference,primary,2023-07-31,26.814285714285717,33.92142857142857,0.232857142857151,7.0,"USGS NWIS daily discharge, parameter 00060, statistic 00003"
03302050,2024,reference,primary,2024-07-17,27.12857142857143,35.362857142857145,0.9214285714285796,7.0,"USGS NWIS daily discharge, parameter 00060, statistic 00003"
03354000,1989,tailwater,sensitivity,1989-07-10,27.87142857142857,32.135714285714286,1009.0,7.0,"USGS NWIS daily discharge, parameter 00060, statistic 00003"
03354000,1990,tailwater,sensitivity,1990-07-10,28.2,31.671428571428574,1106.5714285714287,7.0,"USGS NWIS daily discharge, parameter 00060, statistic 00003"
03354000,1991,tailwater,sensitivity,1991-07-23,29.74285714285714,32.964285714285715,560.4285714285714,7.0,"USGS NWIS daily discharge, parameter 00060, statistic 00003"
03354000,1992,tailwater,sensitivity,1992-06-18,25.642857142857142,30.027142857142856,1364.857142857143,7.0,"USGS NWIS daily discharge, parameter 00060, statistic 00003"
03354000,1995,tailwater,sensitivity,1995-08-19,29.671428571428574,33.36285714285714,736.0,7.0,"USGS NWIS daily discharge, parameter 00060, statistic 00003"
03354000,1996,tailwater,sensitivity,1996-08-09,27.757142857142856,31.13285714285714,925.4285714285714,7.0,"USGS NWIS daily discharge, parameter 00060, statistic 00003"
03354000,1997,tailwater,sensitivity,1997-07-20,28.471428571428568,31.942857142857143,852.2857142857143,7.0,"USGS NWIS daily discharge, parameter 00060, statistic 00003"
03354000,1998,tailwater,sensitivity,1998-08-27,26.857142857142858,32.248571428571424,935.8571428571429,7.0,"USGS NWIS daily discharge, parameter 00060, statistic 00003"
03354000,1999,tailwater,sensitivity,1999-07-31,30.800000000000004,34.25714285714286,611.8571428571429,7.0,"USGS NWIS daily discharge, parameter 00060, statistic 00003"
03354000,2000,tailwater,sensitivity,2000-06-15,24.8,30.824285714285715,849.0,7.0,"USGS NWIS daily discharge, parameter 00060, statistic 00003"
03354000,2001,tailwater,sensitivity,2001-08-09,30.214285714285715,31.888571428571428,874.1428571428571,7.0,"USGS NWIS daily discharge, parameter 00060, statistic 00003"
03354000,2005,tailwater,sensitivity,2005-08-13,30.228571428571428,32.52428571428571,771.1428571428571,7.0,"USGS NWIS daily discharge, parameter 00060, statistic 00003"
03354000,2006,tailwater,sensitivity,2006-08-05,31.228571428571428,32.1,1225.4285714285713,7.0,"USGS NWIS daily discharge, parameter 00060, statistic 00003"
03354000,2008,tailwater,sensitivity,2008-09-04,26.0,31.08285714285714,600.8571428571429,7.0,"USGS NWIS daily discharge, parameter 00060, statistic 00003"
03354000,2009,tailwater,sensitivity,2009-06-29,27.72857142857143,31.52285714285714,2434.285714285714,7.0,"USGS NWIS daily discharge, parameter 00060, statistic 00003"
03354000,2010,tailwater,sensitivity,2010-08-12,29.8,33.94285714285714,1005.2857142857143,7.0,"USGS NWIS daily discharge, parameter 00060, statistic 00003"
03354000,2011,tailwater,sensitivity,2011-08-02,31.514285714285712,34.39142857142857,752.5714285714286,7.0,"USGS NWIS daily discharge, parameter 00060, statistic 00003"
03354000,2012,tailwater,sensitivity,2012-07-09,31.47142857142857,37.86,398.2857142857143,7.0,"USGS NWIS daily discharge, parameter 00060, statistic 00003"
03354000,2013,tailwater,sensitivity,2013-07-20,29.37142857142857,32.80714285714286,877.4285714285714,7.0,"USGS NWIS daily discharge, parameter 00060, statistic 00003"
03354000,2016,tailwater,sensitivity,2016-07-25,28.88571428571429,32.008571428571436,2125.714285714286,7.0,"USGS NWIS daily discharge, parameter 00060, statistic 00003"
03354000,2017,tailwater,sensitivity,2017-08-21,27.0,32.54142857142857,990.7142857142857,7.0,"USGS NWIS daily discharge, parameter 00060, statistic 00003"
03354000,2018,tailwater,sensitivity,2018-07-06,29.67142857142857,32.67,1514.2857142857142,7.0,"USGS NWIS daily discharge, parameter 00060, statistic 00003"
03354000,2019,tailwater,sensitivity,2019-07-22,28.25714285714286,32.08428571428571,3925.714285714286,7.0,"USGS NWIS daily discharge, parameter 00060, statistic 00003"
03354000,2020,tailwater,sensitivity,2020-07-10,29.271428571428572,33.10285714285715,1822.857142857143,7.0,"USGS NWIS daily discharge, parameter 00060, statistic 00003"
03354000,2022,tailwater,sensitivity,2022-07-06,29.771428571428572,33.29857142857143,708.1428571428571,7.0,"USGS NWIS daily discharge, parameter 00060, statistic 00003"
03354000,2023,tailwater,sensitivity,2023-08-27,30.0,32.15571428571428,651.0,7.0,"USGS NWIS daily discharge, parameter 00060, statistic 00003"
03354000,2024,tailwater,sensitivity,2024-06-24,29.314285714285713,33.472857142857144,893.7142857142857,7.0,"USGS NWIS daily discharge, parameter 00060, statistic 00003"
03359000,1994,tailwater,primary,1994-08-04,27.771428571428572,33.85142857142857,21.0,7.0,"USGS NWIS daily discharge, parameter 00060, statistic 00003"
03359000,1995,tailwater,primary,1995-08-22,28.485714285714288,33.68,36.42857142857143,7.0,"USGS NWIS daily discharge, parameter 00060, statistic 00003"
03460000,1985,reference,primary,1985-07-22,18.0,29.610000000000003,39.07142857142857,7.0,"USGS NWIS daily discharge, parameter 00060, statistic 00003"
03460000,2012,reference,primary,2012-07-10,20.171428571428574,32.53428571428571,44.8285714285714,7.0,"USGS NWIS daily discharge, parameter 00060, statistic 00003"
03460000,2013,reference,primary,2013-09-05,17.771428571428572,27.827142857142857,71.04285714285707,7.0,"USGS NWIS daily discharge, parameter 00060, statistic 00003"
03460000,2014,reference,primary,2014-09-06,18.614285714285717,28.555714285714288,58.45714285714279,7.0,"USGS NWIS daily discharge, parameter 00060, statistic 00003"
03460000,2015,reference,primary,2015-07-31,20.47142857142857,29.505714285714287,40.4714285714285,7.0,"USGS NWIS daily discharge, parameter 00060, statistic 00003"
03460000,2016,reference,primary,2016-08-14,21.271428571428572,30.562857142857144,29.199999999999935,7.0,"USGS NWIS daily discharge, parameter 00060, statistic 00003"
03460000,2017,reference,primary,2017-08-23,19.357142857142858,30.062857142857144,43.657142857142794,7.0,"USGS NWIS daily discharge, parameter 00060, statistic 00003"
03460000,2018,reference,primary,2018-07-18,18.428571428571427,29.231428571428573,82.22857142857136,7.0,"USGS NWIS daily discharge, parameter 00060, statistic 00003"
03460000,2019,reference,primary,2019-07-22,19.628571428571426,29.79714285714286,80.81428571428566,7.0,"USGS NWIS daily discharge, parameter 00060, statistic 00003"
03460000,2020,reference,primary,2020-07-20,18.97142857142857,29.827142857142857,73.81428571428566,7.0,"USGS NWIS daily discharge, parameter 00060, statistic 00003"
03460000,2021,reference,primary,2021-07-31,19.585714285714285,29.59857142857143,50.7714285714285,7.0,"USGS NWIS daily discharge, parameter 00060, statistic 00003"
03460000,2022,reference,primary,2022-07-28,19.87142857142857,29.29285714285714,50.9714285714285,7.0,"USGS NWIS daily discharge, parameter 00060, statistic 00003"
03460000,2023,reference,primary,2023-08-28,19.657142857142855,30.06,47.657142857142794,7.0,"USGS NWIS daily discharge, parameter 00060, statistic 00003"
03460000,2024,reference,primary,2024-08-10,19.942857142857143,29.854285714285712,43.728571428571364,7.0,"USGS NWIS daily discharge, parameter 00060, statistic 00003"
03490000,2013,reference,primary,2013-07-21,26.985714285714288,31.178571428571427,667.5714285714286,7.0,"USGS NWIS daily discharge, parameter 00060, statistic 00003"
03490000,2014,reference,primary,2014-06-20,28.04285714285714,31.545714285714286,285.2857142857143,7.0,"USGS NWIS daily discharge, parameter 00060, statistic 00003"
03490000,2015,reference,primary,2015-06-19,28.928571428571427,32.25142857142857,219.28571428571428,7.0,"USGS NWIS daily discharge, parameter 00060, statistic 00003"
03490000,2016,reference,primary,2016-07-28,30.314285714285713,34.65714285714286,157.85714285714286,7.0,"USGS NWIS daily discharge, parameter 00060, statistic 00003"
03490000,2017,reference,primary,2017-07-25,29.414285714285715,32.86857142857143,240.28571428571428,7.0,"USGS NWIS daily discharge, parameter 00060, statistic 00003"
03490000,2018,reference,primary,2018-07-07,28.685714285714283,33.07142857142857,281.57142857142856,7.0,"USGS NWIS daily discharge, parameter 00060, statistic 00003"
03490000,2020,reference,primary,2020-07-22,29.885714285714283,34.072857142857146,218.85714285714286,7.0,"USGS NWIS daily discharge, parameter 00060, statistic 00003"
03490000,2021,reference,primary,2021-08-30,28.62857142857143,32.75714285714285,170.14285714285714,7.0,"USGS NWIS daily discharge, parameter 00060, statistic 00003"
03490000,2022,reference,primary,2022-07-25,29.114285714285717,32.31285714285714,286.0,7.0,"USGS NWIS daily discharge, parameter 00060, statistic 00003"
03490000,2023,reference,primary,2023-07-29,28.6,31.98714285714286,200.57142857142858,7.0,"USGS NWIS daily discharge, parameter 00060, statistic 00003"
03490000,2024,reference,primary,2024-07-10,29.62857142857143,33.817142857142855,137.85714285714286,7.0,"USGS NWIS daily discharge, parameter 00060, statistic 00003"
03497300,2013,reference,primary,2013-09-04,20.914285714285715,30.40142857142857,134.62857142857143,7.0,"USGS NWIS daily discharge, parameter 00060, statistic 00003"
03497300,2014,reference,primary,2014-07-15,22.785714285714285,31.138571428571428,63.38571428571429,7.0,"USGS NWIS daily discharge, parameter 00060, statistic 00003"
03497300,2015,reference,primary,2015-06-26,24.128571428571426,32.182857142857145,53.10000000000001,7.0,"USGS NWIS daily discharge, parameter 00060, statistic 00003"
03497300,2016,reference,primary,2016-08-18,23.7,33.27285714285714,76.4857142857143,7.0,"USGS NWIS daily discharge, parameter 00060, statistic 00003"
03497300,2017,reference,primary,2017-07-27,23.74285714285714,32.19714285714286,90.47142857142856,7.0,"USGS NWIS daily discharge, parameter 00060, statistic 00003"
03497300,2018,reference,primary,2018-09-09,21.614285714285717,31.78142857142857,91.25714285714285,7.0,"USGS NWIS daily discharge, parameter 00060, statistic 00003"
03497300,2019,reference,primary,2019-07-09,22.485714285714288,32.518571428571434,132.14285714285714,7.0,"USGS NWIS daily discharge, parameter 00060, statistic 00003"
03497300,2020,reference,primary,2020-07-22,23.771428571428572,33.14,72.08571428571429,7.0,"USGS NWIS daily discharge, parameter 00060, statistic 00003"
03497300,2021,reference,primary,2021-07-31,22.599999999999998,31.70285714285714,90.45714285714287,7.0,"USGS NWIS daily discharge, parameter 00060, statistic 00003"
03497300,2022,reference,primary,2022-07-08,23.099999999999998,32.02571428571429,76.5,7.0,"USGS NWIS daily discharge, parameter 00060, statistic 00003"
03497300,2023,reference,primary,2023-08-28,21.514285714285716,31.78857142857143,175.85714285714286,7.0,"USGS NWIS daily discharge, parameter 00060, statistic 00003"
03497300,2024,reference,primary,2024-07-10,23.514285714285712,32.95857142857143,67.12857142857142,7.0,"USGS NWIS daily discharge, parameter 00060, statistic 00003"
03544970,2012,reference,primary,2012-07-09,22.942857142857143,34.17857142857143,57.82857142857143,7.0,"USGS NWIS daily discharge, parameter 00060, statistic 00003"
03544970,2013,reference,primary,2013-09-04,20.38571428571429,29.024285714285718,93.54285714285713,7.0,"USGS NWIS daily discharge, parameter 00060, statistic 00003"
03544970,2015,reference,primary,2015-08-01,23.41428571428571,31.452857142857145,48.257142857142874,7.0,"USGS NWIS daily discharge, parameter 00060, statistic 00003"
03544970,2016,reference,primary,2016-08-08,24.214285714285715,31.442857142857143,39.028571428571425,7.0,"USGS NWIS daily discharge, parameter 00060, statistic 00003"
03544970,2017,reference,primary,2017-07-27,22.599999999999998,31.065714285714282,55.18571428571429,7.0,"USGS NWIS daily discharge, parameter 00060, statistic 00003"
03544970,2018,reference,primary,2018-09-08,21.385714285714283,30.40857142857143,64.91428571428571,7.0,"USGS NWIS daily discharge, parameter 00060, statistic 00003"
03544970,2019,reference,primary,2019-08-19,23.114285714285717,31.65142857142857,50.08571428571429,7.0,"USGS NWIS daily discharge, parameter 00060, statistic 00003"
03604000,2014,reference,primary,2014-08-28,29.114285714285717,32.79,296.14285714285717,7.0,"USGS NWIS daily discharge, parameter 00060, statistic 00003"
03604000,2015,reference,primary,2015-08-02,30.38571428571429,33.00571428571429,241.0,7.0,"USGS NWIS daily discharge, parameter 00060, statistic 00003"
03604000,2016,reference,primary,2016-07-27,30.800000000000004,34.955714285714286,216.14285714285714,7.0,"USGS NWIS daily discharge, parameter 00060, statistic 00003"
03604000,2018,reference,primary,2018-07-17,29.457142857142856,33.76285714285714,351.7142857142857,7.0,"USGS NWIS daily discharge, parameter 00060, statistic 00003"
03604000,2019,reference,primary,2019-07-06,28.642857142857142,35.26285714285714,406.57142857142856,7.0,"USGS NWIS daily discharge, parameter 00060, statistic 00003"
03604000,2020,reference,primary,2020-07-23,29.0,33.637142857142855,465.7142857142857,7.0,"USGS NWIS daily discharge, parameter 00060, statistic 00003"
03604000,2021,reference,primary,2021-07-31,28.900000000000002,33.62428571428571,368.42857142857144,7.0,"USGS NWIS daily discharge, parameter 00060, statistic 00003"
03604000,2022,reference,primary,2022-07-27,30.328571428571426,35.16857142857143,251.85714285714286,7.0,"USGS NWIS daily discharge, parameter 00060, statistic 00003"
03604000,2023,reference,primary,2023-08-02,29.871428571428574,35.019999999999996,273.42857142857144,7.0,"USGS NWIS daily discharge, parameter 00060, statistic 00003"
03604000,2024,reference,primary,2024-08-06,30.82857142857143,36.44428571428571,193.71428571428572,7.0,"USGS NWIS daily discharge, parameter 00060, statistic 00003"
04024000,2012,tailwater,sensitivity,2012-07-27,26.814285714285717,30.505714285714284,1617.142857142857,7.0,"USGS NWIS daily discharge, parameter 00060, statistic 00003"
04024000,2013,tailwater,sensitivity,2013-08-31,26.52857142857143,30.337142857142855,678.0,7.0,"USGS NWIS daily discharge, parameter 00060, statistic 00003"
04024000,2014,tailwater,sensitivity,2014-08-10,24.95714285714286,26.975714285714282,619.5714285714286,7.0,"USGS NWIS daily discharge, parameter 00060, statistic 00003"
04024000,2015,tailwater,sensitivity,2015-07-29,26.32857142857143,29.201428571428572,508.14285714285717,7.0,"USGS NWIS daily discharge, parameter 00060, statistic 00003"
04024000,2016,tailwater,sensitivity,2016-07-27,25.32857142857143,29.47142857142857,2984.285714285714,7.0,"USGS NWIS daily discharge, parameter 00060, statistic 00003"
04024000,2017,tailwater,sensitivity,2017-08-03,26.014285714285712,28.41,1021.0,7.0,"USGS NWIS daily discharge, parameter 00060, statistic 00003"
04024000,2018,tailwater,sensitivity,2018-08-17,26.171428571428574,29.187142857142856,902.5714285714286,7.0,"USGS NWIS daily discharge, parameter 00060, statistic 00003"
04024000,2019,tailwater,sensitivity,2019-08-11,24.771428571428572,28.695714285714285,1060.5714285714287,7.0,"USGS NWIS daily discharge, parameter 00060, statistic 00003"
04024000,2020,tailwater,sensitivity,2020-07-08,28.38571428571429,30.96142857142857,606.8571428571429,7.0,"USGS NWIS daily discharge, parameter 00060, statistic 00003"
04024000,2021,tailwater,sensitivity,2021-07-06,26.714285714285715,30.915714285714284,488.42857142857144,7.0,"USGS NWIS daily discharge, parameter 00060, statistic 00003"
04024000,2022,tailwater,sensitivity,2022-07-23,25.714285714285715,29.26571428571429,1610.0,7.0,"USGS NWIS daily discharge, parameter 00060, statistic 00003"
04024000,2023,tailwater,sensitivity,2023-08-02,26.04285714285714,29.878571428571426,554.4285714285714,7.0,"USGS NWIS daily discharge, parameter 00060, statistic 00003"
04024000,2024,tailwater,sensitivity,2024-08-03,26.014285714285712,29.475714285714286,978.7142857142857,7.0,"USGS NWIS daily discharge, parameter 00060, statistic 00003"
04027000,2012,reference,primary,2012-07-08,26.814285714285717,30.990000000000002,268.2857142857143,7.0,"USGS NWIS daily discharge, parameter 00060, statistic 00003"
04027000,2013,reference,primary,2013-07-20,26.61428571428571,30.965714285714284,264.0,7.0,"USGS NWIS daily discharge, parameter 00060, statistic 00003"
04027000,2015,reference,primary,2015-07-29,26.985714285714288,29.785714285714285,142.14285714285714,7.0,"USGS NWIS daily discharge, parameter 00060, statistic 00003"
04027000,2017,reference,primary,2017-07-29,24.342857142857145,28.291428571428572,199.28571428571428,7.0,"USGS NWIS daily discharge, parameter 00060, statistic 00003"
04027000,2018,reference,primary,2018-07-15,25.62857142857143,29.29285714285714,228.0,7.0,"USGS NWIS daily discharge, parameter 00060, statistic 00003"
04027000,2019,reference,primary,2019-07-16,25.8,29.01571428571429,298.85714285714283,7.0,"USGS NWIS daily discharge, parameter 00060, statistic 00003"
04027000,2020,reference,primary,2020-07-06,28.842857142857138,30.465714285714284,216.28571428571428,7.0,"USGS NWIS daily discharge, parameter 00060, statistic 00003"
04027000,2021,reference,primary,2021-06-11,26.971428571428568,30.985714285714288,215.28571428571428,7.0,"USGS NWIS daily discharge, parameter 00060, statistic 00003"
04027000,2022,reference,primary,2022-07-23,27.2,29.84857142857143,160.57142857142858,7.0,"USGS NWIS daily discharge, parameter 00060, statistic 00003"
04027000,2023,reference,primary,2023-08-08,24.928571428571427,29.558571428571433,112.28571428571429,7.0,"USGS NWIS daily discharge, parameter 00060, statistic 00003"
04043150,2004,reference,primary,2004-08-02,21.214285714285715,25.50714285714286,17.928571428571495,7.0,"USGS NWIS daily discharge, parameter 00060, statistic 00003"
04043238,2005,reference,primary,2005-06-28,18.142857142857142,29.592857142857138,5.528571428571429,7.0,"USGS NWIS daily discharge, parameter 00060, statistic 00003"
04043238,2006,reference,primary,2006-07-20,17.45714285714286,29.712857142857143,4.2957142857142845,7.0,"USGS NWIS daily discharge, parameter 00060, statistic 00003"
04043238,2007,reference,primary,2007-06-16,16.82857142857143,29.99857142857143,3.839999999999999,7.0,"USGS NWIS daily discharge, parameter 00060, statistic 00003"
04043238,2008,reference,primary,2008-07-08,15.728571428571428,27.00142857142857,4.374285714285713,7.0,"USGS NWIS daily discharge, parameter 00060, statistic 00003"
04043238,2009,reference,primary,2009-06-26,17.014285714285716,27.868571428571425,3.9799999999999978,7.0,"USGS NWIS daily discharge, parameter 00060, statistic 00003"
04043238,2011,reference,primary,2011-07-23,18.585714285714285,30.952857142857145,4.308571428571427,7.0,"USGS NWIS daily discharge, parameter 00060, statistic 00003"
04043238,2012,reference,primary,2012-07-05,18.571428571428573,29.215714285714284,3.4214285714285686,7.0,"USGS NWIS daily discharge, parameter 00060, statistic 00003"
04043238,2013,reference,primary,2013-07-20,18.842857142857138,29.901428571428568,9.122857142857141,7.0,"USGS NWIS daily discharge, parameter 00060, statistic 00003"
04043238,2014,reference,primary,2014-05-31,17.32857142857143,25.634285714285713,5.778571428571426,7.0,"USGS NWIS daily discharge, parameter 00060, statistic 00003"
04043238,2015,reference,primary,2015-07-30,16.928571428571427,28.87142857142857,3.8885714285714266,7.0,"USGS NWIS daily discharge, parameter 00060, statistic 00003"
04043238,2016,reference,primary,2016-07-26,18.17142857142857,29.465714285714284,4.541428571428569,7.0,"USGS NWIS daily discharge, parameter 00060, statistic 00003"
04043238,2017,reference,primary,2017-06-16,16.557142857142857,26.868571428571425,6.119999999999998,7.0,"USGS NWIS daily discharge, parameter 00060, statistic 00003"
04043238,2018,reference,primary,2018-07-05,17.47142857142857,29.44142857142857,6.357142857142855,7.0,"USGS NWIS daily discharge, parameter 00060, statistic 00003"
04043238,2019,reference,primary,2019-07-20,16.585714285714285,27.68,6.059999999999998,7.0,"USGS NWIS daily discharge, parameter 00060, statistic 00003"
04043238,2020,reference,primary,2020-07-06,18.2,30.077142857142857,5.424285714285712,7.0,"USGS NWIS daily discharge, parameter 00060, statistic 00003"
04043238,2021,reference,primary,2021-06-10,17.585714285714285,30.007142857142856,4.268571428571426,7.0,"USGS NWIS daily discharge, parameter 00060, statistic 00003"
04043238,2022,reference,primary,2022-06-26,18.114285714285714,28.505714285714287,4.721428571428569,7.0,"USGS NWIS daily discharge, parameter 00060, statistic 00003"
04043238,2023,reference,primary,2023-06-04,17.2,28.395714285714288,6.20142857142857,7.0,"USGS NWIS daily discharge, parameter 00060, statistic 00003"
04043238,2024,reference,primary,2024-08-02,17.457142857142856,29.10571428571429,4.707142857142855,7.0,"USGS NWIS daily discharge, parameter 00060, statistic 00003"
04043244,2006,reference,primary,2006-07-20,16.542857142857144,29.701428571428572,14.414285714285715,7.0,"USGS NWIS daily discharge, parameter 00060, statistic 00003"
04043244,2007,reference,primary,2007-08-02,16.45714285714286,30.008571428571425,12.185714285714287,7.0,"USGS NWIS daily discharge, parameter 00060, statistic 00003"
04043244,2008,reference,primary,2008-07-08,15.8,27.042857142857144,14.157142857142857,7.0,"USGS NWIS daily discharge, parameter 00060, statistic 00003"
04043244,2009,reference,primary,2009-06-26,17.785714285714285,27.868571428571432,13.028571428571428,7.0,"USGS NWIS daily discharge, parameter 00060, statistic 00003"
04043244,2010,reference,primary,2010-07-09,18.32857142857143,28.62142857142857,14.914285714285715,7.0,"USGS NWIS daily discharge, parameter 00060, statistic 00003"
04043244,2011,reference,primary,2011-07-23,18.6,30.908571428571427,12.0,7.0,"USGS NWIS daily discharge, parameter 00060, statistic 00003"
04043244,2012,reference,primary,2012-07-07,18.585714285714285,29.21285714285714,12.599999999999998,7.0,"USGS NWIS daily discharge, parameter 00060, statistic 00003"
04043244,2013,reference,primary,2013-07-20,18.214285714285715,29.88714285714286,19.728571428571428,7.0,"USGS NWIS daily discharge, parameter 00060, statistic 00003"
04043244,2014,reference,primary,2014-07-03,16.714285714285715,25.66857142857143,13.257142857142856,7.0,"USGS NWIS daily discharge, parameter 00060, statistic 00003"
04043244,2015,reference,primary,2015-07-30,17.157142857142855,28.87857142857143,12.100000000000003,7.0,"USGS NWIS daily discharge, parameter 00060, statistic 00003"
04043244,2016,reference,primary,2016-07-26,18.614285714285717,29.47714285714286,12.542857142857146,7.0,"USGS NWIS daily discharge, parameter 00060, statistic 00003"
04043244,2017,reference,primary,2017-06-16,17.17142857142857,26.82857142857143,19.385714285714283,7.0,"USGS NWIS daily discharge, parameter 00060, statistic 00003"
04043244,2018,reference,primary,2018-07-09,18.38571428571429,29.41857142857143,12.942857142857141,7.0,"USGS NWIS daily discharge, parameter 00060, statistic 00003"
04043244,2019,reference,primary,2019-07-19,17.414285714285715,27.677142857142858,16.54285714285714,7.0,"USGS NWIS daily discharge, parameter 00060, statistic 00003"
04043244,2020,reference,primary,2020-07-06,18.67142857142857,30.01142857142857,12.514285714285716,7.0,"USGS NWIS daily discharge, parameter 00060, statistic 00003"
04043244,2021,reference,primary,2021-06-10,18.099999999999998,30.065714285714286,16.54285714285714,7.0,"USGS NWIS daily discharge, parameter 00060, statistic 00003"
04043244,2022,reference,primary,2022-06-26,17.857142857142858,28.511428571428574,14.385714285714286,7.0,"USGS NWIS daily discharge, parameter 00060, statistic 00003"
04043244,2023,reference,primary,2023-06-04,17.04285714285714,28.377142857142854,17.071428571428573,7.0,"USGS NWIS daily discharge, parameter 00060, statistic 00003"
04043244,2024,reference,primary,2024-08-02,16.614285714285717,29.092857142857145,13.414285714285715,7.0,"USGS NWIS daily discharge, parameter 00060, statistic 00003"
04043275,2005,reference,primary,2005-07-18,24.357142857142858,29.827142857142857,8.744285714285713,7.0,"USGS NWIS daily discharge, parameter 00060, statistic 00003"
04043275,2006,reference,primary,2006-07-21,23.4,29.601428571428567,8.522857142857143,7.0,"USGS NWIS daily discharge, parameter 00060, statistic 00003"
04043275,2007,reference,primary,2007-08-02,24.271428571428572,29.858571428571427,5.922857142857143,7.0,"USGS NWIS daily discharge, parameter 00060, statistic 00003"
04043275,2008,reference,primary,2008-08-05,20.5,26.455714285714286,9.692857142857141,7.0,"USGS NWIS daily discharge, parameter 00060, statistic 00003"
04043275,2009,reference,primary,2009-06-26,23.157142857142855,27.694285714285712,12.842857142857143,7.0,"USGS NWIS daily discharge, parameter 00060, statistic 00003"
04043275,2010,reference,primary,2010-08-15,22.914285714285715,28.57857142857143,6.937142857142858,7.0,"USGS NWIS daily discharge, parameter 00060, statistic 00003"
04043275,2011,reference,primary,2011-07-23,24.699999999999996,31.06714285714286,9.33,7.0,"USGS NWIS daily discharge, parameter 00060, statistic 00003"
04043275,2012,reference,primary,2012-07-07,25.271428571428572,29.32,10.842857142857143,7.0,"USGS NWIS daily discharge, parameter 00060, statistic 00003"
04043275,2014,reference,primary,2014-07-04,21.928571428571427,25.25857142857143,11.742857142857144,7.0,"USGS NWIS daily discharge, parameter 00060, statistic 00003"
04043275,2015,reference,primary,2015-07-31,22.942857142857143,28.784285714285716,8.664285714285715,7.0,"USGS NWIS daily discharge, parameter 00060, statistic 00003"
04043275,2016,reference,primary,2016-07-26,23.2,29.325714285714287,18.52857142857143,7.0,"USGS NWIS daily discharge, parameter 00060, statistic 00003"
04063700,2012,reference,primary,2012-07-17,27.271428571428572,30.87285714285714,47.542857142857144,7.0,"USGS NWIS daily discharge, parameter 00060, statistic 00003"
04063700,2013,reference,primary,2013-07-19,28.014285714285712,30.597142857142853,31.714285714285715,7.0,"USGS NWIS daily discharge, parameter 00060, statistic 00003"
04063700,2014,reference,primary,2014-08-11,24.714285714285715,27.259999999999998,23.185714285714287,7.0,"USGS NWIS daily discharge, parameter 00060, statistic 00003"
04063700,2015,reference,primary,2015-07-29,25.142857142857142,28.594285714285714,53.65714285714286,7.0,"USGS NWIS daily discharge, parameter 00060, statistic 00003"
04063700,2016,reference,primary,2016-07-26,26.25714285714286,30.77,50.800000000000004,7.0,"USGS NWIS daily discharge, parameter 00060, statistic 00003"
04063700,2017,reference,primary,2017-07-24,22.842857142857138,27.985714285714288,227.71428571428572,7.0,"USGS NWIS daily discharge, parameter 00060, statistic 00003"
04063700,2018,reference,primary,2018-07-06,26.54285714285714,30.628571428571426,100.97142857142856,7.0,"USGS NWIS daily discharge, parameter 00060, statistic 00003"
04063700,2019,reference,primary,2019-07-05,24.7,28.609999999999996,62.52857142857142,7.0,"USGS NWIS daily discharge, parameter 00060, statistic 00003"
04063700,2020,reference,primary,2020-07-07,25.814285714285713,31.037142857142857,155.42857142857142,7.0,"USGS NWIS daily discharge, parameter 00060, statistic 00003"
04063700,2021,reference,primary,2021-06-12,26.814285714285713,31.30857142857143,56.728571428571435,7.0,"USGS NWIS daily discharge, parameter 00060, statistic 00003"
04063700,2022,reference,primary,2022-07-22,26.371428571428574,28.91428571428571,30.171428571428574,7.0,"USGS NWIS daily discharge, parameter 00060, statistic 00003"
04063700,2023,reference,primary,2023-06-25,25.414285714285715,29.16857142857143,28.6,7.0,"USGS NWIS daily discharge, parameter 00060, statistic 00003"
04063700,2024,reference,primary,2024-08-03,25.3,29.114285714285717,43.08571428571428,7.0,"USGS NWIS daily discharge, parameter 00060, statistic 00003"
04085119,1992,reference,primary,1992-07-29,24.32857142857143,25.958571428571425,0.02428571428571429,7.0,"USGS NWIS daily discharge, parameter 00060, statistic 00003"
04085119,1993,reference,primary,1993-08-29,23.928571428571427,28.275714285714283,0.0,7.0,"USGS NWIS daily discharge, parameter 00060, statistic 00003"
04085119,1994,reference,primary,1994-06-21,26.928571428571427,29.944285714285712,0.008571428571428572,7.0,"USGS NWIS daily discharge, parameter 00060, statistic 00003"
04085119,2007,reference,primary,2007-08-13,28.2,30.925714285714285,0.0,7.0,"USGS NWIS daily discharge, parameter 00060, statistic 00003"
04124000,1997,reference,primary,1997-07-19,21.5,30.12857142857143,853.8571428571429,7.0,"USGS NWIS daily discharge, parameter 00060, statistic 00003"
04124000,1998,reference,primary,1998-07-21,22.071428571428573,29.777142857142856,826.2857142857143,7.0,"USGS NWIS daily discharge, parameter 00060, statistic 00003"
04124000,1999,reference,primary,1999-06-13,22.142857142857142,30.187142857142856,878.2857142857143,7.0,"USGS NWIS daily discharge, parameter 00060, statistic 00003"
04124000,2000,reference,primary,2000-07-17,20.928571428571427,27.290000000000003,733.0,7.0,"USGS NWIS daily discharge, parameter 00060, statistic 00003"
04124000,2001,reference,primary,2001-08-10,23.5,33.32714285714285,708.1428571428571,7.0,"USGS NWIS daily discharge, parameter 00060, statistic 00003"
04124000,2002,reference,primary,2002-07-06,23.357142857142858,30.639999999999997,899.2857142857143,7.0,"USGS NWIS daily discharge, parameter 00060, statistic 00003"
04124000,2003,reference,primary,2003-08-21,21.357142857142858,30.13714285714286,697.2857142857143,7.0,"USGS NWIS daily discharge, parameter 00060, statistic 00003"
04124000,2004,reference,primary,2004-07-23,20.428571428571427,27.58857142857143,897.5714285714286,7.0,"USGS NWIS daily discharge, parameter 00060, statistic 00003"
04124000,2005,reference,primary,2005-06-30,22.642857142857142,31.53,839.1428571428571,7.0,"USGS NWIS daily discharge, parameter 00060, statistic 00003"
04124000,2006,reference,primary,2006-08-04,22.885714285714283,31.63285714285714,990.7142857142857,7.0,"USGS NWIS daily discharge, parameter 00060, statistic 00003"
04124000,2007,reference,primary,2007-08-03,21.74285714285714,31.81714285714286,751.5714285714286,7.0,"USGS NWIS daily discharge, parameter 00060, statistic 00003"
04124000,2008,reference,primary,2008-08-05,20.82857142857143,29.47142857142857,906.4285714285714,7.0,"USGS NWIS daily discharge, parameter 00060, statistic 00003"
04124000,2009,reference,primary,2009-06-28,21.91428571428571,30.532857142857143,1037.142857142857,7.0,"USGS NWIS daily discharge, parameter 00060, statistic 00003"
04124000,2010,reference,primary,2010-07-11,22.47142857142857,30.26,845.2857142857143,7.0,"USGS NWIS daily discharge, parameter 00060, statistic 00003"
04124000,2011,reference,primary,2011-07-25,23.614285714285717,31.901428571428575,873.7142857142857,7.0,"USGS NWIS daily discharge, parameter 00060, statistic 00003"
04124000,2012,reference,primary,2012-07-08,23.542857142857144,32.809999999999995,928.0,7.0,"USGS NWIS daily discharge, parameter 00060, statistic 00003"
04124000,2014,reference,primary,2014-07-03,20.400000000000002,27.368571428571425,1117.142857142857,7.0,"USGS NWIS daily discharge, parameter 00060, statistic 00003"
04124000,2015,reference,primary,2015-07-31,21.099999999999998,30.43,871.5714285714286,7.0,"USGS NWIS daily discharge, parameter 00060, statistic 00003"
04124000,2016,reference,primary,2016-07-28,22.2,30.434285714285714,890.8571428571429,7.0,"USGS NWIS daily discharge, parameter 00060, statistic 00003"
04124000,2017,reference,primary,2017-07-24,21.12857142857143,31.71,950.7142857142857,7.0,"USGS NWIS daily discharge, parameter 00060, statistic 00003"
04124000,2018,reference,primary,2018-07-06,23.74285714285714,32.63142857142857,939.0,7.0,"USGS NWIS daily discharge, parameter 00060, statistic 00003"
04124000,2020,reference,primary,2020-07-09,23.12857142857143,32.417142857142856,1002.0,7.0,"USGS NWIS daily discharge, parameter 00060, statistic 00003"
04124000,2021,reference,primary,2021-06-12,22.25714285714286,30.821428571428573,904.4285714285714,7.0,"USGS NWIS daily discharge, parameter 00060, statistic 00003"
04124000,2023,reference,primary,2023-07-07,21.214285714285715,30.414285714285715,913.7142857142857,7.0,"USGS NWIS daily discharge, parameter 00060, statistic 00003"
04124000,2024,reference,primary,2024-07-17,21.72857142857143,29.56714285714286,943.4285714285714,7.0,"USGS NWIS daily discharge, parameter 00060, statistic 00003"
04125460,1997,reference,primary,1997-06-29,18.071428571428573,30.00142857142857,265.85714285714283,7.0,"USGS NWIS daily discharge, parameter 00060, statistic 00003"
04125460,1998,reference,primary,1998-06-29,18.357142857142858,30.0,220.42857142857142,7.0,"USGS NWIS daily discharge, parameter 00060, statistic 00003"
04125460,1999,reference,primary,1999-07-31,19.071428571428573,30.252857142857145,322.2857142857143,7.0,"USGS NWIS daily discharge, parameter 00060, statistic 00003"
04125460,2000,reference,primary,2000-07-17,17.285714285714285,27.352857142857143,206.85714285714286,7.0,"USGS NWIS daily discharge, parameter 00060, statistic 00003"
04125460,2001,reference,primary,2001-08-09,18.714285714285715,33.24142857142857,201.71428571428572,7.0,"USGS NWIS daily discharge, parameter 00060, statistic 00003"
04125460,2002,reference,primary,2002-07-07,18.714285714285715,30.735714285714284,223.14285714285714,7.0,"USGS NWIS daily discharge, parameter 00060, statistic 00003"
04125460,2003,reference,primary,2003-07-08,17.285714285714285,30.232857142857142,197.42857142857142,7.0,"USGS NWIS daily discharge, parameter 00060, statistic 00003"
04125460,2004,reference,primary,2004-07-23,16.857142857142858,27.842857142857145,282.85714285714283,7.0,"USGS NWIS daily discharge, parameter 00060, statistic 00003"
04125460,2005,reference,primary,2005-06-12,18.0,32.09285714285714,220.71428571428572,7.0,"USGS NWIS daily discharge, parameter 00060, statistic 00003"
04125460,2006,reference,primary,2006-08-04,18.842857142857145,31.602857142857143,287.14285714285717,7.0,"USGS NWIS daily discharge, parameter 00060, statistic 00003"
04125460,2007,reference,primary,2007-08-03,17.45714285714286,31.80428571428572,216.85714285714286,7.0,"USGS NWIS daily discharge, parameter 00060, statistic 00003"
04125460,2008,reference,primary,2008-06-13,17.8,29.365714285714287,761.5714285714286,7.0,"USGS NWIS daily discharge, parameter 00060, statistic 00003"
04125460,2009,reference,primary,2009-06-26,17.871428571428574,30.562857142857144,280.2857142857143,7.0,"USGS NWIS daily discharge, parameter 00060, statistic 00003"
04125460,2010,reference,primary,2010-07-27,18.02857142857143,30.495714285714286,380.57142857142856,7.0,"USGS NWIS daily discharge, parameter 00060, statistic 00003"
04125460,2011,reference,primary,2011-07-25,18.914285714285715,31.717142857142857,234.28571428571428,7.0,"USGS NWIS daily discharge, parameter 00060, statistic 00003"
04125460,2012,reference,primary,2012-07-07,19.099999999999998,33.22571428571428,223.57142857142858,7.0,"USGS NWIS daily discharge, parameter 00060, statistic 00003"
04125460,2013,reference,primary,2013-07-20,18.457142857142856,32.83714285714286,216.85714285714286,7.0,"USGS NWIS daily discharge, parameter 00060, statistic 00003"
04125460,2014,reference,primary,2014-07-03,17.485714285714284,27.58571428571429,319.42857142857144,7.0,"USGS NWIS daily discharge, parameter 00060, statistic 00003"
04125460,2015,reference,primary,2015-07-31,17.442857142857143,30.262857142857143,217.0,7.0,"USGS NWIS daily discharge, parameter 00060, statistic 00003"
04125460,2016,reference,primary,2016-07-26,18.142857142857142,30.244285714285716,238.85714285714286,7.0,"USGS NWIS daily discharge, parameter 00060, statistic 00003"
04125460,2017,reference,primary,2017-06-19,17.62857142857143,31.677142857142858,359.57142857142856,7.0,"USGS NWIS daily discharge, parameter 00060, statistic 00003"
04125460,2018,reference,primary,2018-07-06,19.47142857142857,32.392857142857146,223.14285714285714,7.0,"USGS NWIS daily discharge, parameter 00060, statistic 00003"
04125460,2019,reference,primary,2019-07-09,17.87142857142857,30.111428571428572,269.2857142857143,7.0,"USGS NWIS daily discharge, parameter 00060, statistic 00003"
04125460,2020,reference,primary,2020-07-08,18.842857142857145,32.58714285714286,248.28571428571428,7.0,"USGS NWIS daily discharge, parameter 00060, statistic 00003"
04125460,2021,reference,primary,2021-08-14,18.914285714285715,30.66142857142857,480.0,7.0,"USGS NWIS daily discharge, parameter 00060, statistic 00003"
04125460,2022,reference,primary,2022-07-24,18.228571428571428,29.865714285714287,213.71428571428572,7.0,"USGS NWIS daily discharge, parameter 00060, statistic 00003"
04125460,2023,reference,primary,2023-07-06,17.74285714285714,30.599999999999998,201.57142857142858,7.0,"USGS NWIS daily discharge, parameter 00060, statistic 00003"
04125460,2024,reference,primary,2024-06-25,18.642857142857142,29.25857142857143,416.57142857142856,7.0,"USGS NWIS daily discharge, parameter 00060, statistic 00003"
04136000,1997,reference,primary,1997-06-30,21.571428571428573,30.398571428571422,694.1428571428571,7.0,"USGS NWIS daily discharge, parameter 00060, statistic 00003"
04136000,1998,reference,primary,1998-07-20,21.714285714285715,30.388571428571424,570.8571428571429,7.0,"USGS NWIS daily discharge, parameter 00060, statistic 00003"
04136000,1999,reference,primary,1999-06-12,22.357142857142858,30.168571428571425,654.7142857142857,7.0,"USGS NWIS daily discharge, parameter 00060, statistic 00003"
04136000,2000,reference,primary,2000-07-07,20.071428571428573,26.627142857142854,567.0,7.0,"USGS NWIS daily discharge, parameter 00060, statistic 00003"
04136000,2001,reference,primary,2001-08-09,23.0,33.61,501.42857142857144,7.0,"USGS NWIS daily discharge, parameter 00060, statistic 00003"
04136000,2002,reference,primary,2002-07-05,23.357142857142858,31.465714285714288,599.4285714285714,7.0,"USGS NWIS daily discharge, parameter 00060, statistic 00003"
04136000,2003,reference,primary,2003-08-19,21.285714285714285,29.715714285714284,487.14285714285717,7.0,"USGS NWIS daily discharge, parameter 00060, statistic 00003"
04136000,2004,reference,primary,2004-07-23,20.285714285714285,27.73,679.5714285714286,7.0,"USGS NWIS daily discharge, parameter 00060, statistic 00003"
04136000,2005,reference,primary,2005-06-30,22.357142857142858,31.669999999999998,599.0,7.0,"USGS NWIS daily discharge, parameter 00060, statistic 00003"
04136000,2006,reference,primary,2006-08-03,22.814285714285713,31.78142857142857,804.8571428571429,7.0,"USGS NWIS daily discharge, parameter 00060, statistic 00003"
04136000,2007,reference,primary,2007-06-19,21.5,32.08428571428571,731.1428571428571,7.0,"USGS NWIS daily discharge, parameter 00060, statistic 00003"
04136000,2008,reference,primary,2008-08-01,20.785714285714285,28.06,681.1428571428571,7.0,"USGS NWIS daily discharge, parameter 00060, statistic 00003"
04136000,2009,reference,primary,2009-06-27,21.5,30.33285714285714,690.0,7.0,"USGS NWIS daily discharge, parameter 00060, statistic 00003"
04136000,2010,reference,primary,2010-07-10,21.985714285714284,30.268571428571427,568.0,7.0,"USGS NWIS daily discharge, parameter 00060, statistic 00003"
04136000,2011,reference,primary,2011-07-23,23.728571428571428,32.86714285714286,532.0,7.0,"USGS NWIS daily discharge, parameter 00060, statistic 00003"
04136000,2012,reference,primary,2012-07-10,22.657142857142855,32.245714285714286,560.7142857142857,7.0,"USGS NWIS daily discharge, parameter 00060, statistic 00003"
04136000,2013,reference,primary,2013-07-20,22.957142857142856,32.5,610.8571428571429,7.0,"USGS NWIS daily discharge, parameter 00060, statistic 00003"
04136000,2014,reference,primary,2014-07-03,20.25714285714286,27.197142857142858,787.7142857142857,7.0,"USGS NWIS daily discharge, parameter 00060, statistic 00003"
04136000,2015,reference,primary,2015-08-20,21.057142857142857,30.83285714285714,672.7142857142857,7.0,"USGS NWIS daily discharge, parameter 00060, statistic 00003"
04136000,2016,reference,primary,2016-07-28,21.571428571428573,30.645714285714288,647.8571428571429,7.0,"USGS NWIS daily discharge, parameter 00060, statistic 00003"
04136000,2017,reference,primary,2017-06-17,20.514285714285712,31.232857142857142,892.2857142857143,7.0,"USGS NWIS daily discharge, parameter 00060, statistic 00003"
04136000,2018,reference,primary,2018-07-06,23.557142857142857,33.17,689.2857142857143,7.0,"USGS NWIS daily discharge, parameter 00060, statistic 00003"
04136000,2019,reference,primary,2019-07-20,20.942857142857143,29.141428571428573,848.5714285714286,7.0,"USGS NWIS daily discharge, parameter 00060, statistic 00003"
04136000,2020,reference,primary,2020-07-09,22.6,33.17714285714286,737.2857142857143,7.0,"USGS NWIS daily discharge, parameter 00060, statistic 00003"
04136000,2021,reference,primary,2021-06-13,21.099999999999998,31.178571428571427,644.8571428571429,7.0,"USGS NWIS daily discharge, parameter 00060, statistic 00003"
04136000,2022,reference,primary,2022-07-24,21.400000000000002,31.232857142857142,588.1428571428571,7.0,"USGS NWIS daily discharge, parameter 00060, statistic 00003"
04136000,2023,reference,primary,2023-07-06,20.942857142857143,30.904285714285713,688.5714285714286,7.0,"USGS NWIS daily discharge, parameter 00060, statistic 00003"
04136000,2024,reference,primary,2024-08-04,21.285714285714285,29.66,696.5714285714286,7.0,"USGS NWIS daily discharge, parameter 00060, statistic 00003"
05057000,2001,reference,primary,2001-08-09,28.22857142857143,33.03285714285715,489.2857142857143,7.0,"USGS NWIS daily discharge, parameter 00060, statistic 00003"
05057000,2002,reference,primary,2002-07-21,28.38571428571429,31.694285714285712,107.0,7.0,"USGS NWIS daily discharge, parameter 00060, statistic 00003"
05057000,2004,reference,primary,2004-07-17,25.242857142857144,28.762857142857143,232.14285714285714,7.0,"USGS NWIS daily discharge, parameter 00060, statistic 00003"
05057000,2005,reference,primary,2005-07-16,27.314285714285717,30.240000000000002,964.8571428571429,7.0,"USGS NWIS daily discharge, parameter 00060, statistic 00003"
05057000,2006,reference,primary,2006-07-18,27.357142857142858,33.87571428571429,29.25714285714286,7.0,"USGS NWIS daily discharge, parameter 00060, statistic 00003"
05057000,2007,reference,primary,2007-07-29,28.52857142857143,31.199999999999996,49.142857142857146,7.0,"USGS NWIS daily discharge, parameter 00060, statistic 00003"
05057000,2008,reference,primary,2008-08-03,25.671428571428574,29.305714285714284,38.714285714285715,7.0,"USGS NWIS daily discharge, parameter 00060, statistic 00003"
05057000,2009,reference,primary,2009-08-17,24.928571428571427,29.548571428571428,187.0,7.0,"USGS NWIS daily discharge, parameter 00060, statistic 00003"
05057000,2010,reference,primary,2010-08-13,27.08571428571429,30.141428571428573,318.85714285714283,7.0,"USGS NWIS daily discharge, parameter 00060, statistic 00003"
05057000,2011,reference,primary,2011-07-23,26.857142857142858,30.194285714285716,774.0,7.0,"USGS NWIS daily discharge, parameter 00060, statistic 00003"
05057000,2012,reference,primary,2012-07-22,28.3,31.31714285714286,400.7142857142857,7.0,"USGS NWIS daily discharge, parameter 00060, statistic 00003"
05057000,2013,reference,primary,2013-07-09,26.814285714285717,31.972857142857144,820.8571428571429,7.0,"USGS NWIS daily discharge, parameter 00060, statistic 00003"
05057000,2015,reference,primary,2015-07-28,26.38571428571429,31.625714285714285,769.7142857142857,7.0,"USGS NWIS daily discharge, parameter 00060, statistic 00003"
05057000,2016,reference,primary,2016-07-26,26.72857142857143,29.785714285714285,530.2857142857143,7.0,"USGS NWIS daily discharge, parameter 00060, statistic 00003"
05057000,2017,reference,primary,2017-07-12,26.88571428571429,30.051428571428573,644.1428571428571,7.0,"USGS NWIS daily discharge, parameter 00060, statistic 00003"
05057000,2018,reference,primary,2018-07-15,27.7,31.75857142857143,502.0,7.0,"USGS NWIS daily discharge, parameter 00060, statistic 00003"
05057000,2019,reference,primary,2019-07-19,27.45714285714286,29.210000000000004,591.0,7.0,"USGS NWIS daily discharge, parameter 00060, statistic 00003"
05057000,2020,reference,primary,2020-07-09,27.257142857142856,30.99285714285714,995.7142857142857,7.0,"USGS NWIS daily discharge, parameter 00060, statistic 00003"
05057000,2021,reference,primary,2021-07-28,28.285714285714285,33.207142857142856,98.58571428571427,7.0,"USGS NWIS daily discharge, parameter 00060, statistic 00003"
05057000,2022,reference,primary,2022-07-22,26.942857142857143,30.845714285714287,504.7142857142857,7.0,"USGS NWIS daily discharge, parameter 00060, statistic 00003"
05057000,2023,reference,primary,2023-06-09,26.7,31.91142857142857,500.0,7.0,"USGS NWIS daily discharge, parameter 00060, statistic 00003"
05057000,2024,reference,primary,2024-08-03,26.842857142857145,29.430000000000003,654.7142857142857,7.0,"USGS NWIS daily discharge, parameter 00060, statistic 00003"
06036805,2007,reference,primary,2007-07-11,22.071428571428573,29.865714285714287,39.542857142857144,7.0,"USGS NWIS daily discharge, parameter 00060, statistic 00003"
06036805,2008,reference,primary,2008-07-27,18.785714285714285,26.51142857142857,66.88571428571427,7.0,"USGS NWIS daily discharge, parameter 00060, statistic 00003"
06036805,2009,reference,primary,2009-07-23,18.142857142857142,25.857142857142858,64.82857142857144,7.0,"USGS NWIS daily discharge, parameter 00060, statistic 00003"
06036805,2010,reference,primary,2010-08-02,20.428571428571427,26.02285714285714,44.31428571428571,7.0,"USGS NWIS daily discharge, parameter 00060, statistic 00003"
06036805,2011,reference,primary,2011-07-29,16.285714285714285,26.909999999999997,102.15714285714286,7.0,"USGS NWIS daily discharge, parameter 00060, statistic 00003"
06036805,2012,reference,primary,2012-08-02,18.685714285714287,27.04571428571429,60.4,7.0,"USGS NWIS daily discharge, parameter 00060, statistic 00003"
06036805,2014,reference,primary,2014-07-12,19.114285714285717,26.365714285714287,72.45714285714286,7.0,"USGS NWIS daily discharge, parameter 00060, statistic 00003"
06036805,2015,reference,primary,2015-07-02,22.099999999999998,28.375714285714285,42.471428571428575,7.0,"USGS NWIS daily discharge, parameter 00060, statistic 00003"
06036805,2016,reference,primary,2016-07-24,21.414285714285715,27.46,36.871428571428574,7.0,"USGS NWIS daily discharge, parameter 00060, statistic 00003"
06036805,2017,reference,primary,2017-07-19,18.37142857142857,27.27142857142857,83.72857142857143,7.0,"USGS NWIS daily discharge, parameter 00060, statistic 00003"
06036805,2018,reference,primary,2018-07-13,18.357142857142858,28.177142857142858,91.75714285714287,7.0,"USGS NWIS daily discharge, parameter 00060, statistic 00003"
06036805,2019,reference,primary,2019-07-17,18.614285714285717,26.54,72.55714285714286,7.0,"USGS NWIS daily discharge, parameter 00060, statistic 00003"
06036805,2020,reference,primary,2020-08-05,19.5,27.53714285714286,50.614285714285714,7.0,"USGS NWIS daily discharge, parameter 00060, statistic 00003"
06036805,2021,reference,primary,2021-07-22,21.285714285714285,28.02142857142857,37.42857142857143,7.0,"USGS NWIS daily discharge, parameter 00060, statistic 00003"
06036805,2022,reference,primary,2022-07-16,20.0,28.70285714285714,50.32857142857142,7.0,"USGS NWIS daily discharge, parameter 00060, statistic 00003"
06036805,2023,reference,primary,2023-07-25,18.885714285714283,27.139999999999997,64.48571428571428,7.0,"USGS NWIS daily discharge, parameter 00060, statistic 00003"
06036805,2024,reference,primary,2024-07-24,19.87142857142857,28.364285714285717,51.41428571428571,7.0,"USGS NWIS daily discharge, parameter 00060, statistic 00003"
06036905,2003,reference,primary,2003-07-24,28.357142857142858,30.37,239.28571428571428,7.0,"USGS NWIS daily discharge, parameter 00060, statistic 00003"
06036905,2004,reference,primary,2004-07-20,27.357142857142858,26.692857142857143,267.85714285714283,7.0,"USGS NWIS daily discharge, parameter 00060, statistic 00003"
06036905,2005,reference,primary,2005-07-17,27.714285714285715,26.607142857142858,252.71428571428572,7.0,"USGS NWIS daily discharge, parameter 00060, statistic 00003"
06036905,2006,reference,primary,2006-07-22,27.928571428571427,28.835714285714285,271.7142857142857,7.0,"USGS NWIS daily discharge, parameter 00060, statistic 00003"
06036905,2007,reference,primary,2007-07-09,28.571428571428573,30.115714285714287,232.57142857142858,7.0,"USGS NWIS daily discharge, parameter 00060, statistic 00003"
06036905,2008,reference,primary,2008-07-26,26.428571428571427,26.664285714285715,293.14285714285717,7.0,"USGS NWIS daily discharge, parameter 00060, statistic 00003"
06036905,2009,reference,primary,2009-07-23,26.642857142857142,26.045714285714286,287.2857142857143,7.0,"USGS NWIS daily discharge, parameter 00060, statistic 00003"
06036905,2010,reference,primary,2010-08-02,27.214285714285715,26.27857142857143,236.42857142857142,7.0,"USGS NWIS daily discharge, parameter 00060, statistic 00003"
06036905,2011,reference,primary,2011-08-28,24.857142857142858,27.29,314.2857142857143,7.0,"USGS NWIS daily discharge, parameter 00060, statistic 00003"
06036905,2012,reference,primary,2012-07-25,26.514285714285716,27.435714285714287,295.57142857142856,7.0,"USGS NWIS daily discharge, parameter 00060, statistic 00003"
06036905,2013,reference,primary,2013-07-04,28.58571428571429,28.742857142857144,260.7142857142857,7.0,"USGS NWIS daily discharge, parameter 00060, statistic 00003"
06036905,2014,reference,primary,2014-07-12,27.371428571428574,26.704285714285714,296.42857142857144,7.0,"USGS NWIS daily discharge, parameter 00060, statistic 00003"
06036905,2015,reference,primary,2015-07-02,29.414285714285715,28.88714285714286,233.42857142857142,7.0,"USGS NWIS daily discharge, parameter 00060, statistic 00003"
06036905,2016,reference,primary,2016-07-02,27.614285714285717,27.802857142857142,215.0,7.0,"USGS NWIS daily discharge, parameter 00060, statistic 00003"
06036905,2017,reference,primary,2017-07-18,26.971428571428568,27.782857142857143,294.42857142857144,7.0,"USGS NWIS daily discharge, parameter 00060, statistic 00003"
06036905,2018,reference,primary,2018-07-15,26.7,28.481428571428573,334.2857142857143,7.0,"USGS NWIS daily discharge, parameter 00060, statistic 00003"
06036905,2019,reference,primary,2019-08-05,26.742857142857144,26.685714285714283,260.57142857142856,7.0,"USGS NWIS daily discharge, parameter 00060, statistic 00003"
06036905,2020,reference,primary,2020-08-05,26.142857142857142,27.774285714285714,256.7142857142857,7.0,"USGS NWIS daily discharge, parameter 00060, statistic 00003"
06036905,2021,reference,primary,2021-07-04,27.857142857142858,28.381428571428568,225.14285714285714,7.0,"USGS NWIS daily discharge, parameter 00060, statistic 00003"
06036905,2022,reference,primary,2022-07-31,28.057142857142857,29.06714285714286,222.0,7.0,"USGS NWIS daily discharge, parameter 00060, statistic 00003"
06036905,2023,reference,primary,2023-07-24,27.485714285714288,27.517142857142858,260.42857142857144,7.0,"USGS NWIS daily discharge, parameter 00060, statistic 00003"
06036905,2024,reference,primary,2024-08-07,27.11428571428571,28.767142857142858,239.57142857142858,7.0,"USGS NWIS daily discharge, parameter 00060, statistic 00003"
06037100,2003,reference,primary,2003-07-24,24.714285714285715,31.948571428571427,103.0,7.0,"USGS NWIS daily discharge, parameter 00060, statistic 00003"
06037100,2004,reference,primary,2004-07-20,24.285714285714285,28.211428571428574,103.84285714285716,7.0,"USGS NWIS daily discharge, parameter 00060, statistic 00003"
06037100,2005,reference,primary,2005-07-20,23.571428571428573,28.014285714285712,104.17142857142858,7.0,"USGS NWIS daily discharge, parameter 00060, statistic 00003"
06037100,2006,reference,primary,2006-07-22,24.714285714285715,30.34142857142857,116.42857142857143,7.0,"USGS NWIS daily discharge, parameter 00060, statistic 00003"
06037100,2007,reference,primary,2007-07-09,25.5,31.535714285714285,76.12857142857142,7.0,"USGS NWIS daily discharge, parameter 00060, statistic 00003"
06037100,2008,reference,primary,2008-07-27,22.571428571428573,28.04285714285714,147.42857142857142,7.0,"USGS NWIS daily discharge, parameter 00060, statistic 00003"
06037100,2009,reference,primary,2009-07-23,23.214285714285715,27.31857142857143,124.57142857142857,7.0,"USGS NWIS daily discharge, parameter 00060, statistic 00003"
06037100,2010,reference,primary,2010-08-02,23.571428571428573,27.638571428571428,97.05714285714285,7.0,"USGS NWIS daily discharge, parameter 00060, statistic 00003"
06037100,2011,reference,primary,2011-08-29,21.714285714285715,28.71142857142857,130.42857142857142,7.0,"USGS NWIS daily discharge, parameter 00060, statistic 00003"
06037100,2013,reference,primary,2013-07-04,25.628571428571426,30.16142857142857,88.27142857142857,7.0,"USGS NWIS daily discharge, parameter 00060, statistic 00003"
06037100,2014,reference,primary,2014-07-12,23.75714285714286,28.057142857142853,134.85714285714286,7.0,"USGS NWIS daily discharge, parameter 00060, statistic 00003"
06037500,1985,reference,primary,1985-07-10,24.042857142857144,29.75714285714286,441.57142857142856,7.0,"USGS NWIS daily discharge, parameter 00060, statistic 00003"
06037500,2015,reference,primary,2015-07-02,27.128571428571426,31.08428571428572,362.2857142857143,7.0,"USGS NWIS daily discharge, parameter 00060, statistic 00003"
06037500,2016,reference,primary,2016-07-02,24.814285714285717,30.03,326.57142857142856,7.0,"USGS NWIS daily discharge, parameter 00060, statistic 00003"
06037500,2017,reference,primary,2017-07-18,24.67142857142857,30.044285714285714,488.14285714285717,7.0,"USGS NWIS daily discharge, parameter 00060, statistic 00003"
06037500,2018,reference,primary,2018-07-15,24.457142857142856,30.512857142857143,576.5714285714286,7.0,"USGS NWIS daily discharge, parameter 00060, statistic 00003"
06037500,2019,reference,primary,2019-08-05,24.442857142857143,28.879999999999995,426.2857142857143,7.0,"USGS NWIS daily discharge, parameter 00060, statistic 00003"
06037500,2020,reference,primary,2020-08-05,25.071428571428573,29.821428571428573,401.42857142857144,7.0,"USGS NWIS daily discharge, parameter 00060, statistic 00003"
06037500,2021,reference,primary,2021-07-04,25.599999999999998,30.31,364.7142857142857,7.0,"USGS NWIS daily discharge, parameter 00060, statistic 00003"
06037500,2022,reference,primary,2022-08-17,25.37142857142857,30.81714285714285,362.42857142857144,7.0,"USGS NWIS daily discharge, parameter 00060, statistic 00003"
06037500,2023,reference,primary,2023-07-25,24.728571428571428,29.487142857142857,402.85714285714283,7.0,"USGS NWIS daily discharge, parameter 00060, statistic 00003"
06037500,2024,reference,primary,2024-07-23,25.214285714285715,30.955714285714286,351.57142857142856,7.0,"USGS NWIS daily discharge, parameter 00060, statistic 00003"
06073500,1994,reference,primary,1994-07-27,25.714285714285715,33.21714285714285,89.42857142857143,7.0,"USGS NWIS daily discharge, parameter 00060, statistic 00003"
06073500,1995,reference,primary,1995-08-28,22.785714285714285,30.622857142857146,52.714285714285715,7.0,"USGS NWIS daily discharge, parameter 00060, statistic 00003"
06073500,1996,reference,primary,1996-08-01,23.642857142857142,32.99,62.142857142857146,7.0,"USGS NWIS daily discharge, parameter 00060, statistic 00003"
06073500,1997,reference,primary,1997-08-03,22.785714285714285,30.41857142857143,130.0,7.0,"USGS NWIS daily discharge, parameter 00060, statistic 00003"
06073500,1998,reference,primary,1998-08-16,23.714285714285715,34.06142857142857,79.14285714285714,7.0,"USGS NWIS daily discharge, parameter 00060, statistic 00003"
06073500,1999,reference,primary,1999-08-23,23.857142857142858,31.708571428571428,55.57142857142857,7.0,"USGS NWIS daily discharge, parameter 00060, statistic 00003"
06073500,2000,reference,primary,2000-08-02,27.5,35.57285714285714,13.285714285714286,7.0,"USGS NWIS daily discharge, parameter 00060, statistic 00003"
06073500,2001,reference,primary,2001-08-12,24.5,32.221428571428575,50.857142857142854,7.0,"USGS NWIS daily discharge, parameter 00060, statistic 00003"
06073500,2002,reference,primary,2002-07-18,23.857142857142858,36.12428571428571,151.71428571428572,7.0,"USGS NWIS daily discharge, parameter 00060, statistic 00003"
06073500,2003,reference,primary,2003-07-22,27.285714285714285,36.66285714285714,47.971428571428575,7.0,"USGS NWIS daily discharge, parameter 00060, statistic 00003"
06187915,2004,reference,primary,2004-08-14,15.214285714285714,25.997142857142858,27.157142857142855,7.0,"USGS NWIS daily discharge, parameter 00060, statistic 00003"
06187915,2005,reference,primary,2005-08-07,15.642857142857142,26.237142857142857,29.685714285714287,7.0,"USGS NWIS daily discharge, parameter 00060, statistic 00003"
06187915,2006,reference,primary,2006-08-11,15.785714285714286,28.04,24.442857142857147,7.0,"USGS NWIS daily discharge, parameter 00060, statistic 00003"
06187915,2007,reference,primary,2007-07-24,16.714285714285715,29.994285714285713,40.95714285714286,7.0,"USGS NWIS daily discharge, parameter 00060, statistic 00003"
06187915,2008,reference,primary,2008-08-20,13.642857142857142,26.198571428571427,43.685714285714276,7.0,"USGS NWIS daily discharge, parameter 00060, statistic 00003"
06187915,2009,reference,primary,2009-08-27,14.5,24.835714285714285,25.314285714285713,7.0,"USGS NWIS daily discharge, parameter 00060, statistic 00003"
06188000,2015,reference,primary,2015-07-05,20.342857142857145,31.412857142857145,731.4285714285714,7.0,"USGS NWIS daily discharge, parameter 00060, statistic 00003"
06188000,2016,reference,primary,2016-08-03,19.842857142857145,30.50714285714286,229.14285714285714,7.0,"USGS NWIS daily discharge, parameter 00060, statistic 00003"
06188000,2018,reference,primary,2018-08-13,19.042857142857144,31.244285714285716,341.85714285714283,7.0,"USGS NWIS daily discharge, parameter 00060, statistic 00003"
06188000,2019,reference,primary,2019-08-08,19.085714285714285,29.315714285714282,426.42857142857144,7.0,"USGS NWIS daily discharge, parameter 00060, statistic 00003"
06188000,2020,reference,primary,2020-08-05,19.82857142857143,31.045714285714286,408.2857142857143,7.0,"USGS NWIS daily discharge, parameter 00060, statistic 00003"
06188000,2023,reference,primary,2023-08-19,19.657142857142855,29.74285714285714,239.0,7.0,"USGS NWIS daily discharge, parameter 00060, statistic 00003"
06188000,2024,reference,primary,2024-08-07,20.314285714285717,31.231428571428573,242.57142857142858,7.0,"USGS NWIS daily discharge, parameter 00060, statistic 00003"
06191500,2017,reference,primary,2017-08-06,19.25714285714286,32.81857142857143,4682.857142857143,7.0,"USGS NWIS daily discharge, parameter 00060, statistic 00003"
06191500,2018,reference,primary,2018-08-15,20.17142857142857,33.37571428571429,3367.1428571428573,7.0,"USGS NWIS daily discharge, parameter 00060, statistic 00003"
06191500,2019,reference,primary,2019-08-09,19.585714285714285,31.16714285714286,3584.285714285714,7.0,"USGS NWIS daily discharge, parameter 00060, statistic 00003"
06191500,2020,reference,primary,2020-08-07,20.514285714285712,32.029999999999994,3775.714285714286,7.0,"USGS NWIS daily discharge, parameter 00060, statistic 00003"
06191500,2021,reference,primary,2021-08-03,21.742857142857144,32.708571428571425,2174.285714285714,7.0,"USGS NWIS daily discharge, parameter 00060, statistic 00003"
06191500,2022,reference,primary,2022-08-17,20.857142857142858,33.822857142857146,3134.285714285714,7.0,"USGS NWIS daily discharge, parameter 00060, statistic 00003"
06623800,2013,reference,primary,2013-07-22,19.485714285714288,26.36285714285714,51.24285714285714,7.0,"USGS NWIS daily discharge, parameter 00060, statistic 00003"
06623800,2014,reference,primary,2014-07-28,18.67142857142857,25.91,80.32857142857142,7.0,"USGS NWIS daily discharge, parameter 00060, statistic 00003"
06623800,2015,reference,primary,2015-08-01,18.900000000000002,25.254285714285714,52.214285714285715,7.0,"USGS NWIS daily discharge, parameter 00060, statistic 00003"
06623800,2016,reference,primary,2016-07-30,19.45714285714286,26.062857142857144,49.51428571428572,7.0,"USGS NWIS daily discharge, parameter 00060, statistic 00003"
06623800,2017,reference,primary,2017-07-23,19.2,26.692857142857143,72.87142857142857,7.0,"USGS NWIS daily discharge, parameter 00060, statistic 00003"
06623800,2018,reference,primary,2018-07-24,20.314285714285713,27.725714285714282,46.6,7.0,"USGS NWIS daily discharge, parameter 00060, statistic 00003"
06623800,2019,reference,primary,2019-08-10,18.27142857142857,25.92142857142857,68.62857142857142,7.0,"USGS NWIS daily discharge, parameter 00060, statistic 00003"
06623800,2020,reference,primary,2020-07-21,19.814285714285713,27.46142857142857,51.15714285714285,7.0,"USGS NWIS daily discharge, parameter 00060, statistic 00003"
06623800,2021,reference,primary,2021-07-25,20.45714285714286,27.75857142857143,42.57142857142857,7.0,"USGS NWIS daily discharge, parameter 00060, statistic 00003"
06623800,2022,reference,primary,2022-08-10,20.17142857142857,27.274285714285718,39.05714285714286,7.0,"USGS NWIS daily discharge, parameter 00060, statistic 00003"
06623800,2024,reference,primary,2024-08-06,20.2,27.638571428571428,41.142857142857146,7.0,"USGS NWIS daily discharge, parameter 00060, statistic 00003"
06914990,2011,reference,primary,2011-08-03,30.557142857142857,38.277142857142856,0.5814285714285715,7.0,"USGS NWIS daily discharge, parameter 00060, statistic 00003"
06914990,2019,reference,primary,2019-07-21,28.75714285714286,32.97571428571429,3.827142857142857,7.0,"USGS NWIS daily discharge, parameter 00060, statistic 00003"
06914990,2020,reference,primary,2020-07-29,27.014285714285716,33.66571428571429,13.367142857142856,7.0,"USGS NWIS daily discharge, parameter 00060, statistic 00003"
06914990,2021,reference,primary,2021-08-29,27.45714285714286,35.22,2.672857142857143,7.0,"USGS NWIS daily discharge, parameter 00060, statistic 00003"
07014000,2012,reference,primary,2012-07-25,28.014285714285712,39.09571428571428,35.55714285714286,7.0,"USGS NWIS daily discharge, parameter 00060, statistic 00003"
07014000,2013,reference,primary,2013-08-31,26.3,34.41428571428572,88.17142857142858,7.0,"USGS NWIS daily discharge, parameter 00060, statistic 00003"
07014000,2014,reference,primary,2014-08-27,27.828571428571426,35.972857142857144,39.514285714285684,7.0,"USGS NWIS daily discharge, parameter 00060, statistic 00003"
07014000,2015,reference,primary,2015-07-18,25.88571428571429,32.955714285714286,281.85714285714283,7.0,"USGS NWIS daily discharge, parameter 00060, statistic 00003"
07014000,2016,reference,primary,2016-07-25,27.12857142857143,34.37,95.04285714285716,7.0,"USGS NWIS daily discharge, parameter 00060, statistic 00003"
07014000,2018,reference,primary,2018-07-06,27.071428571428573,34.82,94.91428571428571,7.0,"USGS NWIS daily discharge, parameter 00060, statistic 00003"
07014000,2019,reference,primary,2019-07-13,25.714285714285715,33.34428571428571,158.0,7.0,"USGS NWIS daily discharge, parameter 00060, statistic 00003"
07014000,2020,reference,primary,2020-07-19,26.599999999999998,33.40857142857143,130.28571428571428,7.0,"USGS NWIS daily discharge, parameter 00060, statistic 00003"
07014000,2021,reference,primary,2021-08-28,25.714285714285715,34.64142857142857,91.5142857142857,7.0,"USGS NWIS daily discharge, parameter 00060, statistic 00003"
07014000,2022,reference,primary,2022-07-24,26.900000000000002,37.15714285714286,92.71428571428571,7.0,"USGS NWIS daily discharge, parameter 00060, statistic 00003"
07014000,2023,reference,primary,2023-07-31,25.985714285714288,36.137142857142855,57.185714285714276,7.0,"USGS NWIS daily discharge, parameter 00060, statistic 00003"
07014000,2024,reference,primary,2024-08-06,26.87142857142857,33.89714285714286,71.18571428571428,7.0,"USGS NWIS daily discharge, parameter 00060, statistic 00003"
07056515,2000,reference,primary,2000-09-04,29.042857142857144,40.902857142857144,5.957142857142857,7.0,"USGS NWIS daily discharge, parameter 00060, statistic 00003"
07056515,2001,reference,primary,2001-07-12,28.042857142857144,35.589999999999996,8.642857142857142,7.0,"USGS NWIS daily discharge, parameter 00060, statistic 00003"
07056515,2002,reference,primary,2002-06-16,21.442857142857143,34.71857142857142,54.028571428571425,7.0,"USGS NWIS daily discharge, parameter 00060, statistic 00003"
07056515,2003,reference,primary,2003-06-21,21.185714285714283,36.02428571428572,97.6857142857143,7.0,"USGS NWIS daily discharge, parameter 00060, statistic 00003"
07056515,2004,reference,primary,2004-07-12,23.757142857142856,32.58142857142857,43.68571428571455,7.0,"USGS NWIS daily discharge, parameter 00060, statistic 00003"
07056515,2005,reference,primary,2005-05-15,18.114285714285714,36.621428571428574,32.98571428571448,7.0,"USGS NWIS daily discharge, parameter 00060, statistic 00003"
07056515,2007,reference,primary,2007-07-09,22.485714285714284,38.64857142857143,39.42857142857155,7.0,"USGS NWIS daily discharge, parameter 00060, statistic 00003"
07056515,2008,reference,primary,2008-07-15,24.24285714285714,35.75285714285714,84.8,7.0,"USGS NWIS daily discharge, parameter 00060, statistic 00003"
07056515,2009,reference,primary,2009-08-08,24.871428571428574,35.25,67.19999999999999,7.0,"USGS NWIS daily discharge, parameter 00060, statistic 00003"
07056515,2010,reference,primary,2010-07-19,25.04285714285714,37.25142857142857,50.08571428571428,7.0,"USGS NWIS daily discharge, parameter 00060, statistic 00003"
07056515,2011,reference,primary,2011-06-04,22.071428571428573,40.01571428571429,179.28571428571428,7.0,"USGS NWIS daily discharge, parameter 00060, statistic 00003"
07056515,2012,reference,primary,2012-08-07,20.042857142857144,39.63285714285714,13.635714285714286,7.0,"USGS NWIS daily discharge, parameter 00060, statistic 00003"
07056515,2013,reference,primary,2013-08-11,22.67142857142857,34.432857142857145,274.81428571428575,7.0,"USGS NWIS daily discharge, parameter 00060, statistic 00003"
07056515,2014,reference,primary,2014-07-04,24.0,35.832857142857144,131.1142857142857,7.0,"USGS NWIS daily discharge, parameter 00060, statistic 00003"
07056515,2015,reference,primary,2015-07-15,25.528571428571432,34.23857142857143,123.31428571428572,7.0,"USGS NWIS daily discharge, parameter 00060, statistic 00003"
07061270,2006,reference,primary,2006-07-21,34.55714285714286,34.885714285714286,1.707142857142987,7.0,"USGS NWIS daily discharge, parameter 00060, statistic 00003"
07061270,2007,reference,primary,2007-08-12,35.17142857142857,38.614285714285714,1.8314285714287013,7.0,"USGS NWIS daily discharge, parameter 00060, statistic 00003"
07061270,2008,reference,primary,2008-08-05,31.442857142857143,33.15428571428572,8.498571428571557,7.0,"USGS NWIS daily discharge, parameter 00060, statistic 00003"
07061270,2009,reference,primary,2009-08-11,31.828571428571426,34.332857142857144,4.358571428571559,7.0,"USGS NWIS daily discharge, parameter 00060, statistic 00003"
07061270,2010,reference,primary,2010-07-20,32.471428571428575,35.93142857142857,7.308571428571559,7.0,"USGS NWIS daily discharge, parameter 00060, statistic 00003"
07061270,2011,reference,primary,2011-08-03,35.07142857142857,36.779999999999994,2.7571428571429872,7.0,"USGS NWIS daily discharge, parameter 00060, statistic 00003"
07061270,2012,reference,primary,2012-07-28,34.214285714285715,38.91428571428571,0.47714285714299515,7.0,"USGS NWIS daily discharge, parameter 00060, statistic 00003"
07061270,2013,reference,primary,2013-07-23,31.5,33.32714285714286,5.748571428571656,7.0,"USGS NWIS daily discharge, parameter 00060, statistic 00003"
07061270,2014,reference,primary,2014-08-26,32.97142857142857,36.25857142857143,2.1742857142859418,7.0,"USGS NWIS daily discharge, parameter 00060, statistic 00003"
07061270,2015,reference,primary,2015-08-02,30.97142857142857,32.79142857142857,12.881428571428831,7.0,"USGS NWIS daily discharge, parameter 00060, statistic 00003"
07061270,2016,reference,primary,2016-08-30,29.671428571428574,34.08857142857143,16.75714285714312,7.0,"USGS NWIS daily discharge, parameter 00060, statistic 00003"
07061270,2018,reference,primary,2018-07-16,30.885714285714283,34.17,5.538571428571688,7.0,"USGS NWIS daily discharge, parameter 00060, statistic 00003"
07061270,2020,reference,primary,2020-07-16,31.67142857142857,33.292857142857144,5.662857142857403,7.0,"USGS NWIS daily discharge, parameter 00060, statistic 00003"
07061270,2021,reference,primary,2021-08-13,29.642857142857142,33.98428571428572,9.807142857143125,7.0,"USGS NWIS daily discharge, parameter 00060, statistic 00003"
07061270,2023,reference,primary,2023-07-29,31.071428571428573,35.51428571428571,5.468571428571819,7.0,"USGS NWIS daily discharge, parameter 00060, statistic 00003"
07144780,2000,reference,primary,2000-07-18,36.65714285714286,40.037142857142854,26.571428571428573,7.0,"USGS NWIS daily discharge, parameter 00060, statistic 00003"
07144780,2001,reference,primary,2001-08-07,36.22857142857143,40.32,20.0,7.0,"USGS NWIS daily discharge, parameter 00060, statistic 00003"
07144780,2002,reference,primary,2002-08-02,36.15714285714286,36.537142857142854,14.571428571428571,7.0,"USGS NWIS daily discharge, parameter 00060, statistic 00003"
07144780,2003,reference,primary,2003-07-14,34.4,39.34428571428571,30.285714285714285,7.0,"USGS NWIS daily discharge, parameter 00060, statistic 00003"
07144780,2004,reference,primary,2004-07-19,34.114285714285714,35.04571428571428,69.28571428571429,7.0,"USGS NWIS daily discharge, parameter 00060, statistic 00003"
07144780,2005,reference,primary,2005-07-25,33.785714285714285,36.63428571428572,84.04285714285716,7.0,"USGS NWIS daily discharge, parameter 00060, statistic 00003"
07144780,2006,reference,primary,2006-07-20,38.4,40.238571428571426,15.857142857142858,7.0,"USGS NWIS daily discharge, parameter 00060, statistic 00003"
07144780,2007,reference,primary,2007-08-13,35.45714285714286,37.74285714285715,78.84285714285714,7.0,"USGS NWIS daily discharge, parameter 00060, statistic 00003"
07144780,2008,reference,primary,2008-07-26,34.94285714285714,36.51,69.52857142857144,7.0,"USGS NWIS daily discharge, parameter 00060, statistic 00003"
07144780,2009,reference,primary,2009-07-14,34.25714285714286,36.537142857142854,74.97142857142856,7.0,"USGS NWIS daily discharge, parameter 00060, statistic 00003"
07144780,2010,reference,primary,2010-08-14,35.25714285714286,39.68428571428571,50.028571428571425,7.0,"USGS NWIS daily discharge, parameter 00060, statistic 00003"
07144780,2011,reference,primary,2011-08-07,37.871428571428574,41.32,8.055714285714286,7.0,"USGS NWIS daily discharge, parameter 00060, statistic 00003"
07144780,2013,reference,primary,2013-07-13,35.6,37.800000000000004,17.3,7.0,"USGS NWIS daily discharge, parameter 00060, statistic 00003"
07144780,2014,reference,primary,2014-08-22,34.72857142857143,37.66571428571429,28.485714285714284,7.0,"USGS NWIS daily discharge, parameter 00060, statistic 00003"
07144780,2017,reference,primary,2017-07-25,36.4,38.67714285714286,23.35714285714292,7.0,"USGS NWIS daily discharge, parameter 00060, statistic 00003"
07144780,2019,reference,primary,2019-07-21,34.142857142857146,36.67857142857143,75.71428571428571,7.0,"USGS NWIS daily discharge, parameter 00060, statistic 00003"
07144780,2020,reference,primary,2020-07-07,36.699999999999996,35.230000000000004,31.61428571428571,7.0,"USGS NWIS daily discharge, parameter 00060, statistic 00003"
07144780,2021,reference,primary,2021-08-01,36.385714285714286,37.75714285714286,39.42857142857141,7.0,"USGS NWIS daily discharge, parameter 00060, statistic 00003"
07144780,2022,reference,primary,2022-07-11,37.271428571428565,39.12428571428571,22.099999999999987,7.0,"USGS NWIS daily discharge, parameter 00060, statistic 00003"
07144780,2023,reference,primary,2023-08-04,37.042857142857144,40.269999999999996,17.228571428571414,7.0,"USGS NWIS daily discharge, parameter 00060, statistic 00003"
07144780,2024,reference,primary,2024-08-07,36.27142857142857,37.64857142857143,8.538571428571412,7.0,"USGS NWIS daily discharge, parameter 00060, statistic 00003"
07191222,2007,reference,primary,2007-08-16,26.800000000000004,37.89714285714285,1.1385714285714368,7.0,"USGS NWIS daily discharge, parameter 00060, statistic 00003"
07191222,2008,reference,primary,2008-08-06,26.62857142857143,35.88142857142857,9.135714285714286,7.0,"USGS NWIS daily discharge, parameter 00060, statistic 00003"
07191222,2009,reference,primary,2009-08-10,26.614285714285717,35.62,18.705714285714286,7.0,"USGS NWIS daily discharge, parameter 00060, statistic 00003"
07191222,2010,reference,primary,2010-08-15,27.699999999999996,38.23571428571428,3.7985714285714285,7.0,"USGS NWIS daily discharge, parameter 00060, statistic 00003"
07191222,2011,reference,primary,2011-08-07,28.528571428571432,41.67,2.6585714285714284,7.0,"USGS NWIS daily discharge, parameter 00060, statistic 00003"
07191222,2012,reference,primary,2012-08-09,28.285714285714285,41.50714285714286,0.06714285714285714,7.0,"USGS NWIS daily discharge, parameter 00060, statistic 00003"
07191222,2013,reference,primary,2013-07-23,25.62857142857143,35.03142857142858,7.944285714285714,7.0,"USGS NWIS daily discharge, parameter 00060, statistic 00003"
07191222,2016,reference,primary,2016-08-13,27.24285714285714,35.652857142857144,12.085714285714287,7.0,"USGS NWIS daily discharge, parameter 00060, statistic 00003"
07191222,2018,reference,primary,2018-07-21,26.928571428571427,35.620000000000005,5.3999999999999995,7.0,"USGS NWIS daily discharge, parameter 00060, statistic 00003"
07191222,2019,reference,primary,2019-07-23,25.87142857142857,33.76714285714286,25.642857142857142,7.0,"USGS NWIS daily discharge, parameter 00060, statistic 00003"
07191222,2020,reference,primary,2020-07-26,26.27142857142857,33.85857142857143,20.714285714285715,7.0,"USGS NWIS daily discharge, parameter 00060, statistic 00003"
07191222,2021,reference,primary,2021-09-05,26.47142857142857,35.05428571428571,5.815714285714286,7.0,"USGS NWIS daily discharge, parameter 00060, statistic 00003"
07191222,2022,reference,primary,2022-07-28,27.228571428571428,39.52571428571429,7.055714285714286,7.0,"USGS NWIS daily discharge, parameter 00060, statistic 00003"
07263296,2008,tailwater,sensitivity,2008-08-06,31.628571428571426,37.80714285714286,0.04857142857142858,7.0,"USGS NWIS daily discharge, parameter 00060, statistic 00003"
07263296,2009,tailwater,sensitivity,2009-06-29,30.28571428571428,36.254285714285714,1.7542857142857144,7.0,"USGS NWIS daily discharge, parameter 00060, statistic 00003"
07263296,2010,tailwater,sensitivity,2010-08-17,31.357142857142858,38.965714285714284,0.09142857142857143,7.0,"USGS NWIS daily discharge, parameter 00060, statistic 00003"
07263296,2011,tailwater,sensitivity,2011-08-08,32.642857142857146,40.80428571428571,0.0,7.0,"USGS NWIS daily discharge, parameter 00060, statistic 00003"
07263296,2012,tailwater,sensitivity,2012-07-26,32.642857142857146,40.222857142857144,0.0,7.0,"USGS NWIS daily discharge, parameter 00060, statistic 00003"
07263296,2013,tailwater,sensitivity,2013-08-12,30.342857142857145,36.17142857142857,0.13999999999999999,7.0,"USGS NWIS daily discharge, parameter 00060, statistic 00003"
07263296,2014,tailwater,sensitivity,2014-08-29,29.271428571428572,35.41142857142857,0.0,7.0,"USGS NWIS daily discharge, parameter 00060, statistic 00003"
07263296,2015,tailwater,sensitivity,2015-07-31,30.557142857142853,36.74571428571428,3.028571428571437,7.0,"USGS NWIS daily discharge, parameter 00060, statistic 00003"
07263296,2016,tailwater,sensitivity,2016-07-27,30.41428571428571,36.09142857142857,0.0,7.0,"USGS NWIS daily discharge, parameter 00060, statistic 00003"
07263296,2017,tailwater,sensitivity,2017-07-28,29.942857142857143,35.89142857142857,2.1614285714285715,7.0,"USGS NWIS daily discharge, parameter 00060, statistic 00003"
07263296,2018,tailwater,sensitivity,2018-07-09,31.242857142857144,36.71714285714285,0.0014285714285714286,7.0,"USGS NWIS daily discharge, parameter 00060, statistic 00003"
07263296,2019,tailwater,sensitivity,2019-07-13,28.685714285714287,35.39714285714286,4.118571428571461,7.0,"USGS NWIS daily discharge, parameter 00060, statistic 00003"
07263296,2020,tailwater,sensitivity,2020-07-21,29.485714285714288,34.90714285714286,2.491428571428571,7.0,"USGS NWIS daily discharge, parameter 00060, statistic 00003"
07263296,2021,tailwater,sensitivity,2021-08-03,29.54285714285714,35.75142857142857,3.0,7.0,"USGS NWIS daily discharge, parameter 00060, statistic 00003"
07263296,2022,tailwater,sensitivity,2022-07-14,30.571428571428577,38.00428571428571,1.167142857142857,7.0,"USGS NWIS daily discharge, parameter 00060, statistic 00003"
07263296,2023,tailwater,sensitivity,2023-08-05,29.728571428571428,38.87142857142857,1.9157142857142855,7.0,"USGS NWIS daily discharge, parameter 00060, statistic 00003"
07263296,2024,tailwater,sensitivity,2024-08-21,31.785714285714285,36.20428571428572,0.12571428571428572,7.0,"USGS NWIS daily discharge, parameter 00060, statistic 00003"
0728875070,2002,tailwater,sensitivity,2002-07-24,33.17142857142857,34.998571428571424,11.764285714285714,7.0,"USGS NWIS daily discharge, parameter 00060, statistic 00003"
0728875070,2003,tailwater,sensitivity,2003-07-22,32.2,35.902857142857144,6.828571428571428,7.0,"USGS NWIS daily discharge, parameter 00060, statistic 00003"
0728875070,2004,tailwater,sensitivity,2004-06-19,31.557142857142857,34.10857142857143,0.0,7.0,"USGS NWIS daily discharge, parameter 00060, statistic 00003"
0728875070,2005,tailwater,sensitivity,2005-08-22,33.68571428571429,37.317142857142855,4.457142857142857,7.0,"USGS NWIS daily discharge, parameter 00060, statistic 00003"
0728875070,2006,tailwater,sensitivity,2006-07-21,33.857142857142854,37.067142857142855,13.297142857142857,7.0,"USGS NWIS daily discharge, parameter 00060, statistic 00003"
0728875070,2007,tailwater,sensitivity,2007-08-13,33.77142857142857,38.69285714285714,0.0,7.0,"USGS NWIS daily discharge, parameter 00060, statistic 00003"
0728875070,2008,tailwater,sensitivity,2008-07-31,33.25714285714286,36.73285714285714,0.8971428571428651,7.0,"USGS NWIS daily discharge, parameter 00060, statistic 00003"
0728875070,2009,tailwater,sensitivity,2009-06-28,33.07142857142857,36.34142857142857,30.842857142857163,7.0,"USGS NWIS daily discharge, parameter 00060, statistic 00003"
0728875070,2010,tailwater,sensitivity,2010-08-05,34.41428571428571,38.44857142857143,5.6728571428571755,7.0,"USGS NWIS daily discharge, parameter 00060, statistic 00003"
0728875070,2011,tailwater,sensitivity,2011-07-15,35.457142857142856,38.25571428571429,0.0,7.0,"USGS NWIS daily discharge, parameter 00060, statistic 00003"
0728875070,2012,tailwater,sensitivity,2012-08-04,33.42857142857142,36.61857142857143,13.130000000000024,7.0,"USGS NWIS daily discharge, parameter 00060, statistic 00003"
0728875070,2013,tailwater,sensitivity,2013-08-11,32.614285714285714,35.77285714285715,4.630000000000024,7.0,"USGS NWIS daily discharge, parameter 00060, statistic 00003"
07337000,1998,tailwater,primary,1998-07-11,35.27142857142857,40.64142857142857,3417.1428571428573,7.0,"USGS NWIS daily discharge, parameter 00060, statistic 00003"
07337000,1999,tailwater,primary,1999-07-30,33.6,38.787142857142854,5002.857142857143,7.0,"USGS NWIS daily discharge, parameter 00060, statistic 00003"
07337000,2000,tailwater,primary,2000-07-20,34.17142857142857,41.61571428571428,4242.857142857143,7.0,"USGS NWIS daily discharge, parameter 00060, statistic 00003"
07337000,2001,tailwater,primary,2001-07-27,33.542857142857144,36.76,6967.142857142857,7.0,"USGS NWIS daily discharge, parameter 00060, statistic 00003"
07337000,2002,tailwater,primary,2002-07-13,32.82857142857143,36.787142857142854,5941.428571428572,7.0,"USGS NWIS daily discharge, parameter 00060, statistic 00003"
07337000,2003,tailwater,primary,2003-08-23,33.68571428571429,36.83857142857143,2875.714285714286,7.0,"USGS NWIS daily discharge, parameter 00060, statistic 00003"
07337000,2004,tailwater,primary,2004-09-18,32.55714285714286,34.309999999999995,2231.4285714285716,7.0,"USGS NWIS daily discharge, parameter 00060, statistic 00003"
07337000,2007,tailwater,primary,2007-08-18,30.542857142857144,37.65571428571428,52071.42857142857,7.0,"USGS NWIS daily discharge, parameter 00060, statistic 00003"
07337000,2008,tailwater,primary,2008-08-07,33.2,37.951428571428565,3874.285714285714,7.0,"USGS NWIS daily discharge, parameter 00060, statistic 00003"
07337000,2016,tailwater,primary,2016-08-07,34.214285714285715,37.39571428571429,5738.571428571428,7.0,"USGS NWIS daily discharge, parameter 00060, statistic 00003"
07337000,2020,tailwater,primary,2020-07-21,33.72857142857143,34.37571428571429,5350.0,7.0,"USGS NWIS daily discharge, parameter 00060, statistic 00003"
07337000,2021,tailwater,primary,2021-09-05,32.82857142857143,35.65142857142857,7217.142857142857,7.0,"USGS NWIS daily discharge, parameter 00060, statistic 00003"
07337000,2022,tailwater,primary,2022-07-10,33.84285714285714,38.39857142857143,3164.285714285714,7.0,"USGS NWIS daily discharge, parameter 00060, statistic 00003"
07337000,2023,tailwater,primary,2023-08-06,34.0,39.03285714285715,1940.0,7.0,"USGS NWIS daily discharge, parameter 00060, statistic 00003"
07337000,2024,tailwater,primary,2024-08-08,33.22857142857143,36.80285714285714,3272.8571428571427,7.0,"USGS NWIS daily discharge, parameter 00060, statistic 00003"
08048000,2011,tailwater,primary,2011-07-24,32.02857142857143,42.30285714285714,22.27571428571432,7.0,"USGS NWIS daily discharge, parameter 00060, statistic 00003"
08048000,2012,tailwater,primary,2012-07-01,31.285714285714285,41.21714285714285,21.771428571428697,7.0,"USGS NWIS daily discharge, parameter 00060, statistic 00003"
08048000,2013,tailwater,primary,2013-08-07,31.114285714285717,39.46,24.885714285714396,7.0,"USGS NWIS daily discharge, parameter 00060, statistic 00003"
08048000,2014,tailwater,primary,2014-07-28,31.02857142857143,38.67142857142857,13.54285714285724,7.0,"USGS NWIS daily discharge, parameter 00060, statistic 00003"
08048000,2015,tailwater,primary,2015-08-05,31.52857142857143,40.160000000000004,21.942857142857143,7.0,"USGS NWIS daily discharge, parameter 00060, statistic 00003"
08048000,2016,tailwater,primary,2016-07-28,31.900000000000002,39.401428571428575,34.371428571428574,7.0,"USGS NWIS daily discharge, parameter 00060, statistic 00003"
08048000,2017,tailwater,primary,2017-07-23,31.714285714285715,36.86428571428571,43.24285714285714,7.0,"USGS NWIS daily discharge, parameter 00060, statistic 00003"
08048000,2018,tailwater,primary,2018-07-09,31.357142857142858,42.135714285714286,29.68571428571428,7.0,"USGS NWIS daily discharge, parameter 00060, statistic 00003"
08048000,2019,tailwater,primary,2019-08-16,31.185714285714287,38.848571428571425,79.02857142857142,7.0,"USGS NWIS daily discharge, parameter 00060, statistic 00003"
08048000,2020,tailwater,primary,2020-07-14,31.24285714285714,39.61857142857143,86.37142857142858,7.0,"USGS NWIS daily discharge, parameter 00060, statistic 00003"
08048000,2023,tailwater,primary,2023-08-27,32.84285714285715,41.762857142857136,14.128571428571624,7.0,"USGS NWIS daily discharge, parameter 00060, statistic 00003"
08048000,2024,tailwater,primary,2024-08-09,32.0,39.878571428571426,21.485714285714543,7.0,"USGS NWIS daily discharge, parameter 00060, statistic 00003"
08049500,1985,tailwater,primary,1985-08-23,32.75714285714285,39.205714285714286,143.57142857142858,7.0,"USGS NWIS daily discharge, parameter 00060, statistic 00003"
08049500,1987,tailwater,primary,1987-08-12,32.9,38.80571428571428,160.71428571428572,7.0,"USGS NWIS daily discharge, parameter 00060, statistic 00003"
08049500,1988,tailwater,primary,1988-08-11,33.41428571428572,39.28142857142858,124.58571428571427,7.0,"USGS NWIS daily discharge, parameter 00060, statistic 00003"
08049500,1992,tailwater,primary,1992-08-11,30.985714285714288,35.61142857142857,471.7142857142857,7.0,"USGS NWIS daily discharge, parameter 00060, statistic 00003"
08049500,1994,tailwater,primary,1994-07-24,31.914285714285715,36.91857142857143,442.7142857142857,7.0,"USGS NWIS daily discharge, parameter 00060, statistic 00003"
08049500,1995,tailwater,primary,1995-07-30,31.971428571428568,37.79714285714285,330.85714285714283,7.0,"USGS NWIS daily discharge, parameter 00060, statistic 00003"
08049500,1996,tailwater,primary,1996-07-08,32.6,40.15571428571429,139.85714285714286,7.0,"USGS NWIS daily discharge, parameter 00060, statistic 00003"
08049500,1997,tailwater,primary,1997-07-27,32.84285714285714,37.80428571428571,299.85714285714283,7.0,"USGS NWIS daily discharge, parameter 00060, statistic 00003"
08049500,1998,tailwater,primary,1998-07-16,33.357142857142854,40.99428571428571,197.0,7.0,"USGS NWIS daily discharge, parameter 00060, statistic 00003"
08049500,1999,tailwater,primary,1999-08-12,33.22857142857143,40.012857142857136,175.28571428571428,7.0,"USGS NWIS daily discharge, parameter 00060, statistic 00003"
08049500,2000,tailwater,primary,2000-07-20,33.01428571428571,41.784285714285716,229.71428571428572,7.0,"USGS NWIS daily discharge, parameter 00060, statistic 00003"
08049500,2001,tailwater,primary,2001-07-26,33.385714285714286,37.74857142857143,167.71428571428572,7.0,"USGS NWIS daily discharge, parameter 00060, statistic 00003"
08049500,2002,tailwater,primary,2002-07-26,32.41428571428572,36.73571428571428,210.0,7.0,"USGS NWIS daily discharge, parameter 00060, statistic 00003"
08049500,2005,tailwater,primary,2005-08-27,32.65714285714286,38.13428571428572,164.57142857142858,7.0,"USGS NWIS daily discharge, parameter 00060, statistic 00003"
08049500,2006,tailwater,primary,2006-07-21,33.08571428571429,39.91571428571428,123.85714285714286,7.0,"USGS NWIS daily discharge, parameter 00060, statistic 00003"
08049500,2007,tailwater,primary,2007-08-16,32.357142857142854,37.60142857142857,265.0,7.0,"USGS NWIS daily discharge, parameter 00060, statistic 00003"
08049500,2008,tailwater,primary,2008-08-06,32.42857142857143,39.019999999999996,217.14285714285714,7.0,"USGS NWIS daily discharge, parameter 00060, statistic 00003"
08049500,2009,tailwater,primary,2009-07-16,32.67142857142857,39.86,156.85714285714286,7.0,"USGS NWIS daily discharge, parameter 00060, statistic 00003"
08049500,2010,tailwater,primary,2010-08-17,33.542857142857144,39.83428571428571,170.57142857142858,7.0,"USGS NWIS daily discharge, parameter 00060, statistic 00003"
08049500,2011,tailwater,primary,2011-08-08,33.58571428571429,42.074285714285715,148.85714285714286,7.0,"USGS NWIS daily discharge, parameter 00060, statistic 00003"
08049500,2012,tailwater,primary,2012-08-02,32.65714285714286,40.7,145.14285714285714,7.0,"USGS NWIS daily discharge, parameter 00060, statistic 00003"
08049500,2013,tailwater,primary,2013-08-07,32.67142857142857,39.20428571428572,130.28571428571428,7.0,"USGS NWIS daily discharge, parameter 00060, statistic 00003"
08049500,2014,tailwater,primary,2014-07-28,32.357142857142854,37.847142857142856,163.0,7.0,"USGS NWIS daily discharge, parameter 00060, statistic 00003"
08049500,2015,tailwater,primary,2015-08-13,32.857142857142854,39.72428571428571,177.71428571428572,7.0,"USGS NWIS daily discharge, parameter 00060, statistic 00003"
08049500,2016,tailwater,primary,2016-08-12,33.371428571428574,38.73571428571428,169.71428571428572,7.0,"USGS NWIS daily discharge, parameter 00060, statistic 00003"
08049500,2017,tailwater,primary,2017-07-23,32.94285714285714,36.87428571428571,224.42857142857142,7.0,"USGS NWIS daily discharge, parameter 00060, statistic 00003"
08049500,2018,tailwater,primary,2018-07-23,33.58571428571429,41.98142857142857,152.57142857142858,7.0,"USGS NWIS daily discharge, parameter 00060, statistic 00003"
08049500,2020,tailwater,primary,2020-08-16,32.92857142857143,39.08142857142857,148.14285714285714,7.0,"USGS NWIS daily discharge, parameter 00060, statistic 00003"
08049500,2021,tailwater,primary,2021-08-01,32.67142857142857,37.68857142857143,298.7142857142857,7.0,"USGS NWIS daily discharge, parameter 00060, statistic 00003"
08049500,2022,tailwater,primary,2022-07-13,33.8,40.60285714285714,182.57142857142858,7.0,"USGS NWIS daily discharge, parameter 00060, statistic 00003"
08049500,2023,tailwater,primary,2023-08-26,33.94285714285714,41.76714285714286,168.57142857142858,7.0,"USGS NWIS daily discharge, parameter 00060, statistic 00003"
08049500,2024,tailwater,primary,2024-08-20,33.55714285714286,39.48714285714285,203.28571428571428,7.0,"USGS NWIS daily discharge, parameter 00060, statistic 00003"
08052700,2011,tailwater,primary,2011-07-15,31.114285714285717,41.75142857142857,0.06428571428564936,7.0,"USGS NWIS daily discharge, parameter 00060, statistic 00003"
08052700,2012,tailwater,primary,2012-08-01,31.457142857142856,40.48714285714285,0.09285714285707838,7.0,"USGS NWIS daily discharge, parameter 00060, statistic 00003"
08052700,2014,tailwater,primary,2014-07-27,31.499999999999996,36.26428571428572,0.3342857142856493,7.0,"USGS NWIS daily discharge, parameter 00060, statistic 00003"
08052700,2015,tailwater,primary,2015-06-30,30.414285714285715,39.048571428571435,9.489999999999904,7.0,"USGS NWIS daily discharge, parameter 00060, statistic 00003"
08052700,2016,tailwater,primary,2016-06-23,31.8,38.174285714285716,4.835714285714221,7.0,"USGS NWIS daily discharge, parameter 00060, statistic 00003"
08052700,2017,tailwater,primary,2017-07-22,30.82857142857143,36.18142857142857,0.24571428571422074,7.0,"USGS NWIS daily discharge, parameter 00060, statistic 00003"
08052700,2018,tailwater,primary,2018-07-23,31.857142857142858,41.574285714285715,0.03428571428564932,7.0,"USGS NWIS daily discharge, parameter 00060, statistic 00003"
08052700,2019,tailwater,primary,2019-08-12,30.842857142857145,37.44571428571429,0.38999999999993407,7.0,"USGS NWIS daily discharge, parameter 00060, statistic 00003"
08052700,2020,tailwater,primary,2020-07-17,32.67142857142857,38.212857142857146,0.17714285714279218,7.0,"USGS NWIS daily discharge, parameter 00060, statistic 00003"
08052700,2023,tailwater,primary,2023-06-30,32.05714285714286,41.237142857142864,3.2042857142856818,7.0,"USGS NWIS daily discharge, parameter 00060, statistic 00003"
08052700,2024,tailwater,primary,2024-08-20,34.4,39.06,0.6014285714285389,7.0,"USGS NWIS daily discharge, parameter 00060, statistic 00003"
08052745,2011,tailwater,primary,2011-08-08,31.685714285714287,41.70428571428572,88.60000000000001,7.0,"USGS NWIS daily discharge, parameter 00060, statistic 00003"
08052745,2012,tailwater,primary,2012-08-12,30.142857142857142,40.50142857142857,102.7,7.0,"USGS NWIS daily discharge, parameter 00060, statistic 00003"
08052745,2013,tailwater,primary,2013-09-05,30.32857142857143,39.03857142857142,68.87142857142858,7.0,"USGS NWIS daily discharge, parameter 00060, statistic 00003"
08052745,2014,tailwater,primary,2014-09-02,29.699999999999996,36.31428571428571,53.571428571428555,7.0,"USGS NWIS daily discharge, parameter 00060, statistic 00003"
08052745,2015,tailwater,primary,2015-08-14,28.928571428571427,39.10142857142858,39.37142857142857,7.0,"USGS NWIS daily discharge, parameter 00060, statistic 00003"
08052745,2017,tailwater,primary,2017-07-23,30.414285714285715,36.18,8.44,7.0,"USGS NWIS daily discharge, parameter 00060, statistic 00003"
08052745,2018,tailwater,primary,2018-07-31,30.25714285714286,41.52571428571429,81.42857142857143,7.0,"USGS NWIS daily discharge, parameter 00060, statistic 00003"
08052745,2019,tailwater,primary,2019-08-11,30.057142857142857,37.50571428571429,37.17714285714286,7.0,"USGS NWIS daily discharge, parameter 00060, statistic 00003"
08052745,2023,tailwater,primary,2023-08-30,31.014285714285712,41.18714285714286,63.41428571428569,7.0,"USGS NWIS daily discharge, parameter 00060, statistic 00003"
08052745,2024,tailwater,primary,2024-08-02,29.04285714285714,39.16142857142857,2.7857142857142856,7.0,"USGS NWIS daily discharge, parameter 00060, statistic 00003"
08057000,2016,tailwater,primary,2016-08-12,31.97142857142857,38.855714285714285,383.2857142857143,7.0,"USGS NWIS daily discharge, parameter 00060, statistic 00003"
08057000,2017,tailwater,primary,2017-07-23,31.742857142857144,36.84142857142857,461.85714285714283,7.0,"USGS NWIS daily discharge, parameter 00060, statistic 00003"
08057000,2020,tailwater,primary,2020-08-15,31.52857142857143,39.00285714285714,387.0,7.0,"USGS NWIS daily discharge, parameter 00060, statistic 00003"
08057000,2023,tailwater,primary,2023-08-27,32.57142857142857,41.81,390.0,7.0,"USGS NWIS daily discharge, parameter 00060, statistic 00003"
08057000,2024,tailwater,primary,2024-08-21,32.28571428571429,39.4,438.42857142857144,7.0,"USGS NWIS daily discharge, parameter 00060, statistic 00003"
08057410,2016,tailwater,primary,2016-08-12,32.385714285714286,38.902857142857144,721.7142857142857,7.0,"USGS NWIS daily discharge, parameter 00060, statistic 00003"
08057410,2017,tailwater,primary,2017-07-23,32.2,36.74285714285714,803.5714285714286,7.0,"USGS NWIS daily discharge, parameter 00060, statistic 00003"
08057410,2022,tailwater,primary,2022-07-14,32.22857142857143,40.55142857142857,441.2857142857143,7.0,"USGS NWIS daily discharge, parameter 00060, statistic 00003"
08057410,2023,tailwater,primary,2023-08-27,32.45714285714286,41.75714285714286,528.7142857142857,7.0,"USGS NWIS daily discharge, parameter 00060, statistic 00003"
08057410,2024,tailwater,primary,2024-08-21,32.4,39.387142857142855,686.2857142857143,7.0,"USGS NWIS daily discharge, parameter 00060, statistic 00003"
08062500,1985,tailwater,primary,1985-08-05,32.31428571428571,38.965714285714284,655.7142857142857,7.0,"USGS NWIS daily discharge, parameter 00060, statistic 00003"
08062500,1986,tailwater,primary,1986-08-02,31.957142857142856,38.857142857142854,731.7142857142857,7.0,"USGS NWIS daily discharge, parameter 00060, statistic 00003"
08062500,1995,tailwater,primary,1995-08-22,31.62857142857143,37.604285714285716,1141.0,7.0,"USGS NWIS daily discharge, parameter 00060, statistic 00003"
08062500,1996,tailwater,primary,1996-07-09,32.04285714285714,38.87571428571429,649.4285714285714,7.0,"USGS NWIS daily discharge, parameter 00060, statistic 00003"
08062500,1997,tailwater,primary,1997-07-29,32.5,37.635714285714286,992.2857142857143,7.0,"USGS NWIS daily discharge, parameter 00060, statistic 00003"
08062500,1998,tailwater,primary,1998-07-17,32.81428571428571,40.64142857142857,904.4285714285714,7.0,"USGS NWIS daily discharge, parameter 00060, statistic 00003"
08062500,1999,tailwater,primary,1999-08-11,32.84285714285714,39.47142857142857,837.4285714285714,7.0,"USGS NWIS daily discharge, parameter 00060, statistic 00003"
08062500,2000,tailwater,primary,2000-07-24,31.985714285714288,41.76571428571429,721.5714285714286,7.0,"USGS NWIS daily discharge, parameter 00060, statistic 00003"
08062500,2001,tailwater,primary,2001-07-26,32.7,38.25714285714286,892.4285714285714,7.0,"USGS NWIS daily discharge, parameter 00060, statistic 00003"
08062500,2003,tailwater,primary,2003-07-23,32.07142857142857,37.784285714285716,781.5714285714286,7.0,"USGS NWIS daily discharge, parameter 00060, statistic 00003"
08062500,2004,tailwater,primary,2004-07-26,30.514285714285716,35.22857142857143,1604.2857142857142,7.0,"USGS NWIS daily discharge, parameter 00060, statistic 00003"
08062500,2005,tailwater,primary,2005-08-27,32.357142857142854,38.52285714285714,971.2857142857143,7.0,"USGS NWIS daily discharge, parameter 00060, statistic 00003"
08062500,2006,tailwater,primary,2006-07-22,32.65714285714286,39.948571428571434,670.2857142857143,7.0,"USGS NWIS daily discharge, parameter 00060, statistic 00003"
08062500,2007,tailwater,primary,2007-08-31,30.785714285714285,37.12714285714286,1962.857142857143,7.0,"USGS NWIS daily discharge, parameter 00060, statistic 00003"
08062500,2008,tailwater,primary,2008-08-08,32.18571428571428,39.10000000000001,750.7142857142857,7.0,"USGS NWIS daily discharge, parameter 00060, statistic 00003"
08062500,2009,tailwater,primary,2009-06-30,32.94285714285714,38.17,828.7142857142857,7.0,"USGS NWIS daily discharge, parameter 00060, statistic 00003"
08062500,2010,tailwater,primary,2010-08-18,33.2,39.23714285714285,764.5714285714286,7.0,"USGS NWIS daily discharge, parameter 00060, statistic 00003"
08062500,2011,tailwater,primary,2011-08-07,33.528571428571425,41.68857142857143,599.5714285714286,7.0,"USGS NWIS daily discharge, parameter 00060, statistic 00003"
08062500,2012,tailwater,primary,2012-08-04,32.7,39.715714285714284,633.2857142857143,7.0,"USGS NWIS daily discharge, parameter 00060, statistic 00003"
08062500,2013,tailwater,primary,2013-08-09,32.1,39.26428571428572,651.8571428571429,7.0,"USGS NWIS daily discharge, parameter 00060, statistic 00003"
08062500,2014,tailwater,primary,2014-07-15,31.614285714285717,37.16571428571429,652.8571428571429,7.0,"USGS NWIS daily discharge, parameter 00060, statistic 00003"
08062500,2017,tailwater,primary,2017-07-24,32.77142857142857,36.45285714285715,1024.0,7.0,"USGS NWIS daily discharge, parameter 00060, statistic 00003"
08062500,2020,tailwater,primary,2020-08-16,32.614285714285714,38.56,702.7142857142857,7.0,"USGS NWIS daily discharge, parameter 00060, statistic 00003"
08062500,2021,tailwater,primary,2021-08-29,31.82857142857143,36.28285714285714,960.1428571428571,7.0,"USGS NWIS daily discharge, parameter 00060, statistic 00003"
08062500,2022,tailwater,primary,2022-07-13,33.48571428571428,40.55714285714286,698.2857142857143,7.0,"USGS NWIS daily discharge, parameter 00060, statistic 00003"
08062500,2023,tailwater,primary,2023-08-07,33.58571428571429,41.71,482.0,7.0,"USGS NWIS daily discharge, parameter 00060, statistic 00003"
08062500,2024,tailwater,primary,2024-08-22,32.77142857142857,39.09571428571429,708.1428571428571,7.0,"USGS NWIS daily discharge, parameter 00060, statistic 00003"
08065350,1987,tailwater,primary,1987-08-09,33.68571428571429,37.61714285714286,1082.857142857143,7.0,"USGS NWIS daily discharge, parameter 00060, statistic 00003"
08065350,1988,tailwater,primary,1988-07-29,33.642857142857146,37.567142857142855,1046.7142857142858,7.0,"USGS NWIS daily discharge, parameter 00060, statistic 00003"
08065350,1989,tailwater,primary,1989-09-05,32.028571428571425,36.69,2260.0,7.0,"USGS NWIS daily discharge, parameter 00060, statistic 00003"
08065350,1990,tailwater,primary,1990-09-01,32.42857142857143,38.87571428571429,1580.0,7.0,"USGS NWIS daily discharge, parameter 00060, statistic 00003"
08065350,1991,tailwater,primary,1991-07-18,32.471428571428575,35.738571428571426,1232.857142857143,7.0,"USGS NWIS daily discharge, parameter 00060, statistic 00003"
08065350,1994,tailwater,primary,1994-07-10,31.900000000000002,37.034285714285716,1700.0,7.0,"USGS NWIS daily discharge, parameter 00060, statistic 00003"
08065350,1995,tailwater,primary,1995-08-30,32.3,37.34142857142857,1858.5714285714287,7.0,"USGS NWIS daily discharge, parameter 00060, statistic 00003"
08065350,1996,tailwater,primary,1996-08-04,34.114285714285714,38.478571428571435,1174.142857142857,7.0,"USGS NWIS daily discharge, parameter 00060, statistic 00003"
08065350,1997,tailwater,primary,1997-07-29,34.128571428571426,36.96999999999999,1481.4285714285713,7.0,"USGS NWIS daily discharge, parameter 00060, statistic 00003"
08065350,1999,tailwater,primary,1999-08-09,33.44285714285714,38.269999999999996,914.0,7.0,"USGS NWIS daily discharge, parameter 00060, statistic 00003"
08065350,2000,tailwater,primary,2000-07-21,33.51428571428571,42.207142857142856,1070.0,7.0,"USGS NWIS daily discharge, parameter 00060, statistic 00003"
08065350,2001,tailwater,primary,2001-07-26,33.52857142857143,36.548571428571435,1164.2857142857142,7.0,"USGS NWIS daily discharge, parameter 00060, statistic 00003"
08065350,2002,tailwater,primary,2002-08-07,32.51428571428571,36.06285714285714,1063.4285714285713,7.0,"USGS NWIS daily discharge, parameter 00060, statistic 00003"
08065350,2003,tailwater,primary,2003-07-23,32.57142857142857,36.40428571428571,1074.5714285714287,7.0,"USGS NWIS daily discharge, parameter 00060, statistic 00003"
08065350,2004,tailwater,primary,2004-07-26,31.22857142857143,35.589999999999996,1990.0,7.0,"USGS NWIS daily discharge, parameter 00060, statistic 00003"
08065350,2005,tailwater,primary,2005-08-28,33.08571428571429,37.81,1134.0,7.0,"USGS NWIS daily discharge, parameter 00060, statistic 00003"
08065350,2006,tailwater,primary,2006-07-22,33.77142857142857,38.44,803.1428571428571,7.0,"USGS NWIS daily discharge, parameter 00060, statistic 00003"
08065350,2007,tailwater,primary,2007-08-18,30.928571428571427,37.660000000000004,11798.57142857143,7.0,"USGS NWIS daily discharge, parameter 00060, statistic 00003"
08065350,2008,tailwater,primary,2008-08-05,31.942857142857147,38.97714285714286,727.2857142857143,7.0,"USGS NWIS daily discharge, parameter 00060, statistic 00003"
08065350,2009,tailwater,primary,2009-07-16,33.628571428571426,39.19857142857143,919.1428571428571,7.0,"USGS NWIS daily discharge, parameter 00060, statistic 00003"
08065350,2010,tailwater,primary,2010-08-15,34.05714285714286,38.25714285714286,970.5714285714286,7.0,"USGS NWIS daily discharge, parameter 00060, statistic 00003"
08065350,2012,tailwater,primary,2012-08-03,33.91428571428572,38.12571428571429,659.1428571428571,7.0,"USGS NWIS daily discharge, parameter 00060, statistic 00003"
08065350,2013,tailwater,primary,2013-08-11,33.31428571428571,39.01714285714286,765.8571428571429,7.0,"USGS NWIS daily discharge, parameter 00060, statistic 00003"
08065350,2014,tailwater,primary,2014-07-17,32.81428571428571,36.47714285714286,883.5714285714286,7.0,"USGS NWIS daily discharge, parameter 00060, statistic 00003"
08065350,2015,tailwater,primary,2015-08-13,30.75714285714286,39.544285714285714,8345.714285714286,7.0,"USGS NWIS daily discharge, parameter 00060, statistic 00003"
08065350,2016,tailwater,primary,2016-08-12,33.57142857142857,38.24,1124.857142857143,7.0,"USGS NWIS daily discharge, parameter 00060, statistic 00003"
08065350,2017,tailwater,primary,2017-07-25,33.18571428571429,36.66571428571428,1355.7142857142858,7.0,"USGS NWIS daily discharge, parameter 00060, statistic 00003"
08065350,2020,tailwater,primary,2020-08-17,32.94285714285714,38.26857142857143,1058.5714285714287,7.0,"USGS NWIS daily discharge, parameter 00060, statistic 00003"
08065350,2022,tailwater,primary,2022-07-14,34.68571428571429,39.52285714285714,868.1428571428571,7.0,"USGS NWIS daily discharge, parameter 00060, statistic 00003"
08068000,2015,tailwater,primary,2015-08-15,32.771428571428565,38.76428571428572,41.228571428571435,7.0,"USGS NWIS daily discharge, parameter 00060, statistic 00003"
08068000,2016,tailwater,primary,2016-08-12,34.07142857142857,37.84428571428572,30.571428571428573,7.0,"USGS NWIS daily discharge, parameter 00060, statistic 00003"
08068000,2017,tailwater,primary,2017-07-30,33.5,36.43857142857143,41.34285714285715,7.0,"USGS NWIS daily discharge, parameter 00060, statistic 00003"
08068000,2018,tailwater,primary,2018-07-24,33.7,37.36857142857143,45.82857142857143,7.0,"USGS NWIS daily discharge, parameter 00060, statistic 00003"
08068000,2019,tailwater,primary,2019-07-12,33.714285714285715,37.854285714285716,79.38571428571429,7.0,"USGS NWIS daily discharge, parameter 00060, statistic 00003"
08068000,2020,tailwater,primary,2020-07-17,34.74285714285715,37.79571428571428,46.39999999999999,7.0,"USGS NWIS daily discharge, parameter 00060, statistic 00003"
08068000,2021,tailwater,primary,2021-08-01,33.81428571428571,36.097142857142856,79.37142857142858,7.0,"USGS NWIS daily discharge, parameter 00060, statistic 00003"
08068000,2022,tailwater,primary,2022-07-14,35.34285714285714,39.76428571428571,25.271428571428572,7.0,"USGS NWIS daily discharge, parameter 00060, statistic 00003"
08068000,2023,tailwater,primary,2023-08-14,35.371428571428574,40.81428571428571,20.342857142857177,7.0,"USGS NWIS daily discharge, parameter 00060, statistic 00003"
08068000,2024,tailwater,primary,2024-08-22,33.6,37.65,73.60000000000001,7.0,"USGS NWIS daily discharge, parameter 00060, statistic 00003"
08068400,2000,tailwater,primary,2000-07-20,31.157142857142855,41.74571428571429,3.5428571428571405,7.0,"USGS NWIS daily discharge, parameter 00060, statistic 00003"
08068400,2002,tailwater,primary,2002-07-25,31.4,35.63285714285714,14.51142857142857,7.0,"USGS NWIS daily discharge, parameter 00060, statistic 00003"
08068400,2003,tailwater,primary,2003-08-08,31.842857142857145,36.91285714285714,2.5800000000000165,7.0,"USGS NWIS daily discharge, parameter 00060, statistic 00003"
08068400,2004,tailwater,primary,2004-08-06,31.32857142857143,35.76714285714286,12.078571428571445,7.0,"USGS NWIS daily discharge, parameter 00060, statistic 00003"
08068400,2005,tailwater,primary,2005-08-27,31.58571428571429,37.99714285714286,8.028571428571437,7.0,"USGS NWIS daily discharge, parameter 00060, statistic 00003"
08068400,2006,tailwater,primary,2006-08-21,31.62857142857143,36.58857142857143,6.697142857142865,7.0,"USGS NWIS daily discharge, parameter 00060, statistic 00003"
08068400,2007,tailwater,primary,2007-08-14,31.32857142857143,36.855714285714285,7.554285714285713,7.0,"USGS NWIS daily discharge, parameter 00060, statistic 00003"
08068400,2008,tailwater,primary,2008-08-03,31.271428571428572,37.10857142857143,7.218571428571413,7.0,"USGS NWIS daily discharge, parameter 00060, statistic 00003"
08068400,2009,tailwater,primary,2009-07-14,32.0,38.629999999999995,12.737142857142791,7.0,"USGS NWIS daily discharge, parameter 00060, statistic 00003"
08068400,2010,tailwater,primary,2010-08-23,31.97142857142857,37.42142857142857,14.68428571428565,7.0,"USGS NWIS daily discharge, parameter 00060, statistic 00003"
08068400,2011,tailwater,primary,2011-08-03,32.42857142857143,40.19285714285714,7.824285714285645,7.0,"USGS NWIS daily discharge, parameter 00060, statistic 00003"
08068400,2012,tailwater,primary,2012-08-04,32.01428571428572,37.037142857142854,8.395714285714188,7.0,"USGS NWIS daily discharge, parameter 00060, statistic 00003"
08068400,2013,tailwater,primary,2013-08-06,31.214285714285715,37.62428571428571,8.105714285714196,7.0,"USGS NWIS daily discharge, parameter 00060, statistic 00003"
08068400,2014,tailwater,primary,2014-07-28,31.2,36.18714285714286,10.232857142857045,7.0,"USGS NWIS daily discharge, parameter 00060, statistic 00003"
08068500,2001,tailwater,sensitivity,2001-08-16,33.228571428571435,36.04142857142857,34.0,7.0,"USGS NWIS daily discharge, parameter 00060, statistic 00003"
08068500,2002,tailwater,sensitivity,2002-08-04,33.55714285714286,35.63428571428572,16.185714285714287,7.0,"USGS NWIS daily discharge, parameter 00060, statistic 00003"
08068500,2003,tailwater,sensitivity,2003-08-07,34.91428571428572,36.847142857142856,34.25714285714285,7.0,"USGS NWIS daily discharge, parameter 00060, statistic 00003"
08068500,2004,tailwater,sensitivity,2004-08-05,33.3,35.87285714285714,75.92857142857143,7.0,"USGS NWIS daily discharge, parameter 00060, statistic 00003"
08068500,2005,tailwater,sensitivity,2005-07-06,34.885714285714286,37.89857142857143,27.642857142857142,7.0,"USGS NWIS daily discharge, parameter 00060, statistic 00003"
08068500,2006,tailwater,sensitivity,2006-07-21,35.01428571428571,36.44571428571428,24.242857142857144,7.0,"USGS NWIS daily discharge, parameter 00060, statistic 00003"
08068500,2007,tailwater,sensitivity,2007-08-14,33.81428571428571,36.98285714285714,49.728571428571435,7.0,"USGS NWIS daily discharge, parameter 00060, statistic 00003"
08068500,2008,tailwater,sensitivity,2008-08-04,33.44285714285714,37.01,30.042857142857144,7.0,"USGS NWIS daily discharge, parameter 00060, statistic 00003"
08068500,2010,tailwater,sensitivity,2010-08-07,35.32857142857143,37.26571428571429,40.14285714285688,7.0,"USGS NWIS daily discharge, parameter 00060, statistic 00003"
08068500,2011,tailwater,sensitivity,2011-08-05,35.642857142857146,40.09428571428571,30.571428571428317,7.0,"USGS NWIS daily discharge, parameter 00060, statistic 00003"
08068500,2012,tailwater,sensitivity,2012-06-29,34.18571428571429,37.10857142857143,44.79999999999971,7.0,"USGS NWIS daily discharge, parameter 00060, statistic 00003"
08068500,2013,tailwater,sensitivity,2013-08-06,34.3,37.542857142857144,54.0571428571426,7.0,"USGS NWIS daily discharge, parameter 00060, statistic 00003"
08068500,2014,tailwater,sensitivity,2014-07-29,33.971428571428575,36.151428571428575,38.571428571428314,7.0,"USGS NWIS daily discharge, parameter 00060, statistic 00003"
08068500,2015,tailwater,sensitivity,2015-08-13,34.51428571428572,38.57714285714285,34.05714285714233,7.0,"USGS NWIS daily discharge, parameter 00060, statistic 00003"
08068500,2017,tailwater,sensitivity,2017-07-07,35.31428571428572,36.31428571428571,32.814285714285724,7.0,"USGS NWIS daily discharge, parameter 00060, statistic 00003"
08068500,2018,tailwater,sensitivity,2018-07-24,36.042857142857144,37.12,65.1714285714285,7.0,"USGS NWIS daily discharge, parameter 00060, statistic 00003"
08068500,2020,tailwater,sensitivity,2020-07-16,36.07142857142857,37.45,33.74285714285715,7.0,"USGS NWIS daily discharge, parameter 00060, statistic 00003"
08068500,2021,tailwater,sensitivity,2021-08-01,35.91428571428572,36.048571428571435,96.48571428571428,7.0,"USGS NWIS daily discharge, parameter 00060, statistic 00003"
08068500,2022,tailwater,sensitivity,2022-07-14,37.67142857142857,39.41857142857143,24.985714285714288,7.0,"USGS NWIS daily discharge, parameter 00060, statistic 00003"
08068500,2023,tailwater,sensitivity,2023-07-19,37.300000000000004,40.478571428571435,21.014285714285712,7.0,"USGS NWIS daily discharge, parameter 00060, statistic 00003"
08069500,2018,tailwater,primary,2018-07-29,34.94285714285714,36.84285714285714,342.0,7.0,"USGS NWIS daily discharge, parameter 00060, statistic 00003"
08069500,2019,tailwater,primary,2019-08-13,34.4,37.30285714285714,540.8571428571429,7.0,"USGS NWIS daily discharge, parameter 00060, statistic 00003"
08069500,2020,tailwater,primary,2020-07-16,34.957142857142856,37.05285714285714,291.42857142857144,7.0,"USGS NWIS daily discharge, parameter 00060, statistic 00003"
08069500,2021,tailwater,primary,2021-08-01,33.68571428571429,35.81142857142857,418.2857142857143,7.0,"USGS NWIS daily discharge, parameter 00060, statistic 00003"
08069500,2022,tailwater,primary,2022-06-22,35.05714285714286,38.58,219.71428571428572,7.0,"USGS NWIS daily discharge, parameter 00060, statistic 00003"
08069500,2023,tailwater,primary,2023-08-05,35.41428571428572,40.09285714285714,213.14285714285714,7.0,"USGS NWIS daily discharge, parameter 00060, statistic 00003"
08070200,1997,tailwater,primary,1997-08-22,30.842857142857145,36.35857142857143,23.0,7.0,"USGS NWIS daily discharge, parameter 00060, statistic 00003"
08070200,1998,tailwater,primary,1998-07-12,31.442857142857143,38.62571428571429,18.571428571428573,7.0,"USGS NWIS daily discharge, parameter 00060, statistic 00003"
08070200,1999,tailwater,primary,1999-08-15,31.014285714285712,37.27571428571429,32.714285714285715,7.0,"USGS NWIS daily discharge, parameter 00060, statistic 00003"
08070200,2006,tailwater,primary,2006-08-22,31.914285714285715,35.88285714285714,13.528571428571558,7.0,"USGS NWIS daily discharge, parameter 00060, statistic 00003"
08070200,2007,tailwater,primary,2007-08-15,30.8,36.74571428571428,47.01428571428584,7.0,"USGS NWIS daily discharge, parameter 00060, statistic 00003"
08070200,2008,tailwater,primary,2008-08-03,30.857142857142858,36.529999999999994,19.257142857143005,7.0,"USGS NWIS daily discharge, parameter 00060, statistic 00003"
08070200,2009,tailwater,primary,2009-07-16,32.385714285714286,38.12285714285714,16.914285714285846,7.0,"USGS NWIS daily discharge, parameter 00060, statistic 00003"
08070200,2010,tailwater,primary,2010-08-13,32.08571428571429,36.93285714285714,17.70000000000013,7.0,"USGS NWIS daily discharge, parameter 00060, statistic 00003"
08070200,2011,tailwater,primary,2011-08-06,32.34285714285714,39.097142857142856,7.238571428571559,7.0,"USGS NWIS daily discharge, parameter 00060, statistic 00003"
08070200,2012,tailwater,primary,2012-08-16,31.571428571428573,36.705714285714286,18.285714285714416,7.0,"USGS NWIS daily discharge, parameter 00060, statistic 00003"
08070200,2013,tailwater,primary,2013-06-30,31.614285714285717,36.815714285714286,14.357142857142987,7.0,"USGS NWIS daily discharge, parameter 00060, statistic 00003"
08070200,2014,tailwater,primary,2014-08-17,30.657142857142862,35.33714285714286,20.72857142857159,7.0,"USGS NWIS daily discharge, parameter 00060, statistic 00003"
08070200,2015,tailwater,primary,2015-08-12,31.32857142857143,38.027142857142856,18.057142857142985,7.0,"USGS NWIS daily discharge, parameter 00060, statistic 00003"
08070200,2016,tailwater,primary,2016-08-12,31.442857142857143,37.08571428571428,27.128571428571426,7.0,"USGS NWIS daily discharge, parameter 00060, statistic 00003"
08070200,2017,tailwater,primary,2017-08-23,31.442857142857147,35.50714285714286,21.68571428571435,7.0,"USGS NWIS daily discharge, parameter 00060, statistic 00003"
08070200,2018,tailwater,primary,2018-07-24,32.128571428571426,36.862857142857145,21.71428571428572,7.0,"USGS NWIS daily discharge, parameter 00060, statistic 00003"
08070200,2019,tailwater,primary,2019-08-14,31.485714285714288,37.174285714285716,29.799999999999972,7.0,"USGS NWIS daily discharge, parameter 00060, statistic 00003"
08070200,2020,tailwater,primary,2020-08-16,31.8,37.08428571428572,5.884285714285714,7.0,"USGS NWIS daily discharge, parameter 00060, statistic 00003"
08070200,2021,tailwater,primary,2021-08-15,30.085714285714285,35.72142857142857,37.01428571428571,7.0,"USGS NWIS daily discharge, parameter 00060, statistic 00003"
08070200,2022,tailwater,primary,2022-07-14,33.24285714285714,38.43714285714286,13.585714285714285,7.0,"USGS NWIS daily discharge, parameter 00060, statistic 00003"
08070200,2023,tailwater,primary,2023-08-15,33.08571428571428,40.269999999999996,12.357142857142858,7.0,"USGS NWIS daily discharge, parameter 00060, statistic 00003"
08123800,1985,tailwater,primary,1985-07-31,30.87142857142857,38.81571428571429,3.904285714285714,7.0,"USGS NWIS daily discharge, parameter 00060, statistic 00003"
08123800,1986,tailwater,primary,1986-08-01,33.714285714285715,39.478571428571435,0.34142857142857147,7.0,"USGS NWIS daily discharge, parameter 00060, statistic 00003"
08123800,1987,tailwater,primary,1987-08-19,32.92857142857143,37.98571428571428,5.557142857142857,7.0,"USGS NWIS daily discharge, parameter 00060, statistic 00003"
08123800,1988,tailwater,primary,1988-06-24,31.857142857142858,37.65714285714286,0.4414285714285714,7.0,"USGS NWIS daily discharge, parameter 00060, statistic 00003"
08123800,1989,tailwater,primary,1989-07-01,34.55714285714286,38.80142857142857,2.742857142857143,7.0,"USGS NWIS daily discharge, parameter 00060, statistic 00003"
08123800,1991,tailwater,primary,1991-06-29,32.68571428571428,36.45714285714286,5.714285714285722,7.0,"USGS NWIS daily discharge, parameter 00060, statistic 00003"
08123800,1992,tailwater,primary,1992-07-06,32.37142857142857,36.78285714285715,36.857142857142854,7.0,"USGS NWIS daily discharge, parameter 00060, statistic 00003"
08123800,1993,tailwater,primary,1993-08-01,33.800000000000004,38.089999999999996,1.8114285714285714,7.0,"USGS NWIS daily discharge, parameter 00060, statistic 00003"
08123800,1994,tailwater,primary,1994-06-25,34.07142857142857,42.19142857142857,2.2714285714285714,7.0,"USGS NWIS daily discharge, parameter 00060, statistic 00003"
08123800,1995,tailwater,primary,1995-07-12,34.27142857142857,40.472857142857144,0.2500000000000005,7.0,"USGS NWIS daily discharge, parameter 00060, statistic 00003"
08123800,1996,tailwater,primary,1996-08-22,29.514285714285712,38.39857142857143,6.768571428571428,7.0,"USGS NWIS daily discharge, parameter 00060, statistic 00003"
08123800,1997,tailwater,primary,1997-08-22,32.67142857142857,37.604285714285716,3.471428571428572,7.0,"USGS NWIS daily discharge, parameter 00060, statistic 00003"
08123800,2005,tailwater,primary,2005-06-20,33.9,38.15571428571429,0.07285714285714387,7.0,"USGS NWIS daily discharge, parameter 00060, statistic 00003"
08123800,2007,tailwater,primary,2007-08-14,33.07142857142857,35.53142857142857,1.272857142857135,7.0,"USGS NWIS daily discharge, parameter 00060, statistic 00003"
08123850,1985,upstream,primary,1985-08-08,34.44285714285714,38.64142857142857,6.757142857142857,7.0,"USGS NWIS daily discharge, parameter 00060, statistic 00003"
08123850,1991,upstream,primary,1991-07-09,32.98571428571429,36.565714285714286,11.9,7.0,"USGS NWIS daily discharge, parameter 00060, statistic 00003"
08123850,1992,upstream,primary,1992-07-06,32.22857142857143,36.54142857142857,86.28571428571429,7.0,"USGS NWIS daily discharge, parameter 00060, statistic 00003"
08123850,1994,upstream,primary,1994-06-11,32.457142857142856,42.027142857142856,27.0,7.0,"USGS NWIS daily discharge, parameter 00060, statistic 00003"
08123850,1995,upstream,primary,1995-08-11,30.185714285714287,40.24571428571429,18.47142857142857,7.0,"USGS NWIS daily discharge, parameter 00060, statistic 00003"
08123850,1996,upstream,primary,1996-06-21,30.814285714285717,38.51285714285715,13.657142857142857,7.0,"USGS NWIS daily discharge, parameter 00060, statistic 00003"
08123850,1997,upstream,primary,1997-07-20,33.18571428571429,37.388571428571424,3.5142857142857147,7.0,"USGS NWIS daily discharge, parameter 00060, statistic 00003"
08123850,1999,upstream,primary,1999-08-13,33.542857142857144,39.15714285714286,1.0885714285714123,7.0,"USGS NWIS daily discharge, parameter 00060, statistic 00003"
08123850,2000,upstream,primary,2000-07-18,33.01428571428571,40.08857142857143,19.08571428571429,7.0,"USGS NWIS daily discharge, parameter 00060, statistic 00003"
08123850,2003,upstream,primary,2003-07-24,33.01428571428572,39.45714285714286,0.39571428571428574,7.0,"USGS NWIS daily discharge, parameter 00060, statistic 00003"
08123850,2004,upstream,primary,2004-08-05,32.34285714285714,36.41285714285714,28.657142857142823,7.0,"USGS NWIS daily discharge, parameter 00060, statistic 00003"
08123850,2005,upstream,primary,2005-08-29,31.485714285714284,38.17285714285714,34.52857142857136,7.0,"USGS NWIS daily discharge, parameter 00060, statistic 00003"
08123850,2007,upstream,primary,2007-08-15,32.885714285714286,35.81,5.68857142857138,7.0,"USGS NWIS daily discharge, parameter 00060, statistic 00003"
08123850,2008,upstream,primary,2008-07-26,31.699999999999996,38.527142857142856,0.9199999999999676,7.0,"USGS NWIS daily discharge, parameter 00060, statistic 00003"
08123850,2010,upstream,primary,2010-07-20,32.614285714285714,38.34571428571429,13.461428571428538,7.0,"USGS NWIS daily discharge, parameter 00060, statistic 00003"
08123850,2015,upstream,primary,2015-08-16,33.94285714285714,39.24857142857143,5.002857142857143,7.0,"USGS NWIS daily discharge, parameter 00060, statistic 00003"
08123850,2016,upstream,primary,2016-07-08,33.885714285714286,38.25428571428572,6.707142857142872,7.0,"USGS NWIS daily discharge, parameter 00060, statistic 00003"
08123850,2019,upstream,primary,2019-08-12,31.014285714285712,40.33714285714286,2.015714285714318,7.0,"USGS NWIS daily discharge, parameter 00060, statistic 00003"
08123850,2020,upstream,primary,2020-07-10,31.885714285714283,41.325714285714284,14.454285714285746,7.0,"USGS NWIS daily discharge, parameter 00060, statistic 00003"
08123850,2021,upstream,primary,2021-07-30,31.2,37.10285714285714,20.271428571428704,7.0,"USGS NWIS daily discharge, parameter 00060, statistic 00003"
08159200,1987,tailwater,sensitivity,1987-08-13,32.67142857142857,37.290000000000006,2047.142857142857,7.0,"USGS NWIS daily discharge, parameter 00060, statistic 00003"
08159200,1988,tailwater,sensitivity,1988-08-12,30.3,39.36857142857143,1800.0,7.0,"USGS NWIS daily discharge, parameter 00060, statistic 00003"
08159200,1989,tailwater,sensitivity,1989-09-06,30.32857142857143,38.36142857142857,1934.2857142857142,7.0,"USGS NWIS daily discharge, parameter 00060, statistic 00003"
08159200,1990,tailwater,sensitivity,1990-08-27,30.714285714285715,39.16571428571428,1764.2857142857142,7.0,"USGS NWIS daily discharge, parameter 00060, statistic 00003"
08159200,1991,tailwater,sensitivity,1991-07-22,30.614285714285717,36.575714285714284,1760.0,7.0,"USGS NWIS daily discharge, parameter 00060, statistic 00003"
08159200,1992,tailwater,sensitivity,1992-08-12,30.657142857142862,36.24285714285715,2024.2857142857142,7.0,"USGS NWIS daily discharge, parameter 00060, statistic 00003"
08159200,1993,tailwater,sensitivity,1993-08-05,31.285714285714285,37.644285714285715,1782.857142857143,7.0,"USGS NWIS daily discharge, parameter 00060, statistic 00003"
08211200,2009,tailwater,primary,2009-06-30,32.00000000000001,38.57857142857143,128.42857142857136,7.0,"USGS NWIS daily discharge, parameter 00060, statistic 00003"
08211200,2010,tailwater,primary,2010-08-09,32.885714285714286,37.68,94.18571428571416,7.0,"USGS NWIS daily discharge, parameter 00060, statistic 00003"
08211200,2011,tailwater,primary,2011-08-06,31.814285714285713,38.55714285714286,141.28571428571416,7.0,"USGS NWIS daily discharge, parameter 00060, statistic 00003"
08211200,2012,tailwater,primary,2012-08-03,31.72857142857143,38.46857142857142,132.14285714285703,7.0,"USGS NWIS daily discharge, parameter 00060, statistic 00003"
08211200,2013,tailwater,primary,2013-08-03,32.142857142857146,37.57857142857143,97.51428571428559,7.0,"USGS NWIS daily discharge, parameter 00060, statistic 00003"
08211200,2014,tailwater,primary,2014-08-17,32.05714285714286,37.48285714285714,95.45714285714271,7.0,"USGS NWIS daily discharge, parameter 00060, statistic 00003"
08211200,2015,tailwater,primary,2015-07-30,32.07142857142857,37.48571428571428,116.28571428571415,7.0,"USGS NWIS daily discharge, parameter 00060, statistic 00003"
08211200,2016,tailwater,primary,2016-07-20,31.957142857142856,38.184285714285714,94.19999999999986,7.0,"USGS NWIS daily discharge, parameter 00060, statistic 00003"
08211200,2017,tailwater,primary,2017-07-06,32.48571428571429,37.56285714285714,87.042857142857,7.0,"USGS NWIS daily discharge, parameter 00060, statistic 00003"
08211200,2018,tailwater,primary,2018-07-23,32.52857142857143,37.05142857142857,107.71428571428558,7.0,"USGS NWIS daily discharge, parameter 00060, statistic 00003"
08211200,2019,tailwater,primary,2019-08-17,32.214285714285715,38.07285714285714,122.14285714285701,7.0,"USGS NWIS daily discharge, parameter 00060, statistic 00003"
08211200,2020,tailwater,primary,2020-08-17,32.4,37.16142857142857,98.55714285714272,7.0,"USGS NWIS daily discharge, parameter 00060, statistic 00003"
08211200,2021,tailwater,primary,2021-07-30,32.1,36.392857142857146,70.34285714285701,7.0,"USGS NWIS daily discharge, parameter 00060, statistic 00003"
08211200,2022,tailwater,primary,2022-07-13,32.128571428571426,38.32285714285714,128.14285714285703,7.0,"USGS NWIS daily discharge, parameter 00060, statistic 00003"
08211200,2023,tailwater,primary,2023-08-13,32.6,39.06857142857143,126.71428571428558,7.0,"USGS NWIS daily discharge, parameter 00060, statistic 00003"
08211200,2024,tailwater,primary,2024-07-02,32.785714285714285,38.455714285714286,115.99999999999987,7.0,"USGS NWIS daily discharge, parameter 00060, statistic 00003"
08211503,2005,tailwater,primary,2005-08-27,37.0,38.33428571428571,-0.4742857142857218,7.0,"USGS NWIS daily discharge, parameter 00060, statistic 00003"
08211503,2006,tailwater,primary,2006-07-21,36.32857142857143,36.54142857142857,0.03571428571427778,7.0,"USGS NWIS daily discharge, parameter 00060, statistic 00003"
08211503,2008,tailwater,primary,2008-08-10,36.25714285714286,36.021428571428565,-0.4214285714285796,7.0,"USGS NWIS daily discharge, parameter 00060, statistic 00003"
08211503,2009,tailwater,primary,2009-07-01,34.17142857142857,37.75857142857143,-1.1800000000000075,7.0,"USGS NWIS daily discharge, parameter 00060, statistic 00003"
08211503,2010,tailwater,primary,2010-08-05,36.714285714285715,37.46,-4.120000000000006,7.0,"USGS NWIS daily discharge, parameter 00060, statistic 00003"
08211503,2011,tailwater,primary,2011-08-20,36.385714285714286,38.31428571428571,-0.9542857142857217,7.0,"USGS NWIS daily discharge, parameter 00060, statistic 00003"
08211503,2012,tailwater,primary,2012-08-04,33.57142857142857,37.74142857142857,-0.3014285714285793,7.0,"USGS NWIS daily discharge, parameter 00060, statistic 00003"
08211503,2013,tailwater,primary,2013-08-06,34.91428571428571,36.47142857142857,0.815714285714277,7.0,"USGS NWIS daily discharge, parameter 00060, statistic 00003"
08211503,2014,tailwater,primary,2014-08-17,36.1,36.77142857142858,0.11142857142856176,7.0,"USGS NWIS daily discharge, parameter 00060, statistic 00003"
08211503,2015,tailwater,primary,2015-08-06,34.34285714285714,36.98857142857143,-0.2557142857142959,7.0,"USGS NWIS daily discharge, parameter 00060, statistic 00003"
08211503,2016,tailwater,primary,2016-07-25,34.05714285714286,37.32714285714285,-0.06714285714286376,7.0,"USGS NWIS daily discharge, parameter 00060, statistic 00003"
08211503,2017,tailwater,primary,2017-08-02,34.642857142857146,36.86428571428571,-0.09142857142857823,7.0,"USGS NWIS daily discharge, parameter 00060, statistic 00003"
08377900,2012,reference,primary,2012-08-03,16.085714285714285,30.60857142857143,9.28857142857143,7.0,"USGS NWIS daily discharge, parameter 00060, statistic 00003"
08377900,2013,reference,primary,2013-06-28,14.557142857142859,28.485714285714284,4.388571428571429,7.0,"USGS NWIS daily discharge, parameter 00060, statistic 00003"
08377900,2015,reference,primary,2015-07-28,13.8,27.681428571428572,29.157142857142855,7.0,"USGS NWIS daily discharge, parameter 00060, statistic 00003"
08377900,2016,reference,primary,2016-07-21,15.542857142857143,29.614285714285717,12.431428571428572,7.0,"USGS NWIS daily discharge, parameter 00060, statistic 00003"
08377900,2017,reference,primary,2017-07-30,15.171428571428569,29.351428571428574,22.142857142857142,7.0,"USGS NWIS daily discharge, parameter 00060, statistic 00003"
08377900,2018,reference,primary,2018-06-28,16.1,29.945714285714285,0.920000000000004,7.0,"USGS NWIS daily discharge, parameter 00060, statistic 00003"
08377900,2019,reference,primary,2019-07-23,14.142857142857142,28.798571428571428,21.128571428571433,7.0,"USGS NWIS daily discharge, parameter 00060, statistic 00003"
09136100,2010,upstream,primary,2010-07-20,27.17142857142857,37.87428571428571,74.87142857142858,7.0,"USGS NWIS daily discharge, parameter 00060, statistic 00003"
09136100,2011,upstream,primary,2011-08-27,24.714285714285715,35.59571428571429,134.85714285714286,7.0,"USGS NWIS daily discharge, parameter 00060, statistic 00003"
09136100,2012,upstream,primary,2012-07-26,27.014285714285712,36.87714285714286,92.35714285714286,7.0,"USGS NWIS daily discharge, parameter 00060, statistic 00003"
09136100,2013,upstream,primary,2013-07-19,28.0,37.69857142857143,127.42857142857143,7.0,"USGS NWIS daily discharge, parameter 00060, statistic 00003"
09136100,2014,upstream,primary,2014-07-17,25.699999999999996,35.924285714285716,172.42857142857142,7.0,"USGS NWIS daily discharge, parameter 00060, statistic 00003"
09136100,2015,upstream,primary,2015-08-16,24.942857142857143,36.769999999999996,133.57142857142858,7.0,"USGS NWIS daily discharge, parameter 00060, statistic 00003"
09136100,2016,upstream,primary,2016-07-29,25.61428571428571,36.902857142857144,101.1,7.0,"USGS NWIS daily discharge, parameter 00060, statistic 00003"
09136100,2017,upstream,primary,2017-07-24,26.45714285714286,37.701428571428565,117.45714285714287,7.0,"USGS NWIS daily discharge, parameter 00060, statistic 00003"
09136100,2018,upstream,primary,2018-07-24,27.642857142857142,37.544285714285714,51.94285714285714,7.0,"USGS NWIS daily discharge, parameter 00060, statistic 00003"
09136100,2019,upstream,primary,2019-08-10,25.014285714285712,37.199999999999996,219.71428571428572,7.0,"USGS NWIS daily discharge, parameter 00060, statistic 00003"
09136100,2020,upstream,primary,2020-08-01,26.75714285714286,37.91428571428572,97.94285714285715,7.0,"USGS NWIS daily discharge, parameter 00060, statistic 00003"
09136100,2021,upstream,primary,2021-07-23,28.771428571428572,39.10285714285715,62.642857142857146,7.0,"USGS NWIS daily discharge, parameter 00060, statistic 00003"
09136100,2022,upstream,primary,2022-07-22,27.885714285714283,39.048571428571435,88.71428571428571,7.0,"USGS NWIS daily discharge, parameter 00060, statistic 00003"
09136100,2023,upstream,primary,2023-07-28,26.400000000000002,38.604285714285716,130.0,7.0,"USGS NWIS daily discharge, parameter 00060, statistic 00003"
09136100,2024,upstream,primary,2024-08-07,26.75714285714286,37.82,89.94285714285715,7.0,"USGS NWIS daily discharge, parameter 00060, statistic 00003"
09196500,1990,reference,primary,1990-08-12,16.657142857142855,28.56,124.0,7.0,"USGS NWIS daily discharge, parameter 00060, statistic 00003"
09196500,1992,reference,primary,1992-08-15,17.942857142857143,27.124285714285715,79.28571428571429,7.0,"USGS NWIS daily discharge, parameter 00060, statistic 00003"
09196500,1994,reference,primary,1994-08-16,23.928571428571427,27.41857142857143,91.14285714285714,7.0,"USGS NWIS daily discharge, parameter 00060, statistic 00003"
09196500,2013,reference,primary,2013-09-07,18.342857142857145,28.062857142857144,42.91428571428571,7.0,"USGS NWIS daily discharge, parameter 00060, statistic 00003"
09196500,2014,reference,primary,2014-08-17,16.942857142857143,26.76571428571429,156.28571428571428,7.0,"USGS NWIS daily discharge, parameter 00060, statistic 00003"
09196500,2015,reference,primary,2015-08-17,18.142857142857142,28.002857142857145,71.18571428571428,7.0,"USGS NWIS daily discharge, parameter 00060, statistic 00003"
09196500,2016,reference,primary,2016-08-03,18.1,27.65571428571429,86.81428571428572,7.0,"USGS NWIS daily discharge, parameter 00060, statistic 00003"
09196500,2017,reference,primary,2017-09-02,16.02857142857143,27.310000000000002,132.85714285714286,7.0,"USGS NWIS daily discharge, parameter 00060, statistic 00003"
09196500,2018,reference,primary,2018-08-15,18.400000000000002,28.118571428571425,131.57142857142858,7.0,"USGS NWIS daily discharge, parameter 00060, statistic 00003"
09196500,2019,reference,primary,2019-09-05,17.085714285714285,26.798571428571428,40.32857142857143,7.0,"USGS NWIS daily discharge, parameter 00060, statistic 00003"
09196500,2021,reference,primary,2021-07-29,18.957142857142856,28.201428571428572,79.27142857142857,7.0,"USGS NWIS daily discharge, parameter 00060, statistic 00003"
09196500,2022,reference,primary,2022-08-19,17.985714285714288,28.75857142857143,121.42857142857143,7.0,"USGS NWIS daily discharge, parameter 00060, statistic 00003"
09196500,2023,reference,primary,2023-08-29,17.785714285714285,27.06142857142857,89.07142857142857,7.0,"USGS NWIS daily discharge, parameter 00060, statistic 00003"
09196500,2024,reference,primary,2024-08-08,18.2,28.48857142857143,89.82857142857142,7.0,"USGS NWIS daily discharge, parameter 00060, statistic 00003"
09371520,1994,upstream,primary,1994-07-01,24.885714285714283,36.402857142857144,61.857142857142854,7.0,"USGS NWIS daily discharge, parameter 00060, statistic 00003"
09371520,1995,upstream,primary,1995-08-13,23.885714285714283,35.53714285714286,102.14285714285714,7.0,"USGS NWIS daily discharge, parameter 00060, statistic 00003"
09371520,1996,upstream,primary,1996-07-10,25.657142857142855,35.46142857142858,78.85714285714286,7.0,"USGS NWIS daily discharge, parameter 00060, statistic 00003"
09371520,1997,upstream,primary,1997-08-24,23.328571428571426,34.222857142857144,91.85714285714286,7.0,"USGS NWIS daily discharge, parameter 00060, statistic 00003"
09371520,1998,upstream,primary,1998-07-23,24.771428571428572,36.23857142857143,90.14285714285714,7.0,"USGS NWIS daily discharge, parameter 00060, statistic 00003"
09371520,1999,upstream,primary,1999-07-07,24.885714285714283,34.424285714285716,63.57142857142857,7.0,"USGS NWIS daily discharge, parameter 00060, statistic 00003"
09371520,2000,upstream,primary,2000-08-16,24.314285714285713,35.40714285714286,90.0,7.0,"USGS NWIS daily discharge, parameter 00060, statistic 00003"
09371520,2001,upstream,primary,2001-07-11,25.657142857142855,35.73714285714286,56.0,7.0,"USGS NWIS daily discharge, parameter 00060, statistic 00003"
09371520,2002,upstream,primary,2002-07-18,26.37142857142857,36.458571428571425,28.557142857142857,7.0,"USGS NWIS daily discharge, parameter 00060, statistic 00003"
09371520,2003,upstream,primary,2003-07-20,26.928571428571427,37.57285714285714,26.428571428571427,7.0,"USGS NWIS daily discharge, parameter 00060, statistic 00003"
09371520,2004,upstream,primary,2004-07-21,26.557142857142857,34.42857142857143,33.54285714285714,7.0,"USGS NWIS daily discharge, parameter 00060, statistic 00003"
09371520,2005,upstream,primary,2005-07-23,25.02857142857143,36.94714285714286,53.25714285714285,7.0,"USGS NWIS daily discharge, parameter 00060, statistic 00003"
09371520,2006,upstream,primary,2006-07-26,25.5,35.747142857142855,49.29999999999997,7.0,"USGS NWIS daily discharge, parameter 00060, statistic 00003"
09371520,2011,upstream,primary,2011-07-09,25.114285714285717,35.33857142857143,57.69999999999998,7.0,"USGS NWIS daily discharge, parameter 00060, statistic 00003"
09371520,2012,upstream,primary,2012-06-30,25.514285714285712,35.6,30.257142857142835,7.0,"USGS NWIS daily discharge, parameter 00060, statistic 00003"
09371520,2013,upstream,primary,2013-07-14,26.699999999999996,36.462857142857146,24.657142857142833,7.0,"USGS NWIS daily discharge, parameter 00060, statistic 00003"
09371520,2014,upstream,primary,2014-07-26,25.642857142857142,35.18857142857143,25.928571428571413,7.0,"USGS NWIS daily discharge, parameter 00060, statistic 00003"
09371520,2015,upstream,primary,2015-07-03,26.599999999999998,35.357142857142854,30.799999999999983,7.0,"USGS NWIS daily discharge, parameter 00060, statistic 00003"
09371520,2016,upstream,primary,2016-07-22,24.814285714285713,36.08714285714286,37.59999999999998,7.0,"USGS NWIS daily discharge, parameter 00060, statistic 00003"
09371520,2017,upstream,primary,2017-07-20,25.185714285714287,36.26714285714286,56.84285714285712,7.0,"USGS NWIS daily discharge, parameter 00060, statistic 00003"
09371520,2018,upstream,primary,2018-07-25,25.900000000000002,36.27285714285715,39.985714285714266,7.0,"USGS NWIS daily discharge, parameter 00060, statistic 00003"
09371520,2019,upstream,primary,2019-07-29,24.75714285714286,35.52571428571429,39.642857142857125,7.0,"USGS NWIS daily discharge, parameter 00060, statistic 00003"
09371520,2020,upstream,primary,2020-07-18,25.04285714285714,36.48285714285714,23.271428571428554,7.0,"USGS NWIS daily discharge, parameter 00060, statistic 00003"
09371520,2021,upstream,primary,2021-07-10,26.45714285714286,37.32285714285714,29.514285714285702,7.0,"USGS NWIS daily discharge, parameter 00060, statistic 00003"
09371520,2022,upstream,primary,2022-07-18,28.0,37.49285714285714,15.357142857142842,7.0,"USGS NWIS daily discharge, parameter 00060, statistic 00003"
09371520,2023,upstream,primary,2023-07-31,25.742857142857144,36.93857142857143,31.099999999999984,7.0,"USGS NWIS daily discharge, parameter 00060, statistic 00003"
09371520,2024,upstream,primary,2024-07-18,25.97142857142857,36.355714285714285,22.299999999999983,7.0,"USGS NWIS daily discharge, parameter 00060, statistic 00003"
09505800,2016,reference,primary,2016-06-26,22.542857142857144,39.645714285714284,12.45714285714286,7.0,"USGS NWIS daily discharge, parameter 00060, statistic 00003"
09505800,2017,reference,primary,2017-07-12,22.32857142857143,41.63857142857143,14.485714285714286,7.0,"USGS NWIS daily discharge, parameter 00060, statistic 00003"
09505800,2018,reference,primary,2018-07-30,23.685714285714287,38.970000000000006,16.371428571428574,7.0,"USGS NWIS daily discharge, parameter 00060, statistic 00003"
09505800,2019,reference,primary,2019-07-30,24.87142857142857,38.387142857142855,14.814285714285713,7.0,"USGS NWIS daily discharge, parameter 00060, statistic 00003"
09505800,2020,reference,primary,2020-08-03,25.014285714285716,40.46857142857143,13.414285714285715,7.0,"USGS NWIS daily discharge, parameter 00060, statistic 00003"
09505800,2021,reference,primary,2021-07-13,25.75714285714286,41.44571428571429,14.599999999999998,7.0,"USGS NWIS daily discharge, parameter 00060, statistic 00003"
09505800,2022,reference,primary,2022-07-25,25.5,39.635714285714286,14.814285714285713,7.0,"USGS NWIS daily discharge, parameter 00060, statistic 00003"
09505800,2024,reference,primary,2024-07-03,25.2,40.46,19.25714285714286,7.0,"USGS NWIS daily discharge, parameter 00060, statistic 00003"
10133980,2008,upstream,primary,2008-08-04,25.02857142857143,32.1,17.085714285714285,7.0,"USGS NWIS daily discharge, parameter 00060, statistic 00003"
10133980,2009,upstream,primary,2009-07-28,24.77142857142857,32.01714285714286,21.814285714285717,7.0,"USGS NWIS daily discharge, parameter 00060, statistic 00003"
10133980,2010,upstream,primary,2010-07-28,24.571428571428573,31.34857142857143,18.985714285714288,7.0,"USGS NWIS daily discharge, parameter 00060, statistic 00003"
10133980,2011,upstream,primary,2011-08-30,21.91428571428571,32.22571428571428,30.857142857142858,7.0,"USGS NWIS daily discharge, parameter 00060, statistic 00003"
10133980,2012,upstream,primary,2012-07-12,24.599999999999998,32.607142857142854,16.442857142857143,7.0,"USGS NWIS daily discharge, parameter 00060, statistic 00003"
10133980,2013,upstream,primary,2013-07-04,26.22857142857143,34.308571428571426,17.385714285714286,7.0,"USGS NWIS daily discharge, parameter 00060, statistic 00003"
10133980,2014,upstream,primary,2014-07-18,25.557142857142853,31.950000000000006,14.12857142857143,7.0,"USGS NWIS daily discharge, parameter 00060, statistic 00003"
10133980,2015,upstream,primary,2015-07-04,26.928571428571427,33.17142857142857,16.771428571428572,7.0,"USGS NWIS daily discharge, parameter 00060, statistic 00003"
10133980,2016,upstream,primary,2016-07-26,25.3,32.91285714285714,7.675714285714286,7.0,"USGS NWIS daily discharge, parameter 00060, statistic 00003"
10133980,2017,upstream,primary,2017-07-22,24.27142857142857,32.70285714285714,24.0,7.0,"USGS NWIS daily discharge, parameter 00060, statistic 00003"
10133980,2018,upstream,primary,2018-07-12,26.12857142857143,32.90571428571428,10.197142857142856,7.0,"USGS NWIS daily discharge, parameter 00060, statistic 00003"
10133980,2019,upstream,primary,2019-07-24,23.557142857142857,31.76571428571429,23.2,7.0,"USGS NWIS daily discharge, parameter 00060, statistic 00003"
10133980,2020,upstream,primary,2020-08-01,25.042857142857144,33.74714285714286,14.414285714285715,7.0,"USGS NWIS daily discharge, parameter 00060, statistic 00003"
10133980,2021,upstream,primary,2021-07-09,26.52857142857143,33.848571428571425,12.214285714285714,7.0,"USGS NWIS daily discharge, parameter 00060, statistic 00003"
10133980,2022,upstream,primary,2022-07-22,25.828571428571426,33.83,15.357142857142858,7.0,"USGS NWIS daily discharge, parameter 00060, statistic 00003"
10133980,2023,upstream,primary,2023-07-30,23.214285714285715,32.57,29.157142857142855,7.0,"USGS NWIS daily discharge, parameter 00060, statistic 00003"
10133980,2024,upstream,primary,2024-07-26,24.128571428571426,33.07714285714285,21.457142857142856,7.0,"USGS NWIS daily discharge, parameter 00060, statistic 00003"
10172200,1999,reference,primary,1999-08-23,13.971428571428572,31.17571428571429,2.814285714285714,7.0,"USGS NWIS daily discharge, parameter 00060, statistic 00003"
10172200,2000,reference,primary,2000-08-01,16.742857142857144,34.90714285714286,1.01,7.0,"USGS NWIS daily discharge, parameter 00060, statistic 00003"
10172200,2001,reference,primary,2001-08-10,17.128571428571426,34.58714285714286,0.8985714285714286,7.0,"USGS NWIS daily discharge, parameter 00060, statistic 00003"
10172200,2012,reference,primary,2012-08-02,16.34285714285714,32.714285714285715,1.1628571428571426,7.0,"USGS NWIS daily discharge, parameter 00060, statistic 00003"
10172200,2013,reference,primary,2013-07-04,17.371428571428574,34.23142857142857,1.0814285714285714,7.0,"USGS NWIS daily discharge, parameter 00060, statistic 00003"
10172200,2014,reference,primary,2014-07-18,17.414285714285715,32.589999999999996,0.9571428571428573,7.0,"USGS NWIS daily discharge, parameter 00060, statistic 00003"
10172200,2015,reference,primary,2015-07-04,16.785714285714285,33.84285714285714,1.5614285714285714,7.0,"USGS NWIS daily discharge, parameter 00060, statistic 00003"
10172200,2016,reference,primary,2016-08-03,16.95714285714286,33.54,0.7871428571428573,7.0,"USGS NWIS daily discharge, parameter 00060, statistic 00003"
10172200,2017,reference,primary,2017-07-24,15.214285714285714,33.89142857142857,2.207142857142857,7.0,"USGS NWIS daily discharge, parameter 00060, statistic 00003"
10172200,2018,reference,primary,2018-07-29,18.2,33.16571428571429,0.42142857142857143,7.0,"USGS NWIS daily discharge, parameter 00060, statistic 00003"
10172200,2019,reference,primary,2019-08-07,14.400000000000002,32.34142857142857,2.7214285714285715,7.0,"USGS NWIS daily discharge, parameter 00060, statistic 00003"
10172200,2020,reference,primary,2020-08-25,16.599999999999998,34.394285714285715,0.7514285714285714,7.0,"USGS NWIS daily discharge, parameter 00060, statistic 00003"
10172200,2021,reference,primary,2021-07-23,18.985714285714288,34.58428571428571,0.4685714285714286,7.0,"USGS NWIS daily discharge, parameter 00060, statistic 00003"
10172200,2022,reference,primary,2022-07-23,16.985714285714288,34.58857142857143,0.9685714285714286,7.0,"USGS NWIS daily discharge, parameter 00060, statistic 00003"
10172200,2023,reference,primary,2023-08-01,14.585714285714285,33.66428571428572,2.924285714285715,7.0,"USGS NWIS daily discharge, parameter 00060, statistic 00003"
10172200,2024,reference,primary,2024-08-10,14.87142857142857,34.33571428571429,2.14,7.0,"USGS NWIS daily discharge, parameter 00060, statistic 00003"
10249300,2012,reference,primary,2012-07-12,17.571428571428573,32.44714285714286,0.8285714285714285,7.0,"USGS NWIS daily discharge, parameter 00060, statistic 00003"
10249300,2013,reference,primary,2013-08-19,18.0,34.22714285714286,0.21285714285714286,7.0,"USGS NWIS daily discharge, parameter 00060, statistic 00003"
10249300,2014,reference,primary,2014-07-15,17.45714285714286,32.08428571428571,0.5414285714285715,7.0,"USGS NWIS daily discharge, parameter 00060, statistic 00003"
10249300,2015,reference,primary,2015-08-20,17.457142857142856,32.440000000000005,0.34142857142857147,7.0,"USGS NWIS daily discharge, parameter 00060, statistic 00003"
10249300,2016,reference,primary,2016-08-02,16.485714285714288,33.720000000000006,2.0485714285714285,7.0,"USGS NWIS daily discharge, parameter 00060, statistic 00003"
10249300,2017,reference,primary,2017-08-04,16.071428571428573,32.294285714285714,2.4499999999999997,7.0,"USGS NWIS daily discharge, parameter 00060, statistic 00003"
10249300,2018,reference,primary,2018-07-31,16.028571428571432,32.98428571428571,1.8585714285714285,7.0,"USGS NWIS daily discharge, parameter 00060, statistic 00003"
10249300,2019,reference,primary,2019-08-30,14.657142857142858,31.428571428571423,2.7614285714285676,7.0,"USGS NWIS daily discharge, parameter 00060, statistic 00003"
10249300,2020,reference,primary,2020-08-04,16.871428571428574,33.13142857142857,1.0928571428571388,7.0,"USGS NWIS daily discharge, parameter 00060, statistic 00003"
10249300,2021,reference,primary,2021-07-17,17.085714285714285,34.787142857142854,0.867142857142853,7.0,"USGS NWIS daily discharge, parameter 00060, statistic 00003"
10249300,2022,reference,primary,2022-07-20,20.014285714285712,33.02285714285714,0.23428571428571024,7.0,"USGS NWIS daily discharge, parameter 00060, statistic 00003"
10249300,2024,reference,primary,2024-08-10,15.042857142857144,35.07714285714286,3.452857142857139,7.0,"USGS NWIS daily discharge, parameter 00060, statistic 00003"
10313400,1992,reference,primary,1992-08-13,30.214285714285715,32.41,0.21571428571428572,7.0,"USGS NWIS daily discharge, parameter 00060, statistic 00003"
10313400,1993,reference,primary,1993-08-02,24.285714285714285,29.34,11.12857142857143,7.0,"USGS NWIS daily discharge, parameter 00060, statistic 00003"
10313400,1997,reference,primary,1997-08-08,24.5,29.334285714285716,4.757142857142857,7.0,"USGS NWIS daily discharge, parameter 00060, statistic 00003"
10313400,1998,reference,primary,1998-08-09,25.0,33.948571428571434,4.042857142857143,7.0,"USGS NWIS daily discharge, parameter 00060, statistic 00003"
10313400,1999,reference,primary,1999-07-27,24.142857142857142,30.669999999999998,4.2,7.0,"USGS NWIS daily discharge, parameter 00060, statistic 00003"
10313400,2002,reference,primary,2002-07-14,26.785714285714285,35.63857142857143,9.04857142857143,7.0,"USGS NWIS daily discharge, parameter 00060, statistic 00003"
10313400,2004,reference,primary,2004-07-16,24.785714285714285,31.608571428571427,3.3814285714285712,7.0,"USGS NWIS daily discharge, parameter 00060, statistic 00003"
10313400,2009,reference,primary,2009-07-25,23.142857142857142,32.037142857142854,8.151428571428571,7.0,"USGS NWIS daily discharge, parameter 00060, statistic 00003"
10336645,2015,reference,primary,2015-07-03,20.157142857142855,28.20714285714286,0.7857142857142857,7.0,"USGS NWIS daily discharge, parameter 00060, statistic 00003"
10336645,2016,reference,primary,2016-08-03,20.428571428571427,29.474285714285713,0.7014285714285713,7.0,"USGS NWIS daily discharge, parameter 00060, statistic 00003"
10336645,2017,reference,primary,2017-08-04,17.900000000000002,28.287142857142857,2.6357142857142857,7.0,"USGS NWIS daily discharge, parameter 00060, statistic 00003"
10336645,2018,reference,primary,2018-07-21,20.22857142857143,28.847142857142853,1.227142857142857,7.0,"USGS NWIS daily discharge, parameter 00060, statistic 00003"
10336645,2019,reference,primary,2019-07-30,17.942857142857143,26.504285714285714,2.5214285714285714,7.0,"USGS NWIS daily discharge, parameter 00060, statistic 00003"
10336645,2020,reference,primary,2020-07-21,20.8,28.82,1.1928571428571428,7.0,"USGS NWIS daily discharge, parameter 00060, statistic 00003"
10336645,2021,reference,primary,2021-07-13,23.114285714285717,31.057142857142857,0.5357142857142858,7.0,"USGS NWIS daily discharge, parameter 00060, statistic 00003"
10336645,2022,reference,primary,2022-07-21,20.742857142857144,30.568571428571428,1.2642857142857142,7.0,"USGS NWIS daily discharge, parameter 00060, statistic 00003"
10336645,2023,reference,primary,2023-07-24,17.814285714285713,29.592857142857145,4.757142857142857,7.0,"USGS NWIS daily discharge, parameter 00060, statistic 00003"
10336645,2024,reference,primary,2024-07-26,19.97142857142857,31.162857142857142,1.4414285714285715,7.0,"USGS NWIS daily discharge, parameter 00060, statistic 00003"
10336660,2015,reference,primary,2015-07-03,22.785714285714285,28.257142857142856,2.6185714285714288,7.0,"USGS NWIS daily discharge, parameter 00060, statistic 00003"
10336660,2016,reference,primary,2016-08-02,22.442857142857143,29.497142857142858,3.572857142857143,7.0,"USGS NWIS daily discharge, parameter 00060, statistic 00003"
10336660,2018,reference,primary,2018-07-27,23.014285714285716,28.948571428571427,3.329999999999984,7.0,"USGS NWIS daily discharge, parameter 00060, statistic 00003"
10336660,2019,reference,primary,2019-08-29,19.542857142857144,26.622857142857146,4.1099999999999834,7.0,"USGS NWIS daily discharge, parameter 00060, statistic 00003"
10336660,2020,reference,primary,2020-07-22,22.971428571428568,28.92428571428571,3.7885714285714123,7.0,"USGS NWIS daily discharge, parameter 00060, statistic 00003"
10336660,2021,reference,primary,2021-07-15,25.557142857142857,31.042857142857144,2.554285714285698,7.0,"USGS NWIS daily discharge, parameter 00060, statistic 00003"
10336660,2022,reference,primary,2022-07-30,22.75714285714286,30.805714285714284,3.7085714285714126,7.0,"USGS NWIS daily discharge, parameter 00060, statistic 00003"
10336660,2023,reference,primary,2023-08-13,19.02857142857143,29.562857142857144,8.122857142857127,7.0,"USGS NWIS daily discharge, parameter 00060, statistic 00003"
10336660,2024,reference,primary,2024-07-26,21.87142857142857,31.214285714285715,4.514285714285698,7.0,"USGS NWIS daily discharge, parameter 00060, statistic 00003"
10336676,2016,reference,primary,2016-08-03,21.814285714285713,29.927142857142858,1.460000000000004,7.0,"USGS NWIS daily discharge, parameter 00060, statistic 00003"
10336676,2017,reference,primary,2017-08-04,18.085714285714285,28.91,13.028571428571444,7.0,"USGS NWIS daily discharge, parameter 00060, statistic 00003"
10336676,2018,reference,primary,2018-07-29,21.042857142857144,29.33142857142857,1.2800000000000165,7.0,"USGS NWIS daily discharge, parameter 00060, statistic 00003"
10336676,2019,reference,primary,2019-08-30,17.714285714285715,27.06714285714286,2.254285714285731,7.0,"USGS NWIS daily discharge, parameter 00060, statistic 00003"
10336676,2022,reference,primary,2022-07-21,21.800000000000004,31.211428571428574,2.6628571428571592,7.0,"USGS NWIS daily discharge, parameter 00060, statistic 00003"
10336676,2023,reference,primary,2023-08-17,17.857142857142858,29.962857142857143,4.0114285714285876,7.0,"USGS NWIS daily discharge, parameter 00060, statistic 00003"
10336676,2024,reference,primary,2024-07-26,21.714285714285715,31.521428571428572,2.372857142857159,7.0,"USGS NWIS daily discharge, parameter 00060, statistic 00003"
10343500,2001,reference,primary,2001-07-05,18.5,30.25857142857143,1.8571428571428552,7.0,"USGS NWIS daily discharge, parameter 00060, statistic 00003"
10343500,2002,reference,primary,2002-07-14,18.857142857142858,31.921428571428574,2.447142857142855,7.0,"USGS NWIS daily discharge, parameter 00060, statistic 00003"
10343500,2003,reference,primary,2003-07-22,19.071428571428573,31.548571428571428,2.8557142857142837,7.0,"USGS NWIS daily discharge, parameter 00060, statistic 00003"
10343500,2004,reference,primary,2004-07-24,18.857142857142858,29.58857142857143,1.9642857142857122,7.0,"USGS NWIS daily discharge, parameter 00060, statistic 00003"
10343500,2005,reference,primary,2005-07-19,18.142857142857142,31.33857142857143,4.692857142857139,7.0,"USGS NWIS daily discharge, parameter 00060, statistic 00003"
10343500,2006,reference,primary,2006-07-28,17.428571428571427,30.23,4.745714285714278,7.0,"USGS NWIS daily discharge, parameter 00060, statistic 00003"
10343500,2007,reference,primary,2007-07-09,18.857142857142858,31.111428571428572,1.9014285714285635,7.0,"USGS NWIS daily discharge, parameter 00060, statistic 00003"
10343500,2008,reference,primary,2008-07-09,17.9,30.614285714285717,2.282857142857135,7.0,"USGS NWIS daily discharge, parameter 00060, statistic 00003"
10343500,2009,reference,primary,2009-07-24,18.428571428571427,29.975714285714286,1.909999999999992,7.0,"USGS NWIS daily discharge, parameter 00060, statistic 00003"
10343500,2010,reference,primary,2010-07-18,17.457142857142856,28.728571428571428,4.928571428571421,7.0,"USGS NWIS daily discharge, parameter 00060, statistic 00003"
10343500,2011,reference,primary,2011-08-04,14.9,27.06,10.141428571428563,7.0,"USGS NWIS daily discharge, parameter 00060, statistic 00003"
10343500,2012,reference,primary,2012-07-14,17.95714285714286,29.965714285714284,2.1885714285714206,7.0,"USGS NWIS daily discharge, parameter 00060, statistic 00003"
10343500,2013,reference,primary,2013-07-05,18.971428571428568,30.798571428571424,2.1071428571428488,7.0,"USGS NWIS daily discharge, parameter 00060, statistic 00003"
10343500,2014,reference,primary,2014-07-06,18.685714285714283,30.132857142857144,1.1828571428571346,7.0,"USGS NWIS daily discharge, parameter 00060, statistic 00003"
10343500,2015,reference,primary,2015-06-30,17.814285714285713,29.17142857142857,1.2171428571428489,7.0,"USGS NWIS daily discharge, parameter 00060, statistic 00003"
10343500,2016,reference,primary,2016-08-02,17.385714285714286,30.361428571428572,1.567142857142849,7.0,"USGS NWIS daily discharge, parameter 00060, statistic 00003"
10343500,2017,reference,primary,2017-08-03,15.557142857142859,30.087142857142855,7.525714285714278,7.0,"USGS NWIS daily discharge, parameter 00060, statistic 00003"
10343500,2018,reference,primary,2018-07-21,17.6,30.35571428571429,2.0899999999999936,7.0,"USGS NWIS daily discharge, parameter 00060, statistic 00003"
10343500,2019,reference,primary,2019-07-28,15.914285714285715,28.080000000000002,4.9314285714285635,7.0,"USGS NWIS daily discharge, parameter 00060, statistic 00003"
10343500,2020,reference,primary,2020-07-19,17.442857142857143,30.162857142857142,1.7042857142857062,7.0,"USGS NWIS daily discharge, parameter 00060, statistic 00003"
10343500,2021,reference,primary,2021-07-15,19.285714285714285,31.537142857142857,1.1057142857142774,7.0,"USGS NWIS daily discharge, parameter 00060, statistic 00003"
10343500,2022,reference,primary,2022-07-21,17.814285714285713,30.81,2.0085714285714213,7.0,"USGS NWIS daily discharge, parameter 00060, statistic 00003"
10343500,2023,reference,primary,2023-07-23,15.742857142857144,29.878571428571426,8.484285714285706,7.0,"USGS NWIS daily discharge, parameter 00060, statistic 00003"
10343500,2024,reference,primary,2024-07-12,16.442857142857143,32.221428571428575,3.1457142857142775,7.0,"USGS NWIS daily discharge, parameter 00060, statistic 00003"
10396000,2011,reference,primary,2011-08-26,20.285714285714285,34.98428571428572,89.95714285714284,7.0,"USGS NWIS daily discharge, parameter 00060, statistic 00003"
10396000,2013,reference,primary,2013-07-22,26.442857142857147,37.012857142857136,36.55714285714286,7.0,"USGS NWIS daily discharge, parameter 00060, statistic 00003"
10396000,2014,reference,primary,2014-07-20,26.214285714285715,35.97571428571429,36.84285714285712,7.0,"USGS NWIS daily discharge, parameter 00060, statistic 00003"
10396000,2015,reference,primary,2015-07-04,27.085714285714285,37.84428571428571,45.985714285714266,7.0,"USGS NWIS daily discharge, parameter 00060, statistic 00003"
10396000,2016,reference,primary,2016-07-31,26.25714285714286,37.09285714285714,41.14285714285711,7.0,"USGS NWIS daily discharge, parameter 00060, statistic 00003"
10396000,2017,reference,primary,2017-08-03,24.942857142857143,37.348571428571425,45.942857142857115,7.0,"USGS NWIS daily discharge, parameter 00060, statistic 00003"
10396000,2018,reference,primary,2018-07-29,27.285714285714285,36.73142857142857,28.028571428571393,7.0,"USGS NWIS daily discharge, parameter 00060, statistic 00003"
10396000,2019,reference,primary,2019-08-05,23.285714285714285,34.862857142857145,62.11428571428568,7.0,"USGS NWIS daily discharge, parameter 00060, statistic 00003"
10396000,2020,reference,primary,2020-08-04,25.24285714285714,36.67714285714286,38.2285714285714,7.0,"USGS NWIS daily discharge, parameter 00060, statistic 00003"
10396000,2021,reference,primary,2021-07-14,26.214285714285715,37.529999999999994,39.785714285714256,7.0,"USGS NWIS daily discharge, parameter 00060, statistic 00003"
10396000,2022,reference,primary,2022-07-29,25.97142857142857,38.379999999999995,37.414285714285676,7.0,"USGS NWIS daily discharge, parameter 00060, statistic 00003"
10396000,2023,reference,primary,2023-08-16,23.900000000000002,36.90857142857143,42.257142857142824,7.0,"USGS NWIS daily discharge, parameter 00060, statistic 00003"
10396000,2024,reference,primary,2024-08-06,24.314285714285713,38.27428571428572,49.95714285714282,7.0,"USGS NWIS daily discharge, parameter 00060, statistic 00003"
11172945,2009,upstream,primary,2009-07-21,21.985714285714288,34.58142857142857,0.11714285714285713,7.0,"USGS NWIS daily discharge, parameter 00060, statistic 00003"
11172945,2010,upstream,primary,2010-07-19,21.342857142857145,33.55,0.9328571428571427,7.0,"USGS NWIS daily discharge, parameter 00060, statistic 00003"
11172945,2011,upstream,primary,2011-07-08,21.47142857142857,32.48428571428571,2.151428571428555,7.0,"USGS NWIS daily discharge, parameter 00060, statistic 00003"
11172945,2012,upstream,primary,2012-08-16,21.428571428571427,33.660000000000004,0.057142857142840904,7.0,"USGS NWIS daily discharge, parameter 00060, statistic 00003"
11172945,2016,upstream,primary,2016-08-01,22.214285714285715,34.52571428571429,0.24428571428569804,7.0,"USGS NWIS daily discharge, parameter 00060, statistic 00003"
11172945,2017,upstream,primary,2017-06-24,23.257142857142856,35.94857142857143,2.439999999999967,7.0,"USGS NWIS daily discharge, parameter 00060, statistic 00003"
11172945,2018,upstream,primary,2018-07-27,23.671428571428574,31.84,0.15571428571425325,7.0,"USGS NWIS daily discharge, parameter 00060, statistic 00003"
11172945,2019,upstream,primary,2019-07-28,22.2,32.89714285714286,0.7657142857142532,7.0,"USGS NWIS daily discharge, parameter 00060, statistic 00003"
11173200,2009,reference,primary,2009-07-24,23.0,34.23142857142857,0.6485714285713636,7.0,"USGS NWIS daily discharge, parameter 00060, statistic 00003"
11173200,2010,reference,primary,2010-07-19,21.24285714285714,33.392857142857146,2.122857142857094,7.0,"USGS NWIS daily discharge, parameter 00060, statistic 00003"
11173200,2012,reference,primary,2012-08-16,21.357142857142858,33.11,0.1985714285714286,7.0,"USGS NWIS daily discharge, parameter 00060, statistic 00003"
11173200,2013,reference,primary,2013-07-05,23.24285714285714,34.54714285714285,0.5085714285714286,7.0,"USGS NWIS daily discharge, parameter 00060, statistic 00003"
11173200,2014,reference,primary,2014-08-01,22.928571428571427,32.67142857142857,0.10571428571428572,7.0,"USGS NWIS daily discharge, parameter 00060, statistic 00003"
11173200,2015,reference,primary,2015-07-07,22.228571428571428,33.50285714285714,0.40714285714285714,7.0,"USGS NWIS daily discharge, parameter 00060, statistic 00003"
11173200,2016,reference,primary,2016-08-01,21.17142857142857,34.26,0.8614285714285713,7.0,"USGS NWIS daily discharge, parameter 00060, statistic 00003"
11173200,2017,reference,primary,2017-06-23,21.742857142857144,35.75857142857143,8.408571428571436,7.0,"USGS NWIS daily discharge, parameter 00060, statistic 00003"
11173200,2018,reference,primary,2018-07-25,23.114285714285717,31.759999999999998,0.8800000000000161,7.0,"USGS NWIS daily discharge, parameter 00060, statistic 00003"
11173200,2019,reference,primary,2019-07-29,22.314285714285717,32.83857142857143,3.007142857142857,7.0,"USGS NWIS daily discharge, parameter 00060, statistic 00003"
11173200,2020,reference,primary,2020-08-19,22.628571428571426,35.978571428571435,0.5042857142857142,7.0,"USGS NWIS daily discharge, parameter 00060, statistic 00003"
11173200,2021,reference,primary,2021-08-16,22.885714285714283,31.94142857142857,0.22428571428571428,7.0,"USGS NWIS daily discharge, parameter 00060, statistic 00003"
11173200,2022,reference,primary,2022-08-07,22.071428571428573,38.08714285714286,0.3028571428571429,7.0,"USGS NWIS daily discharge, parameter 00060, statistic 00003"
11173575,2008,tailwater,primary,2008-07-11,23.32857142857143,34.01285714285715,4.31285714285711,7.0,"USGS NWIS daily discharge, parameter 00060, statistic 00003"
11173575,2009,tailwater,primary,2009-07-20,21.957142857142856,34.135714285714286,0.219999999999935,7.0,"USGS NWIS daily discharge, parameter 00060, statistic 00003"
11173575,2010,tailwater,primary,2010-06-08,22.485714285714288,33.80142857142857,6.635714285714217,7.0,"USGS NWIS daily discharge, parameter 00060, statistic 00003"
11173575,2011,tailwater,primary,2011-07-08,24.471428571428568,32.45714285714286,2.4242857142856167,7.0,"USGS NWIS daily discharge, parameter 00060, statistic 00003"
11173575,2012,tailwater,primary,2012-06-21,22.34285714285715,32.87714285714286,1.691428571428474,7.0,"USGS NWIS daily discharge, parameter 00060, statistic 00003"
11173575,2013,tailwater,primary,2013-07-10,22.02857142857143,34.77428571428571,0.29999999999990257,7.0,"USGS NWIS daily discharge, parameter 00060, statistic 00003"
11173575,2014,tailwater,primary,2014-08-02,23.142857142857142,32.784285714285716,0.06714285714275767,7.0,"USGS NWIS daily discharge, parameter 00060, statistic 00003"
11173575,2015,tailwater,primary,2015-07-06,21.671428571428574,33.94571428571428,0.6442857142856168,7.0,"USGS NWIS daily discharge, parameter 00060, statistic 00003"
11173575,2017,tailwater,primary,2017-06-23,25.157142857142862,35.51,6.395714285714155,7.0,"USGS NWIS daily discharge, parameter 00060, statistic 00003"
11173575,2018,tailwater,primary,2018-07-25,23.071428571428573,31.155714285714286,1.2485714285712988,7.0,"USGS NWIS daily discharge, parameter 00060, statistic 00003"
11173575,2019,tailwater,primary,2019-07-28,20.099999999999998,33.15714285714286,14.357142857142728,7.0,"USGS NWIS daily discharge, parameter 00060, statistic 00003"
11173575,2021,tailwater,primary,2021-07-14,22.757142857142856,31.964285714285715,6.591428571428442,7.0,"USGS NWIS daily discharge, parameter 00060, statistic 00003"
11173575,2022,tailwater,primary,2022-07-17,22.557142857142857,38.45428571428572,6.875714285714156,7.0,"USGS NWIS daily discharge, parameter 00060, statistic 00003"
11203580,2006,reference,primary,2006-07-28,21.428571428571427,37.15857142857143,9.334285714285723,7.0,"USGS NWIS daily discharge, parameter 00060, statistic 00003"
11203580,2009,reference,primary,2009-07-24,20.771428571428572,36.51285714285714,3.4557142857142935,7.0,"USGS NWIS daily discharge, parameter 00060, statistic 00003"
11203580,2010,reference,primary,2010-07-20,19.728571428571428,34.387142857142855,12.685714285714294,7.0,"USGS NWIS daily discharge, parameter 00060, statistic 00003"
11203580,2011,reference,primary,2011-08-03,19.099999999999998,34.47714285714285,13.214285714285722,7.0,"USGS NWIS daily discharge, parameter 00060, statistic 00003"
11203580,2012,reference,primary,2012-08-15,20.557142857142857,36.34142857142857,2.870000000000008,7.0,"USGS NWIS daily discharge, parameter 00060, statistic 00003"
11203580,2013,reference,primary,2013-07-04,21.228571428571428,36.48285714285714,2.565714285714295,7.0,"USGS NWIS daily discharge, parameter 00060, statistic 00003"
11203580,2014,reference,primary,2014-07-18,20.3,35.29,1.1442857142857235,7.0,"USGS NWIS daily discharge, parameter 00060, statistic 00003"
11203580,2015,reference,primary,2015-07-06,19.25714285714286,34.29714285714286,1.0742857142857234,7.0,"USGS NWIS daily discharge, parameter 00060, statistic 00003"
11203580,2016,reference,primary,2016-08-01,20.857142857142858,36.26571428571429,2.281428571428582,7.0,"USGS NWIS daily discharge, parameter 00060, statistic 00003"
11203580,2017,reference,primary,2017-06-24,19.385714285714283,35.61857142857143,23.057142857142853,7.0,"USGS NWIS daily discharge, parameter 00060, statistic 00003"
11203580,2018,reference,primary,2018-07-27,21.45714285714286,35.07714285714285,3.23,7.0,"USGS NWIS daily discharge, parameter 00060, statistic 00003"
11203580,2019,reference,primary,2019-08-27,18.657142857142855,33.021428571428565,8.332857142857142,7.0,"USGS NWIS daily discharge, parameter 00060, statistic 00003"
11203580,2020,reference,primary,2020-08-20,20.914285714285715,36.26857142857143,2.7271428571428573,7.0,"USGS NWIS daily discharge, parameter 00060, statistic 00003"
11203580,2021,reference,primary,2021-07-14,21.61428571428571,37.19857142857143,1.0385714285714287,7.0,"USGS NWIS daily discharge, parameter 00060, statistic 00003"
11203580,2022,reference,primary,2022-07-20,21.557142857142853,36.62428571428571,2.89,7.0,"USGS NWIS daily discharge, parameter 00060, statistic 00003"
11204100,2006,reference,primary,2006-07-28,29.0,42.52571428571429,12.60857142857146,7.0,"USGS NWIS daily discharge, parameter 00060, statistic 00003"
11204100,2008,reference,primary,2008-07-12,28.285714285714285,39.37571428571429,4.605714285714319,7.0,"USGS NWIS daily discharge, parameter 00060, statistic 00003"
11204100,2009,reference,primary,2009-07-23,28.642857142857142,41.21714285714285,3.095714285714318,7.0,"USGS NWIS daily discharge, parameter 00060, statistic 00003"
11204100,2010,reference,primary,2010-07-21,25.842857142857145,38.53142857142858,18.12857142857146,7.0,"USGS NWIS daily discharge, parameter 00060, statistic 00003"
11204100,2011,reference,primary,2011-08-03,24.95714285714286,38.385714285714286,22.10000000000007,7.0,"USGS NWIS daily discharge, parameter 00060, statistic 00003"
11204100,2012,reference,primary,2012-08-15,27.657142857142855,41.3,3.6285714285714934,7.0,"USGS NWIS daily discharge, parameter 00060, statistic 00003"
11204100,2013,reference,primary,2013-07-05,28.442857142857147,40.43428571428571,1.0885714285714958,7.0,"USGS NWIS daily discharge, parameter 00060, statistic 00003"
11204100,2016,reference,primary,2016-07-31,29.914285714285715,40.49142857142857,1.512857142857208,7.0,"USGS NWIS daily discharge, parameter 00060, statistic 00003"
11204100,2017,reference,primary,2017-08-01,26.014285714285716,40.44428571428572,15.757142857142924,7.0,"USGS NWIS daily discharge, parameter 00060, statistic 00003"
11204100,2018,reference,primary,2018-07-27,30.342857142857145,39.22571428571428,3.6828571428571992,7.0,"USGS NWIS daily discharge, parameter 00060, statistic 00003"
11204100,2019,reference,primary,2019-08-01,24.942857142857143,38.029999999999994,23.171428571428606,7.0,"USGS NWIS daily discharge, parameter 00060, statistic 00003"
11204100,2020,reference,primary,2020-08-20,28.957142857142856,40.17285714285715,1.5971428571428896,7.0,"USGS NWIS daily discharge, parameter 00060, statistic 00003"
11204100,2022,reference,primary,2022-07-21,31.0,41.38,1.1642857142857468,7.0,"USGS NWIS daily discharge, parameter 00060, statistic 00003"
11204100,2024,reference,primary,2024-07-11,29.157142857142855,42.69714285714286,25.2,7.0,"USGS NWIS daily discharge, parameter 00060, statistic 00003"
11206820,2014,upstream,primary,2014-07-27,13.757142857142856,27.601428571428567,0.13142857142857142,7.0,"USGS NWIS daily discharge, parameter 00060, statistic 00003"
11206820,2015,upstream,primary,2015-06-18,13.37142857142857,27.16142857142857,32.92857142857143,7.0,"USGS NWIS daily discharge, parameter 00060, statistic 00003"
11206820,2018,upstream,primary,2018-07-27,16.357142857142858,27.337142857142858,2.5471428571428567,7.0,"USGS NWIS daily discharge, parameter 00060, statistic 00003"
11206820,2019,upstream,primary,2019-08-05,15.471428571428572,25.58285714285714,37.199999999999996,7.0,"USGS NWIS daily discharge, parameter 00060, statistic 00003"
11206820,2020,upstream,primary,2020-08-02,15.842857142857143,29.577142857142857,0.3457142857142857,7.0,"USGS NWIS daily discharge, parameter 00060, statistic 00003"
11206820,2021,upstream,primary,2021-07-16,17.62857142857143,30.195714285714285,0.4057142857142857,7.0,"USGS NWIS daily discharge, parameter 00060, statistic 00003"
11206820,2022,upstream,primary,2022-07-26,16.271428571428572,30.192857142857143,0.4742857142857143,7.0,"USGS NWIS daily discharge, parameter 00060, statistic 00003"
11206820,2023,upstream,primary,2023-08-08,14.528571428571428,28.359999999999996,70.1,7.0,"USGS NWIS daily discharge, parameter 00060, statistic 00003"
11206820,2024,upstream,primary,2024-07-08,17.12857142857143,30.337142857142858,15.742857142857144,7.0,"USGS NWIS daily discharge, parameter 00060, statistic 00003"
11254000,2013,tailwater,sensitivity,2013-07-09,28.214285714285715,41.34571428571429,530.1428571428571,7.0,"USGS NWIS daily discharge, parameter 00060, statistic 00003"
11254000,2014,tailwater,sensitivity,2014-08-01,26.814285714285713,40.06285714285714,505.57142857142856,7.0,"USGS NWIS daily discharge, parameter 00060, statistic 00003"
11254000,2015,tailwater,sensitivity,2015-08-29,26.58571428571429,38.42285714285714,223.14285714285714,7.0,"USGS NWIS daily discharge, parameter 00060, statistic 00003"
11254000,2016,tailwater,sensitivity,2016-08-04,27.414285714285715,41.128571428571426,429.57142857142856,7.0,"USGS NWIS daily discharge, parameter 00060, statistic 00003"
11254000,2017,tailwater,sensitivity,2017-08-02,27.12857142857143,41.23571428571428,571.8571428571429,7.0,"USGS NWIS daily discharge, parameter 00060, statistic 00003"
11254000,2018,tailwater,sensitivity,2018-07-21,28.17142857142857,39.48428571428571,573.2857142857143,7.0,"USGS NWIS daily discharge, parameter 00060, statistic 00003"
11254000,2019,tailwater,sensitivity,2019-07-29,27.74285714285714,39.528571428571425,582.7142857142857,7.0,"USGS NWIS daily discharge, parameter 00060, statistic 00003"
11254000,2020,tailwater,sensitivity,2020-08-20,27.785714285714285,40.25857142857143,623.5714285714286,7.0,"USGS NWIS daily discharge, parameter 00060, statistic 00003"
11254000,2021,tailwater,sensitivity,2021-09-14,26.914285714285715,41.19714285714286,225.14285714285714,7.0,"USGS NWIS daily discharge, parameter 00060, statistic 00003"
11264500,1986,reference,primary,1986-08-15,17.928571428571427,33.15571428571428,174.57142857142858,7.0,"USGS NWIS daily discharge, parameter 00060, statistic 00003"
11264500,1987,reference,primary,1987-07-15,18.214285714285715,33.87,91.57142857142857,7.0,"USGS NWIS daily discharge, parameter 00060, statistic 00003"
11264500,1988,reference,primary,1988-07-26,18.428571428571427,35.394285714285715,139.85714285714286,7.0,"USGS NWIS daily discharge, parameter 00060, statistic 00003"
11264500,1989,reference,primary,1989-07-24,18.571428571428573,33.31285714285715,103.71428571428571,7.0,"USGS NWIS daily discharge, parameter 00060, statistic 00003"
11264500,1992,reference,primary,1992-08-17,17.928571428571427,33.38428571428572,64.71428571428571,7.0,"USGS NWIS daily discharge, parameter 00060, statistic 00003"
11264500,2013,reference,primary,2013-07-05,19.185714285714287,35.89714285714286,183.57142857142858,7.0,"USGS NWIS daily discharge, parameter 00060, statistic 00003"
11264500,2014,reference,primary,2014-07-19,18.74285714285714,33.722857142857144,92.05714285714285,7.0,"USGS NWIS daily discharge, parameter 00060, statistic 00003"
11264500,2015,reference,primary,2015-07-06,18.400000000000002,34.31285714285714,103.97142857142856,7.0,"USGS NWIS daily discharge, parameter 00060, statistic 00003"
11264500,2016,reference,primary,2016-08-02,18.285714285714285,35.964285714285715,83.1,7.0,"USGS NWIS daily discharge, parameter 00060, statistic 00003"
11264500,2017,reference,primary,2017-08-03,17.45714285714286,34.244285714285716,432.0,7.0,"USGS NWIS daily discharge, parameter 00060, statistic 00003"
11264500,2018,reference,primary,2018-07-19,18.814285714285717,33.58857142857143,163.0,7.0,"USGS NWIS daily discharge, parameter 00060, statistic 00003"
11264500,2019,reference,primary,2019-08-29,18.15714285714286,32.317142857142855,110.85714285714286,7.0,"USGS NWIS daily discharge, parameter 00060, statistic 00003"
11264500,2020,reference,primary,2020-07-21,18.114285714285714,35.47,75.34285714285716,7.0,"USGS NWIS daily discharge, parameter 00060, statistic 00003"
11264500,2021,reference,primary,2021-07-14,19.5,37.037142857142854,49.0,7.0,"USGS NWIS daily discharge, parameter 00060, statistic 00003"
11273400,2010,tailwater,sensitivity,2010-07-21,30.485714285714288,37.378571428571426,269.7142857142857,7.0,"USGS NWIS daily discharge, parameter 00060, statistic 00003"
11273400,2011,tailwater,sensitivity,2011-08-02,28.342857142857138,38.449999999999996,448.0,7.0,"USGS NWIS daily discharge, parameter 00060, statistic 00003"
11273400,2012,tailwater,sensitivity,2012-08-16,31.185714285714287,39.21142857142858,194.71428571428572,7.0,"USGS NWIS daily discharge, parameter 00060, statistic 00003"
11273400,2013,tailwater,sensitivity,2013-07-05,32.72857142857143,40.81285714285714,180.42857142857142,7.0,"USGS NWIS daily discharge, parameter 00060, statistic 00003"
11273400,2014,tailwater,sensitivity,2014-07-06,33.42857142857143,39.058571428571426,31.300000000000004,7.0,"USGS NWIS daily discharge, parameter 00060, statistic 00003"
11273400,2015,tailwater,sensitivity,2015-06-30,32.857142857142854,37.79571428571428,16.342857142857145,7.0,"USGS NWIS daily discharge, parameter 00060, statistic 00003"
11273400,2016,tailwater,sensitivity,2016-07-30,31.400000000000002,39.78285714285715,60.65714285714286,7.0,"USGS NWIS daily discharge, parameter 00060, statistic 00003"
11273400,2017,tailwater,sensitivity,2017-08-03,30.38571428571429,39.83142857142857,257.14285714285717,7.0,"USGS NWIS daily discharge, parameter 00060, statistic 00003"
11273400,2018,tailwater,sensitivity,2018-07-21,30.985714285714288,38.29,202.28571428571428,7.0,"USGS NWIS daily discharge, parameter 00060, statistic 00003"
11273400,2019,tailwater,sensitivity,2019-07-29,30.385714285714283,38.18,332.7142857142857,7.0,"USGS NWIS daily discharge, parameter 00060, statistic 00003"
11273400,2020,tailwater,sensitivity,2020-06-27,31.957142857142856,39.970000000000006,134.0,7.0,"USGS NWIS daily discharge, parameter 00060, statistic 00003"
11273400,2021,tailwater,sensitivity,2021-07-02,32.47142857142857,38.31428571428571,63.8,7.0,"USGS NWIS daily discharge, parameter 00060, statistic 00003"
11273400,2024,tailwater,sensitivity,2024-07-12,32.957142857142856,41.61571428571428,223.71428571428572,7.0,"USGS NWIS daily discharge, parameter 00060, statistic 00003"
11274790,2007,upstream,primary,2007-08-27,22.45714285714286,35.36714285714286,17.771428571428572,7.0,"USGS NWIS daily discharge, parameter 00060, statistic 00003"
11274790,2008,upstream,primary,2008-08-28,22.528571428571432,34.32857142857143,21.728571428571428,7.0,"USGS NWIS daily discharge, parameter 00060, statistic 00003"
11274790,2009,upstream,primary,2009-07-29,21.228571428571428,34.51571428571429,195.14285714285714,7.0,"USGS NWIS daily discharge, parameter 00060, statistic 00003"
11274790,2010,upstream,primary,2010-08-20,20.12857142857143,33.19,75.81428571428572,7.0,"USGS NWIS daily discharge, parameter 00060, statistic 00003"
11274790,2011,upstream,primary,2011-08-29,18.857142857142858,31.95,264.42857142857144,7.0,"USGS NWIS daily discharge, parameter 00060, statistic 00003"
11274790,2012,upstream,primary,2012-08-13,22.857142857142858,35.11714285714286,52.714285714285715,7.0,"USGS NWIS daily discharge, parameter 00060, statistic 00003"
11274790,2013,upstream,primary,2013-07-22,21.857142857142858,35.36857142857143,90.51428571428572,7.0,"USGS NWIS daily discharge, parameter 00060, statistic 00003"
11274790,2014,upstream,primary,2014-07-16,21.814285714285713,33.37285714285714,100.91428571428571,7.0,"USGS NWIS daily discharge, parameter 00060, statistic 00003"
11274790,2015,upstream,primary,2015-08-20,22.357142857142858,33.76571428571428,33.84285714285714,7.0,"USGS NWIS daily discharge, parameter 00060, statistic 00003"
11274790,2017,upstream,primary,2017-09-02,18.5,33.94714285714286,276.14285714285717,7.0,"USGS NWIS daily discharge, parameter 00060, statistic 00003"
11274790,2018,upstream,primary,2018-08-21,21.27142857142857,33.534285714285716,53.300000000000004,7.0,"USGS NWIS daily discharge, parameter 00060, statistic 00003"
11274790,2019,upstream,primary,2019-08-29,21.32857142857143,31.944285714285716,124.0,7.0,"USGS NWIS daily discharge, parameter 00060, statistic 00003"
11274790,2020,upstream,primary,2020-08-20,23.02857142857143,34.88,31.785714285714285,7.0,"USGS NWIS daily discharge, parameter 00060, statistic 00003"
11274790,2021,upstream,primary,2021-07-14,24.0,36.55142857142857,80.15714285714286,7.0,"USGS NWIS daily discharge, parameter 00060, statistic 00003"
11276600,1988,upstream,primary,1988-07-15,23.0,37.21857142857143,76.0,7.0,"USGS NWIS daily discharge, parameter 00060, statistic 00003"
11276600,1991,upstream,primary,1991-07-07,20.642857142857142,36.24857142857143,126.71428571428571,7.0,"USGS NWIS daily discharge, parameter 00060, statistic 00003"
11276600,1992,upstream,primary,1992-06-04,24.5,36.01285714285714,63.0,7.0,"USGS NWIS daily discharge, parameter 00060, statistic 00003"
11276600,1993,upstream,primary,1993-08-06,20.142857142857142,35.470000000000006,159.28571428571428,7.0,"USGS NWIS daily discharge, parameter 00060, statistic 00003"
11276600,1996,upstream,primary,1996-07-31,22.285714285714285,37.62571428571429,130.28571428571428,7.0,"USGS NWIS daily discharge, parameter 00060, statistic 00003"
11276600,1997,upstream,primary,1997-08-09,21.142857142857142,37.32142857142857,152.14285714285714,7.0,"USGS NWIS daily discharge, parameter 00060, statistic 00003"
11276600,1998,upstream,primary,1998-08-17,20.785714285714285,36.378571428571426,170.28571428571428,7.0,"USGS NWIS daily discharge, parameter 00060, statistic 00003"
11276600,1999,upstream,primary,1999-07-19,20.571428571428573,33.62714285714286,150.71428571428572,7.0,"USGS NWIS daily discharge, parameter 00060, statistic 00003"
11276600,2000,upstream,primary,2000-07-26,21.0,36.18714285714286,128.28571428571428,7.0,"USGS NWIS daily discharge, parameter 00060, statistic 00003"
11276600,2001,upstream,primary,2001-07-05,21.785714285714285,35.76714285714286,108.14285714285714,7.0,"USGS NWIS daily discharge, parameter 00060, statistic 00003"
11276600,2002,upstream,primary,2002-07-18,22.5,37.29142857142857,130.42857142857142,7.0,"USGS NWIS daily discharge, parameter 00060, statistic 00003"
11276600,2003,upstream,primary,2003-07-22,22.571428571428573,36.81142857142857,120.57142857142857,7.0,"USGS NWIS daily discharge, parameter 00060, statistic 00003"
11276600,2004,upstream,primary,2004-07-25,22.428571428571427,36.892857142857146,108.28571428571429,7.0,"USGS NWIS daily discharge, parameter 00060, statistic 00003"
11276600,2006,upstream,primary,2006-08-01,22.0,38.44571428571429,179.0,7.0,"USGS NWIS daily discharge, parameter 00060, statistic 00003"
11276600,2007,upstream,primary,2007-07-11,24.771428571428572,37.28000000000001,85.14285714285714,7.0,"USGS NWIS daily discharge, parameter 00060, statistic 00003"
11276600,2008,upstream,primary,2008-07-18,22.47142857142857,37.0,136.14285714285714,7.0,"USGS NWIS daily discharge, parameter 00060, statistic 00003"
11276600,2009,upstream,primary,2009-08-05,22.728571428571428,37.16857142857143,120.0,7.0,"USGS NWIS daily discharge, parameter 00060, statistic 00003"
11276600,2010,upstream,primary,2010-07-21,21.185714285714287,35.55285714285714,281.14285714285717,7.0,"USGS NWIS daily discharge, parameter 00060, statistic 00003"
11276600,2011,upstream,primary,2011-08-30,20.357142857142858,34.50571428571429,163.28571428571428,7.0,"USGS NWIS daily discharge, parameter 00060, statistic 00003"
11276600,2012,upstream,primary,2012-07-09,21.471428571428568,37.728571428571435,132.42857142857142,7.0,"USGS NWIS daily discharge, parameter 00060, statistic 00003"
11276600,2013,upstream,primary,2013-07-05,23.714285714285715,37.925714285714285,134.28571428571428,7.0,"USGS NWIS daily discharge, parameter 00060, statistic 00003"
11276600,2014,upstream,primary,2014-07-05,25.942857142857147,35.95428571428571,95.82857142857142,7.0,"USGS NWIS daily discharge, parameter 00060, statistic 00003"
11276600,2015,upstream,primary,2015-07-08,24.614285714285717,35.855714285714285,95.15714285714286,7.0,"USGS NWIS daily discharge, parameter 00060, statistic 00003"
11276600,2016,upstream,primary,2016-07-30,21.671428571428574,37.65571428571429,132.14285714285714,7.0,"USGS NWIS daily discharge, parameter 00060, statistic 00003"
11276600,2017,upstream,primary,2017-09-01,21.74285714285714,37.214285714285715,129.71428571428572,7.0,"USGS NWIS daily discharge, parameter 00060, statistic 00003"
11276600,2018,upstream,primary,2018-07-14,22.542857142857144,36.027142857142856,132.71428571428572,7.0,"USGS NWIS daily discharge, parameter 00060, statistic 00003"
11276600,2019,upstream,primary,2019-08-29,21.671428571428574,34.885714285714286,143.42857142857142,7.0,"USGS NWIS daily discharge, parameter 00060, statistic 00003"
11276600,2020,upstream,primary,2020-07-20,24.900000000000002,37.48285714285714,100.85714285714286,7.0,"USGS NWIS daily discharge, parameter 00060, statistic 00003"
11276600,2021,upstream,primary,2021-07-13,25.614285714285717,38.87142857142857,78.17142857142856,7.0,"USGS NWIS daily discharge, parameter 00060, statistic 00003"
11276600,2022,upstream,primary,2022-07-21,22.057142857142853,38.27285714285714,141.0,7.0,"USGS NWIS daily discharge, parameter 00060, statistic 00003"
11289650,1989,tailwater,primary,1989-07-20,16.0,38.91857142857143,46.0,7.0,"USGS NWIS daily discharge, parameter 00060, statistic 00003"
11289650,1991,tailwater,primary,1991-07-08,19.428571428571427,40.56142857142857,22.714285714285715,7.0,"USGS NWIS daily discharge, parameter 00060, statistic 00003"
11289650,1992,tailwater,primary,1992-05-31,22.5,40.794285714285714,10.12857142857143,7.0,"USGS NWIS daily discharge, parameter 00060, statistic 00003"
11289650,1994,tailwater,primary,1994-07-04,19.785714285714285,39.68142857142857,17.571428571428573,7.0,"USGS NWIS daily discharge, parameter 00060, statistic 00003"
11289650,1995,tailwater,primary,1995-08-21,13.0,40.24285714285714,466.85714285714283,7.0,"USGS NWIS daily discharge, parameter 00060, statistic 00003"
11289650,1996,tailwater,primary,1996-07-27,14.5,42.50142857142857,159.0,7.0,"USGS NWIS daily discharge, parameter 00060, statistic 00003"
11289650,1998,tailwater,primary,1998-09-02,13.571428571428571,40.56,741.8571428571429,7.0,"USGS NWIS daily discharge, parameter 00060, statistic 00003"
11289650,1999,tailwater,primary,1999-08-16,13.785714285714286,38.604285714285716,257.14285714285717,7.0,"USGS NWIS daily discharge, parameter 00060, statistic 00003"
11289650,2000,tailwater,primary,2000-08-12,14.0,39.63,281.2857142857143,7.0,"USGS NWIS daily discharge, parameter 00060, statistic 00003"
11289650,2002,tailwater,primary,2002-07-16,15.0,40.73142857142857,88.71428571428571,7.0,"USGS NWIS daily discharge, parameter 00060, statistic 00003"
11289650,2003,tailwater,primary,2003-09-14,14.714285714285714,40.728571428571435,254.28571428571428,7.0,"USGS NWIS daily discharge, parameter 00060, statistic 00003"
11289650,2004,tailwater,primary,2004-07-25,14.428571428571429,38.40428571428571,108.71428571428571,7.0,"USGS NWIS daily discharge, parameter 00060, statistic 00003"
11289650,2005,tailwater,primary,2005-09-02,13.142857142857142,41.145714285714284,325.85714285714283,7.0,"USGS NWIS daily discharge, parameter 00060, statistic 00003"
11289650,2007,tailwater,primary,2007-06-17,13.700000000000001,39.93142857142857,119.42857142857143,7.0,"USGS NWIS daily discharge, parameter 00060, statistic 00003"
11289650,2008,tailwater,primary,2008-08-26,14.357142857142858,39.57714285714286,97.15714285714286,7.0,"USGS NWIS daily discharge, parameter 00060, statistic 00003"
11289650,2009,tailwater,primary,2009-09-04,13.771428571428572,40.78142857142858,106.57142857142857,7.0,"USGS NWIS daily discharge, parameter 00060, statistic 00003"
11289650,2010,tailwater,primary,2010-09-17,12.957142857142857,38.964285714285715,308.2857142857143,7.0,"USGS NWIS daily discharge, parameter 00060, statistic 00003"
11289650,2011,tailwater,primary,2011-09-24,12.957142857142857,39.047142857142866,312.57142857142856,7.0,"USGS NWIS daily discharge, parameter 00060, statistic 00003"
11289650,2012,tailwater,primary,2012-08-25,13.514285714285714,40.91857142857143,99.10000000000001,7.0,"USGS NWIS daily discharge, parameter 00060, statistic 00003"
11289650,2013,tailwater,primary,2013-08-31,13.285714285714286,41.38428571428572,93.17142857142858,7.0,"USGS NWIS daily discharge, parameter 00060, statistic 00003"
11289650,2014,tailwater,primary,2014-10-13,15.071428571428571,39.47714285714286,106.42857142857143,7.0,"USGS NWIS daily discharge, parameter 00060, statistic 00003"
11289650,2015,tailwater,primary,2015-10-13,18.257142857142856,39.04714285714285,114.14285714285714,7.0,"USGS NWIS daily discharge, parameter 00060, statistic 00003"
11289650,2016,tailwater,primary,2016-09-12,12.985714285714286,40.74571428571429,86.04285714285713,7.0,"USGS NWIS daily discharge, parameter 00060, statistic 00003"
11289650,2017,tailwater,primary,2017-09-18,13.571428571428571,40.81142857142857,1521.2857142857142,7.0,"USGS NWIS daily discharge, parameter 00060, statistic 00003"
11289650,2018,tailwater,primary,2018-07-25,15.314285714285715,38.77285714285714,115.28571428571429,7.0,"USGS NWIS daily discharge, parameter 00060, statistic 00003"
11289650,2019,tailwater,primary,2019-09-17,13.842857142857143,38.847142857142856,277.57142857142856,7.0,"USGS NWIS daily discharge, parameter 00060, statistic 00003"
11289650,2020,tailwater,primary,2020-08-09,13.857142857142858,40.45428571428572,100.28571428571429,7.0,"USGS NWIS daily discharge, parameter 00060, statistic 00003"
11289650,2021,tailwater,primary,2021-09-16,14.185714285714287,40.22571428571428,94.78571428571429,7.0,"USGS NWIS daily discharge, parameter 00060, statistic 00003"
11289650,2022,tailwater,primary,2022-08-27,14.057142857142855,41.92,96.17142857142858,7.0,"USGS NWIS daily discharge, parameter 00060, statistic 00003"
11290000,1989,tailwater,sensitivity,1989-07-24,28.0,37.612857142857145,130.57142857142858,7.0,"USGS NWIS daily discharge, parameter 00060, statistic 00003"
11290000,1991,tailwater,sensitivity,1991-07-07,33.42857142857143,38.94,80.14285714285714,7.0,"USGS NWIS daily discharge, parameter 00060, statistic 00003"
11290000,2001,tailwater,sensitivity,2001-06-22,30.071428571428573,38.41142857142857,210.71428571428572,7.0,"USGS NWIS daily discharge, parameter 00060, statistic 00003"
11290000,2002,tailwater,sensitivity,2002-07-14,31.214285714285715,38.855714285714285,236.0,7.0,"USGS NWIS daily discharge, parameter 00060, statistic 00003"
11290000,2005,tailwater,sensitivity,2005-09-03,23.5,39.82285714285714,514.4285714285714,7.0,"USGS NWIS daily discharge, parameter 00060, statistic 00003"
11290000,2007,tailwater,sensitivity,2007-07-09,29.642857142857142,39.23285714285714,247.28571428571428,7.0,"USGS NWIS daily discharge, parameter 00060, statistic 00003"
11290000,2008,tailwater,sensitivity,2008-07-12,30.471428571428568,38.357142857142854,193.0,7.0,"USGS NWIS daily discharge, parameter 00060, statistic 00003"
11290000,2009,tailwater,sensitivity,2009-07-03,30.62857142857143,39.51,202.42857142857142,7.0,"USGS NWIS daily discharge, parameter 00060, statistic 00003"
11290000,2012,tailwater,sensitivity,2012-08-15,30.985714285714288,39.121428571428574,190.0,7.0,"USGS NWIS daily discharge, parameter 00060, statistic 00003"
11290000,2013,tailwater,sensitivity,2013-07-05,33.08571428571428,40.965714285714284,155.71428571428572,7.0,"USGS NWIS daily discharge, parameter 00060, statistic 00003"
11290000,2014,tailwater,sensitivity,2014-07-06,31.885714285714283,38.66571428571429,96.55714285714285,7.0,"USGS NWIS daily discharge, parameter 00060, statistic 00003"
11290000,2015,tailwater,sensitivity,2015-06-30,32.300000000000004,37.75142857142857,100.01428571428572,7.0,"USGS NWIS daily discharge, parameter 00060, statistic 00003"
11290000,2016,tailwater,sensitivity,2016-07-03,32.628571428571426,39.892857142857146,113.0,7.0,"USGS NWIS daily discharge, parameter 00060, statistic 00003"
11290000,2017,tailwater,sensitivity,2017-10-02,18.571428571428573,40.402857142857144,444.85714285714283,7.0,"USGS NWIS daily discharge, parameter 00060, statistic 00003"
11290000,2018,tailwater,sensitivity,2018-07-28,30.657142857142862,38.18714285714286,164.28571428571428,7.0,"USGS NWIS daily discharge, parameter 00060, statistic 00003"
11290000,2019,tailwater,sensitivity,2019-08-04,26.514285714285716,38.05428571428571,360.42857142857144,7.0,"USGS NWIS daily discharge, parameter 00060, statistic 00003"
11290000,2020,tailwater,sensitivity,2020-06-28,32.5,40.30142857142857,126.57142857142857,7.0,"USGS NWIS daily discharge, parameter 00060, statistic 00003"
11290000,2021,tailwater,sensitivity,2021-07-23,32.91428571428572,37.955714285714286,61.08571428571429,7.0,"USGS NWIS daily discharge, parameter 00060, statistic 00003"
11290000,2022,tailwater,sensitivity,2022-07-20,32.67142857142857,41.66285714285714,98.88571428571427,7.0,"USGS NWIS daily discharge, parameter 00060, statistic 00003"
11303000,1986,tailwater,primary,1986-05-12,20.942857142857143,37.21999999999999,1298.5714285714287,7.0,"USGS NWIS daily discharge, parameter 00060, statistic 00003"
11303000,1987,tailwater,primary,1987-08-07,23.428571428571427,37.847142857142856,481.0,7.0,"USGS NWIS daily discharge, parameter 00060, statistic 00003"
11303000,1988,tailwater,primary,1988-07-19,23.071428571428573,39.13857142857143,662.7142857142857,7.0,"USGS NWIS daily discharge, parameter 00060, statistic 00003"
11303000,1995,tailwater,primary,1995-08-05,24.714285714285715,38.24714285714286,397.14285714285717,7.0,"USGS NWIS daily discharge, parameter 00060, statistic 00003"
11303000,1996,tailwater,primary,1996-08-16,22.071428571428573,40.73428571428571,527.1428571428571,7.0,"USGS NWIS daily discharge, parameter 00060, statistic 00003"
11303000,1998,tailwater,primary,1998-07-20,17.428571428571427,38.70428571428572,1784.2857142857142,7.0,"USGS NWIS daily discharge, parameter 00060, statistic 00003"
11303000,1999,tailwater,primary,1999-07-15,20.928571428571427,37.91857142857143,717.5714285714286,7.0,"USGS NWIS daily discharge, parameter 00060, statistic 00003"
11303000,2001,tailwater,primary,2001-07-29,23.642857142857142,38.26285714285715,411.2857142857143,7.0,"USGS NWIS daily discharge, parameter 00060, statistic 00003"
11303000,2004,tailwater,primary,2004-08-14,24.0,37.029999999999994,350.85714285714283,7.0,"USGS NWIS daily discharge, parameter 00060, statistic 00003"
11303000,2005,tailwater,primary,2005-07-18,26.214285714285715,39.728571428571435,338.0,7.0,"USGS NWIS daily discharge, parameter 00060, statistic 00003"
11303000,2007,tailwater,primary,2007-09-03,24.95714285714286,39.13571428571429,303.2857142857143,7.0,"USGS NWIS daily discharge, parameter 00060, statistic 00003"
11303000,2008,tailwater,primary,2008-08-17,24.271428571428572,38.269999999999996,341.7142857142857,7.0,"USGS NWIS daily discharge, parameter 00060, statistic 00003"
11303000,2009,tailwater,primary,2009-07-20,24.88571428571429,39.26571428571429,335.42857142857144,7.0,"USGS NWIS daily discharge, parameter 00060, statistic 00003"
11303000,2010,tailwater,primary,2010-07-12,25.27142857142857,36.965714285714284,282.0,7.0,"USGS NWIS daily discharge, parameter 00060, statistic 00003"
11303000,2011,tailwater,primary,2011-09-12,19.400000000000002,38.044285714285714,542.5714285714286,7.0,"USGS NWIS daily discharge, parameter 00060, statistic 00003"
11303000,2012,tailwater,primary,2012-08-16,24.0,38.88142857142857,380.14285714285717,7.0,"USGS NWIS daily discharge, parameter 00060, statistic 00003"
11303000,2013,tailwater,primary,2013-07-03,25.557142857142853,40.69714285714286,411.85714285714283,7.0,"USGS NWIS daily discharge, parameter 00060, statistic 00003"
11303000,2014,tailwater,primary,2014-09-02,26.114285714285717,38.379999999999995,203.42857142857142,7.0,"USGS NWIS daily discharge, parameter 00060, statistic 00003"
11303000,2015,tailwater,primary,2015-07-06,29.61428571428571,37.51,155.42857142857142,7.0,"USGS NWIS daily discharge, parameter 00060, statistic 00003"
11303000,2016,tailwater,primary,2016-07-17,26.071428571428573,39.730000000000004,241.14285714285714,7.0,"USGS NWIS daily discharge, parameter 00060, statistic 00003"
11303000,2017,tailwater,primary,2017-09-17,19.2,40.6,484.0,7.0,"USGS NWIS daily discharge, parameter 00060, statistic 00003"
11303000,2018,tailwater,primary,2018-07-25,26.199999999999996,38.175714285714285,240.28571428571428,7.0,"USGS NWIS daily discharge, parameter 00060, statistic 00003"
11303000,2019,tailwater,primary,2019-09-02,21.485714285714288,38.035714285714285,434.2857142857143,7.0,"USGS NWIS daily discharge, parameter 00060, statistic 00003"
11303000,2020,tailwater,primary,2020-08-18,27.900000000000002,40.58714285714286,185.28571428571428,7.0,"USGS NWIS daily discharge, parameter 00060, statistic 00003"
11303000,2021,tailwater,primary,2021-09-12,22.014285714285712,37.66142857142857,327.14285714285717,7.0,"USGS NWIS daily discharge, parameter 00060, statistic 00003"
11303000,2022,tailwater,primary,2022-07-20,26.342857142857145,41.87571428571429,266.14285714285717,7.0,"USGS NWIS daily discharge, parameter 00060, statistic 00003"
11355500,2017,reference,primary,2017-07-13,12.385714285714286,36.01,197.57142857142858,7.0,"USGS NWIS daily discharge, parameter 00060, statistic 00003"
11355500,2018,reference,primary,2018-06-26,12.414285714285715,34.35142857142857,146.57142857142858,7.0,"USGS NWIS daily discharge, parameter 00060, statistic 00003"
11355500,2019,reference,primary,2019-07-24,12.285714285714286,32.247142857142855,160.85714285714286,7.0,"USGS NWIS daily discharge, parameter 00060, statistic 00003"
11355500,2020,reference,primary,2020-06-27,12.471428571428572,35.01,139.57142857142858,7.0,"USGS NWIS daily discharge, parameter 00060, statistic 00003"
11355500,2021,reference,primary,2021-07-03,12.785714285714286,36.39714285714286,109.85714285714286,7.0,"USGS NWIS daily discharge, parameter 00060, statistic 00003"
11355500,2022,reference,primary,2022-06-28,12.785714285714286,35.99428571428571,113.28571428571429,7.0,"USGS NWIS daily discharge, parameter 00060, statistic 00003"
11355500,2023,reference,primary,2023-07-21,13.214285714285714,34.635714285714286,143.42857142857142,7.0,"USGS NWIS daily discharge, parameter 00060, statistic 00003"
11381500,1999,reference,primary,1999-07-16,22.571428571428573,38.98142857142857,204.14285714285714,7.0,"USGS NWIS daily discharge, parameter 00060, statistic 00003"
11381500,2000,reference,primary,2000-08-06,24.857142857142858,39.230000000000004,128.0,7.0,"USGS NWIS daily discharge, parameter 00060, statistic 00003"
11381500,2001,reference,primary,2001-07-29,25.714285714285715,38.38285714285714,101.57142857142857,7.0,"USGS NWIS daily discharge, parameter 00060, statistic 00003"
11381500,2002,reference,primary,2002-07-15,26.214285714285715,40.34571428571429,125.57142857142857,7.0,"USGS NWIS daily discharge, parameter 00060, statistic 00003"
11381500,2003,reference,primary,2003-07-31,24.857142857142858,40.89857142857143,167.71428571428572,7.0,"USGS NWIS daily discharge, parameter 00060, statistic 00003"
11381500,2004,reference,primary,2004-08-15,24.357142857142858,39.098571428571425,126.42857142857143,7.0,"USGS NWIS daily discharge, parameter 00060, statistic 00003"
11381500,2005,reference,primary,2005-07-20,25.285714285714285,41.35,192.14285714285714,7.0,"USGS NWIS daily discharge, parameter 00060, statistic 00003"
11381500,2006,reference,primary,2006-07-26,23.285714285714285,42.85857142857143,254.42857142857142,7.0,"USGS NWIS daily discharge, parameter 00060, statistic 00003"
11381500,2007,reference,primary,2007-07-10,26.185714285714283,39.94285714285714,124.42857142857143,7.0,"USGS NWIS daily discharge, parameter 00060, statistic 00003"
11381500,2008,reference,primary,2008-08-18,24.985714285714284,40.83428571428571,93.28571428571429,7.0,"USGS NWIS daily discharge, parameter 00060, statistic 00003"
11381500,2009,reference,primary,2009-08-02,25.614285714285717,40.51,102.14285714285714,7.0,"USGS NWIS daily discharge, parameter 00060, statistic 00003"
11381500,2010,reference,primary,2010-07-29,22.771428571428572,39.24428571428571,180.71428571428572,7.0,"USGS NWIS daily discharge, parameter 00060, statistic 00003"
11381500,2011,reference,primary,2011-08-03,20.942857142857143,38.519999999999996,269.42857142857144,7.0,"USGS NWIS daily discharge, parameter 00060, statistic 00003"
11381500,2012,reference,primary,2012-08-19,24.242857142857144,41.05571428571428,99.07142857142857,7.0,"USGS NWIS daily discharge, parameter 00060, statistic 00003"
11381500,2013,reference,primary,2013-07-29,25.342857142857145,42.89142857142857,89.2,7.0,"USGS NWIS daily discharge, parameter 00060, statistic 00003"
11381500,2014,reference,primary,2014-07-20,25.785714285714285,39.82857142857143,78.8,7.0,"USGS NWIS daily discharge, parameter 00060, statistic 00003"
11381500,2015,reference,primary,2015-07-06,26.82857142857143,39.62428571428571,79.2,7.0,"USGS NWIS daily discharge, parameter 00060, statistic 00003"
11381500,2016,reference,primary,2016-07-31,25.11428571428571,40.81285714285714,110.42857142857143,7.0,"USGS NWIS daily discharge, parameter 00060, statistic 00003"
11381500,2017,reference,primary,2017-08-06,23.728571428571428,42.50285714285714,180.14285714285714,7.0,"USGS NWIS daily discharge, parameter 00060, statistic 00003"
11381500,2018,reference,primary,2018-07-25,26.37142857142857,39.78857142857142,112.42857142857143,7.0,"USGS NWIS daily discharge, parameter 00060, statistic 00003"
11381500,2019,reference,primary,2019-08-30,23.071428571428573,38.80428571428571,137.57142857142858,7.0,"USGS NWIS daily discharge, parameter 00060, statistic 00003"
11381500,2020,reference,primary,2020-06-28,25.97142857142857,39.868571428571435,125.14285714285714,7.0,"USGS NWIS daily discharge, parameter 00060, statistic 00003"
11381500,2021,reference,primary,2021-07-03,26.228571428571428,41.134285714285724,84.48571428571428,7.0,"USGS NWIS daily discharge, parameter 00060, statistic 00003"
11381500,2022,reference,primary,2022-08-04,25.428571428571427,43.15714285714286,93.07142857142857,7.0,"USGS NWIS daily discharge, parameter 00060, statistic 00003"
11381500,2023,reference,primary,2023-08-19,24.2,40.83,125.85714285714286,7.0,"USGS NWIS daily discharge, parameter 00060, statistic 00003"
11381500,2024,reference,primary,2024-07-12,25.0,43.96285714285714,161.0,7.0,"USGS NWIS daily discharge, parameter 00060, statistic 00003"
11383500,1999,reference,primary,1999-07-16,24.642857142857142,38.347142857142856,133.14285714285714,7.0,"USGS NWIS daily discharge, parameter 00060, statistic 00003"
11383500,2000,reference,primary,2000-07-01,26.071428571428573,38.69571428571429,135.85714285714286,7.0,"USGS NWIS daily discharge, parameter 00060, statistic 00003"
11383500,2001,reference,primary,2001-07-11,26.357142857142858,37.98714285714285,91.14285714285714,7.0,"USGS NWIS daily discharge, parameter 00060, statistic 00003"
11383500,2002,reference,primary,2002-07-15,27.142857142857142,39.79714285714285,81.42857142857143,7.0,"USGS NWIS daily discharge, parameter 00060, statistic 00003"
11383500,2003,reference,primary,2003-07-26,26.857142857142858,40.38285714285714,136.85714285714286,7.0,"USGS NWIS daily discharge, parameter 00060, statistic 00003"
11383500,2004,reference,primary,2004-07-26,26.357142857142858,38.68714285714286,97.81428571428572,7.0,"USGS NWIS daily discharge, parameter 00060, statistic 00003"
11383500,2005,reference,primary,2005-07-21,27.27142857142857,40.879999999999995,119.28571428571429,7.0,"USGS NWIS daily discharge, parameter 00060, statistic 00003"
11383500,2006,reference,primary,2006-07-26,25.52857142857143,42.42714285714286,177.42857142857142,7.0,"USGS NWIS daily discharge, parameter 00060, statistic 00003"
11383500,2007,reference,primary,2007-07-10,26.599999999999998,39.45285714285715,90.89999999999999,7.0,"USGS NWIS daily discharge, parameter 00060, statistic 00003"
11383500,2008,reference,primary,2008-08-18,25.514285714285716,40.13142857142857,76.62857142857142,7.0,"USGS NWIS daily discharge, parameter 00060, statistic 00003"
11383500,2009,reference,primary,2009-08-02,26.88571428571429,40.02142857142858,80.42857142857143,7.0,"USGS NWIS daily discharge, parameter 00060, statistic 00003"
11383500,2010,reference,primary,2010-07-21,26.2,38.75571428571429,138.85714285714286,7.0,"USGS NWIS daily discharge, parameter 00060, statistic 00003"
11383500,2011,reference,primary,2011-08-03,23.185714285714287,38.01857142857143,174.85714285714286,7.0,"USGS NWIS daily discharge, parameter 00060, statistic 00003"
11383500,2012,reference,primary,2012-08-19,25.057142857142857,40.59285714285715,84.92857142857143,7.0,"USGS NWIS daily discharge, parameter 00060, statistic 00003"
11383500,2013,reference,primary,2013-07-05,26.928571428571427,42.098571428571425,97.74285714285715,7.0,"USGS NWIS daily discharge, parameter 00060, statistic 00003"
11383500,2014,reference,primary,2014-07-20,26.714285714285715,39.33,67.15714285714286,7.0,"USGS NWIS daily discharge, parameter 00060, statistic 00003"
11383500,2016,reference,primary,2016-07-31,25.87142857142857,40.24142857142857,81.89999999999999,7.0,"USGS NWIS daily discharge, parameter 00060, statistic 00003"
11383500,2017,reference,primary,2017-08-05,24.642857142857142,41.69857142857143,153.57142857142858,7.0,"USGS NWIS daily discharge, parameter 00060, statistic 00003"
11383500,2018,reference,primary,2018-07-25,27.085714285714285,39.37714285714286,91.92857142857143,7.0,"USGS NWIS daily discharge, parameter 00060, statistic 00003"
11383500,2019,reference,primary,2019-07-23,24.17142857142857,38.31285714285714,145.28571428571428,7.0,"USGS NWIS daily discharge, parameter 00060, statistic 00003"
11383500,2020,reference,primary,2020-06-28,27.057142857142857,39.271428571428565,82.38571428571429,7.0,"USGS NWIS daily discharge, parameter 00060, statistic 00003"
11383500,2021,reference,primary,2021-07-03,28.014285714285712,40.64714285714286,63.957142857142856,7.0,"USGS NWIS daily discharge, parameter 00060, statistic 00003"
11383500,2022,reference,primary,2022-08-04,26.800000000000004,42.63142857142857,72.74285714285715,7.0,"USGS NWIS daily discharge, parameter 00060, statistic 00003"
11383500,2023,reference,primary,2023-07-21,24.842857142857145,40.230000000000004,150.42857142857142,7.0,"USGS NWIS daily discharge, parameter 00060, statistic 00003"
11383500,2024,reference,primary,2024-07-12,26.385714285714283,43.33428571428572,117.14285714285714,7.0,"USGS NWIS daily discharge, parameter 00060, statistic 00003"
11390500,1985,tailwater,sensitivity,1985-06-21,21.928571428571427,40.06285714285714,4502.857142857143,7.0,"USGS NWIS daily discharge, parameter 00060, statistic 00003"
11390500,1986,tailwater,sensitivity,1986-06-04,22.714285714285715,37.642857142857146,5408.571428571428,7.0,"USGS NWIS daily discharge, parameter 00060, statistic 00003"
11390500,1988,tailwater,sensitivity,1988-09-05,23.714285714285715,40.98142857142857,5334.285714285715,7.0,"USGS NWIS daily discharge, parameter 00060, statistic 00003"
11390500,1989,tailwater,sensitivity,1989-07-22,21.071428571428573,37.55571428571428,6831.428571428572,7.0,"USGS NWIS daily discharge, parameter 00060, statistic 00003"
11390500,1990,tailwater,sensitivity,1990-06-12,23.0,41.37857142857143,4301.428571428572,7.0,"USGS NWIS daily discharge, parameter 00060, statistic 00003"
11390500,1991,tailwater,sensitivity,1991-07-09,23.928571428571427,39.651428571428575,4734.285714285715,7.0,"USGS NWIS daily discharge, parameter 00060, statistic 00003"
11390500,1993,tailwater,sensitivity,1993-07-03,20.857142857142858,37.410000000000004,6725.714285714285,7.0,"USGS NWIS daily discharge, parameter 00060, statistic 00003"
11390500,1994,tailwater,sensitivity,1994-07-11,21.142857142857142,37.394285714285715,6117.142857142857,7.0,"USGS NWIS daily discharge, parameter 00060, statistic 00003"
11390500,1997,tailwater,sensitivity,1997-05-21,20.5,39.15857142857143,5840.0,7.0,"USGS NWIS daily discharge, parameter 00060, statistic 00003"
11390500,1998,tailwater,sensitivity,1998-08-30,20.642857142857142,39.83857142857143,10942.857142857143,7.0,"USGS NWIS daily discharge, parameter 00060, statistic 00003"
11390500,1999,tailwater,sensitivity,1999-06-29,20.857142857142858,37.635714285714286,8025.714285714285,7.0,"USGS NWIS daily discharge, parameter 00060, statistic 00003"
11390500,2000,tailwater,sensitivity,2000-06-30,21.285714285714285,37.652857142857144,8092.857142857143,7.0,"USGS NWIS daily discharge, parameter 00060, statistic 00003"
11390500,2001,tailwater,sensitivity,2001-05-27,21.285714285714285,38.050000000000004,6394.285714285715,7.0,"USGS NWIS daily discharge, parameter 00060, statistic 00003"
11390500,2002,tailwater,sensitivity,2002-09-02,22.0,38.56142857142857,6307.142857142857,7.0,"USGS NWIS daily discharge, parameter 00060, statistic 00003"
11390500,2003,tailwater,sensitivity,2003-08-27,21.642857142857142,39.534285714285716,5520.0,7.0,"USGS NWIS daily discharge, parameter 00060, statistic 00003"
11390500,2004,tailwater,sensitivity,2004-07-08,21.214285714285715,37.92857142857143,9432.857142857143,7.0,"USGS NWIS daily discharge, parameter 00060, statistic 00003"
11390500,2006,tailwater,sensitivity,2006-07-15,21.357142857142858,41.300000000000004,9087.142857142857,7.0,"USGS NWIS daily discharge, parameter 00060, statistic 00003"
11390500,2008,tailwater,sensitivity,2008-08-18,21.97142857142857,38.51428571428572,6070.0,7.0,"USGS NWIS daily discharge, parameter 00060, statistic 00003"
11390500,2009,tailwater,sensitivity,2009-07-03,22.857142857142858,39.825714285714284,5600.0,7.0,"USGS NWIS daily discharge, parameter 00060, statistic 00003"
11390500,2010,tailwater,sensitivity,2010-07-21,22.314285714285717,38.028571428571425,6667.142857142857,7.0,"USGS NWIS daily discharge, parameter 00060, statistic 00003"
11390500,2011,tailwater,sensitivity,2011-07-09,21.557142857142857,37.011428571428574,10091.42857142857,7.0,"USGS NWIS daily discharge, parameter 00060, statistic 00003"
11390500,2012,tailwater,sensitivity,2012-06-19,21.771428571428572,39.41142857142857,5507.142857142857,7.0,"USGS NWIS daily discharge, parameter 00060, statistic 00003"
11390500,2013,tailwater,sensitivity,2013-06-10,22.12857142857143,41.628571428571426,6742.857142857143,7.0,"USGS NWIS daily discharge, parameter 00060, statistic 00003"
11390500,2014,tailwater,sensitivity,2014-06-11,24.285714285714285,38.425714285714285,4815.714285714285,7.0,"USGS NWIS daily discharge, parameter 00060, statistic 00003"
11390500,2015,tailwater,sensitivity,2015-07-02,26.714285714285715,37.645714285714284,2957.1428571428573,7.0,"USGS NWIS daily discharge, parameter 00060, statistic 00003"
11390500,2016,tailwater,sensitivity,2016-06-06,25.042857142857144,39.86,3438.5714285714284,7.0,"USGS NWIS daily discharge, parameter 00060, statistic 00003"
11390500,2017,tailwater,sensitivity,2017-06-25,23.61428571428571,40.67,6704.285714285715,7.0,"USGS NWIS daily discharge, parameter 00060, statistic 00003"
11390500,2018,tailwater,sensitivity,2018-06-28,22.214285714285715,38.394285714285715,5337.142857142857,7.0,"USGS NWIS daily discharge, parameter 00060, statistic 00003"
11390500,2019,tailwater,sensitivity,2019-07-19,22.7,37.728571428571435,6552.857142857143,7.0,"USGS NWIS daily discharge, parameter 00060, statistic 00003"
11390500,2020,tailwater,sensitivity,2020-05-31,22.58571428571429,40.08285714285715,6080.0,7.0,"USGS NWIS daily discharge, parameter 00060, statistic 00003"
11390500,2021,tailwater,sensitivity,2021-06-07,25.88571428571429,38.925714285714285,3628.5714285714284,7.0,"USGS NWIS daily discharge, parameter 00060, statistic 00003"
11390500,2022,tailwater,sensitivity,2022-07-17,26.95714285714286,43.13571428571429,3224.285714285714,7.0,"USGS NWIS daily discharge, parameter 00060, statistic 00003"
11425500,1996,tailwater,sensitivity,1996-08-02,22.357142857142858,41.65857142857143,17028.571428571428,7.0,"USGS NWIS daily discharge, parameter 00060, statistic 00003"
11425500,1997,tailwater,sensitivity,1997-05-20,23.642857142857142,39.628571428571426,8517.142857142857,7.0,"USGS NWIS daily discharge, parameter 00060, statistic 00003"
11425500,2009,tailwater,sensitivity,2009-06-29,24.271428571428572,39.66571428571428,10037.142857142857,7.0,"USGS NWIS daily discharge, parameter 00060, statistic 00003"
11425500,2010,tailwater,sensitivity,2010-07-05,23.014285714285712,37.457142857142856,12271.42857142857,7.0,"USGS NWIS daily discharge, parameter 00060, statistic 00003"
11425500,2011,tailwater,sensitivity,2011-08-02,22.214285714285715,37.449999999999996,13428.57142857143,7.0,"USGS NWIS daily discharge, parameter 00060, statistic 00003"
11425500,2012,tailwater,sensitivity,2012-06-18,23.385714285714283,39.37285714285714,10857.142857142857,7.0,"USGS NWIS daily discharge, parameter 00060, statistic 00003"
11425500,2013,tailwater,sensitivity,2013-06-09,24.542857142857144,41.402857142857144,10315.714285714286,7.0,"USGS NWIS daily discharge, parameter 00060, statistic 00003"
11425500,2014,tailwater,sensitivity,2014-06-11,26.514285714285712,38.848571428571425,6918.571428571428,7.0,"USGS NWIS daily discharge, parameter 00060, statistic 00003"
11425500,2015,tailwater,sensitivity,2015-06-13,26.9,37.971428571428575,5778.571428571428,7.0,"USGS NWIS daily discharge, parameter 00060, statistic 00003"
11425500,2016,tailwater,sensitivity,2016-06-07,23.24285714285714,39.76285714285715,8830.0,7.0,"USGS NWIS daily discharge, parameter 00060, statistic 00003"
11446500,1999,tailwater,primary,1999-08-09,18.5,37.59142857142857,2622.8571428571427,7.0,"USGS NWIS daily discharge, parameter 00060, statistic 00003"
11446500,2000,tailwater,primary,2000-09-20,19.428571428571427,38.71142857142858,1480.0,7.0,"USGS NWIS daily discharge, parameter 00060, statistic 00003"
11446500,2001,tailwater,primary,2001-10-07,21.285714285714285,38.75857142857143,1450.0,7.0,"USGS NWIS daily discharge, parameter 00060, statistic 00003"
11446500,2002,tailwater,primary,2002-09-24,18.714285714285715,39.80428571428571,1468.5714285714287,7.0,"USGS NWIS daily discharge, parameter 00060, statistic 00003"
11446500,2003,tailwater,primary,2003-10-25,18.0,40.61,1972.857142857143,7.0,"USGS NWIS daily discharge, parameter 00060, statistic 00003"
11446500,2004,tailwater,primary,2004-08-11,19.285714285714285,37.90428571428571,1960.0,7.0,"USGS NWIS daily discharge, parameter 00060, statistic 00003"
11446500,2005,tailwater,primary,2005-09-22,17.285714285714285,40.33571428571429,2421.4285714285716,7.0,"USGS NWIS daily discharge, parameter 00060, statistic 00003"
11446500,2006,tailwater,primary,2006-09-27,17.214285714285715,42.66142857142857,2572.8571428571427,7.0,"USGS NWIS daily discharge, parameter 00060, statistic 00003"
11446500,2007,tailwater,primary,2007-08-05,19.02857142857143,39.035714285714285,3112.8571428571427,7.0,"USGS NWIS daily discharge, parameter 00060, statistic 00003"
11446500,2008,tailwater,primary,2008-09-28,20.400000000000002,38.13142857142857,1198.5714285714287,7.0,"USGS NWIS daily discharge, parameter 00060, statistic 00003"
11446500,2009,tailwater,primary,2009-07-24,18.7,40.01428571428572,4887.142857142857,7.0,"USGS NWIS daily discharge, parameter 00060, statistic 00003"
11446500,2010,tailwater,primary,2010-08-06,17.52857142857143,37.94142857142857,4055.714285714286,7.0,"USGS NWIS daily discharge, parameter 00060, statistic 00003"
11446500,2011,tailwater,primary,2011-09-14,16.971428571428568,37.71714285714285,3657.1428571428573,7.0,"USGS NWIS daily discharge, parameter 00060, statistic 00003"
11446500,2012,tailwater,primary,2012-07-26,18.014285714285712,40.291428571428575,4415.714285714285,7.0,"USGS NWIS daily discharge, parameter 00060, statistic 00003"
11446500,2013,tailwater,primary,2013-09-19,19.185714285714287,41.84142857142857,1762.857142857143,7.0,"USGS NWIS daily discharge, parameter 00060, statistic 00003"
11446500,2014,tailwater,primary,2014-07-30,19.585714285714285,39.21142857142858,1755.7142857142858,7.0,"USGS NWIS daily discharge, parameter 00060, statistic 00003"
11446500,2015,tailwater,primary,2015-08-31,22.171428571428574,38.73857142857143,1670.0,7.0,"USGS NWIS daily discharge, parameter 00060, statistic 00003"
11446500,2016,tailwater,primary,2016-08-17,19.87142857142857,40.510000000000005,4115.714285714285,7.0,"USGS NWIS daily discharge, parameter 00060, statistic 00003"
11446500,2018,tailwater,primary,2018-07-27,18.285714285714285,38.69857142857143,5000.0,7.0,"USGS NWIS daily discharge, parameter 00060, statistic 00003"
11446500,2019,tailwater,primary,2019-09-14,17.7,38.66571428571429,2428.5714285714284,7.0,"USGS NWIS daily discharge, parameter 00060, statistic 00003"
11446500,2020,tailwater,primary,2020-09-27,19.785714285714285,40.99857142857143,1900.0,7.0,"USGS NWIS daily discharge, parameter 00060, statistic 00003"
11446500,2021,tailwater,primary,2021-09-17,22.24285714285714,39.449999999999996,541.1428571428571,7.0,"USGS NWIS daily discharge, parameter 00060, statistic 00003"
11446500,2022,tailwater,primary,2022-09-27,19.485714285714284,42.77142857142858,2470.0,7.0,"USGS NWIS daily discharge, parameter 00060, statistic 00003"
11467000,2003,tailwater,primary,2003-07-21,25.728571428571428,33.81428571428572,232.57142857142858,7.0,"USGS NWIS daily discharge, parameter 00060, statistic 00003"
11467000,2004,tailwater,primary,2004-07-22,25.857142857142858,35.097142857142856,154.42857142857142,7.0,"USGS NWIS daily discharge, parameter 00060, statistic 00003"
11467000,2005,tailwater,primary,2005-07-17,25.2,32.114285714285714,293.57142857142856,7.0,"USGS NWIS daily discharge, parameter 00060, statistic 00003"
11467000,2006,tailwater,primary,2006-07-27,26.757142857142856,34.761428571428574,153.57142857142858,7.0,"USGS NWIS daily discharge, parameter 00060, statistic 00003"
11467000,2007,tailwater,primary,2007-07-24,26.028571428571432,33.284285714285716,128.0,7.0,"USGS NWIS daily discharge, parameter 00060, statistic 00003"
11467000,2008,tailwater,primary,2008-07-11,25.342857142857145,32.53142857142857,118.42857142857143,7.0,"USGS NWIS daily discharge, parameter 00060, statistic 00003"
11467000,2009,tailwater,primary,2009-08-15,24.928571428571427,30.294285714285714,61.07142857142857,7.0,"USGS NWIS daily discharge, parameter 00060, statistic 00003"
11467000,2010,tailwater,primary,2010-07-21,24.385714285714283,32.18714285714286,206.42857142857142,7.0,"USGS NWIS daily discharge, parameter 00060, statistic 00003"
11467000,2011,tailwater,primary,2011-07-09,24.985714285714288,31.344285714285714,261.42857142857144,7.0,"USGS NWIS daily discharge, parameter 00060, statistic 00003"
11467000,2012,tailwater,primary,2012-07-07,24.542857142857144,30.189999999999998,105.02857142857144,7.0,"USGS NWIS daily discharge, parameter 00060, statistic 00003"
11467000,2013,tailwater,primary,2013-07-05,26.32857142857143,32.504285714285714,102.14285714285714,7.0,"USGS NWIS daily discharge, parameter 00060, statistic 00003"
11467000,2014,tailwater,primary,2014-07-31,24.557142857142853,32.02285714285714,90.34285714285714,7.0,"USGS NWIS daily discharge, parameter 00060, statistic 00003"
11467000,2015,tailwater,primary,2015-08-01,24.37142857142857,32.66571428571429,65.64285714285714,7.0,"USGS NWIS daily discharge, parameter 00060, statistic 00003"
11467000,2016,tailwater,primary,2016-07-29,24.871428571428574,30.732857142857142,108.87142857142858,7.0,"USGS NWIS daily discharge, parameter 00060, statistic 00003"
11467000,2017,tailwater,primary,2017-06-23,25.828571428571426,34.59571428571429,251.28571428571428,7.0,"USGS NWIS daily discharge, parameter 00060, statistic 00003"
11467000,2018,tailwater,primary,2018-07-14,24.357142857142858,30.93,111.0,7.0,"USGS NWIS daily discharge, parameter 00060, statistic 00003"
11467000,2019,tailwater,primary,2019-08-17,25.45714285714286,31.44857142857143,149.42857142857142,7.0,"USGS NWIS daily discharge, parameter 00060, statistic 00003"
11467000,2020,tailwater,primary,2020-07-13,25.142857142857142,33.96714285714285,87.17142857142858,7.0,"USGS NWIS daily discharge, parameter 00060, statistic 00003"
11467000,2021,tailwater,primary,2021-07-25,24.571428571428573,29.358571428571427,38.628571428571426,7.0,"USGS NWIS daily discharge, parameter 00060, statistic 00003"
11467000,2022,tailwater,primary,2022-06-28,24.785714285714285,36.74285714285714,64.15714285714286,7.0,"USGS NWIS daily discharge, parameter 00060, statistic 00003"
11467000,2023,tailwater,primary,2023-07-22,24.785714285714285,29.717142857142854,166.85714285714286,7.0,"USGS NWIS daily discharge, parameter 00060, statistic 00003"
11467000,2024,tailwater,primary,2024-07-07,26.12857142857143,35.862857142857145,159.71428571428572,7.0,"USGS NWIS daily discharge, parameter 00060, statistic 00003"
11468900,2002,reference,primary,2002-07-15,26.285714285714285,32.19571428571428,14.714285714285714,7.0,"USGS NWIS daily discharge, parameter 00060, statistic 00003"
11468900,2003,reference,primary,2003-07-28,26.871428571428574,31.074285714285715,14.057142857142727,7.0,"USGS NWIS daily discharge, parameter 00060, statistic 00003"
11468900,2004,reference,primary,2004-07-28,27.685714285714283,31.34857142857143,13.057142857142727,7.0,"USGS NWIS daily discharge, parameter 00060, statistic 00003"
11468900,2005,reference,primary,2005-08-09,24.357142857142858,30.745714285714286,37.67142857142845,7.0,"USGS NWIS daily discharge, parameter 00060, statistic 00003"
11468900,2008,reference,primary,2008-07-15,24.37142857142857,32.77571428571428,10.538571428571428,7.0,"USGS NWIS daily discharge, parameter 00060, statistic 00003"
11468900,2009,reference,primary,2009-07-31,26.442857142857143,32.92714285714286,13.4,7.0,"USGS NWIS daily discharge, parameter 00060, statistic 00003"
11468900,2010,reference,primary,2010-08-19,23.0,29.900000000000002,20.5,7.0,"USGS NWIS daily discharge, parameter 00060, statistic 00003"
11468900,2011,reference,primary,2011-08-28,23.428571428571427,31.592857142857145,13.914285714285713,7.0,"USGS NWIS daily discharge, parameter 00060, statistic 00003"
11468900,2012,reference,primary,2012-08-17,25.071428571428573,33.04571428571428,11.37142857142857,7.0,"USGS NWIS daily discharge, parameter 00060, statistic 00003"
11468900,2013,reference,primary,2013-07-27,25.214285714285715,30.954285714285714,12.571428571428571,7.0,"USGS NWIS daily discharge, parameter 00060, statistic 00003"
11468900,2014,reference,primary,2014-08-03,26.928571428571427,31.7,7.12,7.0,"USGS NWIS daily discharge, parameter 00060, statistic 00003"
11468900,2015,reference,primary,2015-08-03,26.5,31.615714285714287,5.817142857142857,7.0,"USGS NWIS daily discharge, parameter 00060, statistic 00003"
11468900,2016,reference,primary,2016-08-01,26.785714285714285,31.51,6.8100000000000005,7.0,"USGS NWIS daily discharge, parameter 00060, statistic 00003"
11468900,2017,reference,primary,2017-08-16,24.771428571428572,33.748571428571424,10.87142857142857,7.0,"USGS NWIS daily discharge, parameter 00060, statistic 00003"
11468900,2019,reference,primary,2019-08-28,24.385714285714283,30.48428571428571,10.254285714285714,7.0,"USGS NWIS daily discharge, parameter 00060, statistic 00003"
11468900,2020,reference,primary,2020-08-21,25.157142857142855,32.31,9.214285714285714,7.0,"USGS NWIS daily discharge, parameter 00060, statistic 00003"
11468900,2021,reference,primary,2021-08-03,26.642857142857142,31.27857142857143,4.618571428571428,7.0,"USGS NWIS daily discharge, parameter 00060, statistic 00003"
11468900,2022,reference,primary,2022-08-04,24.142857142857142,31.867142857142856,19.414285714285747,7.0,"USGS NWIS daily discharge, parameter 00060, statistic 00003"
11468900,2023,reference,primary,2023-08-19,26.457142857142856,32.73142857142857,7.588571428571428,7.0,"USGS NWIS daily discharge, parameter 00060, statistic 00003"
11468900,2024,reference,primary,2024-07-13,26.042857142857144,35.04571428571428,14.171428571428569,7.0,"USGS NWIS daily discharge, parameter 00060, statistic 00003"
11475560,2013,reference,primary,2013-07-27,20.228571428571428,30.274285714285718,0.972857142857143,7.0,"USGS NWIS daily discharge, parameter 00060, statistic 00003"
11475560,2014,reference,primary,2014-08-02,19.642857142857142,31.835714285714285,0.6900000000000001,7.0,"USGS NWIS daily discharge, parameter 00060, statistic 00003"
11475560,2015,reference,primary,2015-07-06,20.442857142857143,30.96142857142857,0.7799999999999959,7.0,"USGS NWIS daily discharge, parameter 00060, statistic 00003"
11475560,2016,reference,primary,2016-08-01,19.357142857142858,31.422857142857143,1.04,7.0,"USGS NWIS daily discharge, parameter 00060, statistic 00003"
11475560,2017,reference,primary,2017-08-05,19.657142857142855,33.83571428571428,1.55,7.0,"USGS NWIS daily discharge, parameter 00060, statistic 00003"
11475560,2018,reference,primary,2018-07-28,20.114285714285717,30.982857142857146,1.3114285714285714,7.0,"USGS NWIS daily discharge, parameter 00060, statistic 00003"
11475560,2019,reference,primary,2019-08-07,18.614285714285717,29.742857142857144,2.23,7.0,"USGS NWIS daily discharge, parameter 00060, statistic 00003"
11475560,2020,reference,primary,2020-07-21,19.557142857142857,32.29714285714286,1.5542857142857134,7.0,"USGS NWIS daily discharge, parameter 00060, statistic 00003"
11475560,2021,reference,primary,2021-07-15,21.900000000000002,30.701428571428576,0.6714285714285715,7.0,"USGS NWIS daily discharge, parameter 00060, statistic 00003"
11475560,2022,reference,primary,2022-08-04,19.599999999999998,31.951428571428572,1.3571428571428552,7.0,"USGS NWIS daily discharge, parameter 00060, statistic 00003"
11475560,2023,reference,primary,2023-08-19,19.985714285714288,30.987142857142857,1.1385714285714286,7.0,"USGS NWIS daily discharge, parameter 00060, statistic 00003"
11475560,2024,reference,primary,2024-07-14,21.12857142857143,34.567142857142855,2.7685714285714282,7.0,"USGS NWIS daily discharge, parameter 00060, statistic 00003"
12056500,1990,reference,primary,1990-07-30,23.82857142857143,27.41857142857143,155.28571428571428,7.0,"USGS NWIS daily discharge, parameter 00060, statistic 00003"
12056500,1993,reference,primary,1993-08-07,13.485714285714286,27.208571428571428,143.0,7.0,"USGS NWIS daily discharge, parameter 00060, statistic 00003"
12056500,1994,reference,primary,1994-07-27,13.771428571428572,27.917142857142856,157.71428571428572,7.0,"USGS NWIS daily discharge, parameter 00060, statistic 00003"
12056500,1995,reference,primary,1995-09-19,13.62857142857143,27.601428571428574,70.14285714285714,7.0,"USGS NWIS daily discharge, parameter 00060, statistic 00003"
12056500,2000,reference,primary,2000-08-10,13.085714285714285,24.818571428571428,190.14285714285714,7.0,"USGS NWIS daily discharge, parameter 00060, statistic 00003"
12056500,2001,reference,primary,2001-08-15,14.528571428571427,26.28142857142857,98.71428571428571,7.0,"USGS NWIS daily discharge, parameter 00060, statistic 00003"
12056500,2002,reference,primary,2002-08-16,13.242857142857144,26.48,134.57142857142858,7.0,"USGS NWIS daily discharge, parameter 00060, statistic 00003"
12056500,2003,reference,primary,2003-08-21,14.857142857142858,27.184285714285714,77.71428571428571,7.0,"USGS NWIS daily discharge, parameter 00060, statistic 00003"
12056500,2004,reference,primary,2004-08-19,15.257142857142856,28.262857142857143,83.47142857142856,7.0,"USGS NWIS daily discharge, parameter 00060, statistic 00003"
12056500,2005,reference,primary,2005-08-09,14.5,26.240000000000002,84.91428571428571,7.0,"USGS NWIS daily discharge, parameter 00060, statistic 00003"
12056500,2012,reference,primary,2012-08-17,13.442857142857141,27.735714285714288,172.0,7.0,"USGS NWIS daily discharge, parameter 00060, statistic 00003"
12056500,2013,reference,primary,2013-09-14,14.571428571428571,25.648571428571426,83.91428571428571,7.0,"USGS NWIS daily discharge, parameter 00060, statistic 00003"
12056500,2014,reference,primary,2014-08-08,15.285714285714286,27.865714285714287,80.8,7.0,"USGS NWIS daily discharge, parameter 00060, statistic 00003"
12056500,2016,reference,primary,2016-08-20,16.985714285714288,27.965714285714284,67.52857142857144,7.0,"USGS NWIS daily discharge, parameter 00060, statistic 00003"
12056500,2018,reference,primary,2018-08-10,16.071428571428573,28.145714285714284,75.81428571428572,7.0,"USGS NWIS daily discharge, parameter 00060, statistic 00003"
12056500,2019,reference,primary,2019-08-07,15.471428571428573,25.17285714285714,64.84285714285714,7.0,"USGS NWIS daily discharge, parameter 00060, statistic 00003"
12056500,2020,reference,primary,2020-08-05,15.442857142857145,27.121428571428574,81.14285714285714,7.0,"USGS NWIS daily discharge, parameter 00060, statistic 00003"
12056500,2021,reference,primary,2021-08-15,16.02857142857143,31.362857142857145,92.92857142857143,7.0,"USGS NWIS daily discharge, parameter 00060, statistic 00003"
12056500,2022,reference,primary,2022-08-25,15.728571428571428,30.93571428571429,85.24285714285715,7.0,"USGS NWIS daily discharge, parameter 00060, statistic 00003"
12056500,2023,reference,primary,2023-08-18,16.02857142857143,29.995714285714286,73.79999999999998,7.0,"USGS NWIS daily discharge, parameter 00060, statistic 00003"
12056500,2024,reference,primary,2024-08-08,15.985714285714286,30.447142857142858,64.01428571428572,7.0,"USGS NWIS daily discharge, parameter 00060, statistic 00003"
12100490,2011,tailwater,primary,2011-08-27,17.628571428571426,28.09857142857143,1064.2857142857142,7.0,"USGS NWIS daily discharge, parameter 00060, statistic 00003"
12100490,2012,tailwater,primary,2012-08-17,18.785714285714285,30.064285714285713,1000.7142857142857,7.0,"USGS NWIS daily discharge, parameter 00060, statistic 00003"
12100490,2013,tailwater,primary,2013-08-10,18.87142857142857,28.887142857142855,836.0,7.0,"USGS NWIS daily discharge, parameter 00060, statistic 00003"
12100490,2014,tailwater,primary,2014-07-21,18.8,30.129999999999995,1020.2857142857143,7.0,"USGS NWIS daily discharge, parameter 00060, statistic 00003"
12100490,2015,tailwater,primary,2015-07-06,22.5,32.25142857142857,870.5714285714286,7.0,"USGS NWIS daily discharge, parameter 00060, statistic 00003"
12100490,2016,tailwater,primary,2016-08-18,20.157142857142855,29.98714285714286,779.1428571428571,7.0,"USGS NWIS daily discharge, parameter 00060, statistic 00003"
12100490,2017,tailwater,primary,2017-08-04,19.24285714285714,31.22714285714286,1015.5714285714286,7.0,"USGS NWIS daily discharge, parameter 00060, statistic 00003"
12100490,2018,tailwater,primary,2018-07-29,20.099999999999998,32.214285714285715,935.2857142857143,7.0,"USGS NWIS daily discharge, parameter 00060, statistic 00003"
12100490,2019,tailwater,primary,2019-08-06,19.542857142857144,28.41,758.8571428571429,7.0,"USGS NWIS daily discharge, parameter 00060, statistic 00003"
12100490,2020,tailwater,primary,2020-07-31,19.314285714285713,29.851428571428567,1160.0,7.0,"USGS NWIS daily discharge, parameter 00060, statistic 00003"
12100490,2021,tailwater,primary,2021-07-30,19.67142857142857,33.86714285714286,983.5714285714286,7.0,"USGS NWIS daily discharge, parameter 00060, statistic 00003"
12100490,2022,tailwater,primary,2022-07-31,19.571428571428573,33.93857142857143,1324.2857142857142,7.0,"USGS NWIS daily discharge, parameter 00060, statistic 00003"
12100490,2024,tailwater,primary,2024-07-20,19.714285714285715,32.72714285714285,925.4285714285714,7.0,"USGS NWIS daily discharge, parameter 00060, statistic 00003"
12101100,2011,tailwater,primary,2011-10-12,14.928571428571429,28.065714285714286,37.271428571428565,7.0,"USGS NWIS daily discharge, parameter 00060, statistic 00003"
12101100,2012,tailwater,primary,2012-10-18,15.414285714285715,30.017142857142858,48.385714285714286,7.0,"USGS NWIS daily discharge, parameter 00060, statistic 00003"
12101100,2013,tailwater,primary,2013-09-12,16.057142857142857,28.915714285714284,82.11142857142859,7.0,"USGS NWIS daily discharge, parameter 00060, statistic 00003"
12101100,2014,tailwater,primary,2014-08-27,25.67142857142857,30.118571428571432,1.01,7.0,"USGS NWIS daily discharge, parameter 00060, statistic 00003"
12101100,2015,tailwater,primary,2015-07-02,23.299999999999994,32.26714285714286,0.0,7.0,"USGS NWIS daily discharge, parameter 00060, statistic 00003"
12101100,2016,tailwater,primary,2016-07-30,23.2,29.99,0.0,7.0,"USGS NWIS daily discharge, parameter 00060, statistic 00003"
12101100,2017,tailwater,primary,2017-06-10,17.314285714285713,31.291428571428572,9.857142857142906,7.0,"USGS NWIS daily discharge, parameter 00060, statistic 00003"
12101100,2018,tailwater,primary,2018-04-25,14.214285714285714,32.21714285714285,2.884285714285763,7.0,"USGS NWIS daily discharge, parameter 00060, statistic 00003"
12101100,2019,tailwater,primary,2019-10-17,14.428571428571429,28.467142857142857,8.204285714285763,7.0,"USGS NWIS daily discharge, parameter 00060, statistic 00003"
12101100,2020,tailwater,primary,2020-10-18,16.357142857142858,29.87857142857143,17.228571428571477,7.0,"USGS NWIS daily discharge, parameter 00060, statistic 00003"
12101100,2021,tailwater,primary,2021-10-13,15.357142857142858,33.80714285714286,18.4,7.0,"USGS NWIS daily discharge, parameter 00060, statistic 00003"
12101100,2023,tailwater,primary,2023-10-24,14.742857142857144,32.03714285714286,18.600000000000048,7.0,"USGS NWIS daily discharge, parameter 00060, statistic 00003"
12101100,2024,tailwater,primary,2024-10-09,17.442857142857143,32.72428571428571,23.45714285714291,7.0,"USGS NWIS daily discharge, parameter 00060, statistic 00003"
12115000,1998,reference,primary,1998-09-07,16.114285714285714,28.075714285714287,26.714285714285715,7.0,"USGS NWIS daily discharge, parameter 00060, statistic 00003"
12115000,2000,reference,primary,2000-08-10,12.8,24.014285714285712,46.285714285714285,7.0,"USGS NWIS daily discharge, parameter 00060, statistic 00003"
12115000,2001,reference,primary,2001-08-14,12.714285714285714,26.359999999999996,36.857142857142854,7.0,"USGS NWIS daily discharge, parameter 00060, statistic 00003"
12115000,2002,reference,primary,2002-07-26,12.671428571428573,24.905714285714286,103.85714285714286,7.0,"USGS NWIS daily discharge, parameter 00060, statistic 00003"
12115000,2003,reference,primary,2003-08-01,13.114285714285714,26.875714285714285,33.0,7.0,"USGS NWIS daily discharge, parameter 00060, statistic 00003"
12115000,2004,reference,primary,2004-08-13,12.742857142857144,28.15142857142857,42.42857142857143,7.0,"USGS NWIS daily discharge, parameter 00060, statistic 00003"
12115000,2005,reference,primary,2005-07-31,12.971428571428572,25.382857142857144,55.4,7.0,"USGS NWIS daily discharge, parameter 00060, statistic 00003"
12115000,2006,reference,primary,2006-07-27,13.557142857142859,28.875714285714285,49.75714285714286,7.0,"USGS NWIS daily discharge, parameter 00060, statistic 00003"
12115000,2007,reference,primary,2007-07-15,12.9,25.364285714285717,84.58571428571429,7.0,"USGS NWIS daily discharge, parameter 00060, statistic 00003"
12115000,2008,reference,primary,2008-08-26,11.2,25.54,81.62857142857142,7.0,"USGS NWIS daily discharge, parameter 00060, statistic 00003"
12115000,2009,reference,primary,2009-08-03,15.085714285714285,30.25714285714286,39.48571428571428,7.0,"USGS NWIS daily discharge, parameter 00060, statistic 00003"
12115000,2010,reference,primary,2010-07-30,12.5,25.927142857142858,60.65714285714286,7.0,"USGS NWIS daily discharge, parameter 00060, statistic 00003"
12115000,2013,reference,primary,2013-07-25,13.37142857142857,24.785714285714285,58.114285714285714,7.0,"USGS NWIS daily discharge, parameter 00060, statistic 00003"
12115000,2014,reference,primary,2014-07-17,13.814285714285715,26.562857142857144,77.77142857142857,7.0,"USGS NWIS daily discharge, parameter 00060, statistic 00003"
12115000,2015,reference,primary,2015-07-05,14.371428571428572,28.081428571428575,32.94285714285714,7.0,"USGS NWIS daily discharge, parameter 00060, statistic 00003"
12115000,2016,reference,primary,2016-08-01,13.557142857142859,24.99571428571429,49.68571428571429,7.0,"USGS NWIS daily discharge, parameter 00060, statistic 00003"
12115000,2017,reference,primary,2017-08-10,14.057142857142859,28.194285714285712,40.17142857142857,7.0,"USGS NWIS daily discharge, parameter 00060, statistic 00003"
12115000,2018,reference,primary,2018-07-31,13.485714285714286,27.46,41.44285714285714,7.0,"USGS NWIS daily discharge, parameter 00060, statistic 00003"
12115000,2019,reference,primary,2019-08-07,13.428571428571429,23.585714285714285,39.9,7.0,"USGS NWIS daily discharge, parameter 00060, statistic 00003"
12115000,2020,reference,primary,2020-07-31,13.271428571428572,26.599999999999998,43.42857142857143,7.0,"USGS NWIS daily discharge, parameter 00060, statistic 00003"
12115000,2021,reference,primary,2021-07-15,13.385714285714286,30.759999999999998,72.61428571428571,7.0,"USGS NWIS daily discharge, parameter 00060, statistic 00003"
12115000,2023,reference,primary,2023-08-18,13.014285714285714,27.891428571428573,27.300000000000065,7.0,"USGS NWIS daily discharge, parameter 00060, statistic 00003"
12115000,2024,reference,primary,2024-07-14,12.885714285714286,28.03,81.38571428571436,7.0,"USGS NWIS daily discharge, parameter 00060, statistic 00003"
12119000,1994,tailwater,sensitivity,1994-07-26,20.357142857142858,30.79,203.85714285714286,7.0,"USGS NWIS daily discharge, parameter 00060, statistic 00003"
12119000,1995,tailwater,sensitivity,1995-07-21,20.785714285714285,29.49285714285714,140.28571428571428,7.0,"USGS NWIS daily discharge, parameter 00060, statistic 00003"
12119000,1998,tailwater,sensitivity,1998-07-27,19.6,31.345714285714287,204.14285714285714,7.0,"USGS NWIS daily discharge, parameter 00060, statistic 00003"
12119000,2001,tailwater,sensitivity,2001-08-13,19.142857142857142,28.33857142857143,133.28571428571428,7.0,"USGS NWIS daily discharge, parameter 00060, statistic 00003"
12119000,2002,tailwater,sensitivity,2002-07-24,18.62857142857143,28.554285714285715,236.71428571428572,7.0,"USGS NWIS daily discharge, parameter 00060, statistic 00003"
12119000,2003,tailwater,sensitivity,2003-07-31,20.142857142857142,29.914285714285715,148.57142857142858,7.0,"USGS NWIS daily discharge, parameter 00060, statistic 00003"
12119000,2004,tailwater,sensitivity,2004-07-28,20.814285714285717,30.82428571428571,131.57142857142858,7.0,"USGS NWIS daily discharge, parameter 00060, statistic 00003"
12119000,2005,tailwater,sensitivity,2005-08-09,19.785714285714285,28.99142857142857,138.14285714285714,7.0,"USGS NWIS daily discharge, parameter 00060, statistic 00003"
12119000,2006,tailwater,sensitivity,2006-07-27,20.014285714285712,31.854285714285716,206.28571428571428,7.0,"USGS NWIS daily discharge, parameter 00060, statistic 00003"
12119000,2007,tailwater,sensitivity,2007-07-11,18.971428571428568,29.341428571428573,286.0,7.0,"USGS NWIS daily discharge, parameter 00060, statistic 00003"
12119000,2008,tailwater,sensitivity,2008-08-17,18.0,28.67571428571429,223.14285714285714,7.0,"USGS NWIS daily discharge, parameter 00060, statistic 00003"
12119000,2009,tailwater,sensitivity,2009-08-02,21.814285714285713,34.51285714285714,170.85714285714286,7.0,"USGS NWIS daily discharge, parameter 00060, statistic 00003"
12119000,2010,tailwater,sensitivity,2010-08-18,18.214285714285715,30.552857142857142,192.14285714285714,7.0,"USGS NWIS daily discharge, parameter 00060, statistic 00003"
12119000,2011,tailwater,sensitivity,2011-08-04,17.414285714285715,28.31142857142857,219.85714285714286,7.0,"USGS NWIS daily discharge, parameter 00060, statistic 00003"
12119000,2012,tailwater,sensitivity,2012-08-17,18.557142857142857,30.277142857142856,203.14285714285714,7.0,"USGS NWIS daily discharge, parameter 00060, statistic 00003"
12119000,2013,tailwater,sensitivity,2013-08-10,19.314285714285713,28.917142857142856,149.0,7.0,"USGS NWIS daily discharge, parameter 00060, statistic 00003"
12119000,2014,tailwater,sensitivity,2014-08-04,19.7,30.417142857142856,178.57142857142858,7.0,"USGS NWIS daily discharge, parameter 00060, statistic 00003"
12119000,2015,tailwater,sensitivity,2015-07-05,21.857142857142858,32.25,244.71428571428572,7.0,"USGS NWIS daily discharge, parameter 00060, statistic 00003"
12119000,2016,tailwater,sensitivity,2016-07-30,20.057142857142857,30.12714285714286,159.14285714285714,7.0,"USGS NWIS daily discharge, parameter 00060, statistic 00003"
12119000,2017,tailwater,sensitivity,2017-08-04,19.82857142857143,30.797142857142855,185.71428571428572,7.0,"USGS NWIS daily discharge, parameter 00060, statistic 00003"
12119000,2018,tailwater,sensitivity,2018-07-31,21.2,32.05571428571429,146.85714285714286,7.0,"USGS NWIS daily discharge, parameter 00060, statistic 00003"
12119000,2019,tailwater,sensitivity,2019-08-06,20.457142857142856,28.277142857142856,128.28571428571428,7.0,"USGS NWIS daily discharge, parameter 00060, statistic 00003"
12119000,2020,tailwater,sensitivity,2020-08-06,18.242857142857144,29.82428571428571,201.85714285714286,7.0,"USGS NWIS daily discharge, parameter 00060, statistic 00003"
12119000,2021,tailwater,sensitivity,2021-08-04,20.45714285714286,33.84285714285715,133.0,7.0,"USGS NWIS daily discharge, parameter 00060, statistic 00003"
12119000,2022,tailwater,sensitivity,2022-08-01,20.02857142857143,33.69428571428571,258.14285714285717,7.0,"USGS NWIS daily discharge, parameter 00060, statistic 00003"
12119000,2023,tailwater,sensitivity,2023-08-18,20.928571428571427,32.01571428571429,111.57142857142857,7.0,"USGS NWIS daily discharge, parameter 00060, statistic 00003"
12119000,2024,tailwater,sensitivity,2024-07-14,20.47142857142857,32.761428571428574,217.28571428571428,7.0,"USGS NWIS daily discharge, parameter 00060, statistic 00003"
12137290,2010,reference,primary,2010-08-19,14.785714285714286,28.321428571428573,13.6,7.0,"USGS NWIS daily discharge, parameter 00060, statistic 00003"
12137290,2011,reference,primary,2011-09-14,12.157142857142858,27.25857142857143,13.799999999999999,7.0,"USGS NWIS daily discharge, parameter 00060, statistic 00003"
12137290,2013,reference,primary,2013-08-10,15.114285714285714,26.36428571428571,14.699999999999934,7.0,"USGS NWIS daily discharge, parameter 00060, statistic 00003"
12137290,2014,reference,primary,2014-07-18,15.171428571428573,28.797142857142855,37.48571428571422,7.0,"USGS NWIS daily discharge, parameter 00060, statistic 00003"
12137290,2015,reference,primary,2015-07-05,18.32857142857143,30.592857142857145,7.90428571428565,7.0,"USGS NWIS daily discharge, parameter 00060, statistic 00003"
12137290,2016,reference,primary,2016-08-21,14.757142857142856,27.601428571428574,12.91428571428565,7.0,"USGS NWIS daily discharge, parameter 00060, statistic 00003"
12137290,2017,reference,primary,2017-08-11,16.514285714285712,29.351428571428574,12.371428571428506,7.0,"USGS NWIS daily discharge, parameter 00060, statistic 00003"
12137290,2018,reference,primary,2018-08-01,15.957142857142857,29.764285714285716,17.999999999999936,7.0,"USGS NWIS daily discharge, parameter 00060, statistic 00003"
12137290,2019,reference,primary,2019-08-10,14.357142857142858,26.400000000000002,12.899999999999935,7.0,"USGS NWIS daily discharge, parameter 00060, statistic 00003"
12137290,2020,reference,primary,2020-08-03,15.185714285714287,28.47714285714286,19.371428571428513,7.0,"USGS NWIS daily discharge, parameter 00060, statistic 00003"
12137290,2021,reference,primary,2021-08-05,15.671428571428573,32.82285714285714,11.107142857142824,7.0,"USGS NWIS daily discharge, parameter 00060, statistic 00003"
12137290,2022,reference,primary,2022-08-02,16.514285714285716,32.56142857142857,19.499999999999936,7.0,"USGS NWIS daily discharge, parameter 00060, statistic 00003"
12137290,2023,reference,primary,2023-08-19,16.32857142857143,30.065714285714286,5.539999999999935,7.0,"USGS NWIS daily discharge, parameter 00060, statistic 00003"
12137290,2024,reference,primary,2024-08-10,15.542857142857143,30.259999999999998,11.294285714285584,7.0,"USGS NWIS daily discharge, parameter 00060, statistic 00003"
12147470,2016,upstream,primary,2016-08-20,15.842857142857143,27.972857142857144,50.51428571428571,7.0,"USGS NWIS daily discharge, parameter 00060, statistic 00003"
12147470,2017,upstream,primary,2017-08-04,15.828571428571431,29.73142857142857,52.714285714285715,7.0,"USGS NWIS daily discharge, parameter 00060, statistic 00003"
12147470,2018,upstream,primary,2018-07-31,16.442857142857143,30.080000000000002,57.92857142857143,7.0,"USGS NWIS daily discharge, parameter 00060, statistic 00003"
12147470,2019,upstream,primary,2019-08-07,16.071428571428573,26.374285714285715,41.9,7.0,"USGS NWIS daily discharge, parameter 00060, statistic 00003"
12147470,2020,upstream,primary,2020-07-31,15.257142857142858,28.642857142857142,84.15714285714284,7.0,"USGS NWIS daily discharge, parameter 00060, statistic 00003"
12147470,2021,upstream,primary,2021-07-30,15.757142857142856,32.80714285714286,55.58571428571429,7.0,"USGS NWIS daily discharge, parameter 00060, statistic 00003"
12147470,2022,upstream,primary,2022-07-31,15.857142857142858,32.762857142857136,81.02857142857144,7.0,"USGS NWIS daily discharge, parameter 00060, statistic 00003"
12147470,2023,upstream,primary,2023-08-18,16.17142857142857,30.685714285714283,26.12857142857143,7.0,"USGS NWIS daily discharge, parameter 00060, statistic 00003"
12147470,2024,upstream,primary,2024-07-20,14.87142857142857,30.91,93.75714285714285,7.0,"USGS NWIS daily discharge, parameter 00060, statistic 00003"
12147500,1996,reference,primary,1996-07-27,15.085714285714285,30.13,120.0,7.0,"USGS NWIS daily discharge, parameter 00060, statistic 00003"
12147500,2000,reference,primary,2000-08-05,14.299999999999999,26.43285714285714,104.85714285714286,7.0,"USGS NWIS daily discharge, parameter 00060, statistic 00003"
12147500,2002,reference,primary,2002-07-24,14.071428571428571,27.295714285714286,159.42857142857142,7.0,"USGS NWIS daily discharge, parameter 00060, statistic 00003"
12147500,2003,reference,primary,2003-08-01,14.285714285714286,29.00857142857143,52.0,7.0,"USGS NWIS daily discharge, parameter 00060, statistic 00003"
12147500,2004,reference,primary,2004-07-27,15.028571428571428,29.735714285714288,89.85714285714286,7.0,"USGS NWIS daily discharge, parameter 00060, statistic 00003"
12147500,2005,reference,primary,2005-07-31,14.6,27.721428571428568,101.97142857142856,7.0,"USGS NWIS daily discharge, parameter 00060, statistic 00003"
12147500,2006,reference,primary,2006-07-27,15.085714285714287,30.87285714285714,96.7714285714286,7.0,"USGS NWIS daily discharge, parameter 00060, statistic 00003"
12147500,2007,reference,primary,2007-07-11,14.928571428571429,28.114285714285717,133.28571428571428,7.0,"USGS NWIS daily discharge, parameter 00060, statistic 00003"
12147500,2008,reference,primary,2008-08-18,13.400000000000002,27.552857142857142,104.81428571428572,7.0,"USGS NWIS daily discharge, parameter 00060, statistic 00003"
12147500,2009,reference,primary,2009-08-01,15.77142857142857,33.104285714285716,88.14285714285714,7.0,"USGS NWIS daily discharge, parameter 00060, statistic 00003"
12147500,2010,reference,primary,2010-07-12,14.371428571428572,28.632857142857144,177.0,7.0,"USGS NWIS daily discharge, parameter 00060, statistic 00003"
12147500,2011,reference,primary,2011-08-04,13.328571428571427,27.35,184.85714285714286,7.0,"USGS NWIS daily discharge, parameter 00060, statistic 00003"
12147500,2013,reference,primary,2013-07-04,14.385714285714286,26.897142857142853,287.7142857142857,7.0,"USGS NWIS daily discharge, parameter 00060, statistic 00003"
12147500,2014,reference,primary,2014-07-16,15.27142857142857,28.887142857142855,112.82857142857142,7.0,"USGS NWIS daily discharge, parameter 00060, statistic 00003"
12147500,2015,reference,primary,2015-07-05,15.571428571428571,31.015714285714285,59.82857142857143,7.0,"USGS NWIS daily discharge, parameter 00060, statistic 00003"
12147500,2016,reference,primary,2016-07-30,14.785714285714286,28.24142857142857,100.28571428571429,7.0,"USGS NWIS daily discharge, parameter 00060, statistic 00003"
12147600,1997,reference,primary,1997-08-14,15.514285714285714,26.575714285714287,7.0285714285713805,7.0,"USGS NWIS daily discharge, parameter 00060, statistic 00003"
12147600,1998,reference,primary,1998-07-29,17.242857142857144,29.67142857142857,6.899999999999951,7.0,"USGS NWIS daily discharge, parameter 00060, statistic 00003"
12147600,1999,reference,primary,1999-08-28,13.971428571428573,24.919999999999998,12.242857142857094,7.0,"USGS NWIS daily discharge, parameter 00060, statistic 00003"
12147600,2000,reference,primary,2000-08-06,15.799999999999999,25.531428571428574,9.557142857142809,7.0,"USGS NWIS daily discharge, parameter 00060, statistic 00003"
12147600,2001,reference,primary,2001-08-15,15.642857142857142,27.502857142857145,6.071428571428522,7.0,"USGS NWIS daily discharge, parameter 00060, statistic 00003"
12147600,2002,reference,primary,2002-08-17,14.285714285714286,26.412857142857142,9.614285714285666,7.0,"USGS NWIS daily discharge, parameter 00060, statistic 00003"
12147600,2003,reference,primary,2003-08-02,17.257142857142856,28.107142857142858,4.571428571428522,7.0,"USGS NWIS daily discharge, parameter 00060, statistic 00003"
12147600,2004,reference,primary,2004-07-29,16.8,29.26285714285714,5.942857142857078,7.0,"USGS NWIS daily discharge, parameter 00060, statistic 00003"
12147600,2005,reference,primary,2005-08-09,15.728571428571428,26.87,4.825714285714217,7.0,"USGS NWIS daily discharge, parameter 00060, statistic 00003"
12147600,2006,reference,primary,2006-07-27,16.914285714285715,30.214285714285715,6.565714285714221,7.0,"USGS NWIS daily discharge, parameter 00060, statistic 00003"
12147600,2008,reference,primary,2008-08-18,13.62857142857143,26.98,14.271428571428505,7.0,"USGS NWIS daily discharge, parameter 00060, statistic 00003"
12147600,2010,reference,primary,2010-08-18,15.085714285714287,27.42428571428572,5.978571428571397,7.0,"USGS NWIS daily discharge, parameter 00060, statistic 00003"
12147600,2011,reference,primary,2011-08-29,12.885714285714286,26.93285714285714,16.114285714285682,7.0,"USGS NWIS daily discharge, parameter 00060, statistic 00003"
12147600,2012,reference,primary,2012-08-18,15.328571428571427,28.048571428571428,5.764285714285682,7.0,"USGS NWIS daily discharge, parameter 00060, statistic 00003"
12147600,2013,reference,primary,2013-07-26,15.457142857142856,25.99142857142857,7.405714285714253,7.0,"USGS NWIS daily discharge, parameter 00060, statistic 00003"
12147600,2014,reference,primary,2014-07-17,15.885714285714284,27.949999999999996,13.714285714285682,7.0,"USGS NWIS daily discharge, parameter 00060, statistic 00003"
12147600,2015,reference,primary,2015-07-05,18.599999999999998,30.119999999999997,3.9685714285713956,7.0,"USGS NWIS daily discharge, parameter 00060, statistic 00003"
12147600,2016,reference,primary,2016-08-20,15.285714285714286,26.87142857142857,5.5685714285713965,7.0,"USGS NWIS daily discharge, parameter 00060, statistic 00003"
12147600,2017,reference,primary,2017-08-10,16.371428571428574,29.282857142857146,4.089999999999959,7.0,"USGS NWIS daily discharge, parameter 00060, statistic 00003"
12147600,2018,reference,primary,2018-08-01,16.2,29.21,6.889999999999935,7.0,"USGS NWIS daily discharge, parameter 00060, statistic 00003"
12147600,2019,reference,primary,2019-08-07,15.271428571428572,25.59857142857143,5.192857142857075,7.0,"USGS NWIS daily discharge, parameter 00060, statistic 00003"
12147600,2021,reference,primary,2021-08-16,16.3,32.145714285714284,4.237142857142792,7.0,"USGS NWIS daily discharge, parameter 00060, statistic 00003"
12147600,2022,reference,primary,2022-08-01,16.6,32.13,7.051428571428524,7.0,"USGS NWIS daily discharge, parameter 00060, statistic 00003"
12147600,2023,reference,primary,2023-08-19,16.7,29.822857142857142,2.315714285714237,7.0,"USGS NWIS daily discharge, parameter 00060, statistic 00003"
12147600,2024,reference,primary,2024-07-20,15.985714285714286,30.194285714285716,8.105714285714237,7.0,"USGS NWIS daily discharge, parameter 00060, statistic 00003"
12179900,2017,reference,primary,2017-09-02,15.285714285714286,30.99,119.42857142857143,7.0,"USGS NWIS daily discharge, parameter 00060, statistic 00003"
12179900,2018,reference,primary,2018-08-10,15.642857142857142,32.93142857142857,184.28571428571428,7.0,"USGS NWIS daily discharge, parameter 00060, statistic 00003"
12179900,2020,reference,primary,2020-08-20,15.085714285714285,31.292857142857144,172.71428571428572,7.0,"USGS NWIS daily discharge, parameter 00060, statistic 00003"
12179900,2021,reference,primary,2021-07-30,15.942857142857145,35.83571428571428,172.42857142857142,7.0,"USGS NWIS daily discharge, parameter 00060, statistic 00003"
12179900,2022,reference,primary,2022-08-26,15.814285714285713,35.19285714285714,178.14285714285714,7.0,"USGS NWIS daily discharge, parameter 00060, statistic 00003"
12179900,2023,reference,primary,2023-08-17,16.62857142857143,32.86571428571428,109.27142857142857,7.0,"USGS NWIS daily discharge, parameter 00060, statistic 00003"
12179900,2024,reference,primary,2024-08-10,16.45714285714286,32.40428571428571,143.57142857142858,7.0,"USGS NWIS daily discharge, parameter 00060, statistic 00003"
12181000,1987,tailwater,primary,1987-08-09,13.37142857142857,31.065714285714282,4098.571428571428,7.0,"USGS NWIS daily discharge, parameter 00060, statistic 00003"
12181000,1988,tailwater,primary,1988-09-05,12.528571428571428,31.077142857142857,3998.5714285714284,7.0,"USGS NWIS daily discharge, parameter 00060, statistic 00003"
12181000,1989,tailwater,primary,1989-08-10,13.185714285714287,28.521428571428572,4737.142857142857,7.0,"USGS NWIS daily discharge, parameter 00060, statistic 00003"
12181000,1990,tailwater,primary,1990-08-15,13.528571428571428,32.43,4154.285714285715,7.0,"USGS NWIS daily discharge, parameter 00060, statistic 00003"
12181000,1991,tailwater,primary,1991-08-22,12.299999999999999,31.40142857142857,7272.857142857143,7.0,"USGS NWIS daily discharge, parameter 00060, statistic 00003"
12181000,1994,tailwater,primary,1994-08-01,13.5,33.49571428571429,4280.0,7.0,"USGS NWIS daily discharge, parameter 00060, statistic 00003"
12181000,1996,tailwater,primary,1996-08-14,12.942857142857141,32.82,3742.8571428571427,7.0,"USGS NWIS daily discharge, parameter 00060, statistic 00003"
12181000,1997,tailwater,primary,1997-08-19,12.657142857142857,30.95714285714286,5341.428571428572,7.0,"USGS NWIS daily discharge, parameter 00060, statistic 00003"
12181000,1998,tailwater,primary,1998-08-14,14.214285714285714,32.74571428571429,3845.714285714286,7.0,"USGS NWIS daily discharge, parameter 00060, statistic 00003"
12181000,2002,tailwater,primary,2002-08-28,12.828571428571431,29.851428571428567,4204.285714285715,7.0,"USGS NWIS daily discharge, parameter 00060, statistic 00003"
12181000,2003,tailwater,primary,2003-08-02,13.557142857142859,31.78714285714286,4457.142857142857,7.0,"USGS NWIS daily discharge, parameter 00060, statistic 00003"
12181000,2004,tailwater,primary,2004-08-02,14.200000000000001,32.93571428571429,4155.714285714285,7.0,"USGS NWIS daily discharge, parameter 00060, statistic 00003"
12181000,2005,tailwater,primary,2005-08-09,14.814285714285713,29.867142857142856,2635.714285714286,7.0,"USGS NWIS daily discharge, parameter 00060, statistic 00003"
12181000,2006,tailwater,primary,2006-08-20,14.314285714285715,32.862857142857145,2820.0,7.0,"USGS NWIS daily discharge, parameter 00060, statistic 00003"
12181000,2007,tailwater,primary,2007-08-06,13.657142857142857,30.86285714285714,4447.142857142857,7.0,"USGS NWIS daily discharge, parameter 00060, statistic 00003"
12181000,2008,tailwater,primary,2008-08-09,12.914285714285715,31.204285714285714,4632.857142857143,7.0,"USGS NWIS daily discharge, parameter 00060, statistic 00003"
12181000,2009,tailwater,primary,2009-09-02,13.885714285714286,34.57857142857143,2781.4285714285716,7.0,"USGS NWIS daily discharge, parameter 00060, statistic 00003"
12181000,2010,tailwater,primary,2010-08-18,13.214285714285714,32.518571428571434,4431.428571428572,7.0,"USGS NWIS daily discharge, parameter 00060, statistic 00003"
12181000,2011,tailwater,primary,2011-08-30,12.1,30.708571428571428,5375.714285714285,7.0,"USGS NWIS daily discharge, parameter 00060, statistic 00003"
12181000,2012,tailwater,primary,2012-08-20,13.014285714285714,31.974285714285713,4770.0,7.0,"USGS NWIS daily discharge, parameter 00060, statistic 00003"
12181000,2013,tailwater,primary,2013-07-24,12.985714285714284,29.518571428571427,4772.857142857143,7.0,"USGS NWIS daily discharge, parameter 00060, statistic 00003"
12181000,2014,tailwater,primary,2014-08-23,13.642857142857142,31.34714285714286,3761.4285714285716,7.0,"USGS NWIS daily discharge, parameter 00060, statistic 00003"
12181000,2015,tailwater,primary,2015-08-29,15.671428571428573,33.97,2278.5714285714284,7.0,"USGS NWIS daily discharge, parameter 00060, statistic 00003"
12181000,2016,tailwater,primary,2016-08-17,14.742857142857144,31.52857142857143,2734.285714285714,7.0,"USGS NWIS daily discharge, parameter 00060, statistic 00003"
12181000,2017,tailwater,primary,2017-08-29,13.828571428571427,31.454285714285714,2591.4285714285716,7.0,"USGS NWIS daily discharge, parameter 00060, statistic 00003"
12181000,2018,tailwater,primary,2018-08-10,13.785714285714286,33.31142857142857,4728.571428571428,7.0,"USGS NWIS daily discharge, parameter 00060, statistic 00003"
12181000,2019,tailwater,primary,2019-08-08,15.057142857142859,30.102857142857143,2794.285714285714,7.0,"USGS NWIS daily discharge, parameter 00060, statistic 00003"
12181000,2020,tailwater,primary,2020-08-28,13.928571428571429,31.678571428571427,2921.4285714285716,7.0,"USGS NWIS daily discharge, parameter 00060, statistic 00003"
12181000,2021,tailwater,primary,2021-07-30,14.099999999999998,36.137142857142855,3765.714285714286,7.0,"USGS NWIS daily discharge, parameter 00060, statistic 00003"
12181000,2022,tailwater,primary,2022-08-26,13.585714285714285,35.70285714285715,4417.142857142857,7.0,"USGS NWIS daily discharge, parameter 00060, statistic 00003"
12181000,2023,tailwater,primary,2023-08-19,15.414285714285715,33.49714285714286,2878.5714285714284,7.0,"USGS NWIS daily discharge, parameter 00060, statistic 00003"
12181000,2024,tailwater,primary,2024-07-20,15.114285714285714,32.89714285714286,3760.0,7.0,"USGS NWIS daily discharge, parameter 00060, statistic 00003"
12182500,2017,reference,primary,2017-07-31,15.071428571428571,31.451428571428572,844.0,7.0,"USGS NWIS daily discharge, parameter 00060, statistic 00003"
12182500,2018,reference,primary,2018-08-01,15.814285714285715,33.31,966.2857142857143,7.0,"USGS NWIS daily discharge, parameter 00060, statistic 00003"
12182500,2019,reference,primary,2019-08-09,15.614285714285716,30.09142857142857,584.0,7.0,"USGS NWIS daily discharge, parameter 00060, statistic 00003"
12182500,2020,reference,primary,2020-08-05,14.657142857142857,31.7,1175.142857142857,7.0,"USGS NWIS daily discharge, parameter 00060, statistic 00003"
12182500,2021,reference,primary,2021-08-16,15.37142857142857,36.13857142857143,747.1428571428571,7.0,"USGS NWIS daily discharge, parameter 00060, statistic 00003"
12182500,2022,reference,primary,2022-08-26,15.442857142857145,35.71857142857143,723.2857142857143,7.0,"USGS NWIS daily discharge, parameter 00060, statistic 00003"
12182500,2023,reference,primary,2023-08-18,16.371428571428574,33.50714285714286,454.0,7.0,"USGS NWIS daily discharge, parameter 00060, statistic 00003"
12182500,2024,reference,primary,2024-08-07,16.014285714285716,32.91285714285714,664.1428571428571,7.0,"USGS NWIS daily discharge, parameter 00060, statistic 00003"
12186000,2017,reference,primary,2017-08-11,17.857142857142858,30.68857142857143,404.14285714285717,7.0,"USGS NWIS daily discharge, parameter 00060, statistic 00003"
12186000,2018,reference,primary,2018-08-10,18.04285714285714,31.752857142857142,391.57142857142856,7.0,"USGS NWIS daily discharge, parameter 00060, statistic 00003"
12186000,2019,reference,primary,2019-08-08,18.685714285714287,28.61714285714286,289.42857142857144,7.0,"USGS NWIS daily discharge, parameter 00060, statistic 00003"
12186000,2020,reference,primary,2020-08-20,17.3,30.722857142857144,285.42857142857144,7.0,"USGS NWIS daily discharge, parameter 00060, statistic 00003"
12186000,2021,reference,primary,2021-08-15,18.085714285714285,34.66285714285714,349.42857142857144,7.0,"USGS NWIS daily discharge, parameter 00060, statistic 00003"
12186000,2022,reference,primary,2022-08-26,17.6,34.61142857142857,319.0,7.0,"USGS NWIS daily discharge, parameter 00060, statistic 00003"
12186000,2023,reference,primary,2023-08-18,19.97142857142857,32.09571428571429,197.42857142857142,7.0,"USGS NWIS daily discharge, parameter 00060, statistic 00003"
12186000,2024,reference,primary,2024-08-09,19.042857142857144,32.01285714285714,306.85714285714283,7.0,"USGS NWIS daily discharge, parameter 00060, statistic 00003"
12189500,2018,tailwater,sensitivity,2018-08-10,18.485714285714288,32.45142857142857,2157.1428571428573,7.0,"USGS NWIS daily discharge, parameter 00060, statistic 00003"
12189500,2019,tailwater,sensitivity,2019-08-07,18.785714285714285,29.307142857142857,1690.0,7.0,"USGS NWIS daily discharge, parameter 00060, statistic 00003"
12189500,2020,tailwater,sensitivity,2020-08-20,17.34285714285714,30.94,1865.7142857142858,7.0,"USGS NWIS daily discharge, parameter 00060, statistic 00003"
12189500,2021,tailwater,sensitivity,2021-08-16,18.314285714285713,35.277142857142856,2002.857142857143,7.0,"USGS NWIS daily discharge, parameter 00060, statistic 00003"
12189500,2022,tailwater,sensitivity,2022-08-26,17.7,35.07142857142857,2081.4285714285716,7.0,"USGS NWIS daily discharge, parameter 00060, statistic 00003"
12189500,2023,tailwater,sensitivity,2023-08-18,19.47142857142857,32.86857142857143,1527.142857142857,7.0,"USGS NWIS daily discharge, parameter 00060, statistic 00003"
12189500,2024,tailwater,sensitivity,2024-08-09,18.985714285714288,32.23285714285714,1907.142857142857,7.0,"USGS NWIS daily discharge, parameter 00060, statistic 00003"
12209490,2009,reference,primary,2009-08-02,18.314285714285717,31.564285714285717,36.642857142857146,7.0,"USGS NWIS daily discharge, parameter 00060, statistic 00003"
12209490,2010,reference,primary,2010-08-18,15.571428571428571,28.794285714285714,35.528571428571425,7.0,"USGS NWIS daily discharge, parameter 00060, statistic 00003"
12209490,2011,reference,primary,2011-08-27,13.657142857142858,27.142857142857142,65.97142857142858,7.0,"USGS NWIS daily discharge, parameter 00060, statistic 00003"
12209490,2012,reference,primary,2012-08-18,15.257142857142856,28.074285714285715,41.12857142857144,7.0,"USGS NWIS daily discharge, parameter 00060, statistic 00003"
12209490,2014,reference,primary,2014-08-06,15.771428571428572,28.244285714285716,44.228571428571435,7.0,"USGS NWIS daily discharge, parameter 00060, statistic 00003"
12209490,2015,reference,primary,2015-07-05,18.928571428571427,29.602857142857143,22.485714285714288,7.0,"USGS NWIS daily discharge, parameter 00060, statistic 00003"
12209490,2016,reference,primary,2016-08-19,16.65714285714286,28.13714285714286,20.32857142857143,7.0,"USGS NWIS daily discharge, parameter 00060, statistic 00003"
12209490,2017,reference,primary,2017-08-12,16.900000000000002,28.2,26.98571428571422,7.0,"USGS NWIS daily discharge, parameter 00060, statistic 00003"
12209490,2018,reference,primary,2018-07-31,17.142857142857142,29.608571428571427,33.47142857142851,7.0,"USGS NWIS daily discharge, parameter 00060, statistic 00003"
12209490,2019,reference,primary,2019-08-07,16.414285714285715,26.58857142857143,29.028571428571393,7.0,"USGS NWIS daily discharge, parameter 00060, statistic 00003"
12209490,2020,reference,primary,2020-08-02,15.585714285714285,27.58857142857143,46.285714285714256,7.0,"USGS NWIS daily discharge, parameter 00060, statistic 00003"
12209490,2021,reference,primary,2021-08-05,17.17142857142857,31.765714285714285,24.057142857142825,7.0,"USGS NWIS daily discharge, parameter 00060, statistic 00003"
12209490,2022,reference,primary,2022-08-01,17.414285714285715,31.44142857142857,45.371428571428496,7.0,"USGS NWIS daily discharge, parameter 00060, statistic 00003"
12209490,2023,reference,primary,2023-08-18,18.142857142857142,29.584285714285716,15.942857142857047,7.0,"USGS NWIS daily discharge, parameter 00060, statistic 00003"
12209490,2024,reference,primary,2024-08-10,16.95714285714286,29.282857142857143,29.38571428571422,7.0,"USGS NWIS daily discharge, parameter 00060, statistic 00003"
12210000,2009,reference,primary,2009-08-02,23.871428571428574,31.66142857142857,178.14285714285714,7.0,"USGS NWIS daily discharge, parameter 00060, statistic 00003"
12210000,2010,reference,primary,2010-08-18,20.400000000000002,28.99142857142857,143.14285714285714,7.0,"USGS NWIS daily discharge, parameter 00060, statistic 00003"
12210000,2011,reference,primary,2011-08-30,17.214285714285715,27.214285714285715,269.42857142857144,7.0,"USGS NWIS daily discharge, parameter 00060, statistic 00003"
12210000,2012,reference,primary,2012-08-18,19.400000000000002,28.224285714285713,245.28571428571428,7.0,"USGS NWIS daily discharge, parameter 00060, statistic 00003"
12210000,2013,reference,primary,2013-08-11,20.114285714285717,26.33285714285714,183.57142857142858,7.0,"USGS NWIS daily discharge, parameter 00060, statistic 00003"
12210000,2014,reference,primary,2014-08-04,20.2,28.35571428571429,243.71428571428572,7.0,"USGS NWIS daily discharge, parameter 00060, statistic 00003"
12210000,2015,reference,primary,2015-07-05,23.6,29.75142857142857,107.42857142857143,7.0,"USGS NWIS daily discharge, parameter 00060, statistic 00003"
12210000,2016,reference,primary,2016-07-31,21.042857142857144,28.342857142857145,179.85714285714286,7.0,"USGS NWIS daily discharge, parameter 00060, statistic 00003"
12210000,2018,reference,primary,2018-07-31,21.914285714285715,29.752857142857142,172.71428571428572,7.0,"USGS NWIS daily discharge, parameter 00060, statistic 00003"
12210000,2019,reference,primary,2019-08-07,20.785714285714285,26.810000000000002,143.57142857142858,7.0,"USGS NWIS daily discharge, parameter 00060, statistic 00003"
12210000,2020,reference,primary,2020-08-02,20.014285714285712,27.66428571428571,254.42857142857142,7.0,"USGS NWIS daily discharge, parameter 00060, statistic 00003"
12210000,2021,reference,primary,2021-08-05,21.271428571428572,31.817142857142862,133.71428571428572,7.0,"USGS NWIS daily discharge, parameter 00060, statistic 00003"
12210000,2022,reference,primary,2022-08-01,22.400000000000002,31.54,260.14285714285717,7.0,"USGS NWIS daily discharge, parameter 00060, statistic 00003"
12210000,2023,reference,primary,2023-08-18,22.342857142857145,29.744285714285713,90.85714285714286,7.0,"USGS NWIS daily discharge, parameter 00060, statistic 00003"
12210000,2024,reference,primary,2024-07-20,21.514285714285712,29.425714285714285,229.71428571428572,7.0,"USGS NWIS daily discharge, parameter 00060, statistic 00003"
12210700,2009,reference,primary,2009-08-02,18.871428571428574,31.732857142857142,2287.1428571428573,7.0,"USGS NWIS daily discharge, parameter 00060, statistic 00003"
12210700,2010,reference,primary,2010-08-18,17.485714285714288,29.35857142857143,1598.5714285714287,7.0,"USGS NWIS daily discharge, parameter 00060, statistic 00003"
12210700,2011,reference,primary,2011-09-10,15.328571428571431,27.517142857142854,1577.142857142857,7.0,"USGS NWIS daily discharge, parameter 00060, statistic 00003"
12210700,2012,reference,primary,2012-08-17,16.842857142857145,28.388571428571428,2315.714285714286,7.0,"USGS NWIS daily discharge, parameter 00060, statistic 00003"
12210700,2013,reference,primary,2013-08-10,17.785714285714285,26.50857142857143,2041.4285714285713,7.0,"USGS NWIS daily discharge, parameter 00060, statistic 00003"
12210700,2014,reference,primary,2014-08-04,18.0,28.54,2420.0,7.0,"USGS NWIS daily discharge, parameter 00060, statistic 00003"
12210700,2015,reference,primary,2015-07-02,19.385714285714283,30.15142857142857,1891.4285714285713,7.0,"USGS NWIS daily discharge, parameter 00060, statistic 00003"
12210700,2016,reference,primary,2016-07-30,18.75714285714286,28.990000000000002,1932.857142857143,7.0,"USGS NWIS daily discharge, parameter 00060, statistic 00003"
12210700,2017,reference,primary,2017-07-31,17.97142857142857,28.964285714285715,2072.8571428571427,7.0,"USGS NWIS daily discharge, parameter 00060, statistic 00003"
12210700,2018,reference,primary,2018-07-29,18.485714285714288,30.312857142857144,2032.857142857143,7.0,"USGS NWIS daily discharge, parameter 00060, statistic 00003"
12210700,2019,reference,primary,2019-08-07,18.442857142857143,27.045714285714286,1578.5714285714287,7.0,"USGS NWIS daily discharge, parameter 00060, statistic 00003"
12210700,2020,reference,primary,2020-08-01,18.014285714285712,27.79,2252.8571428571427,7.0,"USGS NWIS daily discharge, parameter 00060, statistic 00003"
12210700,2021,reference,primary,2021-08-16,18.17142857142857,32.55,1642.857142857143,7.0,"USGS NWIS daily discharge, parameter 00060, statistic 00003"
12210700,2023,reference,primary,2023-07-22,18.857142857142858,29.83857142857143,1455.7142857142858,7.0,"USGS NWIS daily discharge, parameter 00060, statistic 00003"
12210700,2024,reference,primary,2024-07-20,19.185714285714287,29.36285714285714,1972.857142857143,7.0,"USGS NWIS daily discharge, parameter 00060, statistic 00003"
12413360,2001,reference,primary,2001-08-15,13.357142857142858,31.601428571428574,0.7485714285714286,7.0,"USGS NWIS daily discharge, parameter 00060, statistic 00003"
12413360,2003,reference,primary,2003-08-01,14.785714285714286,33.68714285714286,0.8571428571428551,7.0,"USGS NWIS daily discharge, parameter 00060, statistic 00003"
12413360,2004,reference,primary,2004-08-04,13.785714285714286,32.70428571428572,1.1714285714285693,7.0,"USGS NWIS daily discharge, parameter 00060, statistic 00003"
12413360,2005,reference,primary,2005-08-28,15.557142857142859,31.368571428571425,0.5328571428571388,7.0,"USGS NWIS daily discharge, parameter 00060, statistic 00003"
12413360,2006,reference,primary,2006-07-29,13.528571428571427,34.07857142857143,1.4628571428571409,7.0,"USGS NWIS daily discharge, parameter 00060, statistic 00003"
12413360,2007,reference,primary,2007-07-31,14.242857142857144,33.71714285714286,0.6557142857142837,7.0,"USGS NWIS daily discharge, parameter 00060, statistic 00003"
12413360,2008,reference,primary,2008-08-19,12.457142857142857,32.08714285714286,1.4314285714285717,7.0,"USGS NWIS daily discharge, parameter 00060, statistic 00003"
12413360,2009,reference,primary,2009-08-05,13.4,31.631428571428575,1.4085714285714286,7.0,"USGS NWIS daily discharge, parameter 00060, statistic 00003"
12413360,2010,reference,primary,2010-08-09,12.542857142857143,29.71142857142857,1.9757142857142855,7.0,"USGS NWIS daily discharge, parameter 00060, statistic 00003"
12413360,2011,reference,primary,2011-08-30,12.085714285714285,30.81714285714286,1.5085714285714324,7.0,"USGS NWIS daily discharge, parameter 00060, statistic 00003"
12413360,2012,reference,primary,2012-07-22,12.557142857142859,32.470000000000006,2.8714285714285714,7.0,"USGS NWIS daily discharge, parameter 00060, statistic 00003"
12438000,2014,tailwater,sensitivity,2014-09-05,19.62857142857143,38.660000000000004,76400.0,7.0,"USGS NWIS daily discharge, parameter 00060, statistic 00003"
12447390,2012,reference,primary,2012-08-18,16.114285714285717,28.185714285714287,11.728571428571419,7.0,"USGS NWIS daily discharge, parameter 00060, statistic 00003"
12447390,2015,reference,primary,2015-07-05,18.014285714285716,28.86428571428571,15.899999999999983,7.0,"USGS NWIS daily discharge, parameter 00060, statistic 00003"
12447390,2016,reference,primary,2016-07-30,15.814285714285715,26.937142857142856,27.89999999999998,7.0,"USGS NWIS daily discharge, parameter 00060, statistic 00003"
12447390,2017,reference,primary,2017-07-29,15.971428571428572,28.502857142857145,13.899999999999983,7.0,"USGS NWIS daily discharge, parameter 00060, statistic 00003"
12447390,2018,reference,primary,2018-07-19,16.142857142857142,28.32714285714286,16.171428571428553,7.0,"USGS NWIS daily discharge, parameter 00060, statistic 00003"
12447390,2019,reference,primary,2019-08-07,15.514285714285714,26.375714285714285,7.308571428571412,7.0,"USGS NWIS daily discharge, parameter 00060, statistic 00003"
12447390,2020,reference,primary,2020-08-05,16.314285714285713,28.457142857142856,9.338571428571413,7.0,"USGS NWIS daily discharge, parameter 00060, statistic 00003"
12447390,2021,reference,primary,2021-07-03,17.871428571428574,32.17714285714286,37.142857142857125,7.0,"USGS NWIS daily discharge, parameter 00060, statistic 00003"
12447390,2023,reference,primary,2023-08-17,16.085714285714285,28.361428571428572,4.338571428571412,7.0,"USGS NWIS daily discharge, parameter 00060, statistic 00003"
12447390,2024,reference,primary,2024-08-08,17.2,29.557142857142853,6.152857142857125,7.0,"USGS NWIS daily discharge, parameter 00060, statistic 00003"
13018300,2013,reference,primary,2013-07-23,12.328571428571427,29.385714285714283,12.285714285714286,7.0,"USGS NWIS daily discharge, parameter 00060, statistic 00003"
13018300,2014,reference,primary,2014-07-24,10.571428571428571,27.72142857142857,22.400000000000002,7.0,"USGS NWIS daily discharge, parameter 00060, statistic 00003"
13018300,2015,reference,primary,2015-07-04,11.828571428571427,29.077142857142857,21.228571428571428,7.0,"USGS NWIS daily discharge, parameter 00060, statistic 00003"
13018300,2016,reference,primary,2016-07-24,11.828571428571427,28.56142857142857,11.728571428571426,7.0,"USGS NWIS daily discharge, parameter 00060, statistic 00003"
13018300,2017,reference,primary,2017-08-03,9.842857142857143,28.525714285714287,23.62857142857143,7.0,"USGS NWIS daily discharge, parameter 00060, statistic 00003"
13018300,2018,reference,primary,2018-07-12,10.614285714285714,29.132857142857144,23.657142857142855,7.0,"USGS NWIS daily discharge, parameter 00060, statistic 00003"
13018300,2019,reference,primary,2019-08-07,10.814285714285713,27.645714285714288,14.942857142857145,7.0,"USGS NWIS daily discharge, parameter 00060, statistic 00003"
13018300,2020,reference,primary,2020-08-06,11.071428571428571,29.324285714285715,12.857142857142858,7.0,"USGS NWIS daily discharge, parameter 00060, statistic 00003"
13018300,2021,reference,primary,2021-07-22,11.885714285714284,29.572857142857142,11.4,7.0,"USGS NWIS daily discharge, parameter 00060, statistic 00003"
13018300,2022,reference,primary,2022-08-01,11.099999999999998,30.192857142857147,12.914285714285715,7.0,"USGS NWIS daily discharge, parameter 00060, statistic 00003"
13018300,2023,reference,primary,2023-07-25,11.228571428571428,28.63,16.785714285714285,7.0,"USGS NWIS daily discharge, parameter 00060, statistic 00003"
13018300,2024,reference,primary,2024-08-07,11.214285714285714,29.745714285714286,14.528571428571427,7.0,"USGS NWIS daily discharge, parameter 00060, statistic 00003"
13331500,2012,reference,primary,2012-08-12,24.099999999999998,35.114285714285714,145.71428571428572,7.0,"USGS NWIS daily discharge, parameter 00060, statistic 00003"
13331500,2013,reference,primary,2013-08-18,25.157142857142855,34.26285714285714,93.95714285714287,7.0,"USGS NWIS daily discharge, parameter 00060, statistic 00003"
13331500,2014,reference,primary,2014-08-11,22.900000000000002,35.34571428571429,162.85714285714286,7.0,"USGS NWIS daily discharge, parameter 00060, statistic 00003"
13331500,2015,reference,primary,2015-07-07,25.17142857142857,37.715714285714284,196.28571428571428,7.0,"USGS NWIS daily discharge, parameter 00060, statistic 00003"
13331500,2016,reference,primary,2016-07-31,24.785714285714285,35.39,164.57142857142858,7.0,"USGS NWIS daily discharge, parameter 00060, statistic 00003"
13331500,2017,reference,primary,2017-08-04,23.685714285714287,37.14571428571429,186.85714285714286,7.0,"USGS NWIS daily discharge, parameter 00060, statistic 00003"
13331500,2018,reference,primary,2018-07-30,25.071428571428573,36.651428571428575,119.14285714285714,7.0,"USGS NWIS daily discharge, parameter 00060, statistic 00003"
13331500,2019,reference,primary,2019-08-07,24.142857142857142,35.098571428571425,171.57142857142858,7.0,"USGS NWIS daily discharge, parameter 00060, statistic 00003"
13331500,2020,reference,primary,2020-08-23,23.75714285714286,36.66142857142857,118.0,7.0,"USGS NWIS daily discharge, parameter 00060, statistic 00003"
13331500,2021,reference,primary,2021-08-03,25.87142857142857,39.527142857142856,107.25714285714285,7.0,"USGS NWIS daily discharge, parameter 00060, statistic 00003"
13331500,2022,reference,primary,2022-08-23,24.614285714285717,38.73142857142857,102.01428571428572,7.0,"USGS NWIS daily discharge, parameter 00060, statistic 00003"
13331500,2023,reference,primary,2023-08-19,25.585714285714285,37.18571428571429,77.3,7.0,"USGS NWIS daily discharge, parameter 00060, statistic 00003"
13340000,1994,reference,primary,1994-07-28,28.428571428571427,39.417142857142856,2482.8571428571427,7.0,"USGS NWIS daily discharge, parameter 00060, statistic 00003"
13340000,1995,reference,primary,1995-08-07,24.714285714285715,34.21,3195.714285714286,7.0,"USGS NWIS daily discharge, parameter 00060, statistic 00003"
13340000,1996,reference,primary,1996-08-01,24.642857142857142,38.325714285714284,3581.4285714285716,7.0,"USGS NWIS daily discharge, parameter 00060, statistic 00003"
13340000,1999,reference,primary,1999-08-06,26.142857142857142,35.917142857142856,3378.5714285714284,7.0,"USGS NWIS daily discharge, parameter 00060, statistic 00003"
13340000,2000,reference,primary,2000-08-04,28.357142857142858,37.105714285714285,1958.5714285714287,7.0,"USGS NWIS daily discharge, parameter 00060, statistic 00003"
13340000,2001,reference,primary,2001-08-12,27.0,37.61571428571428,1860.0,7.0,"USGS NWIS daily discharge, parameter 00060, statistic 00003"
13340000,2002,reference,primary,2002-07-30,25.5,38.074285714285715,3504.285714285714,7.0,"USGS NWIS daily discharge, parameter 00060, statistic 00003"
13340000,2003,reference,primary,2003-07-24,27.857142857142858,38.480000000000004,2754.285714285714,7.0,"USGS NWIS daily discharge, parameter 00060, statistic 00003"
13340000,2004,reference,primary,2004-07-29,26.642857142857142,36.762857142857136,2721.4285714285716,7.0,"USGS NWIS daily discharge, parameter 00060, statistic 00003"
13340000,2005,reference,primary,2005-08-06,27.071428571428573,37.394285714285715,1958.5714285714287,7.0,"USGS NWIS daily discharge, parameter 00060, statistic 00003"
13340000,2006,reference,primary,2006-07-28,28.0,39.31857142857143,2221.4285714285716,7.0,"USGS NWIS daily discharge, parameter 00060, statistic 00003"
13340000,2007,reference,primary,2007-07-29,28.071428571428573,38.09285714285714,1708.5714285714287,7.0,"USGS NWIS daily discharge, parameter 00060, statistic 00003"
13340000,2008,reference,primary,2008-08-19,24.5,37.478571428571435,2032.857142857143,7.0,"USGS NWIS daily discharge, parameter 00060, statistic 00003"
13340000,2009,reference,primary,2009-08-05,25.857142857142858,37.74857142857143,2445.714285714286,7.0,"USGS NWIS daily discharge, parameter 00060, statistic 00003"
13340000,2010,reference,primary,2010-08-10,25.428571428571427,34.70142857142857,2204.285714285714,7.0,"USGS NWIS daily discharge, parameter 00060, statistic 00003"
13340000,2011,reference,primary,2011-08-30,24.571428571428573,36.69571428571429,2012.857142857143,7.0,"USGS NWIS daily discharge, parameter 00060, statistic 00003"
13340000,2012,reference,primary,2012-08-20,25.5,36.58428571428571,1675.7142857142858,7.0,"USGS NWIS daily discharge, parameter 00060, statistic 00003"
13340000,2013,reference,primary,2013-08-20,27.0,37.27571428571429,1347.142857142857,7.0,"USGS NWIS daily discharge, parameter 00060, statistic 00003"
13340000,2014,reference,primary,2014-08-06,25.071428571428573,38.30428571428571,2670.0,7.0,"USGS NWIS daily discharge, parameter 00060, statistic 00003"
13340000,2015,reference,primary,2015-07-06,27.357142857142858,39.52571428571429,2584.285714285714,7.0,"USGS NWIS daily discharge, parameter 00060, statistic 00003"
13340000,2016,reference,primary,2016-08-01,26.785714285714285,36.33428571428571,2015.7142857142858,7.0,"USGS NWIS daily discharge, parameter 00060, statistic 00003"
13340000,2017,reference,primary,2017-08-04,26.557142857142853,38.067142857142855,1932.857142857143,7.0,"USGS NWIS daily discharge, parameter 00060, statistic 00003"
13340000,2018,reference,primary,2018-08-01,25.300000000000004,37.65714285714286,2622.8571428571427,7.0,"USGS NWIS daily discharge, parameter 00060, statistic 00003"
13340000,2019,reference,primary,2019-08-10,26.485714285714288,36.39714285714286,1872.857142857143,7.0,"USGS NWIS daily discharge, parameter 00060, statistic 00003"
13340000,2020,reference,primary,2020-08-24,25.042857142857144,36.832857142857144,1822.857142857143,7.0,"USGS NWIS daily discharge, parameter 00060, statistic 00003"
13340000,2021,reference,primary,2021-08-04,27.24285714285714,40.94857142857143,2012.857142857143,7.0,"USGS NWIS daily discharge, parameter 00060, statistic 00003"
13340000,2024,reference,primary,2024-07-25,26.142857142857142,39.230000000000004,2427.1428571428573,7.0,"USGS NWIS daily discharge, parameter 00060, statistic 00003"
13340600,1987,reference,primary,1987-07-31,21.928571428571427,33.17857142857143,965.7142857142857,7.0,"USGS NWIS daily discharge, parameter 00060, statistic 00003"
13340600,1988,reference,primary,1988-08-01,20.5,34.47428571428572,954.0,7.0,"USGS NWIS daily discharge, parameter 00060, statistic 00003"
13340600,1989,reference,primary,1989-07-26,21.357142857142858,33.528571428571425,1464.2857142857142,7.0,"USGS NWIS daily discharge, parameter 00060, statistic 00003"
13340600,1991,reference,primary,1991-08-10,20.428571428571427,34.15,1430.0,7.0,"USGS NWIS daily discharge, parameter 00060, statistic 00003"
13340600,1992,reference,primary,1992-06-28,22.0,35.60142857142857,1621.4285714285713,7.0,"USGS NWIS daily discharge, parameter 00060, statistic 00003"
13340600,1993,reference,primary,1993-08-10,19.5,31.240000000000002,1338.5714285714287,7.0,"USGS NWIS daily discharge, parameter 00060, statistic 00003"
13340600,1994,reference,primary,1994-07-29,23.214285714285715,37.74857142857143,1011.7142857142857,7.0,"USGS NWIS daily discharge, parameter 00060, statistic 00003"
13340600,1995,reference,primary,1995-07-24,20.714285714285715,31.795714285714286,1712.857142857143,7.0,"USGS NWIS daily discharge, parameter 00060, statistic 00003"
13340600,1996,reference,primary,1996-08-01,20.785714285714285,35.470000000000006,1565.7142857142858,7.0,"USGS NWIS daily discharge, parameter 00060, statistic 00003"
13340600,1997,reference,primary,1997-08-08,19.285714285714285,33.42,2002.857142857143,7.0,"USGS NWIS daily discharge, parameter 00060, statistic 00003"
13340600,1999,reference,primary,1999-08-09,19.071428571428573,33.91285714285714,1738.5714285714287,7.0,"USGS NWIS daily discharge, parameter 00060, statistic 00003"
13340600,2001,reference,primary,2001-07-14,21.357142857142858,35.50857142857143,1435.7142857142858,7.0,"USGS NWIS daily discharge, parameter 00060, statistic 00003"
13340600,2002,reference,primary,2002-07-26,19.785714285714285,36.362857142857145,2160.0,7.0,"USGS NWIS daily discharge, parameter 00060, statistic 00003"
13340600,2003,reference,primary,2003-07-24,21.857142857142858,37.38142857142857,1338.5714285714287,7.0,"USGS NWIS daily discharge, parameter 00060, statistic 00003"
13340600,2004,reference,primary,2004-07-21,20.714285714285715,35.83571428571428,1725.7142857142858,7.0,"USGS NWIS daily discharge, parameter 00060, statistic 00003"
13340600,2005,reference,primary,2005-08-06,21.0,36.254285714285714,988.8571428571429,7.0,"USGS NWIS daily discharge, parameter 00060, statistic 00003"
13340600,2006,reference,primary,2006-07-28,22.142857142857142,37.88142857142857,1282.857142857143,7.0,"USGS NWIS daily discharge, parameter 00060, statistic 00003"
13340600,2007,reference,primary,2007-07-28,23.357142857142858,36.86571428571428,1097.142857142857,7.0,"USGS NWIS daily discharge, parameter 00060, statistic 00003"
13340600,2008,reference,primary,2008-08-20,18.642857142857142,35.13857142857143,1264.2857142857142,7.0,"USGS NWIS daily discharge, parameter 00060, statistic 00003"
13340600,2009,reference,primary,2009-08-03,20.571428571428573,34.74571428571429,1331.4285714285713,7.0,"USGS NWIS daily discharge, parameter 00060, statistic 00003"
13340600,2010,reference,primary,2010-08-09,20.928571428571427,33.92285714285714,1175.7142857142858,7.0,"USGS NWIS daily discharge, parameter 00060, statistic 00003"
13340600,2011,reference,primary,2011-08-30,18.357142857142858,35.228571428571435,1197.142857142857,7.0,"USGS NWIS daily discharge, parameter 00060, statistic 00003"
13340600,2012,reference,primary,2012-08-14,19.785714285714285,35.855714285714285,1248.5714285714287,7.0,"USGS NWIS daily discharge, parameter 00060, statistic 00003"
13340600,2013,reference,primary,2013-07-23,20.642857142857142,36.25714285714286,1407.142857142857,7.0,"USGS NWIS daily discharge, parameter 00060, statistic 00003"
13340600,2014,reference,primary,2014-08-05,20.928571428571427,37.06285714285714,1440.0,7.0,"USGS NWIS daily discharge, parameter 00060, statistic 00003"
13340600,2015,reference,primary,2015-07-05,22.928571428571427,38.73428571428571,1205.7142857142858,7.0,"USGS NWIS daily discharge, parameter 00060, statistic 00003"
13340600,2016,reference,primary,2016-08-01,21.785714285714285,34.309999999999995,1063.857142857143,7.0,"USGS NWIS daily discharge, parameter 00060, statistic 00003"
13340600,2017,reference,primary,2017-08-03,21.642857142857142,37.291428571428575,1132.857142857143,7.0,"USGS NWIS daily discharge, parameter 00060, statistic 00003"
13340600,2018,reference,primary,2018-07-31,20.785714285714285,37.32571428571429,1265.7142857142858,7.0,"USGS NWIS daily discharge, parameter 00060, statistic 00003"
13340600,2019,reference,primary,2019-08-10,21.88571428571429,36.05714285714286,935.5714285714286,7.0,"USGS NWIS daily discharge, parameter 00060, statistic 00003"
13340600,2020,reference,primary,2020-08-06,21.2,36.45285714285715,1214.2857142857142,7.0,"USGS NWIS daily discharge, parameter 00060, statistic 00003"
13340600,2021,reference,primary,2021-08-05,22.1,40.027142857142856,1051.857142857143,7.0,"USGS NWIS daily discharge, parameter 00060, statistic 00003"
13340600,2022,reference,primary,2022-08-02,22.028571428571432,38.941428571428574,1577.142857142857,7.0,"USGS NWIS daily discharge, parameter 00060, statistic 00003"
13340600,2023,reference,primary,2023-07-26,21.671428571428574,36.48285714285714,1098.5714285714287,7.0,"USGS NWIS daily discharge, parameter 00060, statistic 00003"
13340600,2024,reference,primary,2024-07-25,22.47142857142857,37.91857142857143,1190.0,7.0,"USGS NWIS daily discharge, parameter 00060, statistic 00003"
13342500,1987,tailwater,sensitivity,1987-08-04,22.428571428571427,35.96857142857143,2948.5714285714284,7.0,"USGS NWIS daily discharge, parameter 00060, statistic 00003"
13342500,1988,tailwater,sensitivity,1988-07-24,23.142857142857142,37.43857142857143,3892.8571428571427,7.0,"USGS NWIS daily discharge, parameter 00060, statistic 00003"
13342500,1989,tailwater,sensitivity,1989-07-11,21.214285714285715,35.417142857142856,9855.714285714286,7.0,"USGS NWIS daily discharge, parameter 00060, statistic 00003"
13342500,1990,tailwater,sensitivity,1990-08-15,24.142857142857142,38.87571428571429,3101.4285714285716,7.0,"USGS NWIS daily discharge, parameter 00060, statistic 00003"
13342500,1991,tailwater,sensitivity,1991-08-01,23.071428571428573,37.04,5651.428571428572,7.0,"USGS NWIS daily discharge, parameter 00060, statistic 00003"
13342500,1992,tailwater,sensitivity,1992-06-28,24.0,39.11571428571428,5805.714285714285,7.0,"USGS NWIS daily discharge, parameter 00060, statistic 00003"
13342500,1995,tailwater,sensitivity,1995-07-17,20.5,34.75000000000001,12282.857142857143,7.0,"USGS NWIS daily discharge, parameter 00060, statistic 00003"
13342500,1996,tailwater,sensitivity,1996-07-15,19.071428571428573,38.472857142857144,15171.42857142857,7.0,"USGS NWIS daily discharge, parameter 00060, statistic 00003"
13342500,1997,tailwater,sensitivity,1997-09-06,21.214285714285715,35.95142857142857,4248.571428571428,7.0,"USGS NWIS daily discharge, parameter 00060, statistic 00003"
13342500,1998,tailwater,sensitivity,1998-07-10,20.928571428571427,38.54714285714285,16414.285714285714,7.0,"USGS NWIS daily discharge, parameter 00060, statistic 00003"
13342500,1999,tailwater,sensitivity,1999-07-16,19.142857142857142,36.347142857142856,12585.714285714286,7.0,"USGS NWIS daily discharge, parameter 00060, statistic 00003"
13342500,2000,tailwater,sensitivity,2000-07-01,18.428571428571427,37.36000000000001,14542.857142857143,7.0,"USGS NWIS daily discharge, parameter 00060, statistic 00003"
13342500,2001,tailwater,sensitivity,2001-07-04,20.357142857142858,38.38428571428572,9835.714285714286,7.0,"USGS NWIS daily discharge, parameter 00060, statistic 00003"
13342500,2002,tailwater,sensitivity,2002-07-18,16.5,38.521428571428565,18500.0,7.0,"USGS NWIS daily discharge, parameter 00060, statistic 00003"
13342500,2004,tailwater,sensitivity,2004-06-30,19.357142857142858,37.34428571428572,15385.714285714286,7.0,"USGS NWIS daily discharge, parameter 00060, statistic 00003"
13342500,2005,tailwater,sensitivity,2005-06-27,17.857142857142858,37.48285714285714,12340.0,7.0,"USGS NWIS daily discharge, parameter 00060, statistic 00003"
13342500,2006,tailwater,sensitivity,2006-06-29,19.142857142857142,40.19,13142.857142857143,7.0,"USGS NWIS daily discharge, parameter 00060, statistic 00003"
13342500,2007,tailwater,sensitivity,2007-07-02,17.0,37.93857142857143,9818.57142857143,7.0,"USGS NWIS daily discharge, parameter 00060, statistic 00003"
13342500,2008,tailwater,sensitivity,2008-07-14,14.928571428571429,37.645714285714284,22457.14285714286,7.0,"USGS NWIS daily discharge, parameter 00060, statistic 00003"
13342500,2009,tailwater,sensitivity,2009-09-22,16.571428571428573,38.16285714285714,3167.1428571428573,7.0,"USGS NWIS daily discharge, parameter 00060, statistic 00003"
13342500,2010,tailwater,sensitivity,2010-10-03,16.357142857142858,35.401428571428575,3027.1428571428573,7.0,"USGS NWIS daily discharge, parameter 00060, statistic 00003"
13342500,2011,tailwater,sensitivity,2011-09-28,15.714285714285714,36.73285714285714,3267.1428571428573,7.0,"USGS NWIS daily discharge, parameter 00060, statistic 00003"
13342500,2012,tailwater,sensitivity,2012-07-10,15.5,37.17142857142857,17800.0,7.0,"USGS NWIS daily discharge, parameter 00060, statistic 00003"
13342500,2013,tailwater,sensitivity,2013-07-03,16.428571428571427,37.83428571428572,15800.0,7.0,"USGS NWIS daily discharge, parameter 00060, statistic 00003"
13342500,2014,tailwater,sensitivity,2014-09-30,15.714285714285714,39.31285714285714,3170.0,7.0,"USGS NWIS daily discharge, parameter 00060, statistic 00003"
13342500,2015,tailwater,sensitivity,2015-06-13,18.285714285714285,39.817142857142855,13671.42857142857,7.0,"USGS NWIS daily discharge, parameter 00060, statistic 00003"
13342500,2016,tailwater,sensitivity,2016-06-27,17.214285714285715,37.0,9562.857142857143,7.0,"USGS NWIS daily discharge, parameter 00060, statistic 00003"
13342500,2017,tailwater,sensitivity,2017-07-03,17.62857142857143,38.14857142857143,15128.57142857143,7.0,"USGS NWIS daily discharge, parameter 00060, statistic 00003"
13342500,2018,tailwater,sensitivity,2018-07-05,15.414285714285715,37.89142857142857,14871.42857142857,7.0,"USGS NWIS daily discharge, parameter 00060, statistic 00003"
13342500,2019,tailwater,sensitivity,2019-07-05,17.514285714285712,36.76714285714286,10218.57142857143,7.0,"USGS NWIS daily discharge, parameter 00060, statistic 00003"
13342500,2020,tailwater,sensitivity,2020-07-10,16.2,37.317142857142855,16642.85714285714,7.0,"USGS NWIS daily discharge, parameter 00060, statistic 00003"
13342500,2021,tailwater,sensitivity,2021-06-23,17.97142857142857,41.230000000000004,15200.0,7.0,"USGS NWIS daily discharge, parameter 00060, statistic 00003"
13342500,2022,tailwater,sensitivity,2022-10-02,16.0,39.90714285714286,3482.8571428571427,7.0,"USGS NWIS daily discharge, parameter 00060, statistic 00003"
13342500,2023,tailwater,sensitivity,2023-07-01,18.442857142857143,38.980000000000004,9887.142857142857,7.0,"USGS NWIS daily discharge, parameter 00060, statistic 00003"
13342500,2024,tailwater,sensitivity,2024-06-30,16.457142857142856,39.720000000000006,12785.714285714286,7.0,"USGS NWIS daily discharge, parameter 00060, statistic 00003"
14034470,2010,upstream,primary,2010-07-12,22.114285714285717,32.34285714285714,22.9,7.0,"USGS NWIS daily discharge, parameter 00060, statistic 00003"
14034470,2011,upstream,primary,2011-08-05,22.62857142857143,32.712857142857146,9.004285714285714,7.0,"USGS NWIS daily discharge, parameter 00060, statistic 00003"
14034470,2014,upstream,primary,2014-07-17,24.900000000000002,35.597142857142856,1.6328571428571428,7.0,"USGS NWIS daily discharge, parameter 00060, statistic 00003"
14034470,2015,upstream,primary,2015-07-06,23.41428571428571,37.074285714285715,0.7542857142857143,7.0,"USGS NWIS daily discharge, parameter 00060, statistic 00003"
14034470,2016,upstream,primary,2016-07-31,22.071428571428573,33.74142857142857,0.36428571428571427,7.0,"USGS NWIS daily discharge, parameter 00060, statistic 00003"
14034470,2017,upstream,primary,2017-07-08,22.52857142857143,34.69714285714286,1.6300000000000001,7.0,"USGS NWIS daily discharge, parameter 00060, statistic 00003"
14034470,2018,upstream,primary,2018-08-01,25.585714285714285,35.15857142857143,0.0842857142857143,7.0,"USGS NWIS daily discharge, parameter 00060, statistic 00003"
14034470,2019,upstream,primary,2019-08-07,21.828571428571426,32.61285714285714,2.3242857142857143,7.0,"USGS NWIS daily discharge, parameter 00060, statistic 00003"
14034470,2020,upstream,primary,2020-08-03,24.571428571428573,35.005714285714284,2.07571428571429,7.0,"USGS NWIS daily discharge, parameter 00060, statistic 00003"
14034470,2024,upstream,primary,2024-07-11,24.657142857142855,36.66571428571428,3.8542857142857265,7.0,"USGS NWIS daily discharge, parameter 00060, statistic 00003"
14046890,2004,reference,primary,2004-06-26,20.814285714285713,36.66142857142857,4.53,7.0,"USGS NWIS daily discharge, parameter 00060, statistic 00003"
14046890,2006,reference,primary,2006-07-27,23.4,39.354285714285716,4.039999999999998,7.0,"USGS NWIS daily discharge, parameter 00060, statistic 00003"
14046890,2007,reference,primary,2007-07-10,22.728571428571428,37.674285714285716,1.9571428571428562,7.0,"USGS NWIS daily discharge, parameter 00060, statistic 00003"
14046890,2008,reference,primary,2008-07-03,18.585714285714285,37.037142857142854,2.067142857142856,7.0,"USGS NWIS daily discharge, parameter 00060, statistic 00003"
14046890,2009,reference,primary,2009-08-03,20.942857142857143,40.08571428571428,1.0242857142857134,7.0,"USGS NWIS daily discharge, parameter 00060, statistic 00003"
14046890,2010,reference,primary,2010-07-12,19.071428571428573,34.84428571428571,10.411428571428571,7.0,"USGS NWIS daily discharge, parameter 00060, statistic 00003"
14046890,2011,reference,primary,2011-07-07,19.085714285714285,34.98142857142857,6.99142857142857,7.0,"USGS NWIS daily discharge, parameter 00060, statistic 00003"
14046890,2012,reference,primary,2012-07-12,20.171428571428574,36.4,2.3428571428571416,7.0,"USGS NWIS daily discharge, parameter 00060, statistic 00003"
14046890,2013,reference,primary,2013-07-03,17.842857142857145,37.457142857142856,0.999999999999999,7.0,"USGS NWIS daily discharge, parameter 00060, statistic 00003"
14046890,2014,reference,primary,2014-08-19,14.799999999999999,38.12571428571429,1.7542857142857131,7.0,"USGS NWIS daily discharge, parameter 00060, statistic 00003"
14046890,2015,reference,primary,2015-07-05,17.614285714285714,39.89714285714285,1.6828571428571417,7.0,"USGS NWIS daily discharge, parameter 00060, statistic 00003"
14046890,2016,reference,primary,2016-06-09,15.128571428571428,37.05285714285714,4.091428571428571,7.0,"USGS NWIS daily discharge, parameter 00060, statistic 00003"
14046890,2017,reference,primary,2017-07-07,16.67142857142857,37.88142857142857,7.17142857142857,7.0,"USGS NWIS daily discharge, parameter 00060, statistic 00003"
14046890,2018,reference,primary,2018-07-19,18.02857142857143,38.49142857142857,1.7457142857142842,7.0,"USGS NWIS daily discharge, parameter 00060, statistic 00003"
14046890,2019,reference,primary,2019-06-17,17.071428571428573,35.80428571428571,13.27142857142857,7.0,"USGS NWIS daily discharge, parameter 00060, statistic 00003"
14046890,2020,reference,primary,2020-06-27,21.814285714285717,38.27428571428572,0.7928571428571408,7.0,"USGS NWIS daily discharge, parameter 00060, statistic 00003"
14046890,2021,reference,primary,2021-07-01,18.071428571428573,41.387142857142855,2.958571428571426,7.0,"USGS NWIS daily discharge, parameter 00060, statistic 00003"
14138870,1986,reference,primary,1986-08-13,14.071428571428571,29.479999999999997,3.807142857142857,7.0,"USGS NWIS daily discharge, parameter 00060, statistic 00003"
14138870,1987,reference,primary,1987-09-02,15.042857142857143,30.714285714285715,2.3857142857142857,7.0,"USGS NWIS daily discharge, parameter 00060, statistic 00003"
14138870,1988,reference,primary,1988-09-07,12.971428571428573,29.82428571428571,2.6714285714285633,7.0,"USGS NWIS daily discharge, parameter 00060, statistic 00003"
14138870,1989,reference,primary,1989-08-11,12.814285714285715,26.381428571428575,5.185714285714277,7.0,"USGS NWIS daily discharge, parameter 00060, statistic 00003"
14138870,1990,reference,primary,1990-08-14,14.12857142857143,31.345714285714287,4.214285714285706,7.0,"USGS NWIS daily discharge, parameter 00060, statistic 00003"
14138870,1991,reference,primary,1991-08-22,13.871428571428572,29.158571428571427,3.457142857142849,7.0,"USGS NWIS daily discharge, parameter 00060, statistic 00003"
14138870,1992,reference,primary,1992-06-28,15.414285714285713,30.84857142857143,2.9285714285714204,7.0,"USGS NWIS daily discharge, parameter 00060, statistic 00003"
14138870,1993,reference,primary,1993-08-07,12.671428571428573,29.967142857142854,12.714285714285706,7.0,"USGS NWIS daily discharge, parameter 00060, statistic 00003"
14138870,1994,reference,primary,1994-07-26,14.214285714285714,30.914285714285715,4.957142857142849,7.0,"USGS NWIS daily discharge, parameter 00060, statistic 00003"
14138870,1995,reference,primary,1995-07-22,13.885714285714286,28.292857142857144,5.357142857142849,7.0,"USGS NWIS daily discharge, parameter 00060, statistic 00003"
14138870,1997,reference,primary,1997-08-17,13.257142857142856,27.65857142857143,4.314285714285698,7.0,"USGS NWIS daily discharge, parameter 00060, statistic 00003"
14138870,1998,reference,primary,1998-07-31,14.242857142857144,30.451428571428576,5.78571428571427,7.0,"USGS NWIS daily discharge, parameter 00060, statistic 00003"
14138870,1999,reference,primary,1999-08-29,13.042857142857143,27.572857142857142,3.6714285714285553,7.0,"USGS NWIS daily discharge, parameter 00060, statistic 00003"
14138870,2000,reference,primary,2000-08-05,13.37142857142857,26.88714285714286,3.507142857142857,7.0,"USGS NWIS daily discharge, parameter 00060, statistic 00003"
14138870,2001,reference,primary,2001-08-16,13.842857142857143,28.958571428571425,3.1571428571428526,7.0,"USGS NWIS daily discharge, parameter 00060, statistic 00003"
14138870,2002,reference,primary,2002-07-26,13.414285714285713,29.092857142857145,6.7871428571428565,7.0,"USGS NWIS daily discharge, parameter 00060, statistic 00003"
14138870,2003,reference,primary,2003-08-03,14.600000000000003,30.66714285714286,2.624285714285706,7.0,"USGS NWIS daily discharge, parameter 00060, statistic 00003"
14138870,2004,reference,primary,2004-08-17,15.028571428571428,30.382857142857144,3.1442857142857044,7.0,"USGS NWIS daily discharge, parameter 00060, statistic 00003"
14138870,2005,reference,primary,2005-08-01,13.957142857142857,29.094285714285714,5.735714285714278,7.0,"USGS NWIS daily discharge, parameter 00060, statistic 00003"
14138870,2006,reference,primary,2006-07-27,15.228571428571428,31.735714285714284,3.789999999999984,7.0,"USGS NWIS daily discharge, parameter 00060, statistic 00003"
14138870,2007,reference,primary,2007-07-16,14.6,28.462857142857143,3.9828571428571506,7.0,"USGS NWIS daily discharge, parameter 00060, statistic 00003"
14138870,2008,reference,primary,2008-08-18,13.042857142857144,29.63,6.894285714285723,7.0,"USGS NWIS daily discharge, parameter 00060, statistic 00003"
14138870,2009,reference,primary,2009-08-03,15.614285714285716,32.754285714285714,3.814285714285714,7.0,"USGS NWIS daily discharge, parameter 00060, statistic 00003"
14138870,2010,reference,primary,2010-08-19,13.628571428571428,28.65857142857143,3.9728571428571513,7.0,"USGS NWIS daily discharge, parameter 00060, statistic 00003"
14138870,2011,reference,primary,2011-09-13,13.200000000000001,29.40142857142857,3.045714285714302,7.0,"USGS NWIS daily discharge, parameter 00060, statistic 00003"
14138870,2012,reference,primary,2012-08-19,13.6,30.465714285714284,4.562857142857159,7.0,"USGS NWIS daily discharge, parameter 00060, statistic 00003"
14138870,2013,reference,primary,2013-09-03,13.914285714285715,27.565714285714286,2.7014285714285875,7.0,"USGS NWIS daily discharge, parameter 00060, statistic 00003"
14138870,2014,reference,primary,2014-08-06,14.828571428571431,28.481428571428573,3.561428571428588,7.0,"USGS NWIS daily discharge, parameter 00060, statistic 00003"
14138870,2015,reference,primary,2015-07-07,16.942857142857143,30.62857142857143,3.1400000000000206,7.0,"USGS NWIS daily discharge, parameter 00060, statistic 00003"
14138870,2016,reference,primary,2016-08-20,14.9,28.14714285714286,2.967142857142878,7.0,"USGS NWIS daily discharge, parameter 00060, statistic 00003"
14138870,2017,reference,primary,2017-08-09,14.87142857142857,31.942857142857143,3.6685714285714446,7.0,"USGS NWIS daily discharge, parameter 00060, statistic 00003"
14138870,2018,reference,primary,2018-08-01,16.185714285714287,30.645714285714284,2.648571428571453,7.0,"USGS NWIS daily discharge, parameter 00060, statistic 00003"
14138870,2019,reference,primary,2019-08-07,14.814285714285715,26.369999999999997,2.3542857142857385,7.0,"USGS NWIS daily discharge, parameter 00060, statistic 00003"
14138870,2020,reference,primary,2020-08-22,14.1,29.114285714285717,3.1314285714286014,7.0,"USGS NWIS daily discharge, parameter 00060, statistic 00003"
14138870,2021,reference,primary,2021-08-17,16.114285714285714,32.09142857142857,2.0942857142857467,7.0,"USGS NWIS daily discharge, parameter 00060, statistic 00003"
14138870,2022,reference,primary,2022-08-02,15.014285714285714,33.18714285714286,4.452857142857175,7.0,"USGS NWIS daily discharge, parameter 00060, statistic 00003"
14138870,2023,reference,primary,2023-08-19,15.785714285714286,31.111428571428572,2.0671428571428896,7.0,"USGS NWIS daily discharge, parameter 00060, statistic 00003"
14138870,2024,reference,primary,2024-08-07,14.471428571428572,31.770000000000003,3.211428571428612,7.0,"USGS NWIS daily discharge, parameter 00060, statistic 00003"
14138900,1985,reference,primary,1985-07-12,13.0,30.891428571428573,18.914285714285715,7.0,"USGS NWIS daily discharge, parameter 00060, statistic 00003"
14138900,1987,reference,primary,1987-07-01,13.242857142857144,31.99142857142857,15.771428571428572,7.0,"USGS NWIS daily discharge, parameter 00060, statistic 00003"
14138900,1988,reference,primary,1988-08-29,13.957142857142857,31.212857142857143,12.857142857142858,7.0,"USGS NWIS daily discharge, parameter 00060, statistic 00003"
14138900,1989,reference,primary,1989-08-10,12.014285714285716,27.927142857142858,21.285714285714285,7.0,"USGS NWIS daily discharge, parameter 00060, statistic 00003"
14138900,1990,reference,primary,1990-07-15,13.314285714285715,32.26857142857143,20.571428571428573,7.0,"USGS NWIS daily discharge, parameter 00060, statistic 00003"
14138900,1991,reference,primary,1991-08-21,12.957142857142857,29.87,13.428571428571429,7.0,"USGS NWIS daily discharge, parameter 00060, statistic 00003"
14138900,1992,reference,primary,1992-08-19,13.885714285714286,31.984285714285715,11.142857142857142,7.0,"USGS NWIS daily discharge, parameter 00060, statistic 00003"
14138900,1994,reference,primary,1994-07-25,13.842857142857142,32.44714285714286,13.857142857142858,7.0,"USGS NWIS daily discharge, parameter 00060, statistic 00003"
14138900,1995,reference,primary,1995-07-21,13.328571428571427,29.795714285714286,13.857142857142858,7.0,"USGS NWIS daily discharge, parameter 00060, statistic 00003"
14138900,1996,reference,primary,1996-07-29,13.4,32.527142857142856,13.428571428571429,7.0,"USGS NWIS daily discharge, parameter 00060, statistic 00003"
14138900,1997,reference,primary,1997-08-07,12.714285714285714,29.157142857142855,18.428571428571427,7.0,"USGS NWIS daily discharge, parameter 00060, statistic 00003"
14138900,1998,reference,primary,1998-07-29,14.200000000000001,31.368571428571432,17.571428571428573,7.0,"USGS NWIS daily discharge, parameter 00060, statistic 00003"
14138900,1999,reference,primary,1999-08-02,12.442857142857145,28.997142857142855,18.142857142857142,7.0,"USGS NWIS daily discharge, parameter 00060, statistic 00003"
14138900,2000,reference,primary,2000-08-04,12.62857142857143,28.552857142857142,14.285714285714286,7.0,"USGS NWIS daily discharge, parameter 00060, statistic 00003"
14138900,2001,reference,primary,2001-08-15,13.071428571428571,30.23428571428571,12.714285714285714,7.0,"USGS NWIS daily discharge, parameter 00060, statistic 00003"
14138900,2002,reference,primary,2002-07-16,13.242857142857144,30.514285714285712,24.41428571428571,7.0,"USGS NWIS daily discharge, parameter 00060, statistic 00003"
14138900,2003,reference,primary,2003-07-25,12.385714285714286,31.83857142857143,12.842857142857143,7.0,"USGS NWIS daily discharge, parameter 00060, statistic 00003"
14138900,2004,reference,primary,2004-07-28,13.314285714285715,31.134285714285713,14.47142857142859,7.0,"USGS NWIS daily discharge, parameter 00060, statistic 00003"
14138900,2005,reference,primary,2005-07-31,13.357142857142858,30.201428571428576,13.400000000000002,7.0,"USGS NWIS daily discharge, parameter 00060, statistic 00003"
14138900,2006,reference,primary,2006-07-27,13.92857142857143,33.308571428571426,14.04285714285716,7.0,"USGS NWIS daily discharge, parameter 00060, statistic 00003"
14138900,2008,reference,primary,2008-08-20,13.114285714285716,31.46857142857143,35.14285714285719,7.0,"USGS NWIS daily discharge, parameter 00060, statistic 00003"
14138900,2009,reference,primary,2009-08-02,13.828571428571427,34.24142857142857,13.614285714285748,7.0,"USGS NWIS daily discharge, parameter 00060, statistic 00003"
14138900,2010,reference,primary,2010-08-18,12.557142857142859,30.392857142857142,14.114285714285746,7.0,"USGS NWIS daily discharge, parameter 00060, statistic 00003"
14138900,2011,reference,primary,2011-08-28,12.071428571428571,30.375714285714288,15.35714285714289,7.0,"USGS NWIS daily discharge, parameter 00060, statistic 00003"
14138900,2012,reference,primary,2012-08-17,12.5,31.775714285714287,14.800000000000031,7.0,"USGS NWIS daily discharge, parameter 00060, statistic 00003"
14138900,2013,reference,primary,2013-07-04,13.457142857142857,28.96142857142857,32.02857142857145,7.0,"USGS NWIS daily discharge, parameter 00060, statistic 00003"
14138900,2014,reference,primary,2014-08-04,13.314285714285713,29.377142857142854,16.70000000000005,7.0,"USGS NWIS daily discharge, parameter 00060, statistic 00003"
14138900,2015,reference,primary,2015-07-05,14.22857142857143,32.075714285714284,13.657142857142906,7.0,"USGS NWIS daily discharge, parameter 00060, statistic 00003"
14138900,2016,reference,primary,2016-07-31,13.271428571428572,29.792857142857144,14.85714285714289,7.0,"USGS NWIS daily discharge, parameter 00060, statistic 00003"
14138900,2017,reference,primary,2017-08-05,12.814285714285715,33.35857142857143,14.4714285714286,7.0,"USGS NWIS daily discharge, parameter 00060, statistic 00003"
14138900,2018,reference,primary,2018-08-01,12.928571428571429,32.362857142857145,11.3857142857143,7.0,"USGS NWIS daily discharge, parameter 00060, statistic 00003"
14138900,2019,reference,primary,2019-08-06,12.700000000000001,28.011428571428574,9.998571428571443,7.0,"USGS NWIS daily discharge, parameter 00060, statistic 00003"
14138900,2020,reference,primary,2020-08-01,12.799999999999999,30.43285714285714,14.528571428571428,7.0,"USGS NWIS daily discharge, parameter 00060, statistic 00003"
14138900,2021,reference,primary,2021-06-30,14.299999999999999,33.644285714285715,18.17142857142857,7.0,"USGS NWIS daily discharge, parameter 00060, statistic 00003"
14138900,2022,reference,primary,2022-08-01,13.485714285714286,33.88285714285714,15.81428571428572,7.0,"USGS NWIS daily discharge, parameter 00060, statistic 00003"
14138900,2023,reference,primary,2023-08-18,12.642857142857142,32.887142857142855,10.054285714285713,7.0,"USGS NWIS daily discharge, parameter 00060, statistic 00003"
14138900,2024,reference,primary,2024-07-11,13.1,33.137142857142855,16.728571428571428,7.0,"USGS NWIS daily discharge, parameter 00060, statistic 00003"
14139800,1985,reference,primary,1985-07-23,16.242857142857144,30.437142857142856,20.3,7.0,"USGS NWIS daily discharge, parameter 00060, statistic 00003"
14139800,1986,reference,primary,1986-08-12,16.0,30.315714285714286,15.685714285714285,7.0,"USGS NWIS daily discharge, parameter 00060, statistic 00003"
14139800,1987,reference,primary,1987-07-02,16.042857142857144,31.447142857142858,15.714285714285714,7.0,"USGS NWIS daily discharge, parameter 00060, statistic 00003"
14139800,1988,reference,primary,1988-07-30,15.085714285714285,30.747142857142855,32.57142857142857,7.0,"USGS NWIS daily discharge, parameter 00060, statistic 00003"
14139800,1989,reference,primary,1989-08-11,14.328571428571427,27.52285714285714,17.0,7.0,"USGS NWIS daily discharge, parameter 00060, statistic 00003"
14139800,1990,reference,primary,1990-08-12,15.885714285714286,31.917142857142856,16.714285714285715,7.0,"USGS NWIS daily discharge, parameter 00060, statistic 00003"
14139800,1991,reference,primary,1991-08-22,15.685714285714285,29.580000000000002,14.285714285714286,7.0,"USGS NWIS daily discharge, parameter 00060, statistic 00003"
14139800,1992,reference,primary,1992-06-28,17.514285714285712,31.681428571428572,12.571428571428571,7.0,"USGS NWIS daily discharge, parameter 00060, statistic 00003"
14139800,1993,reference,primary,1993-08-08,14.071428571428571,30.777142857142856,48.714285714285715,7.0,"USGS NWIS daily discharge, parameter 00060, statistic 00003"
14139800,1994,reference,primary,1994-07-26,16.45714285714286,31.98428571428571,19.857142857142858,7.0,"USGS NWIS daily discharge, parameter 00060, statistic 00003"
14139800,1995,reference,primary,1995-07-22,15.742857142857144,29.482857142857142,19.857142857142858,7.0,"USGS NWIS daily discharge, parameter 00060, statistic 00003"
14139800,1996,reference,primary,1996-07-29,16.685714285714287,32.09571428571429,17.857142857142858,7.0,"USGS NWIS daily discharge, parameter 00060, statistic 00003"
14139800,1997,reference,primary,1997-08-09,14.72857142857143,28.761428571428574,21.142857142857142,7.0,"USGS NWIS daily discharge, parameter 00060, statistic 00003"
14139800,1998,reference,primary,1998-07-31,16.485714285714288,31.08857142857143,18.142857142857142,7.0,"USGS NWIS daily discharge, parameter 00060, statistic 00003"
14139800,1999,reference,primary,1999-08-04,14.428571428571429,28.407142857142855,21.285714285714285,7.0,"USGS NWIS daily discharge, parameter 00060, statistic 00003"
14139800,2000,reference,primary,2000-08-05,15.914285714285715,27.708571428571428,13.714285714285714,7.0,"USGS NWIS daily discharge, parameter 00060, statistic 00003"
14139800,2001,reference,primary,2001-08-15,15.485714285714286,29.424285714285713,13.714285714285714,7.0,"USGS NWIS daily discharge, parameter 00060, statistic 00003"
14139800,2002,reference,primary,2002-07-26,15.357142857142858,29.904285714285717,21.285714285714285,7.0,"USGS NWIS daily discharge, parameter 00060, statistic 00003"
14139800,2003,reference,primary,2003-07-25,15.871428571428572,31.181428571428572,13.085714285714252,7.0,"USGS NWIS daily discharge, parameter 00060, statistic 00003"
14139800,2004,reference,primary,2004-07-29,16.32857142857143,30.83857142857143,13.728571428571396,7.0,"USGS NWIS daily discharge, parameter 00060, statistic 00003"
14139800,2005,reference,primary,2005-08-01,15.499999999999998,29.509999999999998,17.27142857142854,7.0,"USGS NWIS daily discharge, parameter 00060, statistic 00003"
14139800,2006,reference,primary,2006-07-27,16.657142857142855,32.54571428571428,14.642857142857101,7.0,"USGS NWIS daily discharge, parameter 00060, statistic 00003"
14139800,2007,reference,primary,2007-07-16,16.442857142857143,29.404285714285717,14.900000000000034,7.0,"USGS NWIS daily discharge, parameter 00060, statistic 00003"
14139800,2008,reference,primary,2008-08-18,14.185714285714285,30.622857142857146,21.400000000000034,7.0,"USGS NWIS daily discharge, parameter 00060, statistic 00003"
14139800,2009,reference,primary,2009-08-03,17.285714285714285,33.65857142857143,14.885714285714302,7.0,"USGS NWIS daily discharge, parameter 00060, statistic 00003"
14139800,2010,reference,primary,2010-08-19,14.900000000000002,29.75714285714286,15.042857142857143,7.0,"USGS NWIS daily discharge, parameter 00060, statistic 00003"
14139800,2011,reference,primary,2011-08-28,14.071428571428571,30.109999999999996,19.157142857142922,7.0,"USGS NWIS daily discharge, parameter 00060, statistic 00003"
14139800,2012,reference,primary,2012-08-18,14.928571428571429,31.325714285714287,16.885714285714354,7.0,"USGS NWIS daily discharge, parameter 00060, statistic 00003"
14139800,2013,reference,primary,2013-07-27,15.0,28.277142857142856,19.48571428571435,7.0,"USGS NWIS daily discharge, parameter 00060, statistic 00003"
14139800,2014,reference,primary,2014-08-06,16.3,29.062857142857144,15.500000000000062,7.0,"USGS NWIS daily discharge, parameter 00060, statistic 00003"
14139800,2015,reference,primary,2015-07-07,18.285714285714285,31.527142857142852,13.642857142857208,7.0,"USGS NWIS daily discharge, parameter 00060, statistic 00003"
14139800,2016,reference,primary,2016-08-20,15.642857142857142,29.291428571428572,11.68571428571435,7.0,"USGS NWIS daily discharge, parameter 00060, statistic 00003"
14139800,2017,reference,primary,2017-08-08,15.642857142857142,33.0,15.300000000000066,7.0,"USGS NWIS daily discharge, parameter 00060, statistic 00003"
14139800,2018,reference,primary,2018-08-01,16.599999999999998,31.814285714285717,11.28571428571435,7.0,"USGS NWIS daily discharge, parameter 00060, statistic 00003"
14139800,2019,reference,primary,2019-08-07,15.799999999999999,27.45,8.687142857142955,7.0,"USGS NWIS daily discharge, parameter 00060, statistic 00003"
14139800,2020,reference,primary,2020-08-02,15.257142857142858,30.014285714285716,16.857142857142954,7.0,"USGS NWIS daily discharge, parameter 00060, statistic 00003"
14139800,2021,reference,primary,2021-07-01,17.342857142857145,33.105714285714285,21.457142857142923,7.0,"USGS NWIS daily discharge, parameter 00060, statistic 00003"
14139800,2022,reference,primary,2022-08-02,16.47142857142857,33.79714285714285,17.228571428571477,7.0,"USGS NWIS daily discharge, parameter 00060, statistic 00003"
14139800,2023,reference,primary,2023-08-19,16.17142857142857,32.254285714285714,7.738571428571494,7.0,"USGS NWIS daily discharge, parameter 00060, statistic 00003"
14139800,2024,reference,primary,2024-07-14,17.5,32.667142857142856,18.828571428571497,7.0,"USGS NWIS daily discharge, parameter 00060, statistic 00003"
14141500,2007,reference,primary,2007-07-15,20.071428571428573,30.155714285714286,19.89999999999997,7.0,"USGS NWIS daily discharge, parameter 00060, statistic 00003"
14141500,2008,reference,primary,2008-08-18,18.02857142857143,31.43,20.514285714285666,7.0,"USGS NWIS daily discharge, parameter 00060, statistic 00003"
14141500,2010,reference,primary,2010-07-29,18.7,30.58857142857143,22.81428571428565,7.0,"USGS NWIS daily discharge, parameter 00060, statistic 00003"
14141500,2011,reference,primary,2011-08-28,17.342857142857145,30.62714285714286,19.04285714285708,7.0,"USGS NWIS daily discharge, parameter 00060, statistic 00003"
14141500,2012,reference,primary,2012-08-18,18.571428571428573,31.937142857142856,19.185714285714255,7.0,"USGS NWIS daily discharge, parameter 00060, statistic 00003"
14141500,2013,reference,primary,2013-07-27,19.071428571428573,28.837142857142855,19.671428571428542,7.0,"USGS NWIS daily discharge, parameter 00060, statistic 00003"
14141500,2014,reference,primary,2014-08-04,19.642857142857142,29.490000000000002,19.214285714285698,7.0,"USGS NWIS daily discharge, parameter 00060, statistic 00003"
14141500,2015,reference,primary,2015-07-06,22.157142857142862,32.19571428571429,15.885714285714261,7.0,"USGS NWIS daily discharge, parameter 00060, statistic 00003"
14141500,2016,reference,primary,2016-07-30,18.67142857142857,30.118571428571432,21.271428571428537,7.0,"USGS NWIS daily discharge, parameter 00060, statistic 00003"
14141500,2017,reference,primary,2017-08-08,19.642857142857142,33.73428571428571,14.728571428571396,7.0,"USGS NWIS daily discharge, parameter 00060, statistic 00003"
14141500,2018,reference,primary,2018-07-18,20.5,32.651428571428575,15.157142857142825,7.0,"USGS NWIS daily discharge, parameter 00060, statistic 00003"
14141500,2019,reference,primary,2019-08-06,18.514285714285712,28.398571428571426,12.085714285714252,7.0,"USGS NWIS daily discharge, parameter 00060, statistic 00003"
14141500,2020,reference,primary,2020-08-03,18.628571428571426,30.794285714285714,21.499999999999968,7.0,"USGS NWIS daily discharge, parameter 00060, statistic 00003"
14141500,2021,reference,primary,2021-06-30,21.08571428571429,33.940000000000005,25.799999999999965,7.0,"USGS NWIS daily discharge, parameter 00060, statistic 00003"
14141500,2022,reference,primary,2022-08-01,20.514285714285712,34.362857142857145,21.7285714285714,7.0,"USGS NWIS daily discharge, parameter 00060, statistic 00003"
14141500,2023,reference,primary,2023-07-21,19.657142857142855,33.174285714285716,15.357142857142824,7.0,"USGS NWIS daily discharge, parameter 00060, statistic 00003"
14141500,2024,reference,primary,2024-07-14,20.071428571428573,33.41428571428571,22.47142857142857,7.0,"USGS NWIS daily discharge, parameter 00060, statistic 00003"
14144800,1985,reference,primary,1985-07-26,18.37142857142857,33.730000000000004,315.0,7.0,"USGS NWIS daily discharge, parameter 00060, statistic 00003"
14145500,1987,upstream,primary,1987-10-13,15.257142857142856,33.80714285714286,1568.5714285714287,7.0,"USGS NWIS daily discharge, parameter 00060, statistic 00003"
14145500,1988,upstream,primary,1988-10-22,15.914285714285715,34.59428571428571,1688.5714285714287,7.0,"USGS NWIS daily discharge, parameter 00060, statistic 00003"
14145500,1991,upstream,primary,1991-10-16,15.62857142857143,31.5,1597.142857142857,7.0,"USGS NWIS daily discharge, parameter 00060, statistic 00003"
14145500,1992,upstream,primary,1992-09-08,17.857142857142858,34.29857142857143,1104.2857142857142,7.0,"USGS NWIS daily discharge, parameter 00060, statistic 00003"
14145500,1993,upstream,primary,1993-10-23,15.271428571428572,32.010000000000005,1680.0,7.0,"USGS NWIS daily discharge, parameter 00060, statistic 00003"
14145500,1994,upstream,primary,1994-10-07,16.414285714285715,33.51428571428571,1684.2857142857142,7.0,"USGS NWIS daily discharge, parameter 00060, statistic 00003"
14145500,1996,upstream,primary,1996-10-18,14.957142857142857,35.13428571428572,1380.0,7.0,"USGS NWIS daily discharge, parameter 00060, statistic 00003"
14145500,2009,upstream,primary,2009-10-11,14.900000000000002,35.40571428571429,1707.142857142857,7.0,"USGS NWIS daily discharge, parameter 00060, statistic 00003"
14145500,2010,upstream,primary,2010-09-03,16.842857142857145,32.52571428571429,1644.2857142857142,7.0,"USGS NWIS daily discharge, parameter 00060, statistic 00003"
14145500,2011,upstream,primary,2011-10-14,15.357142857142858,32.04714285714285,1551.4285714285713,7.0,"USGS NWIS daily discharge, parameter 00060, statistic 00003"
14145500,2012,upstream,primary,2012-10-06,16.87142857142857,32.98285714285714,1575.7142857142858,7.0,"USGS NWIS daily discharge, parameter 00060, statistic 00003"
14145500,2013,upstream,primary,2013-09-30,17.4,32.02142857142857,1544.2857142857142,7.0,"USGS NWIS daily discharge, parameter 00060, statistic 00003"
14145500,2014,upstream,primary,2014-08-22,16.0,31.488571428571426,1441.4285714285713,7.0,"USGS NWIS daily discharge, parameter 00060, statistic 00003"
14145500,2015,upstream,primary,2015-09-02,18.114285714285714,33.605714285714285,1300.0,7.0,"USGS NWIS daily discharge, parameter 00060, statistic 00003"
14145500,2016,upstream,primary,2016-09-29,17.67142857142857,33.82142857142858,719.2857142857143,7.0,"USGS NWIS daily discharge, parameter 00060, statistic 00003"
14145500,2017,upstream,primary,2017-09-28,16.357142857142858,35.11571428571428,528.1428571428571,7.0,"USGS NWIS daily discharge, parameter 00060, statistic 00003"
14145500,2018,upstream,primary,2018-10-03,17.1,33.98285714285714,1138.5714285714287,7.0,"USGS NWIS daily discharge, parameter 00060, statistic 00003"
14145500,2019,upstream,primary,2019-09-07,17.87142857142857,30.990000000000002,1972.857142857143,7.0,"USGS NWIS daily discharge, parameter 00060, statistic 00003"
14145500,2020,upstream,primary,2020-09-28,15.185714285714285,32.56428571428571,1262.857142857143,7.0,"USGS NWIS daily discharge, parameter 00060, statistic 00003"
14145500,2021,upstream,primary,2021-09-26,16.985714285714288,35.41142857142857,427.85714285714283,7.0,"USGS NWIS daily discharge, parameter 00060, statistic 00003"
14145500,2022,upstream,primary,2022-10-12,15.9,36.09285714285714,791.7142857142857,7.0,"USGS NWIS daily discharge, parameter 00060, statistic 00003"
14145500,2023,upstream,primary,2023-09-04,17.285714285714285,34.46714285714285,1191.4285714285713,7.0,"USGS NWIS daily discharge, parameter 00060, statistic 00003"
14145500,2024,upstream,primary,2024-09-23,15.2,36.534285714285716,1357.142857142857,7.0,"USGS NWIS daily discharge, parameter 00060, statistic 00003"
14150800,2009,reference,primary,2009-08-02,24.400000000000002,35.19714285714286,6.192857142857143,7.0,"USGS NWIS daily discharge, parameter 00060, statistic 00003"
14150800,2010,reference,primary,2010-07-30,20.52857142857143,31.784285714285712,10.265714285714301,7.0,"USGS NWIS daily discharge, parameter 00060, statistic 00003"
14150800,2011,reference,primary,2011-08-28,19.5,30.94,9.125714285714285,7.0,"USGS NWIS daily discharge, parameter 00060, statistic 00003"
14150800,2012,reference,primary,2012-08-18,20.699999999999996,32.565714285714286,10.607142857142858,7.0,"USGS NWIS daily discharge, parameter 00060, statistic 00003"
14150800,2013,reference,primary,2013-07-27,21.17142857142857,32.08,7.79,7.0,"USGS NWIS daily discharge, parameter 00060, statistic 00003"
14150800,2014,reference,primary,2014-08-04,21.657142857142855,31.601428571428567,8.538571428571428,7.0,"USGS NWIS daily discharge, parameter 00060, statistic 00003"
14150800,2015,reference,primary,2015-07-05,22.52857142857143,33.455714285714286,9.285714285714286,7.0,"USGS NWIS daily discharge, parameter 00060, statistic 00003"
14150800,2016,reference,primary,2016-08-20,20.62857142857143,33.17285714285714,4.884285714285714,7.0,"USGS NWIS daily discharge, parameter 00060, statistic 00003"
14150800,2017,reference,primary,2017-08-08,21.928571428571427,34.84571428571429,5.411428571428571,7.0,"USGS NWIS daily discharge, parameter 00060, statistic 00003"
14150800,2018,reference,primary,2018-07-31,21.742857142857144,33.37428571428571,4.491428571428572,7.0,"USGS NWIS daily discharge, parameter 00060, statistic 00003"
14150800,2019,reference,primary,2019-08-07,22.142857142857142,30.53857142857143,2.9528571428571433,7.0,"USGS NWIS daily discharge, parameter 00060, statistic 00003"
14150800,2020,reference,primary,2020-08-03,21.62857142857143,32.24142857142857,8.637142857142857,7.0,"USGS NWIS daily discharge, parameter 00060, statistic 00003"
14150800,2021,reference,primary,2021-06-30,23.685714285714283,34.88428571428572,10.265714285714285,7.0,"USGS NWIS daily discharge, parameter 00060, statistic 00003"
14150800,2022,reference,primary,2022-08-03,23.785714285714285,35.40857142857143,10.744285714285729,7.0,"USGS NWIS daily discharge, parameter 00060, statistic 00003"
14150800,2023,reference,primary,2023-07-19,22.485714285714288,34.02428571428571,5.105714285714301,7.0,"USGS NWIS daily discharge, parameter 00060, statistic 00003"
14150800,2024,reference,primary,2024-07-14,23.157142857142855,36.13285714285714,9.291428571428636,7.0,"USGS NWIS daily discharge, parameter 00060, statistic 00003"
14152000,2007,tailwater,primary,2007-09-11,19.657142857142855,31.274285714285718,2308.5714285714284,7.0,"USGS NWIS daily discharge, parameter 00060, statistic 00003"
14152000,2008,tailwater,primary,2008-07-18,17.428571428571427,32.885714285714286,1650.0,7.0,"USGS NWIS daily discharge, parameter 00060, statistic 00003"
14152000,2009,tailwater,primary,2009-09-14,18.242857142857144,35.752857142857145,4084.285714285714,7.0,"USGS NWIS daily discharge, parameter 00060, statistic 00003"
14152000,2010,tailwater,primary,2010-08-25,20.314285714285713,32.18714285714286,2030.0,7.0,"USGS NWIS daily discharge, parameter 00060, statistic 00003"
14152000,2011,tailwater,primary,2011-07-24,18.114285714285717,31.381428571428575,2745.714285714286,7.0,"USGS NWIS daily discharge, parameter 00060, statistic 00003"
14152000,2012,tailwater,primary,2012-08-17,18.842857142857145,32.87428571428571,2261.4285714285716,7.0,"USGS NWIS daily discharge, parameter 00060, statistic 00003"
14152000,2013,tailwater,primary,2013-07-15,19.542857142857144,32.58714285714286,2114.285714285714,7.0,"USGS NWIS daily discharge, parameter 00060, statistic 00003"
14152000,2014,tailwater,primary,2014-07-19,19.885714285714283,32.33857142857143,2132.8571428571427,7.0,"USGS NWIS daily discharge, parameter 00060, statistic 00003"
14152000,2015,tailwater,primary,2015-07-24,22.314285714285713,34.17428571428571,1685.7142857142858,7.0,"USGS NWIS daily discharge, parameter 00060, statistic 00003"
14152000,2016,tailwater,primary,2016-08-25,22.314285714285713,33.621428571428574,1821.4285714285713,7.0,"USGS NWIS daily discharge, parameter 00060, statistic 00003"
14152000,2017,tailwater,primary,2017-09-15,19.814285714285713,35.28857142857142,2305.714285714286,7.0,"USGS NWIS daily discharge, parameter 00060, statistic 00003"
14152000,2018,tailwater,primary,2018-09-09,21.099999999999998,34.142857142857146,2124.285714285714,7.0,"USGS NWIS daily discharge, parameter 00060, statistic 00003"
14152000,2019,tailwater,primary,2019-08-18,20.028571428571432,30.845714285714287,3294.285714285714,7.0,"USGS NWIS daily discharge, parameter 00060, statistic 00003"
14152000,2020,tailwater,primary,2020-07-29,21.82857142857143,32.9,2618.5714285714284,7.0,"USGS NWIS daily discharge, parameter 00060, statistic 00003"
14152000,2021,tailwater,primary,2021-08-31,20.728571428571428,34.924285714285716,1854.2857142857142,7.0,"USGS NWIS daily discharge, parameter 00060, statistic 00003"
14152000,2022,tailwater,primary,2022-07-23,18.814285714285713,35.40857142857143,2027.142857142857,7.0,"USGS NWIS daily discharge, parameter 00060, statistic 00003"
14152000,2023,tailwater,primary,2023-09-15,21.62857142857143,34.87571428571429,1948.5714285714287,7.0,"USGS NWIS daily discharge, parameter 00060, statistic 00003"
14152500,1985,reference,primary,1985-07-24,22.557142857142853,32.17714285714286,16.857142857142858,7.0,"USGS NWIS daily discharge, parameter 00060, statistic 00003"
14152500,1986,reference,primary,1986-08-13,21.885714285714283,32.67857142857143,13.528571428571428,7.0,"USGS NWIS daily discharge, parameter 00060, statistic 00003"
14152500,2020,reference,primary,2020-08-03,23.385714285714283,33.269999999999996,16.48571428571435,7.0,"USGS NWIS daily discharge, parameter 00060, statistic 00003"
14152500,2021,reference,primary,2021-06-29,25.314285714285713,34.53857142857143,15.628571428571494,7.0,"USGS NWIS daily discharge, parameter 00060, statistic 00003"
14152500,2022,reference,primary,2022-08-03,23.17142857142857,35.30285714285715,26.35714285714292,7.0,"USGS NWIS daily discharge, parameter 00060, statistic 00003"
14152500,2023,reference,primary,2023-08-18,25.1,35.544285714285714,7.102857142857208,7.0,"USGS NWIS daily discharge, parameter 00060, statistic 00003"
14152500,2024,reference,primary,2024-07-14,24.085714285714285,37.18285714285714,17.11428571428578,7.0,"USGS NWIS daily discharge, parameter 00060, statistic 00003"
14154500,2010,upstream,primary,2010-08-18,22.957142857142856,31.551428571428573,36.628571428571426,7.0,"USGS NWIS daily discharge, parameter 00060, statistic 00003"
14154500,2011,upstream,primary,2011-08-29,22.485714285714284,31.215714285714284,37.38571428571429,7.0,"USGS NWIS daily discharge, parameter 00060, statistic 00003"
14154500,2016,upstream,primary,2016-08-19,23.785714285714285,33.02285714285714,24.900000000000002,7.0,"USGS NWIS daily discharge, parameter 00060, statistic 00003"
14154500,2017,upstream,primary,2017-08-09,25.12857142857143,34.77571428571429,26.88571428571429,7.0,"USGS NWIS daily discharge, parameter 00060, statistic 00003"
14154500,2018,upstream,primary,2018-07-31,25.057142857142857,33.62714285714286,22.09999999999999,7.0,"USGS NWIS daily discharge, parameter 00060, statistic 00003"
14154500,2019,upstream,primary,2019-08-07,25.028571428571432,30.608571428571427,18.285714285714285,7.0,"USGS NWIS daily discharge, parameter 00060, statistic 00003"
14154500,2020,upstream,primary,2020-08-03,24.185714285714283,32.42285714285715,37.57142857142857,7.0,"USGS NWIS daily discharge, parameter 00060, statistic 00003"
14154500,2021,upstream,primary,2021-06-30,26.45714285714286,34.004285714285714,39.42857142857143,7.0,"USGS NWIS daily discharge, parameter 00060, statistic 00003"
14154500,2022,upstream,primary,2022-08-03,25.3,34.972857142857144,51.142857142857146,7.0,"USGS NWIS daily discharge, parameter 00060, statistic 00003"
14154500,2023,upstream,primary,2023-07-21,25.557142857142857,34.565714285714286,25.45714285714286,7.0,"USGS NWIS daily discharge, parameter 00060, statistic 00003"
14154500,2024,upstream,primary,2024-07-14,25.542857142857144,36.33,42.70000000000014,7.0,"USGS NWIS daily discharge, parameter 00060, statistic 00003"
14158500,2018,reference,primary,2018-08-14,11.37142857142857,31.06142857142857,238.57142857142858,7.0,"USGS NWIS daily discharge, parameter 00060, statistic 00003"
14158500,2019,reference,primary,2019-08-05,12.228571428571428,28.322857142857146,228.0,7.0,"USGS NWIS daily discharge, parameter 00060, statistic 00003"
14158500,2020,reference,primary,2020-08-04,12.328571428571427,30.09,216.71428571428572,7.0,"USGS NWIS daily discharge, parameter 00060, statistic 00003"
14158500,2021,reference,primary,2021-07-16,12.428571428571429,32.902857142857144,224.71428571428572,7.0,"USGS NWIS daily discharge, parameter 00060, statistic 00003"
14158500,2022,reference,primary,2022-08-02,11.614285714285716,35.44857142857143,348.42857142857144,7.0,"USGS NWIS daily discharge, parameter 00060, statistic 00003"
14158500,2023,reference,primary,2023-07-18,11.828571428571427,30.83142857142857,290.0,7.0,"USGS NWIS daily discharge, parameter 00060, statistic 00003"
14158500,2024,reference,primary,2024-07-11,11.957142857142857,33.66428571428572,360.7142857142857,7.0,"USGS NWIS daily discharge, parameter 00060, statistic 00003"
14158790,2018,upstream,primary,2018-08-01,18.514285714285712,31.66857142857143,4.817142857142857,7.0,"USGS NWIS daily discharge, parameter 00060, statistic 00003"
14158790,2019,upstream,primary,2019-08-09,18.357142857142858,28.99285714285714,3.861428571428571,7.0,"USGS NWIS daily discharge, parameter 00060, statistic 00003"
14158790,2020,upstream,primary,2020-08-03,17.457142857142856,30.625714285714285,6.792857142857143,7.0,"USGS NWIS daily discharge, parameter 00060, statistic 00003"
14158790,2021,upstream,primary,2021-08-16,19.17142857142857,33.75571428571429,3.5542857142857303,7.0,"USGS NWIS daily discharge, parameter 00060, statistic 00003"
14158790,2022,upstream,primary,2022-08-03,18.785714285714285,36.11,7.695714285714319,7.0,"USGS NWIS daily discharge, parameter 00060, statistic 00003"
14158790,2023,upstream,primary,2023-08-18,17.62857142857143,31.548571428571428,4.245714285714318,7.0,"USGS NWIS daily discharge, parameter 00060, statistic 00003"
14158790,2024,upstream,primary,2024-08-07,18.15714285714286,34.41285714285714,4.784285714285747,7.0,"USGS NWIS daily discharge, parameter 00060, statistic 00003"
14158798,2018,upstream,primary,2018-08-03,17.95714285714286,33.10285714285715,171.93285714285713,7.0,"USGS NWIS daily discharge, parameter 00060, statistic 00003"
14158798,2019,upstream,primary,2019-06-25,16.142857142857142,30.557142857142857,71.72857142857143,7.0,"USGS NWIS daily discharge, parameter 00060, statistic 00003"
14158798,2020,upstream,primary,2020-08-03,15.471428571428572,32.005714285714284,9.215714285714286,7.0,"USGS NWIS daily discharge, parameter 00060, statistic 00003"
14158798,2021,upstream,primary,2021-07-02,16.585714285714285,35.489999999999995,7.851428571428571,7.0,"USGS NWIS daily discharge, parameter 00060, statistic 00003"
14158798,2022,upstream,primary,2022-08-03,15.37142857142857,37.607142857142854,16.172857142857108,7.0,"USGS NWIS daily discharge, parameter 00060, statistic 00003"
14158798,2023,upstream,primary,2023-07-21,14.799999999999999,32.895714285714284,9.751428571428521,7.0,"USGS NWIS daily discharge, parameter 00060, statistic 00003"
14158798,2024,upstream,primary,2024-07-14,15.557142857142859,35.94714285714286,8.262857142857111,7.0,"USGS NWIS daily discharge, parameter 00060, statistic 00003"
14159200,2001,upstream,primary,2001-07-09,14.528571428571428,32.44428571428572,235.42857142857142,7.0,"USGS NWIS daily discharge, parameter 00060, statistic 00003"
14159200,2002,upstream,primary,2002-07-15,14.642857142857142,33.910000000000004,262.85714285714283,7.0,"USGS NWIS daily discharge, parameter 00060, statistic 00003"
14159200,2003,upstream,primary,2003-07-23,15.057142857142859,34.54142857142857,201.42857142857142,7.0,"USGS NWIS daily discharge, parameter 00060, statistic 00003"
14159200,2004,upstream,primary,2004-07-28,14.442857142857141,33.72428571428571,235.0,7.0,"USGS NWIS daily discharge, parameter 00060, statistic 00003"
14159200,2005,upstream,primary,2005-07-20,14.257142857142856,32.15571428571429,256.85714285714283,7.0,"USGS NWIS daily discharge, parameter 00060, statistic 00003"
14159200,2006,upstream,primary,2006-07-29,14.642857142857142,35.24285714285715,249.85714285714286,7.0,"USGS NWIS daily discharge, parameter 00060, statistic 00003"
14159200,2007,upstream,primary,2007-07-10,14.385714285714286,30.854285714285712,252.85714285714286,7.0,"USGS NWIS daily discharge, parameter 00060, statistic 00003"
14159200,2008,upstream,primary,2008-07-15,13.257142857142856,33.53142857142857,464.57142857142856,7.0,"USGS NWIS daily discharge, parameter 00060, statistic 00003"
14159200,2009,upstream,primary,2009-07-31,14.700000000000001,35.20428571428572,240.42857142857142,7.0,"USGS NWIS daily discharge, parameter 00060, statistic 00003"
14159200,2010,upstream,primary,2010-07-29,14.342857142857142,32.43857142857143,262.14285714285717,7.0,"USGS NWIS daily discharge, parameter 00060, statistic 00003"
14159200,2011,upstream,primary,2011-08-04,13.599999999999998,31.775714285714287,319.14285714285717,7.0,"USGS NWIS daily discharge, parameter 00060, statistic 00003"
14159200,2012,upstream,primary,2012-07-13,13.9,33.574285714285715,378.42857142857144,7.0,"USGS NWIS daily discharge, parameter 00060, statistic 00003"
14159200,2013,upstream,primary,2013-07-04,14.271428571428572,32.06285714285714,317.85714285714283,7.0,"USGS NWIS daily discharge, parameter 00060, statistic 00003"
14159200,2014,upstream,primary,2014-07-20,14.385714285714286,31.857142857142858,271.0,7.0,"USGS NWIS daily discharge, parameter 00060, statistic 00003"
14159200,2015,upstream,primary,2015-07-05,14.928571428571429,33.61,218.14285714285714,7.0,"USGS NWIS daily discharge, parameter 00060, statistic 00003"
14159200,2016,upstream,primary,2016-07-30,13.828571428571431,33.019999999999996,233.14285714285714,7.0,"USGS NWIS daily discharge, parameter 00060, statistic 00003"
14159200,2017,upstream,primary,2017-07-08,13.757142857142856,35.26571428571429,320.57142857142856,7.0,"USGS NWIS daily discharge, parameter 00060, statistic 00003"
14159200,2018,upstream,primary,2018-07-19,14.200000000000001,32.410000000000004,218.85714285714286,7.0,"USGS NWIS daily discharge, parameter 00060, statistic 00003"
14159200,2019,upstream,primary,2019-08-07,14.314285714285715,31.462857142857143,206.85714285714286,7.0,"USGS NWIS daily discharge, parameter 00060, statistic 00003"
14159200,2020,upstream,primary,2020-08-03,14.542857142857143,32.05285714285714,213.14285714285714,7.0,"USGS NWIS daily discharge, parameter 00060, statistic 00003"
14159200,2021,upstream,primary,2021-07-02,15.771428571428572,36.02428571428571,249.0,7.0,"USGS NWIS daily discharge, parameter 00060, statistic 00003"
14159200,2022,upstream,primary,2022-08-02,14.828571428571427,37.135714285714286,271.85714285714283,7.0,"USGS NWIS daily discharge, parameter 00060, statistic 00003"
14159200,2023,upstream,primary,2023-07-21,14.642857142857142,33.12285714285714,229.14285714285714,7.0,"USGS NWIS daily discharge, parameter 00060, statistic 00003"
14159200,2024,upstream,primary,2024-07-14,15.028571428571427,36.15428571428571,251.71428571428572,7.0,"USGS NWIS daily discharge, parameter 00060, statistic 00003"
14161500,2013,reference,primary,2013-07-26,18.928571428571427,33.31,15.828571428571431,7.0,"USGS NWIS daily discharge, parameter 00060, statistic 00003"
14161500,2014,reference,primary,2014-08-05,19.357142857142858,33.07142857142857,14.671428571428553,7.0,"USGS NWIS daily discharge, parameter 00060, statistic 00003"
14161500,2015,reference,primary,2015-07-08,20.928571428571427,34.958571428571425,11.885714285714286,7.0,"USGS NWIS daily discharge, parameter 00060, statistic 00003"
14161500,2016,reference,primary,2016-07-31,18.928571428571427,34.23714285714286,12.885714285714284,7.0,"USGS NWIS daily discharge, parameter 00060, statistic 00003"
14161500,2017,reference,primary,2017-08-04,18.728571428571428,36.645714285714284,14.271428571428572,7.0,"USGS NWIS daily discharge, parameter 00060, statistic 00003"
14161500,2018,reference,primary,2018-08-01,19.457142857142856,33.54857142857143,10.77142857142857,7.0,"USGS NWIS daily discharge, parameter 00060, statistic 00003"
14161500,2019,reference,primary,2019-08-09,19.385714285714283,32.565714285714286,9.132857142857143,7.0,"USGS NWIS daily discharge, parameter 00060, statistic 00003"
14161500,2020,reference,primary,2020-08-03,18.428571428571427,33.15,16.2,7.0,"USGS NWIS daily discharge, parameter 00060, statistic 00003"
14161500,2021,reference,primary,2021-08-16,20.02857142857143,37.30571428571428,8.634285714285713,7.0,"USGS NWIS daily discharge, parameter 00060, statistic 00003"
14161500,2022,reference,primary,2022-08-03,19.02857142857143,38.308571428571426,21.285714285714285,7.0,"USGS NWIS daily discharge, parameter 00060, statistic 00003"
14161500,2023,reference,primary,2023-07-23,18.785714285714285,34.21857142857143,13.442857142857141,7.0,"USGS NWIS daily discharge, parameter 00060, statistic 00003"
14161500,2024,reference,primary,2024-07-15,19.27142857142857,37.18571428571429,23.385714285714283,7.0,"USGS NWIS daily discharge, parameter 00060, statistic 00003"
14164700,2018,tailwater,primary,2018-07-18,24.285714285714285,34.28857142857142,1.1714285714285388,7.0,"USGS NWIS daily discharge, parameter 00060, statistic 00003"
14164700,2019,tailwater,primary,2019-08-06,23.314285714285713,30.964285714285715,2.2828571428571065,7.0,"USGS NWIS daily discharge, parameter 00060, statistic 00003"
14164700,2020,tailwater,primary,2020-07-26,22.285714285714285,33.02428571428572,3.695714285714245,7.0,"USGS NWIS daily discharge, parameter 00060, statistic 00003"
14164700,2021,tailwater,primary,2021-07-15,23.95714285714286,35.15,2.3814285714285304,7.0,"USGS NWIS daily discharge, parameter 00060, statistic 00003"
14164700,2022,tailwater,primary,2022-08-03,22.828571428571426,35.63428571428572,3.6614285714285306,7.0,"USGS NWIS daily discharge, parameter 00060, statistic 00003"
14164700,2023,tailwater,primary,2023-07-19,24.557142857142853,35.042857142857144,1.425714285714245,7.0,"USGS NWIS daily discharge, parameter 00060, statistic 00003"
14164700,2024,tailwater,primary,2024-07-18,24.5,36.98142857142857,1.3999999999999513,7.0,"USGS NWIS daily discharge, parameter 00060, statistic 00003"
14179000,1999,upstream,primary,1999-08-04,14.1,30.13,366.7142857142857,7.0,"USGS NWIS daily discharge, parameter 00060, statistic 00003"
14179000,2000,upstream,primary,2000-08-04,15.1,30.635714285714283,191.14285714285714,7.0,"USGS NWIS daily discharge, parameter 00060, statistic 00003"
14179000,2001,upstream,primary,2001-08-16,16.428571428571427,31.47142857142857,113.85714285714286,7.0,"USGS NWIS daily discharge, parameter 00060, statistic 00003"
14179000,2002,upstream,primary,2002-07-26,15.342857142857143,32.31428571428571,234.0,7.0,"USGS NWIS daily discharge, parameter 00060, statistic 00003"
14179000,2003,upstream,primary,2003-07-25,16.142857142857142,33.701428571428565,158.71428571428572,7.0,"USGS NWIS daily discharge, parameter 00060, statistic 00003"
14179000,2004,upstream,primary,2004-08-16,16.071428571428573,33.19,125.85714285714286,7.0,"USGS NWIS daily discharge, parameter 00060, statistic 00003"
14179000,2005,upstream,primary,2005-08-01,15.72857142857143,31.704285714285714,139.71428571428572,7.0,"USGS NWIS daily discharge, parameter 00060, statistic 00003"
14179000,2006,upstream,primary,2006-07-27,15.97142857142857,34.26428571428571,181.57142857142858,7.0,"USGS NWIS daily discharge, parameter 00060, statistic 00003"
14179000,2007,upstream,primary,2007-07-15,15.8,30.641428571428573,170.0,7.0,"USGS NWIS daily discharge, parameter 00060, statistic 00003"
14179000,2008,upstream,primary,2008-08-18,14.085714285714287,32.471428571428575,211.57142857142858,7.0,"USGS NWIS daily discharge, parameter 00060, statistic 00003"
14179000,2009,upstream,primary,2009-08-03,15.828571428571431,35.01571428571428,171.28571428571428,7.0,"USGS NWIS daily discharge, parameter 00060, statistic 00003"
14179000,2010,upstream,primary,2010-07-30,14.685714285714287,31.04285714285714,241.71428571428572,7.0,"USGS NWIS daily discharge, parameter 00060, statistic 00003"
14179000,2011,upstream,primary,2011-08-28,13.642857142857142,31.50857142857143,180.14285714285714,7.0,"USGS NWIS daily discharge, parameter 00060, statistic 00003"
14179000,2012,upstream,primary,2012-08-10,13.942857142857145,32.67142857142857,252.57142857142858,7.0,"USGS NWIS daily discharge, parameter 00060, statistic 00003"
14179000,2013,upstream,primary,2013-07-23,14.857142857142858,31.28857142857143,173.71428571428572,7.0,"USGS NWIS daily discharge, parameter 00060, statistic 00003"
14179000,2014,upstream,primary,2014-08-03,15.22857142857143,31.632857142857144,182.28571428571428,7.0,"USGS NWIS daily discharge, parameter 00060, statistic 00003"
14179000,2015,upstream,primary,2015-07-08,17.47142857142857,33.33428571428571,117.0,7.0,"USGS NWIS daily discharge, parameter 00060, statistic 00003"
14179000,2016,upstream,primary,2016-07-30,15.857142857142858,31.58285714285714,137.85714285714286,7.0,"USGS NWIS daily discharge, parameter 00060, statistic 00003"
14179000,2018,upstream,primary,2018-07-31,15.771428571428572,32.824285714285715,118.0,7.0,"USGS NWIS daily discharge, parameter 00060, statistic 00003"
14179000,2019,upstream,primary,2019-08-09,15.842857142857143,28.87142857142857,118.42857142857143,7.0,"USGS NWIS daily discharge, parameter 00060, statistic 00003"
14179000,2020,upstream,primary,2020-08-03,15.414285714285715,32.010000000000005,134.42857142857142,7.0,"USGS NWIS daily discharge, parameter 00060, statistic 00003"
14179000,2021,upstream,primary,2021-07-02,17.75714285714286,34.607142857142854,205.14285714285714,7.0,"USGS NWIS daily discharge, parameter 00060, statistic 00003"
14179000,2022,upstream,primary,2022-08-02,17.1,35.824285714285715,205.28571428571428,7.0,"USGS NWIS daily discharge, parameter 00060, statistic 00003"
14179000,2024,upstream,primary,2024-08-06,17.057142857142857,34.65714285714286,149.28571428571428,7.0,"USGS NWIS daily discharge, parameter 00060, statistic 00003"
14180300,1999,reference,primary,1999-08-28,19.17142857142857,30.28857142857143,7.371428571428572,7.0,"USGS NWIS daily discharge, parameter 00060, statistic 00003"
14180300,2000,reference,primary,2000-08-04,19.900000000000002,30.907142857142862,9.642857142857142,7.0,"USGS NWIS daily discharge, parameter 00060, statistic 00003"
14180300,2001,reference,primary,2001-08-15,20.5,31.762857142857143,5.685714285714285,7.0,"USGS NWIS daily discharge, parameter 00060, statistic 00003"
14180300,2002,reference,primary,2002-07-26,20.314285714285713,32.43714285714285,10.942857142857141,7.0,"USGS NWIS daily discharge, parameter 00060, statistic 00003"
14180300,2003,reference,primary,2003-07-31,21.25714285714286,33.792857142857144,3.942857142857143,7.0,"USGS NWIS daily discharge, parameter 00060, statistic 00003"
14180300,2004,reference,primary,2004-08-18,21.099999999999998,33.339999999999996,7.21,7.0,"USGS NWIS daily discharge, parameter 00060, statistic 00003"
14180300,2005,reference,primary,2005-08-09,19.542857142857144,31.888571428571428,7.857142857142857,7.0,"USGS NWIS daily discharge, parameter 00060, statistic 00003"
14180300,2006,reference,primary,2006-07-27,20.814285714285713,34.49285714285714,9.558571428571428,7.0,"USGS NWIS daily discharge, parameter 00060, statistic 00003"
14180300,2007,reference,primary,2007-07-15,20.385714285714283,30.701428571428572,6.902857142857143,7.0,"USGS NWIS daily discharge, parameter 00060, statistic 00003"
14180300,2008,reference,primary,2008-08-18,18.62857142857143,32.287142857142854,8.191428571428538,7.0,"USGS NWIS daily discharge, parameter 00060, statistic 00003"
14180300,2009,reference,primary,2009-08-03,21.942857142857143,34.90857142857143,6.337142857142824,7.0,"USGS NWIS daily discharge, parameter 00060, statistic 00003"
14180300,2010,reference,primary,2010-08-18,18.685714285714283,30.91142857142857,8.585714285714253,7.0,"USGS NWIS daily discharge, parameter 00060, statistic 00003"
14180300,2011,reference,primary,2011-08-27,18.04285714285714,31.381428571428568,8.29285714285711,7.0,"USGS NWIS daily discharge, parameter 00060, statistic 00003"
14180300,2012,reference,primary,2012-08-19,18.75714285714286,32.82857142857143,10.499999999999934,7.0,"USGS NWIS daily discharge, parameter 00060, statistic 00003"
14180300,2013,reference,primary,2013-07-26,19.642857142857142,31.602857142857147,10.348571428571363,7.0,"USGS NWIS daily discharge, parameter 00060, statistic 00003"
14180300,2014,reference,primary,2014-08-04,20.285714285714285,31.66142857142857,8.615714285714189,7.0,"USGS NWIS daily discharge, parameter 00060, statistic 00003"
14180300,2015,reference,primary,2015-07-06,20.97142857142857,33.33,7.3371428571427595,7.0,"USGS NWIS daily discharge, parameter 00060, statistic 00003"
14180300,2016,reference,primary,2016-07-30,19.62857142857143,31.622857142857146,5.561428571428474,7.0,"USGS NWIS daily discharge, parameter 00060, statistic 00003"
14180300,2017,reference,primary,2017-08-12,19.27142857142857,33.871428571428574,6.278571428571332,7.0,"USGS NWIS daily discharge, parameter 00060, statistic 00003"
14180300,2018,reference,primary,2018-08-12,20.17142857142857,32.917142857142856,4.232857142857061,7.0,"USGS NWIS daily discharge, parameter 00060, statistic 00003"
14180300,2019,reference,primary,2019-08-07,19.3,28.984285714285715,5.002857142857077,7.0,"USGS NWIS daily discharge, parameter 00060, statistic 00003"
14180300,2020,reference,primary,2020-08-03,17.97142857142857,32.128571428571426,8.659999999999936,7.0,"USGS NWIS daily discharge, parameter 00060, statistic 00003"
14180300,2021,reference,primary,2021-08-16,20.785714285714285,34.56428571428571,4.817142857142792,7.0,"USGS NWIS daily discharge, parameter 00060, statistic 00003"
14180300,2022,reference,primary,2022-08-03,18.842857142857145,35.971428571428575,12.828571428571363,7.0,"USGS NWIS daily discharge, parameter 00060, statistic 00003"
14180300,2023,reference,primary,2023-08-18,19.314285714285717,32.978571428571435,4.867142857142793,7.0,"USGS NWIS daily discharge, parameter 00060, statistic 00003"
14180300,2024,reference,primary,2024-08-07,19.071428571428573,34.86714285714286,7.838571428571363,7.0,"USGS NWIS daily discharge, parameter 00060, statistic 00003"
14182500,2001,reference,primary,2001-08-13,25.099999999999998,30.55142857142857,39.285714285714285,7.0,"USGS NWIS daily discharge, parameter 00060, statistic 00003"
14182500,2002,reference,primary,2002-08-17,24.37142857142857,32.315714285714286,52.0,7.0,"USGS NWIS daily discharge, parameter 00060, statistic 00003"
14182500,2003,reference,primary,2003-08-06,24.185714285714287,33.12285714285714,39.614285714285714,7.0,"USGS NWIS daily discharge, parameter 00060, statistic 00003"
14182500,2004,reference,primary,2004-08-16,26.1,32.962857142857146,51.58571428571429,7.0,"USGS NWIS daily discharge, parameter 00060, statistic 00003"
14182500,2005,reference,primary,2005-07-31,24.214285714285715,31.744285714285713,81.14285714285714,7.0,"USGS NWIS daily discharge, parameter 00060, statistic 00003"
14182500,2006,reference,primary,2006-07-27,26.585714285714285,34.60142857142857,49.72857142857142,7.0,"USGS NWIS daily discharge, parameter 00060, statistic 00003"
14182500,2007,reference,primary,2007-07-15,25.385714285714283,30.91,56.614285714285714,7.0,"USGS NWIS daily discharge, parameter 00060, statistic 00003"
14182500,2008,reference,primary,2008-08-17,24.314285714285713,31.908571428571427,52.74285714285714,7.0,"USGS NWIS daily discharge, parameter 00060, statistic 00003"
14182500,2009,reference,primary,2009-08-02,28.185714285714283,35.20857142857143,39.24285714285714,7.0,"USGS NWIS daily discharge, parameter 00060, statistic 00003"
14182500,2010,reference,primary,2010-08-18,24.61428571428571,31.71142857142857,43.82857142857143,7.0,"USGS NWIS daily discharge, parameter 00060, statistic 00003"
14182500,2011,reference,primary,2011-08-28,23.842857142857145,31.08142857142857,43.98571428571429,7.0,"USGS NWIS daily discharge, parameter 00060, statistic 00003"
14182500,2012,reference,primary,2012-08-17,24.442857142857143,32.09857142857143,58.028571428571425,7.0,"USGS NWIS daily discharge, parameter 00060, statistic 00003"
14182500,2013,reference,primary,2013-07-27,24.642857142857142,30.881428571428568,67.47142857142856,7.0,"USGS NWIS daily discharge, parameter 00060, statistic 00003"
14182500,2014,reference,primary,2014-08-04,25.371428571428574,31.445714285714285,61.74285714285714,7.0,"USGS NWIS daily discharge, parameter 00060, statistic 00003"
14182500,2015,reference,primary,2015-07-06,28.057142857142857,33.71714285714285,42.528571428571425,7.0,"USGS NWIS daily discharge, parameter 00060, statistic 00003"
14182500,2022,reference,primary,2022-08-01,27.642857142857142,35.252857142857145,93.15714285714286,7.0,"USGS NWIS daily discharge, parameter 00060, statistic 00003"
14182500,2023,reference,primary,2023-08-16,27.37142857142857,34.480000000000004,32.57142857142857,7.0,"USGS NWIS daily discharge, parameter 00060, statistic 00003"
14182500,2024,reference,primary,2024-07-14,27.085714285714285,35.41142857142857,89.10000000000001,7.0,"USGS NWIS daily discharge, parameter 00060, statistic 00003"
14184100,2010,tailwater,sensitivity,2010-07-30,21.32857142857143,32.97428571428571,961.7142857142857,7.0,"USGS NWIS daily discharge, parameter 00060, statistic 00003"
14184100,2011,tailwater,sensitivity,2011-08-27,20.585714285714285,32.529999999999994,908.7142857142857,7.0,"USGS NWIS daily discharge, parameter 00060, statistic 00003"
14184100,2012,tailwater,sensitivity,2012-08-18,21.4,33.41142857142857,793.0,7.0,"USGS NWIS daily discharge, parameter 00060, statistic 00003"
14184100,2013,tailwater,sensitivity,2013-07-26,21.685714285714287,32.01142857142857,866.2857142857143,7.0,"USGS NWIS daily discharge, parameter 00060, statistic 00003"
14184100,2014,tailwater,sensitivity,2014-08-04,22.75714285714286,33.105714285714285,750.4285714285714,7.0,"USGS NWIS daily discharge, parameter 00060, statistic 00003"
14184100,2015,tailwater,sensitivity,2015-07-06,22.442857142857143,35.121428571428574,779.4285714285714,7.0,"USGS NWIS daily discharge, parameter 00060, statistic 00003"
14184100,2016,tailwater,sensitivity,2016-07-30,22.785714285714285,34.28,723.5714285714286,7.0,"USGS NWIS daily discharge, parameter 00060, statistic 00003"
14184100,2017,tailwater,sensitivity,2017-08-04,21.685714285714287,35.857142857142854,700.1428571428571,7.0,"USGS NWIS daily discharge, parameter 00060, statistic 00003"
14184100,2018,tailwater,sensitivity,2018-07-31,23.02857142857143,34.83142857142857,649.5714285714286,7.0,"USGS NWIS daily discharge, parameter 00060, statistic 00003"
14184100,2019,tailwater,sensitivity,2019-08-06,21.442857142857143,30.82,838.7142857142857,7.0,"USGS NWIS daily discharge, parameter 00060, statistic 00003"
14184100,2020,tailwater,sensitivity,2020-07-22,21.17142857142857,33.04142857142857,1131.4285714285713,7.0,"USGS NWIS daily discharge, parameter 00060, statistic 00003"
14184100,2021,tailwater,sensitivity,2021-06-29,21.928571428571427,35.97,1170.0,7.0,"USGS NWIS daily discharge, parameter 00060, statistic 00003"
14184100,2022,tailwater,sensitivity,2022-07-31,22.842857142857145,36.20285714285715,795.4285714285714,7.0,"USGS NWIS daily discharge, parameter 00060, statistic 00003"
14184100,2023,tailwater,sensitivity,2023-07-23,21.171428571428574,35.785714285714285,885.5714285714286,7.0,"USGS NWIS daily discharge, parameter 00060, statistic 00003"
14184100,2024,tailwater,sensitivity,2024-07-14,21.642857142857142,36.92142857142857,1045.7142857142858,7.0,"USGS NWIS daily discharge, parameter 00060, statistic 00003"
14185000,2009,reference,primary,2009-08-03,25.471428571428568,35.56428571428571,52.528571428571425,7.0,"USGS NWIS daily discharge, parameter 00060, statistic 00003"
14185000,2010,reference,primary,2010-08-19,21.82857142857143,33.25857142857143,63.98571428571429,7.0,"USGS NWIS daily discharge, parameter 00060, statistic 00003"
14185000,2011,reference,primary,2011-08-28,20.785714285714285,32.08571428571428,69.94285714285714,7.0,"USGS NWIS daily discharge, parameter 00060, statistic 00003"
14185000,2012,reference,primary,2012-08-19,21.5,33.81,79.45714285714287,7.0,"USGS NWIS daily discharge, parameter 00060, statistic 00003"
14185000,2013,reference,primary,2013-07-27,21.928571428571427,33.17857142857143,79.5,7.0,"USGS NWIS daily discharge, parameter 00060, statistic 00003"
14185000,2014,reference,primary,2014-08-04,22.5,32.645714285714284,76.62857142857142,7.0,"USGS NWIS daily discharge, parameter 00060, statistic 00003"
14185000,2015,reference,primary,2015-07-06,24.357142857142858,34.64142857142857,66.31428571428572,7.0,"USGS NWIS daily discharge, parameter 00060, statistic 00003"
14185000,2016,reference,primary,2016-08-20,22.657142857142855,34.128571428571426,47.042857142857144,7.0,"USGS NWIS daily discharge, parameter 00060, statistic 00003"
14185000,2017,reference,primary,2017-08-05,22.942857142857147,36.43571428571428,64.08571428571429,7.0,"USGS NWIS daily discharge, parameter 00060, statistic 00003"
14185000,2018,reference,primary,2018-07-31,23.957142857142856,34.31857142857143,50.27142857142858,7.0,"USGS NWIS daily discharge, parameter 00060, statistic 00003"
14185000,2019,reference,primary,2019-08-06,23.699999999999996,31.388571428571428,43.01428571428572,7.0,"USGS NWIS daily discharge, parameter 00060, statistic 00003"
14185000,2020,reference,primary,2020-08-04,22.02857142857143,32.80285714285714,78.01428571428572,7.0,"USGS NWIS daily discharge, parameter 00060, statistic 00003"
14185000,2021,reference,primary,2021-08-16,24.442857142857143,36.354285714285716,37.714285714285715,7.0,"USGS NWIS daily discharge, parameter 00060, statistic 00003"
14185000,2022,reference,primary,2022-08-26,22.214285714285715,36.8,61.67142857142857,7.0,"USGS NWIS daily discharge, parameter 00060, statistic 00003"
14185000,2023,reference,primary,2023-07-24,23.085714285714285,34.97,53.728571428571435,7.0,"USGS NWIS daily discharge, parameter 00060, statistic 00003"
14185000,2024,reference,primary,2024-08-07,22.942857142857143,36.962857142857146,62.185714285714276,7.0,"USGS NWIS daily discharge, parameter 00060, statistic 00003"
14185900,1985,reference,primary,1985-07-24,22.685714285714283,31.57,61.0,7.0,"USGS NWIS daily discharge, parameter 00060, statistic 00003"
14185900,1986,reference,primary,1986-08-10,21.328571428571426,31.06857142857143,34.02857142857143,7.0,"USGS NWIS daily discharge, parameter 00060, statistic 00003"
14185900,2009,reference,primary,2009-08-03,24.599999999999998,34.92285714285715,28.885714285714283,7.0,"USGS NWIS daily discharge, parameter 00060, statistic 00003"
14185900,2010,reference,primary,2010-07-30,21.242857142857144,31.934285714285718,60.37142857142857,7.0,"USGS NWIS daily discharge, parameter 00060, statistic 00003"
14185900,2011,reference,primary,2011-08-28,20.642857142857142,31.444285714285712,42.91428571428572,7.0,"USGS NWIS daily discharge, parameter 00060, statistic 00003"
14185900,2012,reference,primary,2012-08-19,21.214285714285715,32.95428571428572,40.9,7.0,"USGS NWIS daily discharge, parameter 00060, statistic 00003"
14185900,2013,reference,primary,2013-07-26,21.514285714285712,31.891428571428573,54.34285714285715,7.0,"USGS NWIS daily discharge, parameter 00060, statistic 00003"
14185900,2014,reference,primary,2014-08-04,22.057142857142857,31.57,45.75714285714286,7.0,"USGS NWIS daily discharge, parameter 00060, statistic 00003"
14185900,2015,reference,primary,2015-07-06,23.7,33.605714285714285,36.957142857142856,7.0,"USGS NWIS daily discharge, parameter 00060, statistic 00003"
14185900,2016,reference,primary,2016-08-20,21.74285714285714,32.66428571428572,28.9,7.0,"USGS NWIS daily discharge, parameter 00060, statistic 00003"
14185900,2017,reference,primary,2017-08-12,21.942857142857143,34.95,33.18571428571429,7.0,"USGS NWIS daily discharge, parameter 00060, statistic 00003"
14185900,2018,reference,primary,2018-08-01,23.02857142857143,33.52571428571429,22.8,7.0,"USGS NWIS daily discharge, parameter 00060, statistic 00003"
14185900,2019,reference,primary,2019-08-07,22.5,29.715714285714284,23.857142857142858,7.0,"USGS NWIS daily discharge, parameter 00060, statistic 00003"
14185900,2020,reference,primary,2020-08-03,21.214285714285715,32.00857142857143,45.84285714285714,7.0,"USGS NWIS daily discharge, parameter 00060, statistic 00003"
14185900,2022,reference,primary,2022-08-02,22.857142857142858,35.73857142857143,51.385714285714286,7.0,"USGS NWIS daily discharge, parameter 00060, statistic 00003"
14185900,2023,reference,primary,2023-08-18,22.54285714285714,34.03285714285714,19.014285714285712,7.0,"USGS NWIS daily discharge, parameter 00060, statistic 00003"
14185900,2024,reference,primary,2024-08-07,21.814285714285713,35.69857142857143,36.042857142857144,7.0,"USGS NWIS daily discharge, parameter 00060, statistic 00003"
14197900,2002,tailwater,primary,2002-07-17,23.157142857142862,33.38428571428572,6874.285714285715,7.0,"USGS NWIS daily discharge, parameter 00060, statistic 00003"
14197900,2003,tailwater,primary,2003-07-25,24.642857142857142,33.941428571428574,6128.571428571428,7.0,"USGS NWIS daily discharge, parameter 00060, statistic 00003"
14197900,2004,tailwater,primary,2004-07-30,24.485714285714288,34.38428571428572,6564.285714285715,7.0,"USGS NWIS daily discharge, parameter 00060, statistic 00003"
14197900,2005,tailwater,primary,2005-08-01,23.32857142857143,33.01714285714286,7118.571428571428,7.0,"USGS NWIS daily discharge, parameter 00060, statistic 00003"
14197900,2006,tailwater,primary,2006-07-28,24.585714285714285,36.137142857142855,6794.285714285715,7.0,"USGS NWIS daily discharge, parameter 00060, statistic 00003"
14197900,2007,tailwater,primary,2007-07-16,23.942857142857147,32.17285714285715,6362.857142857143,7.0,"USGS NWIS daily discharge, parameter 00060, statistic 00003"
14197900,2008,tailwater,primary,2008-08-19,22.642857142857142,33.402857142857144,7038.571428571428,7.0,"USGS NWIS daily discharge, parameter 00060, statistic 00003"
14197900,2009,tailwater,primary,2009-08-03,25.5,37.11857142857143,6490.0,7.0,"USGS NWIS daily discharge, parameter 00060, statistic 00003"
14197900,2010,tailwater,primary,2010-08-19,22.08571428571429,33.03857142857142,8051.428571428572,7.0,"USGS NWIS daily discharge, parameter 00060, statistic 00003"
14197900,2011,tailwater,primary,2011-08-29,22.271428571428572,33.058571428571426,7745.714285714285,7.0,"USGS NWIS daily discharge, parameter 00060, statistic 00003"
14197900,2013,tailwater,primary,2013-07-06,23.771428571428572,31.33428571428571,8958.57142857143,7.0,"USGS NWIS daily discharge, parameter 00060, statistic 00003"
14197900,2014,tailwater,primary,2014-08-05,23.785714285714285,33.364285714285714,7178.571428571428,7.0,"USGS NWIS daily discharge, parameter 00060, statistic 00003"
14197900,2015,tailwater,primary,2015-07-08,26.114285714285717,35.00285714285714,5445.714285714285,7.0,"USGS NWIS daily discharge, parameter 00060, statistic 00003"
14197900,2016,tailwater,primary,2016-08-01,23.88571428571429,33.98571428571428,6795.714285714285,7.0,"USGS NWIS daily discharge, parameter 00060, statistic 00003"
14197900,2017,tailwater,primary,2017-08-06,23.88571428571429,35.70857142857143,8131.428571428572,7.0,"USGS NWIS daily discharge, parameter 00060, statistic 00003"
14197900,2022,tailwater,primary,2022-08-02,24.82857142857143,36.70428571428572,7872.857142857143,7.0,"USGS NWIS daily discharge, parameter 00060, statistic 00003"
14197900,2023,tailwater,primary,2023-07-22,23.52857142857143,36.002857142857145,6914.285714285715,7.0,"USGS NWIS daily discharge, parameter 00060, statistic 00003"
14197900,2024,tailwater,primary,2024-07-13,23.400000000000002,36.512857142857136,9361.42857142857,7.0,"USGS NWIS daily discharge, parameter 00060, statistic 00003"
14202980,2005,tailwater,primary,2005-10-11,16.0,31.547142857142855,103.84285714285714,7.0,"USGS NWIS daily discharge, parameter 00060, statistic 00003"
14202980,2006,tailwater,primary,2006-09-22,18.014285714285712,34.58,89.38571428571429,7.0,"USGS NWIS daily discharge, parameter 00060, statistic 00003"
14206950,1994,tailwater,sensitivity,1994-07-25,22.82857142857143,34.65857142857143,3.557142857142857,7.0,"USGS NWIS daily discharge, parameter 00060, statistic 00003"
14206950,1995,tailwater,sensitivity,1995-07-22,23.128571428571426,32.60285714285714,8.22857142857143,7.0,"USGS NWIS daily discharge, parameter 00060, statistic 00003"
14206950,2003,tailwater,sensitivity,2003-08-02,22.75714285714286,33.38285714285714,5.481428571428571,7.0,"USGS NWIS daily discharge, parameter 00060, statistic 00003"
14206950,2004,tailwater,sensitivity,2004-07-29,23.157142857142855,33.93714285714286,3.36,7.0,"USGS NWIS daily discharge, parameter 00060, statistic 00003"
14206950,2005,tailwater,sensitivity,2005-07-22,22.157142857142862,32.144285714285715,4.187142857142858,7.0,"USGS NWIS daily discharge, parameter 00060, statistic 00003"
14206950,2006,tailwater,sensitivity,2006-07-27,23.714285714285715,35.26428571428571,4.014285714285731,7.0,"USGS NWIS daily discharge, parameter 00060, statistic 00003"
14206950,2007,tailwater,sensitivity,2007-07-18,22.12857142857143,32.098571428571425,5.19714285714287,7.0,"USGS NWIS daily discharge, parameter 00060, statistic 00003"
14206950,2008,tailwater,sensitivity,2008-08-18,22.442857142857143,33.48714285714286,4.368571428571461,7.0,"USGS NWIS daily discharge, parameter 00060, statistic 00003"
14206950,2009,tailwater,sensitivity,2009-08-02,25.257142857142856,37.18428571428571,3.2628571428571753,7.0,"USGS NWIS daily discharge, parameter 00060, statistic 00003"
14206950,2010,tailwater,sensitivity,2010-07-13,21.914285714285715,33.09571428571429,6.764285714285747,7.0,"USGS NWIS daily discharge, parameter 00060, statistic 00003"
14206950,2011,tailwater,sensitivity,2011-08-27,21.728571428571428,32.49857142857143,3.688571428571445,7.0,"USGS NWIS daily discharge, parameter 00060, statistic 00003"
14206950,2012,tailwater,sensitivity,2012-08-18,22.342857142857145,33.962857142857146,2.9000000000000163,7.0,"USGS NWIS daily discharge, parameter 00060, statistic 00003"
14206950,2013,tailwater,sensitivity,2013-07-04,23.628571428571433,31.24142857142857,4.4857142857143035,7.0,"USGS NWIS daily discharge, parameter 00060, statistic 00003"
14206950,2014,tailwater,sensitivity,2014-07-13,23.4,32.402857142857144,4.331428571428604,7.0,"USGS NWIS daily discharge, parameter 00060, statistic 00003"
14206950,2015,tailwater,sensitivity,2015-07-08,25.728571428571428,34.82142857142857,1.7714285714286038,7.0,"USGS NWIS daily discharge, parameter 00060, statistic 00003"
14206950,2016,tailwater,sensitivity,2016-06-09,23.114285714285717,33.357142857142854,6.735714285714318,7.0,"USGS NWIS daily discharge, parameter 00060, statistic 00003"
14206950,2017,tailwater,sensitivity,2017-08-08,24.057142857142857,35.471428571428575,2.660000000000049,7.0,"USGS NWIS daily discharge, parameter 00060, statistic 00003"
14206950,2018,tailwater,sensitivity,2018-07-31,25.414285714285715,34.60285714285714,2.0914285714286365,7.0,"USGS NWIS daily discharge, parameter 00060, statistic 00003"
14206950,2019,tailwater,sensitivity,2019-08-06,23.728571428571428,30.66857142857143,3.130000000000071,7.0,"USGS NWIS daily discharge, parameter 00060, statistic 00003"
14206950,2020,tailwater,sensitivity,2020-08-02,24.428571428571427,33.33428571428571,2.3871428571429303,7.0,"USGS NWIS daily discharge, parameter 00060, statistic 00003"
14206950,2021,tailwater,sensitivity,2021-06-30,26.47142857142857,36.74,3.442857142857208,7.0,"USGS NWIS daily discharge, parameter 00060, statistic 00003"
14206950,2022,tailwater,sensitivity,2022-08-02,25.457142857142856,36.722857142857144,4.292857142857232,7.0,"USGS NWIS daily discharge, parameter 00060, statistic 00003"
14206950,2023,tailwater,sensitivity,2023-08-18,24.8,35.96,2.054285714285819,7.0,"USGS NWIS daily discharge, parameter 00060, statistic 00003"
14206950,2024,tailwater,sensitivity,2024-07-11,25.271428571428572,36.347142857142856,4.7914285714286935,7.0,"USGS NWIS daily discharge, parameter 00060, statistic 00003"
14210000,2002,tailwater,sensitivity,2002-07-30,18.585714285714285,32.42285714285715,1010.1428571428571,7.0,"USGS NWIS daily discharge, parameter 00060, statistic 00003"
14210000,2003,tailwater,sensitivity,2003-08-01,19.357142857142858,33.30142857142857,783.7142857142857,7.0,"USGS NWIS daily discharge, parameter 00060, statistic 00003"
14210000,2004,tailwater,sensitivity,2004-08-03,19.12857142857143,33.07714285714286,828.0,7.0,"USGS NWIS daily discharge, parameter 00060, statistic 00003"
14210000,2005,tailwater,sensitivity,2005-08-02,19.042857142857144,31.412857142857145,814.2857142857143,7.0,"USGS NWIS daily discharge, parameter 00060, statistic 00003"
14210000,2007,tailwater,sensitivity,2007-07-18,18.8,31.77857142857143,884.5714285714286,7.0,"USGS NWIS daily discharge, parameter 00060, statistic 00003"
14210000,2008,tailwater,sensitivity,2008-08-20,16.714285714285715,33.37285714285714,1098.5714285714287,7.0,"USGS NWIS daily discharge, parameter 00060, statistic 00003"
14210000,2009,tailwater,sensitivity,2009-08-06,19.442857142857143,36.69,915.1428571428571,7.0,"USGS NWIS daily discharge, parameter 00060, statistic 00003"
14210000,2010,tailwater,sensitivity,2010-07-31,17.385714285714283,32.54142857142857,1058.5714285714287,7.0,"USGS NWIS daily discharge, parameter 00060, statistic 00003"
14210000,2012,tailwater,sensitivity,2012-08-19,17.185714285714287,33.16142857142857,961.5714285714286,7.0,"USGS NWIS daily discharge, parameter 00060, statistic 00003"
14210000,2013,tailwater,sensitivity,2013-07-29,17.885714285714286,30.208571428571428,907.0,7.0,"USGS NWIS daily discharge, parameter 00060, statistic 00003"
14210000,2014,tailwater,sensitivity,2014-07-22,18.142857142857142,31.055714285714288,1022.8571428571429,7.0,"USGS NWIS daily discharge, parameter 00060, statistic 00003"
14210000,2015,tailwater,sensitivity,2015-07-11,20.542857142857144,34.16428571428571,753.2857142857143,7.0,"USGS NWIS daily discharge, parameter 00060, statistic 00003"
14210000,2016,tailwater,sensitivity,2016-08-04,18.614285714285717,32.605714285714285,734.0,7.0,"USGS NWIS daily discharge, parameter 00060, statistic 00003"
14210000,2017,tailwater,sensitivity,2017-08-12,18.52857142857143,35.105714285714285,903.8571428571429,7.0,"USGS NWIS daily discharge, parameter 00060, statistic 00003"
14210000,2018,tailwater,sensitivity,2018-08-03,19.357142857142858,34.690000000000005,861.8571428571429,7.0,"USGS NWIS daily discharge, parameter 00060, statistic 00003"
14210000,2019,tailwater,sensitivity,2019-08-09,18.557142857142857,30.784285714285716,841.7142857142857,7.0,"USGS NWIS daily discharge, parameter 00060, statistic 00003"
14210000,2020,tailwater,sensitivity,2020-08-06,18.97142857142857,33.07142857142857,729.1428571428571,7.0,"USGS NWIS daily discharge, parameter 00060, statistic 00003"
14210000,2021,tailwater,sensitivity,2021-07-08,20.25714285714286,36.44285714285714,858.0,7.0,"USGS NWIS daily discharge, parameter 00060, statistic 00003"
14210000,2022,tailwater,sensitivity,2022-08-05,19.24285714285714,36.25285714285714,1011.8571428571429,7.0,"USGS NWIS daily discharge, parameter 00060, statistic 00003"
14210000,2023,tailwater,sensitivity,2023-07-25,19.74285714285714,35.83571428571429,747.5714285714286,7.0,"USGS NWIS daily discharge, parameter 00060, statistic 00003"
14210000,2024,tailwater,sensitivity,2024-07-21,19.642857142857142,36.00142857142857,863.1428571428571,7.0,"USGS NWIS daily discharge, parameter 00060, statistic 00003"
14316495,2001,reference,primary,2001-08-15,20.728571428571428,34.690000000000005,3.9714285714285715,7.0,"USGS NWIS daily discharge, parameter 00060, statistic 00003"
14316495,2002,reference,primary,2002-07-17,20.8,36.075714285714284,14.528571428571428,7.0,"USGS NWIS daily discharge, parameter 00060, statistic 00003"
14316495,2003,reference,primary,2003-07-31,21.52857142857143,36.709999999999994,5.135714285714285,7.0,"USGS NWIS daily discharge, parameter 00060, statistic 00003"
14316495,2004,reference,primary,2004-08-17,20.97142857142857,35.745714285714286,5.380000000000001,7.0,"USGS NWIS daily discharge, parameter 00060, statistic 00003"
14316495,2005,reference,primary,2005-08-10,20.599999999999998,34.06857142857143,5.93,7.0,"USGS NWIS daily discharge, parameter 00060, statistic 00003"
14316495,2006,reference,primary,2006-07-28,22.085714285714285,36.207142857142856,7.601428571428571,7.0,"USGS NWIS daily discharge, parameter 00060, statistic 00003"
14316495,2007,reference,primary,2007-07-16,21.8,32.855714285714285,9.117142857142857,7.0,"USGS NWIS daily discharge, parameter 00060, statistic 00003"
14316495,2008,reference,primary,2008-08-19,20.342857142857145,35.76142857142857,7.1899999999999995,7.0,"USGS NWIS daily discharge, parameter 00060, statistic 00003"
14316495,2009,reference,primary,2009-08-03,22.5,36.75857142857143,10.120000000000001,7.0,"USGS NWIS daily discharge, parameter 00060, statistic 00003"
14316495,2010,reference,primary,2010-07-30,21.657142857142855,34.42142857142857,11.785714285714286,7.0,"USGS NWIS daily discharge, parameter 00060, statistic 00003"
14316495,2012,reference,primary,2012-08-19,21.58571428571429,34.885714285714286,8.384285714285713,7.0,"USGS NWIS daily discharge, parameter 00060, statistic 00003"
14316495,2013,reference,primary,2013-07-26,21.97142857142857,34.02571428571429,8.85714285714289,7.0,"USGS NWIS daily discharge, parameter 00060, statistic 00003"
14316495,2014,reference,primary,2014-07-19,22.814285714285713,34.128571428571426,10.401428571428605,7.0,"USGS NWIS daily discharge, parameter 00060, statistic 00003"
14316495,2015,reference,primary,2015-07-06,23.61428571428571,35.714285714285715,9.79571428571435,7.0,"USGS NWIS daily discharge, parameter 00060, statistic 00003"
14316500,2005,upstream,primary,2005-07-21,15.528571428571427,34.17857142857143,804.5714285714286,7.0,"USGS NWIS daily discharge, parameter 00060, statistic 00003"
14316500,2006,upstream,primary,2006-07-29,15.242857142857144,36.26428571428571,918.4285714285714,7.0,"USGS NWIS daily discharge, parameter 00060, statistic 00003"
14316500,2007,upstream,primary,2007-07-29,15.242857142857144,32.934285714285714,798.0,7.0,"USGS NWIS daily discharge, parameter 00060, statistic 00003"
14316500,2008,upstream,primary,2008-08-08,13.814285714285715,35.895714285714284,1003.8571428571429,7.0,"USGS NWIS daily discharge, parameter 00060, statistic 00003"
14316500,2009,upstream,primary,2009-08-04,14.842857142857142,36.895714285714284,876.7142857142857,7.0,"USGS NWIS daily discharge, parameter 00060, statistic 00003"
14316500,2010,upstream,primary,2010-07-29,15.214285714285714,34.575714285714284,925.2857142857143,7.0,"USGS NWIS daily discharge, parameter 00060, statistic 00003"
14316500,2011,upstream,primary,2011-08-05,13.442857142857145,33.44571428571429,1237.142857142857,7.0,"USGS NWIS daily discharge, parameter 00060, statistic 00003"
14316500,2012,upstream,primary,2012-08-19,13.814285714285715,35.034285714285716,1045.2857142857142,7.0,"USGS NWIS daily discharge, parameter 00060, statistic 00003"
14316500,2013,upstream,primary,2013-07-05,14.985714285714284,34.135714285714286,1041.142857142857,7.0,"USGS NWIS daily discharge, parameter 00060, statistic 00003"
14316500,2014,upstream,primary,2014-07-19,15.042857142857144,34.30285714285714,897.8571428571429,7.0,"USGS NWIS daily discharge, parameter 00060, statistic 00003"
14316500,2015,upstream,primary,2015-07-06,15.971428571428573,35.85142857142857,802.8571428571429,7.0,"USGS NWIS daily discharge, parameter 00060, statistic 00003"
14316500,2016,upstream,primary,2016-07-31,14.414285714285713,35.535714285714285,909.8571428571429,7.0,"USGS NWIS daily discharge, parameter 00060, statistic 00003"
14316500,2017,upstream,primary,2017-08-04,14.299999999999999,37.21999999999999,1052.857142857143,7.0,"USGS NWIS daily discharge, parameter 00060, statistic 00003"
14316500,2018,upstream,primary,2018-07-19,14.385714285714286,34.76428571428571,872.4285714285714,7.0,"USGS NWIS daily discharge, parameter 00060, statistic 00003"
14316500,2019,upstream,primary,2019-08-08,15.214285714285714,32.84428571428571,813.5714285714286,7.0,"USGS NWIS daily discharge, parameter 00060, statistic 00003"
14316500,2020,upstream,primary,2020-08-03,15.114285714285714,34.5,784.2857142857143,7.0,"USGS NWIS daily discharge, parameter 00060, statistic 00003"
14316500,2021,upstream,primary,2021-07-04,16.571428571428573,36.68857142857143,726.7142857142857,7.0,"USGS NWIS daily discharge, parameter 00060, statistic 00003"
14316500,2022,upstream,primary,2022-08-02,15.542857142857144,38.62714285714286,892.4285714285714,7.0,"USGS NWIS daily discharge, parameter 00060, statistic 00003"
14316500,2023,upstream,primary,2023-07-21,15.571428571428571,36.17857142857143,808.4285714285714,7.0,"USGS NWIS daily discharge, parameter 00060, statistic 00003"
14316500,2024,upstream,primary,2024-07-16,15.685714285714285,38.607142857142854,932.4285714285714,7.0,"USGS NWIS daily discharge, parameter 00060, statistic 00003"
14318000,2000,reference,primary,2000-08-03,22.857142857142858,33.50285714285714,31.0,7.0,"USGS NWIS daily discharge, parameter 00060, statistic 00003"
14318000,2001,reference,primary,2001-08-15,23.271428571428572,34.160000000000004,19.0,7.0,"USGS NWIS daily discharge, parameter 00060, statistic 00003"
14318000,2002,reference,primary,2002-07-16,23.5,36.21,31.014285714285712,7.0,"USGS NWIS daily discharge, parameter 00060, statistic 00003"
14318000,2003,reference,primary,2003-08-01,23.814285714285713,36.66714285714285,20.32857142857143,7.0,"USGS NWIS daily discharge, parameter 00060, statistic 00003"
14318000,2004,reference,primary,2004-07-29,23.400000000000002,35.57857142857143,26.057142857142853,7.0,"USGS NWIS daily discharge, parameter 00060, statistic 00003"
14318000,2005,reference,primary,2005-07-22,22.928571428571427,34.73142857142857,53.49999999999987,7.0,"USGS NWIS daily discharge, parameter 00060, statistic 00003"
14318000,2006,reference,primary,2006-07-28,24.771428571428572,37.28857142857142,44.38571428571415,7.0,"USGS NWIS daily discharge, parameter 00060, statistic 00003"
14318000,2007,reference,primary,2007-07-11,22.814285714285713,33.57714285714285,34.41428571428558,7.0,"USGS NWIS daily discharge, parameter 00060, statistic 00003"
14318000,2008,reference,primary,2008-08-18,22.54285714285714,35.395714285714284,26.614285714285586,7.0,"USGS NWIS daily discharge, parameter 00060, statistic 00003"
14318000,2009,reference,primary,2009-08-03,25.171428571428574,37.815714285714286,20.714285714285715,7.0,"USGS NWIS daily discharge, parameter 00060, statistic 00003"
14318000,2010,reference,primary,2010-07-30,22.071428571428573,34.465714285714284,51.31428571428571,7.0,"USGS NWIS daily discharge, parameter 00060, statistic 00003"
14318000,2011,reference,primary,2011-08-28,20.814285714285713,34.14714285714286,36.699999999999996,7.0,"USGS NWIS daily discharge, parameter 00060, statistic 00003"
14318000,2012,reference,primary,2012-08-19,21.685714285714283,35.27142857142858,37.771428571428565,7.0,"USGS NWIS daily discharge, parameter 00060, statistic 00003"
14318000,2013,reference,primary,2013-07-05,23.37142857142857,35.45,57.457142857142856,7.0,"USGS NWIS daily discharge, parameter 00060, statistic 00003"
14318000,2014,reference,primary,2014-08-03,23.5,34.79285714285714,23.857142857142858,7.0,"USGS NWIS daily discharge, parameter 00060, statistic 00003"
14318000,2015,reference,primary,2015-07-07,24.914285714285715,36.92714285714286,26.27142857142857,7.0,"USGS NWIS daily discharge, parameter 00060, statistic 00003"
14318000,2016,reference,primary,2016-07-31,22.599999999999998,36.541428571428575,25.285714285714285,7.0,"USGS NWIS daily discharge, parameter 00060, statistic 00003"
14318000,2017,reference,primary,2017-08-10,23.45714285714286,38.16285714285715,20.557142857142857,7.0,"USGS NWIS daily discharge, parameter 00060, statistic 00003"
14318000,2018,reference,primary,2018-07-18,23.157142857142855,36.41285714285714,24.842857142857145,7.0,"USGS NWIS daily discharge, parameter 00060, statistic 00003"
14318000,2019,reference,primary,2019-08-07,23.385714285714283,33.46857142857142,16.0,7.0,"USGS NWIS daily discharge, parameter 00060, statistic 00003"
14318000,2020,reference,primary,2020-08-03,23.04285714285714,35.90857142857143,32.97142857142857,7.0,"USGS NWIS daily discharge, parameter 00060, statistic 00003"
14318000,2021,reference,primary,2021-06-30,25.271428571428572,37.42714285714286,27.97142857142857,7.0,"USGS NWIS daily discharge, parameter 00060, statistic 00003"
14318000,2022,reference,primary,2022-08-03,24.285714285714285,37.99571428571429,34.114285714285714,7.0,"USGS NWIS daily discharge, parameter 00060, statistic 00003"
14318000,2023,reference,primary,2023-08-18,23.957142857142856,37.64142857142857,16.685714285714287,7.0,"USGS NWIS daily discharge, parameter 00060, statistic 00003"
14320934,2008,tailwater,sensitivity,2008-07-15,19.2,30.909999999999997,0.7871428571428591,7.0,"USGS NWIS daily discharge, parameter 00060, statistic 00003"
14320934,2009,tailwater,sensitivity,2009-08-02,21.2,33.07,0.46142857142856736,7.0,"USGS NWIS daily discharge, parameter 00060, statistic 00003"
14320934,2010,tailwater,sensitivity,2010-07-13,18.400000000000002,29.610000000000003,3.04,7.0,"USGS NWIS daily discharge, parameter 00060, statistic 00003"
14320934,2011,tailwater,sensitivity,2011-08-28,18.5,30.911428571428576,0.637142857142849,7.0,"USGS NWIS daily discharge, parameter 00060, statistic 00003"
14320934,2012,tailwater,sensitivity,2012-08-18,19.52857142857143,31.131428571428568,0.45999999999999996,7.0,"USGS NWIS daily discharge, parameter 00060, statistic 00003"
14320934,2013,tailwater,sensitivity,2013-07-04,19.842857142857145,31.667142857142856,0.777142857142857,7.0,"USGS NWIS daily discharge, parameter 00060, statistic 00003"
14320934,2014,tailwater,sensitivity,2014-07-20,20.285714285714285,30.994285714285716,0.84,7.0,"USGS NWIS daily discharge, parameter 00060, statistic 00003"
14320934,2015,tailwater,sensitivity,2015-07-07,21.114285714285717,32.607142857142854,0.4342857142857143,7.0,"USGS NWIS daily discharge, parameter 00060, statistic 00003"
14320934,2016,tailwater,sensitivity,2016-07-30,19.714285714285715,32.48714285714286,0.2957142857142857,7.0,"USGS NWIS daily discharge, parameter 00060, statistic 00003"
14320934,2017,tailwater,sensitivity,2017-08-09,20.24285714285714,34.49142857142857,0.29714285714285715,7.0,"USGS NWIS daily discharge, parameter 00060, statistic 00003"
14320934,2018,tailwater,sensitivity,2018-07-18,19.97142857142857,32.339999999999996,0.5357142857142837,7.0,"USGS NWIS daily discharge, parameter 00060, statistic 00003"
14320934,2019,tailwater,sensitivity,2019-08-06,20.7,29.907142857142855,0.36,7.0,"USGS NWIS daily discharge, parameter 00060, statistic 00003"
14320934,2020,tailwater,sensitivity,2020-08-03,21.428571428571427,32.24,0.3371428571428572,7.0,"USGS NWIS daily discharge, parameter 00060, statistic 00003"
14320934,2021,tailwater,sensitivity,2021-08-16,24.314285714285717,32.424285714285716,0.0,7.0,"USGS NWIS daily discharge, parameter 00060, statistic 00003"
14320934,2022,tailwater,sensitivity,2022-08-03,21.785714285714285,32.635714285714286,1.1199999999999999,7.0,"USGS NWIS daily discharge, parameter 00060, statistic 00003"
14320934,2023,tailwater,sensitivity,2023-08-19,21.742857142857144,34.47857142857143,0.2542857142857062,7.0,"USGS NWIS daily discharge, parameter 00060, statistic 00003"
14337800,1986,reference,primary,1986-08-15,25.371428571428574,34.86714285714286,4.115714285714286,7.0,"USGS NWIS daily discharge, parameter 00060, statistic 00003"
14337800,1987,reference,primary,1987-07-02,26.114285714285717,35.511428571428574,4.832857142857143,7.0,"USGS NWIS daily discharge, parameter 00060, statistic 00003"
14337800,1988,reference,primary,1988-07-31,25.2,37.43714285714286,5.085714285714286,7.0,"USGS NWIS daily discharge, parameter 00060, statistic 00003"
14337800,1989,reference,primary,1989-07-30,23.228571428571428,31.498571428571427,4.4,7.0,"USGS NWIS daily discharge, parameter 00060, statistic 00003"
14337800,1990,reference,primary,1990-08-11,26.585714285714285,37.58428571428572,2.085714285714286,7.0,"USGS NWIS daily discharge, parameter 00060, statistic 00003"
14337800,1991,reference,primary,1991-08-22,23.914285714285715,34.01428571428572,5.571428571428571,7.0,"USGS NWIS daily discharge, parameter 00060, statistic 00003"
14337800,1997,reference,primary,1997-08-08,23.557142857142857,34.237142857142864,6.257142857142857,7.0,"USGS NWIS daily discharge, parameter 00060, statistic 00003"
14337870,1985,reference,primary,1985-07-24,21.38571428571429,33.91571428571428,1.8614285714285717,7.0,"USGS NWIS daily discharge, parameter 00060, statistic 00003"
14337870,1987,reference,primary,1987-07-02,22.04285714285714,35.16571428571429,0.9128571428571428,7.0,"USGS NWIS daily discharge, parameter 00060, statistic 00003"
14337870,1988,reference,primary,1988-07-31,22.271428571428572,36.91571428571429,0.8371428571428571,7.0,"USGS NWIS daily discharge, parameter 00060, statistic 00003"
14337870,1989,reference,primary,1989-08-11,20.0,31.115714285714287,1.7885714285714285,7.0,"USGS NWIS daily discharge, parameter 00060, statistic 00003"
14337870,1990,reference,primary,1990-08-11,23.77142857142857,37.25857142857143,0.8499999999999999,7.0,"USGS NWIS daily discharge, parameter 00060, statistic 00003"
14337870,1991,reference,primary,1991-08-22,21.62857142857143,33.68285714285714,0.9728571428571428,7.0,"USGS NWIS daily discharge, parameter 00060, statistic 00003"
14337870,1992,reference,primary,1992-08-19,26.114285714285717,37.60857142857143,0.2285714285714286,7.0,"USGS NWIS daily discharge, parameter 00060, statistic 00003"
14337870,1993,reference,primary,1993-08-07,20.442857142857143,34.511428571428574,1.9857142857142855,7.0,"USGS NWIS daily discharge, parameter 00060, statistic 00003"
14337870,1994,reference,primary,1994-07-24,25.157142857142862,36.79571428571428,0.25142857142856945,7.0,"USGS NWIS daily discharge, parameter 00060, statistic 00003"
14337870,1995,reference,primary,1995-07-23,20.014285714285712,34.07142857142857,1.4142857142857144,7.0,"USGS NWIS daily discharge, parameter 00060, statistic 00003"
14337870,1996,reference,primary,1996-07-30,21.54285714285714,37.612857142857145,1.4571428571428573,7.0,"USGS NWIS daily discharge, parameter 00060, statistic 00003"
14337870,1997,reference,primary,1997-08-08,20.04285714285714,33.79571428571428,1.8,7.0,"USGS NWIS daily discharge, parameter 00060, statistic 00003"
14337870,1998,reference,primary,1998-07-29,21.142857142857142,38.10285714285715,2.0714285714285716,7.0,"USGS NWIS daily discharge, parameter 00060, statistic 00003"
15056210,2004,reference,primary,2004-07-20,7.928571428571429,28.721428571428568,4164.285714285715,7.0,"USGS NWIS daily discharge, parameter 00060, statistic 00003"
15056210,2005,reference,primary,2005-05-11,8.214285714285714,25.821428571428573,1585.7142857142858,7.0,"USGS NWIS daily discharge, parameter 00060, statistic 00003"
15056210,2006,reference,primary,2006-06-14,8.357142857142858,23.231428571428573,3372.8571428571427,7.0,"USGS NWIS daily discharge, parameter 00060, statistic 00003"
15056210,2007,reference,primary,2007-08-17,7.928571428571429,23.604285714285712,2740.0,7.0,"USGS NWIS daily discharge, parameter 00060, statistic 00003"
15056210,2013,reference,primary,2013-07-18,8.142857142857142,26.547142857142855,3771.4285714285716,7.0,"USGS NWIS daily discharge, parameter 00060, statistic 00003"
15056210,2014,reference,primary,2014-08-06,7.928571428571429,21.687142857142856,2887.1428571428573,7.0,"USGS NWIS daily discharge, parameter 00060, statistic 00003"
15056210,2015,reference,primary,2015-05-16,8.371428571428572,24.018571428571427,1574.7142857142858,7.0,"USGS NWIS daily discharge, parameter 00060, statistic 00003"
15056210,2016,reference,primary,2016-07-13,8.671428571428573,23.50714285714286,3631.4285714285716,7.0,"USGS NWIS daily discharge, parameter 00060, statistic 00003"
15056210,2018,reference,primary,2018-07-25,9.028571428571428,25.13571428571429,3422.8571428571427,7.0,"USGS NWIS daily discharge, parameter 00060, statistic 00003"
15056210,2019,reference,primary,2019-07-01,8.971428571428572,26.970000000000002,4271.428571428572,7.0,"USGS NWIS daily discharge, parameter 00060, statistic 00003"
15056210,2020,reference,primary,2020-07-03,9.057142857142859,22.381428571428575,2941.4285714285716,7.0,"USGS NWIS daily discharge, parameter 00060, statistic 00003"
15056210,2021,reference,primary,2021-08-04,8.357142857142858,23.41857142857143,3211.4285714285716,7.0,"USGS NWIS daily discharge, parameter 00060, statistic 00003"
15056210,2022,reference,primary,2022-07-04,8.657142857142857,26.242857142857144,5001.428571428572,7.0,"USGS NWIS daily discharge, parameter 00060, statistic 00003"
15056210,2023,reference,primary,2023-07-11,8.871428571428572,22.945714285714285,3880.0,7.0,"USGS NWIS daily discharge, parameter 00060, statistic 00003"
15056210,2024,reference,primary,2024-08-08,8.957142857142857,24.542857142857144,3050.0,7.0,"USGS NWIS daily discharge, parameter 00060, statistic 00003"
15085100,2004,reference,primary,2004-06-24,17.428571428571427,26.59714285714286,6.395714285714286,7.0,"USGS NWIS daily discharge, parameter 00060, statistic 00003"
15085100,2005,reference,primary,2005-08-16,16.571428571428573,23.371428571428574,5.162857142857159,7.0,"USGS NWIS daily discharge, parameter 00060, statistic 00003"
15085100,2006,reference,primary,2006-07-06,14.857142857142858,20.412857142857145,5.931428571428592,7.0,"USGS NWIS daily discharge, parameter 00060, statistic 00003"
15085100,2007,reference,primary,2007-08-17,14.714285714285714,21.535714285714285,5.541428571428589,7.0,"USGS NWIS daily discharge, parameter 00060, statistic 00003"
15085100,2008,reference,primary,2008-08-10,13.428571428571429,20.035714285714285,12.4857142857143,7.0,"USGS NWIS daily discharge, parameter 00060, statistic 00003"
15085100,2009,reference,primary,2009-08-02,18.428571428571427,26.12,5.571428571428571,7.0,"USGS NWIS daily discharge, parameter 00060, statistic 00003"
15085100,2011,reference,primary,2011-07-17,14.714285714285714,20.982857142857142,8.94,7.0,"USGS NWIS daily discharge, parameter 00060, statistic 00003"
15085100,2012,reference,primary,2012-08-20,14.785714285714286,21.174285714285713,12.178571428571429,7.0,"USGS NWIS daily discharge, parameter 00060, statistic 00003"
15085100,2014,reference,primary,2014-07-17,17.314285714285713,23.625714285714285,5.19857142857142,7.0,"USGS NWIS daily discharge, parameter 00060, statistic 00003"
15085100,2015,reference,primary,2015-07-11,17.1,24.608571428571427,2.7057142857142535,7.0,"USGS NWIS daily discharge, parameter 00060, statistic 00003"
15085100,2016,reference,primary,2016-08-11,16.557142857142857,21.37,2.317142857142808,7.0,"USGS NWIS daily discharge, parameter 00060, statistic 00003"
15085100,2017,reference,primary,2017-08-10,17.32857142857143,23.19857142857143,7.929999999999956,7.0,"USGS NWIS daily discharge, parameter 00060, statistic 00003"
15085100,2018,reference,primary,2018-07-31,21.5,24.507142857142856,1.6399999999999593,7.0,"USGS NWIS daily discharge, parameter 00060, statistic 00003"
15129500,2015,reference,primary,2015-08-05,17.1,21.860000000000003,286.14285714285717,7.0,"USGS NWIS daily discharge, parameter 00060, statistic 00003"
15129500,2016,reference,primary,2016-07-19,17.54285714285714,21.867142857142856,93.04285714285713,7.0,"USGS NWIS daily discharge, parameter 00060, statistic 00003"
15129500,2017,reference,primary,2017-08-09,16.514285714285712,19.52285714285714,83.35714285714286,7.0,"USGS NWIS daily discharge, parameter 00060, statistic 00003"
15129500,2018,reference,primary,2018-07-25,16.52857142857143,21.151428571428568,214.57142857142858,7.0,"USGS NWIS daily discharge, parameter 00060, statistic 00003"
15129500,2019,reference,primary,2019-07-08,18.900000000000002,22.275714285714283,91.12857142857142,7.0,"USGS NWIS daily discharge, parameter 00060, statistic 00003"
15129500,2020,reference,primary,2020-07-07,16.185714285714287,19.43,166.57142857142858,7.0,"USGS NWIS daily discharge, parameter 00060, statistic 00003"
15129500,2021,reference,primary,2021-08-04,16.67142857142857,20.122857142857146,144.57142857142858,7.0,"USGS NWIS daily discharge, parameter 00060, statistic 00003"
15129500,2022,reference,primary,2022-06-05,18.114285714285714,23.740000000000002,209.57142857142858,7.0,"USGS NWIS daily discharge, parameter 00060, statistic 00003"
15129500,2023,reference,primary,2023-08-02,16.7,20.052857142857142,93.24285714285715,7.0,"USGS NWIS daily discharge, parameter 00060, statistic 00003"
15129500,2024,reference,primary,2024-07-02,16.942857142857143,19.897142857142857,149.42857142857142,7.0,"USGS NWIS daily discharge, parameter 00060, statistic 00003"
15200280,2018,reference,primary,2018-08-01,18.071428571428573,25.775714285714287,949.1428571428571,7.0,"USGS NWIS daily discharge, parameter 00060, statistic 00003"
15200280,2019,reference,primary,2019-07-06,22.585714285714285,29.325714285714287,944.5714285714286,7.0,"USGS NWIS daily discharge, parameter 00060, statistic 00003"
15200280,2023,reference,primary,2023-07-29,20.385714285714283,26.635714285714283,1477.142857142857,7.0,"USGS NWIS daily discharge, parameter 00060, statistic 00003"
15266300,1999,reference,primary,1999-07-08,14.071428571428571,22.32428571428571,12885.714285714286,7.0,"USGS NWIS daily discharge, parameter 00060, statistic 00003"
15266300,2000,reference,primary,2000-08-15,13.428571428571429,21.905714285714286,13414.285714285714,7.0,"USGS NWIS daily discharge, parameter 00060, statistic 00003"
15266300,2015,reference,primary,2015-08-08,16.02857142857143,25.889999999999997,12871.42857142857,7.0,"USGS NWIS daily discharge, parameter 00060, statistic 00003"
15266300,2016,reference,primary,2016-07-21,15.957142857142857,24.104285714285712,16242.857142857143,7.0,"USGS NWIS daily discharge, parameter 00060, statistic 00003"
15266300,2017,reference,primary,2017-08-06,14.442857142857141,20.074285714285715,13028.57142857143,7.0,"USGS NWIS daily discharge, parameter 00060, statistic 00003"
15266300,2018,reference,primary,2018-07-09,13.414285714285713,23.93,15157.142857142857,7.0,"USGS NWIS daily discharge, parameter 00060, statistic 00003"
15266300,2019,reference,primary,2019-07-10,17.685714285714287,27.740000000000002,18600.0,7.0,"USGS NWIS daily discharge, parameter 00060, statistic 00003"
15266300,2020,reference,primary,2020-08-23,14.942857142857145,21.474285714285713,11700.0,7.0,"USGS NWIS daily discharge, parameter 00060, statistic 00003"
15266300,2021,reference,primary,2021-08-08,14.77142857142857,22.285714285714285,12171.42857142857,7.0,"USGS NWIS daily discharge, parameter 00060, statistic 00003"
15266300,2022,reference,primary,2022-07-06,15.428571428571429,23.83571428571429,15100.0,7.0,"USGS NWIS daily discharge, parameter 00060, statistic 00003"
15266300,2023,reference,primary,2023-08-07,14.9,20.752857142857145,15114.285714285714,7.0,"USGS NWIS daily discharge, parameter 00060, statistic 00003"
15266300,2024,reference,primary,2024-08-06,13.857142857142858,21.54,12642.857142857143,7.0,"USGS NWIS daily discharge, parameter 00060, statistic 00003"
15272380,2003,reference,primary,2003-05-25,9.142857142857142,23.167142857142856,1059.5714285714287,7.0,"USGS NWIS daily discharge, parameter 00060, statistic 00003"
15272380,2006,reference,primary,2006-07-13,8.357142857142858,20.81142857142857,3145.714285714286,7.0,"USGS NWIS daily discharge, parameter 00060, statistic 00003"
15272380,2007,reference,primary,2007-06-16,8.642857142857142,21.244285714285716,2884.285714285714,7.0,"USGS NWIS daily discharge, parameter 00060, statistic 00003"
15272380,2008,reference,primary,2008-05-31,7.571428571428571,18.33857142857143,1472.857142857143,7.0,"USGS NWIS daily discharge, parameter 00060, statistic 00003"
15272380,2009,reference,primary,2009-07-03,9.357142857142858,23.41857142857143,2592.8571428571427,7.0,"USGS NWIS daily discharge, parameter 00060, statistic 00003"
15272380,2010,reference,primary,2010-05-27,8.142857142857142,19.59857142857143,1840.0,7.0,"USGS NWIS daily discharge, parameter 00060, statistic 00003"
15283700,2011,reference,primary,2011-07-10,11.142857142857142,21.525714285714283,114.34285714285714,7.0,"USGS NWIS daily discharge, parameter 00060, statistic 00003"
15283700,2013,reference,primary,2013-07-29,13.357142857142858,25.39428571428571,152.28571428571428,7.0,"USGS NWIS daily discharge, parameter 00060, statistic 00003"
15283700,2014,reference,primary,2014-08-04,11.37142857142857,21.35571428571429,124.85714285714286,7.0,"USGS NWIS daily discharge, parameter 00060, statistic 00003"
15283700,2015,reference,primary,2015-08-07,13.4,26.452857142857145,102.41428571428571,7.0,"USGS NWIS daily discharge, parameter 00060, statistic 00003"
15283700,2016,reference,primary,2016-07-18,13.528571428571427,24.12857142857143,164.0,7.0,"USGS NWIS daily discharge, parameter 00060, statistic 00003"
15283700,2017,reference,primary,2017-07-26,12.214285714285714,21.201428571428572,95.78571428571429,7.0,"USGS NWIS daily discharge, parameter 00060, statistic 00003"
15283700,2018,reference,primary,2018-08-04,11.042857142857143,24.50714285714286,183.85714285714286,7.0,"USGS NWIS daily discharge, parameter 00060, statistic 00003"
15283700,2019,reference,primary,2019-07-09,15.014285714285716,28.897142857142857,157.71428571428572,7.0,"USGS NWIS daily discharge, parameter 00060, statistic 00003"
15283700,2020,reference,primary,2020-08-04,11.014285714285714,21.915714285714284,167.0,7.0,"USGS NWIS daily discharge, parameter 00060, statistic 00003"
15283700,2021,reference,primary,2021-07-21,12.257142857142856,22.82,150.71428571428572,7.0,"USGS NWIS daily discharge, parameter 00060, statistic 00003"
15283700,2022,reference,primary,2022-07-06,12.12857142857143,24.62,246.28571428571428,7.0,"USGS NWIS daily discharge, parameter 00060, statistic 00003"
15283700,2023,reference,primary,2023-08-07,11.671428571428573,22.009999999999998,181.14285714285714,7.0,"USGS NWIS daily discharge, parameter 00060, statistic 00003"
15283700,2024,reference,primary,2024-07-25,11.185714285714285,22.857142857142858,182.57142857142858,7.0,"USGS NWIS daily discharge, parameter 00060, statistic 00003"
15284000,2018,reference,primary,2018-07-07,11.72857142857143,25.535714285714285,14814.285714285714,7.0,"USGS NWIS daily discharge, parameter 00060, statistic 00003"
15284000,2019,reference,primary,2019-06-30,11.957142857142856,29.684285714285714,18385.714285714286,7.0,"USGS NWIS daily discharge, parameter 00060, statistic 00003"
15284000,2020,reference,primary,2020-07-06,11.599999999999998,22.720000000000002,11194.285714285714,7.0,"USGS NWIS daily discharge, parameter 00060, statistic 00003"
15290000,2016,reference,primary,2016-07-18,13.214285714285714,23.124285714285712,355.57142857142856,7.0,"USGS NWIS daily discharge, parameter 00060, statistic 00003"
15290000,2017,reference,primary,2017-08-10,12.314285714285715,20.512857142857143,246.57142857142858,7.0,"USGS NWIS daily discharge, parameter 00060, statistic 00003"
15290000,2019,reference,primary,2019-07-09,15.457142857142857,28.400000000000002,299.85714285714283,7.0,"USGS NWIS daily discharge, parameter 00060, statistic 00003"
15290000,2020,reference,primary,2020-08-20,11.185714285714285,21.254285714285714,215.85714285714286,7.0,"USGS NWIS daily discharge, parameter 00060, statistic 00003"
15290000,2022,reference,primary,2022-07-06,11.657142857142857,23.597142857142853,469.85714285714283,7.0,"USGS NWIS daily discharge, parameter 00060, statistic 00003"
15290000,2023,reference,primary,2023-08-05,12.528571428571427,21.110000000000003,387.2857142857143,7.0,"USGS NWIS daily discharge, parameter 00060, statistic 00003"
15290000,2024,reference,primary,2024-07-25,11.5,22.00857142857143,321.14285714285717,7.0,"USGS NWIS daily discharge, parameter 00060, statistic 00003"
15292700,2012,reference,primary,2012-08-15,11.428571428571429,23.645714285714288,6485.714285714285,7.0,"USGS NWIS daily discharge, parameter 00060, statistic 00003"
15292700,2013,reference,primary,2013-08-02,13.5,28.52285714285714,8488.57142857143,7.0,"USGS NWIS daily discharge, parameter 00060, statistic 00003"
15292700,2014,reference,primary,2014-07-06,11.557142857142855,23.445714285714285,11385.714285714286,7.0,"USGS NWIS daily discharge, parameter 00060, statistic 00003"
15292700,2015,reference,primary,2015-06-21,14.285714285714286,27.678571428571427,6210.0,7.0,"USGS NWIS daily discharge, parameter 00060, statistic 00003"
15292700,2016,reference,primary,2016-07-17,12.299999999999999,25.492857142857144,10971.42857142857,7.0,"USGS NWIS daily discharge, parameter 00060, statistic 00003"
15292700,2017,reference,primary,2017-06-05,11.585714285714285,22.618571428571425,5415.714285714285,7.0,"USGS NWIS daily discharge, parameter 00060, statistic 00003"
15292700,2018,reference,primary,2018-07-08,12.385714285714286,25.414285714285715,10542.857142857143,7.0,"USGS NWIS daily discharge, parameter 00060, statistic 00003"
15292700,2019,reference,primary,2019-07-09,14.5,30.59857142857143,9691.42857142857,7.0,"USGS NWIS daily discharge, parameter 00060, statistic 00003"
15292700,2020,reference,primary,2020-07-09,12.757142857142856,22.795714285714286,9127.142857142857,7.0,"USGS NWIS daily discharge, parameter 00060, statistic 00003"
15292700,2021,reference,primary,2021-07-21,13.228571428571428,24.458571428571428,7642.857142857143,7.0,"USGS NWIS daily discharge, parameter 00060, statistic 00003"
15292700,2022,reference,primary,2022-07-06,12.414285714285715,25.54714285714286,9564.285714285714,7.0,"USGS NWIS daily discharge, parameter 00060, statistic 00003"
15292700,2023,reference,primary,2023-08-05,13.071428571428571,23.122857142857146,10022.857142857143,7.0,"USGS NWIS daily discharge, parameter 00060, statistic 00003"
15292700,2024,reference,primary,2024-07-25,12.571428571428571,24.419999999999998,8537.142857142857,7.0,"USGS NWIS daily discharge, parameter 00060, statistic 00003"
15294005,2015,reference,primary,2015-08-08,15.985714285714286,27.91142857142857,367.85714285714283,7.0,"USGS NWIS daily discharge, parameter 00060, statistic 00003"
15294005,2016,reference,primary,2016-07-18,16.37142857142857,25.511428571428574,459.2857142857143,7.0,"USGS NWIS daily discharge, parameter 00060, statistic 00003"
15294005,2017,reference,primary,2017-08-10,14.971428571428572,22.395714285714288,356.7142857142857,7.0,"USGS NWIS daily discharge, parameter 00060, statistic 00003"
15294005,2018,reference,primary,2018-07-25,14.214285714285714,25.908571428571427,520.4285714285714,7.0,"USGS NWIS daily discharge, parameter 00060, statistic 00003"
15294005,2019,reference,primary,2019-07-10,19.128571428571426,30.952857142857145,403.2857142857143,7.0,"USGS NWIS daily discharge, parameter 00060, statistic 00003"
15294005,2020,reference,primary,2020-08-03,13.285714285714286,23.371428571428574,454.57142857142856,7.0,"USGS NWIS daily discharge, parameter 00060, statistic 00003"
15294005,2021,reference,primary,2021-07-21,15.514285714285716,24.53857142857143,470.42857142857144,7.0,"USGS NWIS daily discharge, parameter 00060, statistic 00003"
15294005,2023,reference,primary,2023-08-06,15.471428571428572,22.988571428571426,422.57142857142856,7.0,"USGS NWIS daily discharge, parameter 00060, statistic 00003"
15294005,2024,reference,primary,2024-07-25,14.242857142857144,24.23857142857143,652.8571428571429,7.0,"USGS NWIS daily discharge, parameter 00060, statistic 00003"
15297610,1999,reference,primary,1999-08-19,12.142857142857142,14.997142857142858,204.28571428571428,7.0,"USGS NWIS daily discharge, parameter 00060, statistic 00003"
15297610,2000,reference,primary,2000-08-13,11.214285714285714,15.824285714285713,313.7142857142857,7.0,"USGS NWIS daily discharge, parameter 00060, statistic 00003"
15297610,2003,reference,primary,2003-08-05,12.428571428571429,17.544285714285714,195.0,7.0,"USGS NWIS daily discharge, parameter 00060, statistic 00003"
15297610,2004,reference,primary,2004-07-11,14.5,17.14142857142857,290.57142857142856,7.0,"USGS NWIS daily discharge, parameter 00060, statistic 00003"
15297610,2005,reference,primary,2005-08-07,12.714285714285714,15.945714285714285,235.28571428571428,7.0,"USGS NWIS daily discharge, parameter 00060, statistic 00003"
15297610,2006,reference,primary,2006-07-07,13.071428571428571,15.634285714285713,257.42857142857144,7.0,"USGS NWIS daily discharge, parameter 00060, statistic 00003"
15297610,2007,reference,primary,2007-08-12,13.357142857142858,17.90142857142857,264.42857142857144,7.0,"USGS NWIS daily discharge, parameter 00060, statistic 00003"
15297610,2008,reference,primary,2008-08-09,13.5,13.794285714285712,184.71428571428572,7.0,"USGS NWIS daily discharge, parameter 00060, statistic 00003"
15297610,2009,reference,primary,2009-07-01,12.428571428571429,15.204285714285716,189.14285714285714,7.0,"USGS NWIS daily discharge, parameter 00060, statistic 00003"
15297610,2010,reference,primary,2010-07-13,12.428571428571429,14.457142857142857,303.0,7.0,"USGS NWIS daily discharge, parameter 00060, statistic 00003"
15297610,2011,reference,primary,2011-08-17,14.285714285714286,17.012857142857143,164.28571428571428,7.0,"USGS NWIS daily discharge, parameter 00060, statistic 00003"
15297610,2012,reference,primary,2012-07-13,11.571428571428571,15.535714285714286,333.57142857142856,7.0,"USGS NWIS daily discharge, parameter 00060, statistic 00003"
15297610,2013,reference,primary,2013-07-31,13.4,17.235714285714284,291.42857142857144,7.0,"USGS NWIS daily discharge, parameter 00060, statistic 00003"
15297610,2014,reference,primary,2014-08-05,14.785714285714286,17.875714285714288,161.28571428571428,7.0,"USGS NWIS daily discharge, parameter 00060, statistic 00003"
15297610,2015,reference,primary,2015-06-19,13.985714285714286,16.19857142857143,326.0,7.0,"USGS NWIS daily discharge, parameter 00060, statistic 00003"
15297610,2016,reference,primary,2016-08-30,14.771428571428572,18.117142857142856,233.57142857142858,7.0,"USGS NWIS daily discharge, parameter 00060, statistic 00003"
15297610,2017,reference,primary,2017-07-27,14.085714285714285,15.700000000000001,222.14285714285714,7.0,"USGS NWIS daily discharge, parameter 00060, statistic 00003"
15297610,2018,reference,primary,2018-06-13,14.771428571428572,17.252857142857142,247.0,7.0,"USGS NWIS daily discharge, parameter 00060, statistic 00003"
15297610,2019,reference,primary,2019-08-18,17.5,19.54714285714286,174.57142857142858,7.0,"USGS NWIS daily discharge, parameter 00060, statistic 00003"
15297610,2020,reference,primary,2020-07-16,13.87142857142857,15.605714285714285,212.42857142857142,7.0,"USGS NWIS daily discharge, parameter 00060, statistic 00003"
15297610,2021,reference,primary,2021-07-18,14.342857142857143,16.11,232.42857142857142,7.0,"USGS NWIS daily discharge, parameter 00060, statistic 00003"
15297610,2022,reference,primary,2022-07-29,13.171428571428569,15.209999999999999,229.85714285714286,7.0,"USGS NWIS daily discharge, parameter 00060, statistic 00003"
15297610,2023,reference,primary,2023-08-01,14.157142857142857,15.195714285714285,288.7142857142857,7.0,"USGS NWIS daily discharge, parameter 00060, statistic 00003"
15297610,2024,reference,primary,2024-08-21,12.242857142857142,16.194285714285716,571.1428571428571,7.0,"USGS NWIS daily discharge, parameter 00060, statistic 00003"
15300250,2007,reference,primary,2007-08-13,12.785714285714286,23.004285714285714,131.0,7.0,"USGS NWIS daily discharge, parameter 00060, statistic 00003"
15300250,2008,reference,primary,2008-08-03,12.0,20.222857142857144,178.42857142857142,7.0,"USGS NWIS daily discharge, parameter 00060, statistic 00003"
15300250,2010,reference,primary,2010-06-25,12.142857142857142,19.12857142857143,110.39999999999999,7.0,"USGS NWIS daily discharge, parameter 00060, statistic 00003"
15300250,2011,reference,primary,2011-07-20,11.428571428571429,18.214285714285715,184.28571428571428,7.0,"USGS NWIS daily discharge, parameter 00060, statistic 00003"
15300250,2012,reference,primary,2012-08-14,12.0,20.434285714285714,199.42857142857142,7.0,"USGS NWIS daily discharge, parameter 00060, statistic 00003"
15300250,2013,reference,primary,2013-07-28,15.571428571428571,27.034285714285716,144.14285714285714,7.0,"USGS NWIS daily discharge, parameter 00060, statistic 00003"
15300250,2014,reference,primary,2014-07-08,13.928571428571429,22.69142857142857,172.28571428571428,7.0,"USGS NWIS daily discharge, parameter 00060, statistic 00003"
15300250,2015,reference,primary,2015-06-20,15.328571428571431,27.560000000000002,160.0,7.0,"USGS NWIS daily discharge, parameter 00060, statistic 00003"
15300300,2014,reference,primary,2014-08-03,13.857142857142858,22.09714285714286,470.0,7.0,"USGS NWIS daily discharge, parameter 00060, statistic 00003"
15300300,2015,reference,primary,2015-08-07,13.614285714285714,26.56857142857143,569.4285714285714,7.0,"USGS NWIS daily discharge, parameter 00060, statistic 00003"
15300300,2016,reference,primary,2016-07-21,12.928571428571429,23.935714285714287,1741.4285714285713,7.0,"USGS NWIS daily discharge, parameter 00060, statistic 00003"
15300300,2017,reference,primary,2017-07-27,13.657142857142858,21.224285714285713,704.0,7.0,"USGS NWIS daily discharge, parameter 00060, statistic 00003"
15300300,2018,reference,primary,2018-08-07,11.414285714285715,23.07428571428571,1717.142857142857,7.0,"USGS NWIS daily discharge, parameter 00060, statistic 00003"
15300300,2019,reference,primary,2019-08-17,15.5,28.444285714285716,401.7142857142857,7.0,"USGS NWIS daily discharge, parameter 00060, statistic 00003"
15300300,2020,reference,primary,2020-08-21,13.900000000000002,22.237142857142857,343.7142857142857,7.0,"USGS NWIS daily discharge, parameter 00060, statistic 00003"
15300300,2022,reference,primary,2022-08-02,11.357142857142858,23.538571428571426,778.0,7.0,"USGS NWIS daily discharge, parameter 00060, statistic 00003"
15300300,2023,reference,primary,2023-08-05,13.114285714285714,21.872857142857146,804.2857142857143,7.0,"USGS NWIS daily discharge, parameter 00060, statistic 00003"
15300300,2024,reference,primary,2024-07-25,10.814285714285713,23.24857142857143,1524.2857142857142,7.0,"USGS NWIS daily discharge, parameter 00060, statistic 00003"
15302000,2015,reference,primary,2015-08-07,18.571428571428573,26.307142857142857,9008.57142857143,7.0,"USGS NWIS daily discharge, parameter 00060, statistic 00003"
15302000,2016,reference,primary,2016-07-22,19.571428571428573,23.25857142857143,9052.857142857143,7.0,"USGS NWIS daily discharge, parameter 00060, statistic 00003"
15302000,2017,reference,primary,2017-07-26,17.571428571428573,20.98857142857143,6271.428571428572,7.0,"USGS NWIS daily discharge, parameter 00060, statistic 00003"
15302000,2018,reference,primary,2018-08-09,13.785714285714286,20.87,13000.0,7.0,"USGS NWIS daily discharge, parameter 00060, statistic 00003"
15302000,2019,reference,primary,2019-07-12,20.114285714285717,28.66142857142857,13214.285714285714,7.0,"USGS NWIS daily discharge, parameter 00060, statistic 00003"
15302000,2020,reference,primary,2020-07-28,18.74285714285714,21.885714285714283,5210.0,7.0,"USGS NWIS daily discharge, parameter 00060, statistic 00003"
15302000,2022,reference,primary,2022-08-03,15.257142857142856,23.93285714285714,7624.285714285715,7.0,"USGS NWIS daily discharge, parameter 00060, statistic 00003"
15302000,2024,reference,primary,2024-07-29,14.714285714285714,23.942857142857143,15357.142857142857,7.0,"USGS NWIS daily discharge, parameter 00060, statistic 00003"
15302200,2007,reference,primary,2007-08-13,14.5,23.16857142857143,69.85714285714286,7.0,"USGS NWIS daily discharge, parameter 00060, statistic 00003"
15302200,2008,reference,primary,2008-08-11,13.5,19.404285714285717,104.39999999999999,7.0,"USGS NWIS daily discharge, parameter 00060, statistic 00003"
15302200,2010,reference,primary,2010-06-26,12.785714285714286,18.385714285714283,122.28571428571429,7.0,"USGS NWIS daily discharge, parameter 00060, statistic 00003"
15302200,2011,reference,primary,2011-07-22,11.142857142857142,17.358571428571427,159.42857142857142,7.0,"USGS NWIS daily discharge, parameter 00060, statistic 00003"
15302200,2012,reference,primary,2012-08-15,12.428571428571429,20.11285714285714,218.71428571428572,7.0,"USGS NWIS daily discharge, parameter 00060, statistic 00003"
15302200,2013,reference,primary,2013-07-30,16.5,26.73,89.04285714285713,7.0,"USGS NWIS daily discharge, parameter 00060, statistic 00003"
15302200,2014,reference,primary,2014-07-08,14.77142857142857,22.189999999999998,114.0,7.0,"USGS NWIS daily discharge, parameter 00060, statistic 00003"
15302200,2018,reference,primary,2018-07-07,14.0,22.022857142857145,276.7142857142857,7.0,"USGS NWIS daily discharge, parameter 00060, statistic 00003"
15302200,2019,reference,primary,2019-07-10,18.728571428571428,30.282857142857143,85.31428571428572,7.0,"USGS NWIS daily discharge, parameter 00060, statistic 00003"
15302200,2020,reference,primary,2020-07-17,14.857142857142858,22.16142857142857,84.18571428571428,7.0,"USGS NWIS daily discharge, parameter 00060, statistic 00003"
15302200,2021,reference,primary,2021-07-20,14.157142857142857,21.958571428571428,182.14285714285714,7.0,"USGS NWIS daily discharge, parameter 00060, statistic 00003"
15302250,2008,reference,primary,2008-08-05,14.357142857142858,19.92142857142857,185.42857142857142,7.0,"USGS NWIS daily discharge, parameter 00060, statistic 00003"
15302250,2009,reference,primary,2009-07-12,18.428571428571427,25.224285714285713,140.85714285714286,7.0,"USGS NWIS daily discharge, parameter 00060, statistic 00003"
15302250,2010,reference,primary,2010-06-26,13.857142857142858,19.205714285714286,201.85714285714286,7.0,"USGS NWIS daily discharge, parameter 00060, statistic 00003"
15302250,2012,reference,primary,2012-08-16,14.714285714285714,20.77,191.71428571428572,7.0,"USGS NWIS daily discharge, parameter 00060, statistic 00003"
15302250,2013,reference,primary,2013-07-31,19.285714285714285,27.3,107.72857142857147,7.0,"USGS NWIS daily discharge, parameter 00060, statistic 00003"
15302250,2014,reference,primary,2014-05-17,14.571428571428571,22.627142857142854,162.28571428571428,7.0,"USGS NWIS daily discharge, parameter 00060, statistic 00003"
15302250,2019,reference,primary,2019-07-10,21.614285714285717,30.73571428571429,127.71428571428578,7.0,"USGS NWIS daily discharge, parameter 00060, statistic 00003"
15302250,2020,reference,primary,2020-07-19,17.271428571428572,22.728571428571428,68.17142857142863,7.0,"USGS NWIS daily discharge, parameter 00060, statistic 00003"
15484000,2016,reference,primary,2016-07-17,15.1,26.771428571428572,3862.8571428571427,7.0,"USGS NWIS daily discharge, parameter 00060, statistic 00003"
15484000,2017,reference,primary,2017-07-01,16.085714285714285,25.905714285714286,1634.2857142857142,7.0,"USGS NWIS daily discharge, parameter 00060, statistic 00003"
15484000,2018,reference,primary,2018-07-29,16.014285714285712,28.551428571428573,2210.0,7.0,"USGS NWIS daily discharge, parameter 00060, statistic 00003"
15484000,2019,reference,primary,2019-07-11,17.857142857142858,27.805714285714284,1055.7142857142858,7.0,"USGS NWIS daily discharge, parameter 00060, statistic 00003"
15484000,2020,reference,primary,2020-07-21,12.985714285714286,24.132857142857144,3208.5714285714284,7.0,"USGS NWIS daily discharge, parameter 00060, statistic 00003"
15484000,2021,reference,primary,2021-07-23,17.7,27.638571428571428,1111.4285714285713,7.0,"USGS NWIS daily discharge, parameter 00060, statistic 00003"
15484000,2022,reference,primary,2022-07-08,16.25714285714286,28.732857142857142,2197.1428571428573,7.0,"USGS NWIS daily discharge, parameter 00060, statistic 00003"
15484000,2023,reference,primary,2023-07-29,17.17142857142857,29.205714285714286,2162.8571428571427,7.0,"USGS NWIS daily discharge, parameter 00060, statistic 00003"
15493000,2014,reference,primary,2014-06-17,9.700000000000001,25.398571428571426,997.0,7.0,"USGS NWIS daily discharge, parameter 00060, statistic 00003"
15493000,2016,reference,primary,2016-07-16,11.72857142857143,26.99142857142857,2030.0,7.0,"USGS NWIS daily discharge, parameter 00060, statistic 00003"
15493000,2017,reference,primary,2017-07-09,12.842857142857142,26.83285714285714,935.7142857142857,7.0,"USGS NWIS daily discharge, parameter 00060, statistic 00003"
15493000,2018,reference,primary,2018-07-26,12.071428571428571,28.962857142857143,1311.4285714285713,7.0,"USGS NWIS daily discharge, parameter 00060, statistic 00003"
15493000,2023,reference,primary,2023-07-29,13.62857142857143,29.69142857142857,800.1428571428571,7.0,"USGS NWIS daily discharge, parameter 00060, statistic 00003"
15564879,2018,reference,primary,2018-07-29,13.342857142857143,24.937142857142856,74.72857142857143,7.0,"USGS NWIS daily discharge, parameter 00060, statistic 00003"
15564879,2019,reference,primary,2019-07-12,15.842857142857142,27.367142857142856,53.228571428571435,7.0,"USGS NWIS daily discharge, parameter 00060, statistic 00003"
16618000,2012,reference,primary,2012-08-27,21.800000000000004,28.534285714285716,8.745714285714286,7.0,"USGS NWIS daily discharge, parameter 00060, statistic 00003"
16618000,2018,reference,primary,2018-10-01,23.042857142857144,29.601428571428574,35.42857142857143,7.0,"USGS NWIS daily discharge, parameter 00060, statistic 00003"
16618000,2019,reference,primary,2019-09-03,22.928571428571427,30.560000000000002,21.334285714285706,7.0,"USGS NWIS daily discharge, parameter 00060, statistic 00003"
16618000,2020,reference,primary,2020-07-24,22.685714285714287,30.43857142857143,5.095714285714275,7.0,"USGS NWIS daily discharge, parameter 00060, statistic 00003"
16618000,2021,reference,primary,2021-06-06,22.6,29.345714285714283,4.515714285714274,7.0,"USGS NWIS daily discharge, parameter 00060, statistic 00003"
16618000,2022,reference,primary,2022-08-13,22.74285714285714,29.622857142857146,4.198571428571417,7.0,"USGS NWIS daily discharge, parameter 00060, statistic 00003"
16618000,2023,reference,primary,2023-08-22,23.02857142857143,29.007142857142856,8.285714285714272,7.0,"USGS NWIS daily discharge, parameter 00060, statistic 00003"
16618000,2024,reference,primary,2024-09-05,22.942857142857147,29.208571428571425,17.889999999999983,7.0,"USGS NWIS daily discharge, parameter 00060, statistic 00003"
