site_no,year,tier,D18,D22,D26,air_mwmt7
01091000,2012,tailwater,,,,32.63142857142857
01091000,2013,tailwater,123.0,74.0,26.0,33.04571428571428
01091000,2014,tailwater,115.0,76.0,21.0,29.96
01091000,2015,tailwater,140.0,97.0,54.0,31.154285714285713
01091000,2016,tailwater,138.0,111.0,75.0,32.744285714285716
01091000,2017,tailwater,119.0,74.0,17.0,30.664285714285718
01091000,2018,tailwater,129.0,87.0,44.0,33.36714285714286
01091000,2019,tailwater,128.0,82.0,42.0,30.71857142857143
01091000,2020,tailwater,134.0,110.0,67.0,31.835714285714285
01091000,2021,tailwater,130.0,67.0,26.0,30.464285714285715
01091000,2022,tailwater,,,,33.448571428571434
01091000,2023,tailwater,122.0,69.0,12.0,30.934285714285714
01091000,2024,tailwater,136.0,103.0,45.0,32.66
01095220,1998,tailwater,,,,30.60571428571429
01095220,1999,tailwater,119.0,57.0,2.0,31.747142857142855
01095220,2000,tailwater,93.0,9.0,0.0,28.731428571428573
01095220,2001,tailwater,104.0,32.0,0.0,32.245714285714286
01095220,2002,tailwater,102.0,37.0,2.0,34.35
01095220,2003,tailwater,90.0,47.0,0.0,31.02
01095220,2004,tailwater,91.0,2.0,0.0,29.29
01095220,2005,tailwater,95.0,43.0,0.0,31.56714285714286
01095220,2006,tailwater,86.0,34.0,3.0,32.17285714285715
01095220,2007,tailwater,108.0,31.0,0.0,30.78
01095220,2008,tailwater,105.0,28.0,0.0,31.461428571428574
01095220,2009,tailwater,83.0,16.0,0.0,32.244285714285716
01095220,2010,tailwater,113.0,52.0,0.0,33.621428571428574
01095220,2011,tailwater,116.0,52.0,0.0,33.03428571428571
01095220,2012,tailwater,124.0,66.0,1.0,32.924285714285716
01095220,2013,tailwater,104.0,46.0,6.0,33.67
01095220,2014,tailwater,109.0,51.0,0.0,30.34142857142857
01095220,2015,tailwater,130.0,64.0,0.0,31.164285714285715
01095220,2016,tailwater,122.0,65.0,3.0,34.03
01095220,2017,tailwater,99.0,38.0,0.0,31.065714285714286
01095220,2018,tailwater,116.0,49.0,3.0,33.50571428571429
01095220,2019,tailwater,102.0,45.0,1.0,31.13285714285714
01095220,2020,tailwater,113.0,56.0,1.0,32.38
01095220,2021,tailwater,119.0,31.0,1.0,30.81857142857143
01095220,2022,tailwater,121.0,46.0,3.0,34.324285714285715
01095220,2023,tailwater,106.0,23.0,0.0,31.080000000000002
01095220,2024,tailwater,114.0,44.0,1.0,32.15857142857143
01095375,1997,tailwater,,,,30.33285714285714
01095375,1998,tailwater,,,,30.15857142857143
01095375,1999,tailwater,90.0,54.0,8.0,31.381428571428575
01095375,2000,tailwater,94.0,19.0,0.0,28.41571428571429
01095375,2001,tailwater,120.0,67.0,10.0,31.91428571428571
01095375,2002,tailwater,120.0,59.0,18.0,33.901428571428575
01095375,2003,tailwater,93.0,48.0,1.0,30.669999999999998
01095375,2004,tailwater,114.0,21.0,0.0,28.985714285714284
01095375,2005,tailwater,112.0,57.0,2.0,31.264285714285712
01095375,2006,tailwater,99.0,55.0,6.0,31.808571428571423
01095375,2007,tailwater,123.0,48.0,2.0,30.47142857142857
01095375,2008,tailwater,113.0,48.0,5.0,31.055714285714284
01095375,2009,tailwater,117.0,49.0,8.0,31.729999999999997
01095375,2010,tailwater,127.0,83.0,24.0,33.16571428571428
01095375,2011,tailwater,125.0,77.0,17.0,32.50142857142857
01095375,2012,tailwater,134.0,99.0,47.0,32.45
01095375,2013,tailwater,118.0,64.0,12.0,33.222857142857144
01095375,2014,tailwater,102.0,51.0,2.0,29.858571428571427
01095375,2015,tailwater,133.0,75.0,3.0,30.701428571428572
01095375,2016,tailwater,,,,33.46857142857143
01095375,2017,tailwater,109.0,51.0,2.0,30.718571428571433
01095375,2018,tailwater,124.0,66.0,16.0,33.160000000000004
01095375,2019,tailwater,110.0,55.0,6.0,30.802857142857142
01095375,2020,tailwater,113.0,67.0,15.0,31.998571428571427
01095375,2021,tailwater,126.0,49.0,2.0,30.437142857142856
01095375,2022,tailwater,129.0,69.0,17.0,33.87714285714286
01095375,2023,tailwater,121.0,56.0,2.0,30.76571428571429
01095375,2024,tailwater,127.0,64.0,14.0,31.731428571428573
01095434,2012,tailwater,,,,32.74
01095434,2013,tailwater,68.0,3.0,0.0,33.56
01095434,2014,tailwater,,,,30.169999999999998
01095434,2015,tailwater,79.0,1.0,0.0,31.1
01095434,2016,tailwater,70.0,0.0,0.0,33.910000000000004
01095434,2017,tailwater,,,,30.96142857142857
01095434,2018,tailwater,95.0,8.0,0.0,33.33
01095434,2019,tailwater,66.0,3.0,0.0,31.065714285714282
01095434,2020,tailwater,67.0,1.0,0.0,32.28285714285715
01095434,2021,tailwater,39.0,2.0,0.0,30.664285714285715
01095434,2022,tailwater,68.0,4.0,0.0,34.21
01095434,2023,tailwater,65.0,3.0,0.0,31.055714285714284
01095434,2024,tailwater,58.0,3.0,0.0,32.01428571428571
01104370,2010,tailwater,83.0,5.0,0.0,34.13428571428572
01104370,2011,tailwater,106.0,4.0,0.0,33.52571428571429
01104370,2012,tailwater,88.0,5.0,0.0,33.065714285714286
01104370,2013,tailwater,75.0,15.0,0.0,34.20428571428572
01104370,2014,tailwater,73.0,3.0,0.0,30.549999999999994
01104370,2015,tailwater,83.0,0.0,0.0,32.20285714285715
01104370,2016,tailwater,75.0,0.0,0.0,35.441428571428574
01104370,2017,tailwater,65.0,1.0,0.0,31.479999999999997
01104370,2018,tailwater,87.0,16.0,0.0,33.995714285714286
01104370,2019,tailwater,82.0,8.0,0.0,32.63857142857143
01104370,2020,tailwater,82.0,9.0,0.0,33.21714285714285
01104370,2021,tailwater,100.0,16.0,0.0,31.32857142857143
01104370,2022,tailwater,97.0,12.0,0.0,35.589999999999996
01104370,2023,tailwater,88.0,14.0,0.0,31.608571428571427
01104370,2024,tailwater,83.0,18.0,0.0,32.68571428571429
01104415,1998,tailwater,,,,31.27
01104415,2005,tailwater,95.0,8.0,0.0,31.685714285714287
01104415,2006,tailwater,67.0,9.0,0.0,32.16142857142857
01104415,2007,tailwater,68.0,9.0,1.0,31.315714285714286
01104415,2008,tailwater,76.0,7.0,0.0,31.632857142857144
01104415,2009,tailwater,80.0,16.0,1.0,32.364285714285714
01104415,2010,tailwater,80.0,8.0,1.0,34.15428571428571
01104415,2011,tailwater,93.0,8.0,0.0,33.44857142857143
01104415,2012,tailwater,67.0,10.0,0.0,32.995714285714286
01104415,2013,tailwater,70.0,5.0,0.0,34.082857142857144
01104415,2014,tailwater,64.0,12.0,0.0,30.47714285714286
01104415,2015,tailwater,87.0,19.0,0.0,31.99857142857143
01104415,2016,tailwater,,,,35.17142857142857
01104415,2017,tailwater,97.0,4.0,1.0,31.42428571428572
01104415,2018,tailwater,96.0,31.0,2.0,33.82
01104415,2019,tailwater,83.0,11.0,0.0,32.25857142857143
01104415,2020,tailwater,104.0,34.0,0.0,32.832857142857144
01104415,2021,tailwater,73.0,7.0,0.0,31.184285714285718
01104415,2022,tailwater,,,,35.34142857142857
01104415,2023,tailwater,87.0,6.0,0.0,31.31142857142857
01104415,2024,tailwater,89.0,16.0,0.0,32.49857142857143
01104420,2012,tailwater,,,,32.970000000000006
01104420,2013,tailwater,84.0,14.0,0.0,34.04714285714285
01104420,2014,tailwater,80.0,6.0,0.0,30.43285714285714
01104420,2015,tailwater,107.0,4.0,0.0,31.997142857142855
01104420,2016,tailwater,89.0,26.0,0.0,35.26285714285714
01104420,2017,tailwater,,,,31.42285714285714
01104420,2018,tailwater,83.0,31.0,0.0,33.85
01104420,2019,tailwater,93.0,14.0,0.0,32.37285714285714
01104420,2020,tailwater,100.0,10.0,0.0,32.91428571428571
01104420,2021,tailwater,104.0,19.0,0.0,31.18
01104420,2022,tailwater,86.0,5.0,0.0,35.40571428571429
01104420,2023,tailwater,87.0,18.0,0.0,31.365714285714287
01104420,2024,tailwater,97.0,13.0,0.0,32.497142857142855
01104430,1998,tailwater,112.0,36.0,0.0,31.247142857142858
01104430,1999,tailwater,,,,32.497142857142855
01104430,2000,tailwater,,,,29.104285714285712
01104430,2002,tailwater,118.0,55.0,1.0,35.387142857142855
01104430,2003,tailwater,90.0,21.0,0.0,31.147142857142857
01104430,2004,tailwater,136.0,51.0,0.0,29.032857142857143
01104430,2005,tailwater,100.0,64.0,1.0,31.650000000000002
01104430,2006,tailwater,69.0,0.0,0.0,32.08
01104430,2007,tailwater,112.0,36.0,0.0,31.264285714285712
01104430,2008,tailwater,121.0,52.0,1.0,31.638571428571428
01104430,2009,tailwater,117.0,22.0,0.0,32.325714285714284
01104430,2010,tailwater,130.0,64.0,0.0,34.13285714285714
01104430,2011,tailwater,114.0,58.0,0.0,33.35285714285714
01104430,2012,tailwater,119.0,83.0,12.0,33.005714285714284
01104430,2013,tailwater,123.0,38.0,0.0,34.03
01104430,2014,tailwater,112.0,70.0,0.0,30.395714285714288
01104430,2015,tailwater,114.0,78.0,2.0,32.042857142857144
01104430,2016,tailwater,124.0,95.0,28.0,35.36857142857143
01104430,2017,tailwater,141.0,65.0,0.0,31.390000000000004
01104430,2018,tailwater,124.0,76.0,7.0,33.81
01104430,2019,tailwater,101.0,47.0,0.0,32.371428571428574
01104430,2020,tailwater,101.0,59.0,2.0,32.98142857142857
01104430,2021,tailwater,122.0,12.0,0.0,31.11285714285714
01104430,2022,tailwater,93.0,56.0,3.0,35.417142857142856
01104430,2023,tailwater,103.0,38.0,0.0,31.384285714285713
01104430,2024,tailwater,120.0,40.0,0.0,32.43714285714286
01104455,2003,tailwater,26.0,11.0,3.0,31.252857142857145
01104455,2004,tailwater,32.0,11.0,1.0,29.23
01104455,2005,tailwater,,,,31.888571428571428
01104455,2006,tailwater,,,,32.33
01104455,2007,tailwater,20.0,6.0,1.0,31.375714285714285
01104455,2008,tailwater,39.0,18.0,3.0,31.835714285714285
01104455,2009,tailwater,19.0,3.0,0.0,32.339999999999996
01104455,2010,tailwater,26.0,11.0,2.0,34.08571428571428
01104455,2011,tailwater,35.0,9.0,0.0,33.6
01104455,2012,tailwater,28.0,11.0,0.0,33.06285714285714
01104455,2013,tailwater,126.0,70.0,10.0,34.285714285714285
01104455,2014,tailwater,119.0,47.0,3.0,30.63
01104455,2015,tailwater,120.0,60.0,4.0,32.247142857142855
01104455,2016,tailwater,117.0,78.0,23.0,35.424285714285716
01104455,2017,tailwater,96.0,6.0,1.0,31.518571428571427
01104455,2018,tailwater,90.0,17.0,1.0,34.097142857142856
01104455,2019,tailwater,65.0,15.0,1.0,32.77571428571428
01104455,2020,tailwater,37.0,17.0,0.0,33.32714285714286
01104455,2021,tailwater,54.0,8.0,0.0,31.445714285714285
01104455,2022,tailwater,76.0,16.0,6.0,35.675714285714285
01104455,2023,tailwater,52.0,11.0,1.0,31.722857142857144
01104455,2024,tailwater,26.0,8.0,1.0,32.824285714285715
01104460,1998,tailwater,,,,31.400000000000002
01104460,2002,tailwater,,,,35.48714285714286
01104460,2003,tailwater,99.0,21.0,0.0,31.175714285714285
01104460,2004,tailwater,108.0,16.0,0.0,29.110000000000003
01104460,2005,tailwater,,,,31.78857142857143
01104460,2006,tailwater,86.0,11.0,0.0,32.22428571428571
01104460,2007,tailwater,113.0,20.0,0.0,31.282857142857146
01104460,2008,tailwater,101.0,17.0,0.0,31.74285714285714
01104460,2009,tailwater,83.0,12.0,0.0,32.277142857142856
01104460,2010,tailwater,127.0,46.0,0.0,34.02571428571429
01104460,2011,tailwater,119.0,41.0,0.0,33.45285714285715
01104460,2012,tailwater,105.0,56.0,0.0,32.99714285714286
01104460,2013,tailwater,104.0,27.0,0.0,34.152857142857144
01104460,2014,tailwater,109.0,40.0,0.0,30.54
01104460,2015,tailwater,120.0,69.0,0.0,32.137142857142855
01104460,2016,tailwater,118.0,73.0,6.0,35.354285714285716
01104460,2017,tailwater,120.0,21.0,0.0,31.465714285714284
01104460,2018,tailwater,106.0,60.0,0.0,33.988571428571426
01104460,2019,tailwater,104.0,36.0,0.0,32.59428571428571
01104460,2020,tailwater,116.0,45.0,0.0,33.215714285714284
01104460,2021,tailwater,113.0,21.0,0.0,31.307142857142857
01104460,2022,tailwater,116.0,52.0,3.0,35.589999999999996
01104460,2023,tailwater,99.0,19.0,0.0,31.60571428571428
01104460,2024,tailwater,125.0,32.0,0.0,32.66142857142857
01104475,2004,tailwater,47.0,2.0,0.0,29.194285714285716
01104475,2005,tailwater,43.0,2.0,0.0,31.884285714285713
01104475,2006,tailwater,85.0,12.0,0.0,32.309999999999995
01104475,2007,tailwater,71.0,1.0,0.0,31.337142857142858
01104475,2008,tailwater,103.0,18.0,0.0,31.808571428571433
01104475,2009,tailwater,74.0,7.0,0.0,32.30142857142857
01104475,2010,tailwater,90.0,3.0,0.0,34.02
01104475,2011,tailwater,94.0,4.0,0.0,33.53857142857142
01104475,2012,tailwater,59.0,5.0,0.0,33.02571428571429
01104475,2013,tailwater,59.0,6.0,0.0,34.24142857142857
01104475,2014,tailwater,55.0,3.0,0.0,30.634285714285713
01104475,2015,tailwater,81.0,5.0,0.0,32.214285714285715
01104475,2016,tailwater,74.0,1.0,0.0,35.348571428571425
01104475,2017,tailwater,62.0,1.0,0.0,31.495714285714286
01104475,2018,tailwater,90.0,12.0,0.0,34.05428571428571
01104475,2019,tailwater,87.0,12.0,0.0,32.68142857142857
01104475,2020,tailwater,79.0,14.0,0.0,33.277142857142856
01104475,2021,tailwater,112.0,12.0,0.0,31.38
01104475,2022,tailwater,61.0,4.0,1.0,35.64857142857143
01104475,2023,tailwater,102.0,28.0,0.0,31.707142857142856
01104475,2024,tailwater,67.0,2.0,0.0,32.77428571428571
01104480,2001,tailwater,,,,32.37571428571429
01104480,2002,tailwater,,,,35.55285714285714
01104480,2008,tailwater,,,,31.808571428571433
01104480,2009,tailwater,131.0,40.0,9.0,32.30142857142857
01104480,2010,tailwater,141.0,87.0,27.0,34.02
01104480,2011,tailwater,131.0,80.0,10.0,33.53857142857142
01104480,2012,tailwater,136.0,93.0,34.0,33.02571428571429
01104480,2013,tailwater,138.0,73.0,10.0,34.24142857142857
01104480,2014,tailwater,117.0,89.0,19.0,30.634285714285713
01104480,2015,tailwater,149.0,105.0,33.0,32.214285714285715
01104480,2016,tailwater,,,,35.348571428571425
01170100,2016,reference,117.0,68.0,5.0,31.321428571428573
01170100,2017,reference,87.0,7.0,0.0,28.842857142857145
01170100,2018,reference,100.0,33.0,6.0,32.41857142857143
01170100,2019,reference,85.0,42.0,3.0,29.458571428571428
01170100,2020,reference,107.0,58.0,12.0,30.51571428571429
01170100,2021,reference,90.0,20.0,3.0,29.664285714285715
01170100,2022,reference,117.0,63.0,9.0,32.212857142857146
01170100,2023,reference,,,,29.697142857142858
01170100,2024,reference,,,,30.607142857142858
01193500,1985,reference,,,,30.075714285714287
01193500,1986,reference,123.0,71.0,16.0,29.805714285714288
01193500,1987,reference,126.0,75.0,30.0,31.652857142857147
01193500,1988,reference,,,,32.75714285714285
01193500,1989,reference,106.0,36.0,10.0,30.927142857142858
01193500,1990,reference,,,,30.77
01193500,1991,reference,115.0,60.0,13.0,35.144285714285715
01193500,1992,reference,98.0,31.0,0.0,29.307142857142853
01193500,2014,reference,110.0,68.0,8.0,29.181428571428572
01193500,2015,reference,131.0,85.0,16.0,30.821428571428573
01193500,2016,reference,127.0,100.0,44.0,32.36714285714286
01193500,2017,reference,111.0,58.0,5.0,30.199999999999996
01193500,2018,reference,126.0,79.0,25.0,32.151428571428575
01193500,2019,reference,110.0,57.0,9.0,31.150000000000002
01435000,2012,reference,,,,30.078571428571426
01435000,2013,reference,59.0,3.0,0.0,31.247142857142855
01435000,2014,reference,39.0,0.0,0.0,27.59714285714286
01435000,2015,reference,65.0,0.0,0.0,28.675714285714285
01435000,2016,reference,94.0,0.0,0.0,28.81857142857143
01435000,2017,reference,35.0,0.0,0.0,28.03714285714286
01435000,2018,reference,54.0,5.0,0.0,30.49
01435000,2019,reference,77.0,5.0,0.0,29.027142857142856
01435000,2020,reference,0.0,0.0,0.0,29.101428571428574
01435000,2021,reference,4.0,0.0,0.0,28.291428571428575
01435000,2022,reference,0.0,0.0,0.0,30.28857142857143
01435000,2023,reference,0.0,0.0,0.0,28.451428571428572
01435000,2024,reference,0.0,0.0,0.0,29.952857142857145
01466500,1985,reference,,,,32.777142857142856
01466500,1986,reference,0.0,0.0,0.0,32.40428571428571
01466500,1987,reference,10.0,0.0,0.0,34.18285714285714
01466500,1988,reference,0.0,0.0,0.0,34.63142857142857
01466500,1989,reference,,,,32.251428571428576
01466500,1990,reference,17.0,0.0,0.0,32.11857142857143
01466500,1991,reference,37.0,0.0,0.0,35.285714285714285
01466500,1992,reference,,,,32.88
01466500,2012,reference,,,,33.738571428571426
01466500,2013,reference,58.0,4.0,0.0,33.71857142857143
01466500,2014,reference,5.0,0.0,0.0,30.975714285714282
01466500,2015,reference,1.0,0.0,0.0,31.764285714285716
01466500,2016,reference,40.0,0.0,0.0,33.68714285714286
01466500,2017,reference,0.0,0.0,0.0,32.152857142857144
01466500,2018,reference,0.0,0.0,0.0,34.13428571428572
01466500,2019,reference,42.0,0.0,0.0,34.08
01466500,2020,reference,3.0,0.0,0.0,33.15714285714286
01466500,2021,reference,42.0,0.0,0.0,31.97142857142857
01466500,2022,reference,0.0,0.0,0.0,34.987142857142864
01466500,2023,reference,4.0,0.0,0.0,33.14857142857143
01466500,2024,reference,0.0,0.0,0.0,32.49571428571428
01544500,2011,reference,103.0,73.0,25.0,34.68
01544500,2012,reference,101.0,73.0,19.0,31.139999999999997
01544500,2013,reference,95.0,38.0,8.0,31.45285714285714
01544500,2014,reference,79.0,15.0,0.0,28.437142857142856
01544500,2015,reference,102.0,22.0,0.0,29.434285714285714
01544500,2016,reference,119.0,92.0,41.0,32.05428571428571
01544500,2017,reference,102.0,48.0,4.0,29.497142857142855
01544500,2018,reference,74.0,33.0,2.0,30.518571428571427
01544500,2019,reference,,,,29.837142857142858
01544500,2020,reference,106.0,76.0,25.0,30.824285714285715
01544500,2021,reference,76.0,18.0,4.0,29.967142857142854
01544500,2022,reference,113.0,76.0,17.0,30.812857142857144
01544500,2023,reference,96.0,44.0,0.0,29.274285714285718
01544500,2024,reference,80.0,41.0,6.0,31.45428571428571
01545600,2012,reference,,,,31.535714285714285
01545600,2013,reference,53.0,1.0,0.0,31.774285714285718
01545600,2014,reference,32.0,0.0,0.0,28.75857142857143
01545600,2015,reference,32.0,0.0,0.0,29.648571428571426
01545600,2016,reference,91.0,32.0,0.0,32.55285714285714
01545600,2017,reference,36.0,0.0,0.0,29.768571428571427
01545600,2018,reference,37.0,1.0,0.0,30.965714285714284
01545600,2019,reference,21.0,0.0,0.0,30.32428571428571
01545600,2020,reference,82.0,25.0,0.0,31.104285714285716
01545600,2021,reference,57.0,3.0,0.0,30.07857142857143
01545600,2022,reference,,,,31.294285714285714
01545600,2023,reference,65.0,0.0,0.0,29.557142857142853
01545600,2024,reference,,,,31.774285714285718
01596500,2013,reference,83.0,6.0,0.0,30.79
01596500,2014,reference,80.0,11.0,0.0,28.62
01596500,2015,reference,85.0,14.0,0.0,29.58571428571429
01596500,2016,reference,104.0,45.0,1.0,31.305714285714284
01596500,2017,reference,77.0,6.0,0.0,29.391428571428573
01596500,2018,reference,76.0,4.0,0.0,30.71
01596500,2019,reference,94.0,17.0,0.0,30.900000000000002
01596500,2020,reference,91.0,39.0,0.0,31.88714285714286
01596500,2021,reference,102.0,43.0,0.0,31.31142857142857
01596500,2022,reference,,,,30.33857142857143
01596500,2023,reference,89.0,35.0,1.0,29.494285714285713
01596500,2024,reference,113.0,56.0,1.0,32.44285714285714
01611500,2007,reference,,,,33.644285714285715
01611500,2008,reference,,,,33.39142857142857
01611500,2009,reference,137.0,107.0,49.0,32.47571428571429
01611500,2010,reference,151.0,120.0,87.0,35.43571428571428
01611500,2011,reference,139.0,110.0,66.0,35.58428571428571
01611500,2012,reference,149.0,105.0,51.0,35.34142857142857
01611500,2013,reference,154.0,109.0,45.0,34.17285714285714
01611500,2014,reference,146.0,112.0,57.0,31.73714285714286
01611500,2015,reference,152.0,125.0,73.0,32.17
01611500,2016,reference,155.0,123.0,70.0,34.42142857142857
01611500,2017,reference,166.0,112.0,61.0,32.722857142857144
01611500,2018,reference,152.0,96.0,30.0,33.48
01611500,2019,reference,155.0,132.0,70.0,34.55
01611500,2020,reference,140.0,112.0,70.0,34.44714285714286
01611500,2021,reference,161.0,118.0,76.0,34.815714285714286
01611500,2022,reference,144.0,120.0,83.0,33.63428571428572
01611500,2023,reference,162.0,118.0,75.0,33.27428571428572
01611500,2024,reference,165.0,130.0,71.0,35.12571428571429
01632900,2007,reference,,,,33.32857142857143
01632900,2008,reference,,,,33.144285714285715
01632900,2010,reference,,,,34.80285714285714
01632900,2011,reference,126.0,76.0,7.0,34.598571428571425
01632900,2012,reference,150.0,76.0,7.0,35.67
01632900,2013,reference,134.0,62.0,0.0,32.61714285714286
01632900,2014,reference,132.0,61.0,0.0,31.53
01632900,2015,reference,138.0,86.0,0.0,31.747142857142858
01632900,2016,reference,143.0,68.0,5.0,33.99
01632900,2017,reference,151.0,70.0,0.0,32.917142857142856
01632900,2018,reference,153.0,54.0,0.0,32.67
01632900,2019,reference,154.0,85.0,4.0,33.32142857142857
01632900,2020,reference,126.0,86.0,11.0,33.69571428571429
01632900,2021,reference,145.0,82.0,2.0,33.68142857142857
01632900,2022,reference,140.0,85.0,2.0,32.50285714285714
01632900,2023,reference,148.0,79.0,4.0,33.59285714285714
01632900,2024,reference,158.0,83.0,27.0,34.56
02011400,1985,reference,104.0,37.0,0.0,31.044285714285714
02011400,1986,reference,122.0,57.0,4.0,32.54714285714285
02011400,1987,reference,123.0,71.0,3.0,33.77285714285715
02011400,1988,reference,97.0,58.0,9.0,34.21142857142858
02011400,1989,reference,101.0,22.0,0.0,30.645714285714288
02011400,1990,reference,106.0,61.0,0.0,31.074285714285715
02011400,1991,reference,127.0,72.0,0.0,31.560000000000002
02011400,1992,reference,97.0,45.0,0.0,30.744285714285716
02011400,1993,reference,120.0,85.0,8.0,32.392857142857146
02011400,1994,reference,124.0,62.0,3.0,31.245714285714286
02011400,1995,reference,118.0,55.0,9.0,32.26428571428571
02011400,1996,reference,88.0,29.0,0.0,30.34714285714286
02011400,1997,reference,102.0,57.0,0.0,31.48857142857143
02011400,1998,reference,130.0,73.0,0.0,30.934285714285714
02011400,1999,reference,130.0,64.0,7.0,32.778571428571425
02011400,2000,reference,123.0,43.0,0.0,30.217142857142854
02011400,2001,reference,111.0,56.0,0.0,30.464285714285715
02011400,2002,reference,130.0,77.0,2.0,31.707142857142856
02011400,2003,reference,,,,30.08285714285714
02011400,2007,reference,138.0,73.0,11.0,32.26857142857143
02011400,2008,reference,119.0,76.0,0.0,31.72714285714286
02011400,2009,reference,117.0,49.0,0.0,28.764285714285712
02011400,2010,reference,132.0,78.0,7.0,32.89714285714286
02011400,2011,reference,118.0,72.0,13.0,32.71
02011400,2012,reference,116.0,74.0,10.0,33.807142857142864
02011400,2013,reference,120.0,43.0,0.0,30.184285714285714
02011400,2014,reference,127.0,62.0,0.0,29.240000000000002
02011400,2015,reference,121.0,65.0,0.0,29.631428571428568
02011400,2016,reference,120.0,58.0,7.0,31.85
02011400,2017,reference,,,,30.987142857142857
02011400,2018,reference,136.0,68.0,1.0,30.822857142857142
02011400,2019,reference,142.0,67.0,1.0,30.99142857142857
02011400,2020,reference,93.0,50.0,1.0,31.291428571428572
02011400,2021,reference,136.0,78.0,5.0,31.44142857142857
02011460,1985,reference,118.0,46.0,1.0,29.857142857142858
02011460,1986,reference,133.0,64.0,1.0,31.12
02011460,1987,reference,124.0,71.0,4.0,32.44857142857143
02011460,1988,reference,115.0,67.0,9.0,33.01714285714286
02011460,1989,reference,97.0,35.0,0.0,29.345714285714287
02011460,1990,reference,94.0,54.0,0.0,29.462857142857143
02011460,1991,reference,127.0,83.0,3.0,29.937142857142856
02011460,1992,reference,97.0,41.0,1.0,29.055714285714284
02011460,1993,reference,118.0,76.0,12.0,31.23142857142857
02011460,1994,reference,119.0,46.0,6.0,30.06
02011460,1995,reference,,,,30.84
02038850,2015,reference,135.0,47.0,0.0,32.98142857142857
02038850,2016,reference,,,,35.317142857142855
02038850,2017,reference,136.0,30.0,0.0,34.392857142857146
02038850,2018,reference,164.0,65.0,0.0,32.45428571428572
02038850,2019,reference,156.0,80.0,1.0,34.504285714285714
02038850,2020,reference,128.0,82.0,9.0,34.67285714285714
02038850,2021,reference,147.0,70.0,4.0,33.63285714285714
02038850,2022,reference,147.0,82.0,5.0,33.642857142857146
02038850,2023,reference,147.0,59.0,1.0,32.85142857142857
02038850,2024,reference,138.0,66.0,8.0,34.79714285714286
02077200,1985,reference,181.0,106.0,22.0,33.808571428571426
02077200,1986,reference,,,,36.02428571428571
02077200,1987,reference,,,,36.60142857142857
02077200,1988,reference,137.0,76.0,34.0,36.392857142857146
02077200,1989,reference,149.0,108.0,12.0,33.76
02077200,1990,reference,147.0,92.0,26.0,35.510000000000005
02077200,1991,reference,148.0,108.0,47.0,35.11142857142857
02077200,1992,reference,151.0,78.0,13.0,35.222857142857144
02077200,1993,reference,,,,36.19714285714286
02077200,1994,reference,150.0,93.0,13.0,34.0
02077200,1995,reference,,,,34.81142857142857
02077200,1996,reference,,,,33.47571428571428
02077200,1997,reference,,,,34.544285714285714
02077200,1998,reference,148.0,107.0,13.0,35.61857142857143
02077200,1999,reference,,,,35.36
02077200,2000,reference,152.0,110.0,14.0,33.38428571428572
02077200,2001,reference,,,,33.74
02077200,2002,reference,,,,35.16285714285714
02077200,2003,reference,160.0,89.0,25.0,32.962857142857146
02077200,2004,reference,180.0,137.0,32.0,33.52571428571429
02077200,2005,reference,160.0,108.0,36.0,35.011428571428574
02077200,2006,reference,176.0,108.0,44.0,34.69
02077200,2007,reference,,,,37.037142857142854
02077200,2008,reference,138.0,84.0,42.0,35.82857142857143
02077200,2009,reference,169.0,122.0,25.0,33.317142857142855
02077200,2010,reference,,,,35.90571428571429
02077200,2011,reference,,,,35.97714285714285
02077200,2012,reference,169.0,90.0,22.0,37.457142857142856
02077200,2013,reference,164.0,100.0,10.0,32.78857142857142
02077200,2014,reference,169.0,106.0,7.0,33.36571428571428
02077200,2015,reference,143.0,103.0,36.0,34.3
02077200,2016,reference,185.0,126.0,39.0,35.38428571428572
02077200,2017,reference,179.0,126.0,41.0,34.26
02077200,2018,reference,171.0,139.0,26.0,33.894285714285715
02077200,2019,reference,179.0,128.0,33.0,35.675714285714285
02077200,2020,reference,153.0,95.0,44.0,35.137142857142855
02077200,2021,reference,172.0,104.0,22.0,34.25142857142857
02077200,2022,reference,157.0,110.0,27.0,33.67285714285715
02077200,2023,reference,161.0,73.0,11.0,33.864285714285714
02077200,2024,reference,172.0,106.0,18.0,35.002857142857145
02079500,2004,tailwater,,,,33.355714285714285
02079500,2005,tailwater,139.0,69.0,0.0,35.854285714285716
02079500,2006,tailwater,,,,35.61
02079500,2007,tailwater,131.0,66.0,1.0,37.778571428571425
02079500,2008,tailwater,,,,36.10142857142857
02079500,2009,tailwater,144.0,105.0,1.0,33.03285714285714
02079500,2010,tailwater,160.0,88.0,5.0,36.70714285714286
02079500,2011,tailwater,152.0,81.0,0.0,36.61142857142857
02079500,2012,tailwater,149.0,82.0,0.0,37.69142857142857
02079500,2013,tailwater,142.0,96.0,3.0,33.26285714285714
02079500,2014,tailwater,154.0,73.0,0.0,33.107142857142854
02079500,2015,tailwater,124.0,63.0,0.0,34.432857142857145
02079500,2016,tailwater,171.0,92.0,25.0,35.488571428571426
02079500,2017,tailwater,170.0,117.0,1.0,35.277142857142856
02079500,2018,tailwater,152.0,105.0,28.0,34.44714285714286
02079500,2019,tailwater,165.0,120.0,15.0,35.93857142857143
02079500,2020,tailwater,153.0,74.0,13.0,35.93571428571429
02079500,2021,tailwater,154.0,94.0,15.0,34.22428571428571
02079500,2022,tailwater,163.0,78.0,2.0,33.90571428571429
02079500,2023,tailwater,161.0,87.0,0.0,34.15714285714286
02079500,2024,tailwater,174.0,96.0,20.0,35.01714285714286
02110500,2007,reference,,,,35.35
02110500,2008,reference,191.0,138.0,107.0,34.097142857142856
02110500,2009,reference,191.0,147.0,90.0,33.39142857142857
02110500,2010,reference,199.0,155.0,129.0,34.3
02110500,2011,reference,209.0,160.0,102.0,34.54857142857143
02110500,2012,reference,211.0,142.0,78.0,35.222857142857144
02110500,2013,reference,193.0,149.0,28.0,32.48428571428572
02110500,2014,reference,192.0,141.0,71.0,33.12428571428571
02110500,2015,reference,211.0,141.0,106.0,35.54714285714286
02110500,2016,reference,218.0,147.0,93.0,35.00857142857143
02110500,2017,reference,214.0,162.0,72.0,33.7
02110500,2018,reference,168.0,131.0,102.0,33.357142857142854
02110500,2019,reference,209.0,166.0,118.0,34.77285714285714
02110500,2020,reference,232.0,140.0,81.0,33.19714285714286
02110500,2021,reference,220.0,174.0,120.0,31.892857142857142
02110500,2022,reference,235.0,158.0,134.0,33.75142857142857
02110500,2023,reference,232.0,147.0,93.0,33.68
02110500,2024,reference,218.0,164.0,91.0,33.332857142857144
02129375,2017,upstream,,,,35.14
02129375,2018,upstream,,,,36.59285714285714
02129375,2019,upstream,,,,36.52428571428572
02129375,2020,upstream,,,,34.70714285714286
02129375,2021,upstream,,,,34.57285714285714
02129375,2022,upstream,,,,35.16285714285714
02129375,2023,upstream,,,,35.34428571428571
02129375,2024,upstream,,,,36.410000000000004
02137727,2013,reference,,,,31.047142857142855
02137727,2014,reference,146.0,49.0,0.0,32.16428571428572
02137727,2015,reference,149.0,97.0,19.0,34.081428571428575
02137727,2016,reference,163.0,110.0,6.0,34.26
02137727,2017,reference,162.0,67.0,0.0,33.348571428571425
02137727,2018,reference,145.0,42.0,0.0,32.36714285714286
02137727,2019,reference,157.0,81.0,0.0,33.59571428571429
02137727,2020,reference,121.0,45.0,0.0,33.480000000000004
02137727,2021,reference,151.0,83.0,0.0,32.817142857142855
02137727,2022,reference,147.0,87.0,8.0,33.16285714285714
02137727,2023,reference,152.0,79.0,2.0,33.07857142857143
02137727,2024,reference,163.0,92.0,15.0,34.04285714285714
0214264790,2016,upstream,,,,35.61714285714286
0214264790,2017,upstream,,,,34.27571428571429
0214264790,2018,upstream,,,,34.24
0214264790,2019,upstream,,,,34.857142857142854
0214264790,2020,upstream,,,,34.62714285714286
0214264790,2021,upstream,,,,34.04
0214264790,2022,upstream,,,,34.37428571428571
0214264790,2023,upstream,,,,33.58
0214264790,2024,upstream,,,,34.73142857142857
02147310,2016,tailwater,,,,36.32142857142857
02147310,2017,tailwater,213.0,164.0,104.0,34.30714285714286
02147310,2018,tailwater,,,,35.28857142857143
02147310,2019,tailwater,,,,35.794285714285714
02147310,2020,tailwater,,,,34.730000000000004
02147310,2021,tailwater,,,,34.029999999999994
02147310,2022,tailwater,,,,34.73142857142857
02147310,2023,tailwater,,,,34.63285714285714
02147310,2024,tailwater,,,,34.817142857142855
021474095,2016,tailwater,,,,36.29857142857143
021474095,2017,tailwater,,,,34.30285714285714
021474095,2018,tailwater,,,,35.279999999999994
021474095,2019,tailwater,,,,35.794285714285714
021474095,2020,tailwater,,,,34.72571428571428
021474095,2021,tailwater,,,,33.94285714285714
021474095,2022,tailwater,,,,34.73714285714285
021474095,2023,tailwater,,,,34.637142857142855
021474095,2024,tailwater,,,,34.74714285714286
02171645,2007,tailwater,200.0,164.0,105.0,37.53000000000001
02171645,2008,tailwater,204.0,163.0,106.0,35.808571428571426
02171645,2009,tailwater,214.0,168.0,126.0,34.80142857142857
02171645,2010,tailwater,209.0,175.0,137.0,35.61
02171645,2011,tailwater,212.0,180.0,132.0,36.9
02171645,2012,tailwater,225.0,198.0,135.0,36.61571428571428
02171645,2013,tailwater,210.0,166.0,118.0,33.65428571428571
02171645,2014,tailwater,208.0,179.0,132.0,34.76
02171645,2015,tailwater,231.0,171.0,135.0,37.21714285714285
02171645,2016,tailwater,236.0,184.0,135.0,36.12571428571429
02171645,2017,tailwater,236.0,197.0,140.0,34.97571428571428
02171645,2018,tailwater,221.0,173.0,156.0,35.60285714285715
02171645,2019,tailwater,217.0,189.0,150.0,36.82142857142857
02171645,2020,tailwater,247.0,180.0,113.0,34.449999999999996
02171645,2021,tailwater,220.0,181.0,137.0,33.70857142857143
02171645,2022,tailwater,226.0,163.0,136.0,34.85
02171645,2023,tailwater,239.0,175.0,110.0,34.21285714285714
02171645,2024,tailwater,236.0,185.0,141.0,34.392857142857146
02172020,1985,tailwater,223.0,167.0,96.0,35.13857142857143
02172020,1986,tailwater,209.0,167.0,112.0,37.26428571428572
02172020,1987,tailwater,188.0,149.0,126.0,34.855714285714285
02172020,1988,tailwater,195.0,145.0,79.0,34.74142857142857
02172020,1989,tailwater,203.0,153.0,107.0,34.417142857142856
02172020,1990,tailwater,220.0,167.0,113.0,35.89714285714286
02172020,1991,tailwater,220.0,162.0,107.0,34.339999999999996
02172020,1992,tailwater,203.0,138.0,94.0,35.651428571428575
02172020,1993,tailwater,184.0,151.0,118.0,36.348571428571425
02172020,1994,tailwater,229.0,159.0,92.0,33.66571428571429
02172020,1995,tailwater,223.0,182.0,116.0,35.79142857142857
02172020,1996,tailwater,204.0,152.0,113.0,34.067142857142855
02172020,1997,tailwater,217.0,150.0,88.0,33.88428571428572
02172020,1998,tailwater,216.0,165.0,127.0,36.371428571428574
02172020,1999,tailwater,208.0,148.0,88.0,37.394285714285715
02172020,2000,tailwater,,,,35.41142857142857
02172020,2001,tailwater,,,,34.21714285714286
02172020,2002,tailwater,231.0,186.0,121.0,35.48571428571428
02172020,2003,tailwater,214.0,159.0,90.0,33.059999999999995
02172020,2004,tailwater,216.0,167.0,107.0,34.07714285714286
02172020,2005,tailwater,210.0,157.0,107.0,34.76857142857143
02172020,2006,tailwater,,,,35.667142857142856
02172020,2007,tailwater,208.0,174.0,103.0,36.44714285714286
02172020,2008,tailwater,203.0,163.0,111.0,35.30285714285714
02172020,2009,tailwater,216.0,160.0,112.0,34.59571428571429
02172020,2010,tailwater,210.0,172.0,125.0,35.23428571428571
02172020,2011,tailwater,210.0,172.0,111.0,36.30571428571428
02172020,2012,tailwater,220.0,171.0,107.0,35.87428571428571
02172020,2013,tailwater,205.0,164.0,104.0,33.47857142857143
02172020,2014,tailwater,203.0,170.0,117.0,34.87714285714286
02172020,2015,tailwater,217.0,147.0,110.0,36.58571428571429
02172020,2016,tailwater,229.0,170.0,126.0,35.91857142857143
02172020,2017,tailwater,224.0,186.0,111.0,34.754285714285714
02172020,2018,tailwater,210.0,175.0,136.0,35.284285714285716
02172020,2019,tailwater,211.0,184.0,139.0,36.861428571428576
02172020,2020,tailwater,239.0,179.0,103.0,34.18714285714285
02172020,2021,tailwater,218.0,180.0,110.0,33.4
02172020,2022,tailwater,230.0,154.0,122.0,34.58571428571428
02172020,2023,tailwater,221.0,159.0,92.0,34.410000000000004
02172020,2024,tailwater,235.0,169.0,111.0,34.12
02172040,1987,tailwater,195.0,154.0,120.0,34.714285714285715
02172040,1988,tailwater,184.0,144.0,94.0,34.56
02172040,1989,tailwater,198.0,151.0,98.0,34.32857142857143
02172040,1990,tailwater,219.0,167.0,103.0,35.72428571428571
02172040,1991,tailwater,213.0,154.0,102.0,34.20428571428572
02172040,1992,tailwater,212.0,142.0,88.0,35.511428571428574
02172040,1993,tailwater,189.0,151.0,116.0,36.17142857142857
02172040,1994,tailwater,233.0,176.0,91.0,33.572857142857146
02172040,1995,tailwater,220.0,176.0,103.0,35.73571428571429
02172040,1996,tailwater,198.0,143.0,104.0,33.932857142857145
02172040,1997,tailwater,210.0,136.0,81.0,33.85285714285715
02172040,1998,tailwater,,,,36.30714285714286
02172040,1999,tailwater,,,,37.29714285714285
02172040,2000,tailwater,,,,35.34285714285714
02172040,2001,tailwater,,,,34.11714285714286
02172040,2002,tailwater,,,,35.41571428571429
02172040,2003,tailwater,,,,32.99714285714286
02172040,2004,tailwater,215.0,176.0,107.0,33.91857142857143
02172040,2005,tailwater,214.0,164.0,110.0,34.7
02172040,2006,tailwater,211.0,168.0,110.0,35.58714285714286
02172040,2007,tailwater,216.0,178.0,112.0,36.325714285714284
02172040,2008,tailwater,210.0,168.0,112.0,35.26571428571428
02172040,2009,tailwater,220.0,166.0,114.0,34.53285714285715
02172040,2010,tailwater,221.0,171.0,129.0,35.18285714285714
02172040,2011,tailwater,218.0,177.0,120.0,36.301428571428566
02172040,2012,tailwater,228.0,176.0,115.0,35.75142857142857
02172040,2013,tailwater,210.0,164.0,115.0,33.44857142857143
02172040,2014,tailwater,202.0,174.0,120.0,34.91571428571429
02172040,2015,tailwater,233.0,157.0,116.0,36.47
02172040,2016,tailwater,232.0,173.0,126.0,35.91285714285714
02172040,2017,tailwater,220.0,177.0,108.0,34.72571428571429
02172040,2018,tailwater,204.0,169.0,137.0,35.25857142857143
02172040,2019,tailwater,216.0,186.0,140.0,36.86285714285714
02172040,2020,tailwater,244.0,184.0,105.0,34.15857142857143
02172040,2021,tailwater,222.0,182.0,115.0,33.29285714285714
02172040,2022,tailwater,228.0,155.0,129.0,34.54
02172040,2023,tailwater,223.0,156.0,90.0,34.40571428571428
02172040,2024,tailwater,238.0,176.0,117.0,34.07714285714285
02172050,1985,tailwater,236.0,180.0,104.0,34.980000000000004
02172050,1986,tailwater,222.0,164.0,127.0,37.07
02172050,1987,tailwater,191.0,155.0,119.0,34.68
02172050,1988,tailwater,209.0,150.0,105.0,34.47428571428571
02172050,1989,tailwater,213.0,162.0,117.0,34.30428571428571
02172050,1990,tailwater,211.0,171.0,124.0,35.65857142857143
02172050,1991,tailwater,224.0,166.0,120.0,34.18714285714286
02172050,1992,tailwater,204.0,142.0,103.0,35.50714285714285
02172050,1993,tailwater,192.0,162.0,117.0,36.14714285714286
02172050,1994,tailwater,228.0,161.0,100.0,33.57714285714285
02172050,1995,tailwater,219.0,179.0,101.0,35.745714285714286
02172050,1996,tailwater,194.0,148.0,113.0,33.91142857142857
02172050,1997,tailwater,227.0,162.0,97.0,33.895714285714284
02172050,1998,tailwater,229.0,168.0,131.0,36.29571428571429
02172050,1999,tailwater,210.0,154.0,97.0,37.30857142857143
02172050,2000,tailwater,221.0,150.0,108.0,35.315714285714286
02172050,2001,tailwater,221.0,157.0,107.0,34.11714285714286
02172050,2002,tailwater,234.0,180.0,130.0,35.378571428571426
02172050,2003,tailwater,231.0,173.0,92.0,32.99857142857143
02172050,2004,tailwater,218.0,174.0,119.0,33.87571428571429
02172050,2005,tailwater,217.0,168.0,118.0,34.68714285714286
02172050,2006,tailwater,212.0,169.0,116.0,35.53857142857143
02172050,2007,tailwater,221.0,180.0,113.0,36.29571428571428
02172050,2008,tailwater,194.0,158.0,101.0,35.215714285714284
02172050,2009,tailwater,215.0,167.0,115.0,34.511428571428574
02172050,2010,tailwater,220.0,172.0,127.0,35.15428571428571
02172050,2011,tailwater,217.0,180.0,123.0,36.32285714285714
02172050,2012,tailwater,229.0,180.0,122.0,35.730000000000004
02172050,2013,tailwater,212.0,165.0,107.0,33.43
02172050,2014,tailwater,207.0,176.0,118.0,34.91857142857143
02172050,2015,tailwater,235.0,161.0,124.0,36.44857142857143
02172050,2016,tailwater,238.0,174.0,127.0,35.89714285714285
02172050,2017,tailwater,222.0,185.0,124.0,34.71571428571429
02172050,2018,tailwater,219.0,177.0,146.0,35.26
02172050,2019,tailwater,217.0,188.0,143.0,36.85142857142857
02172050,2020,tailwater,245.0,182.0,107.0,34.14142857142857
02172050,2021,tailwater,222.0,182.0,118.0,33.284285714285716
02172050,2022,tailwater,239.0,158.0,124.0,34.529999999999994
02172050,2023,tailwater,218.0,148.0,82.0,34.41142857142857
02172050,2024,tailwater,237.0,174.0,121.0,34.044285714285714
021720508,2016,upstream,,,,35.862857142857145
021720508,2017,upstream,229.0,192.0,127.0,34.675714285714285
021720508,2018,upstream,221.0,176.0,151.0,35.22714285714286
021720508,2019,upstream,213.0,186.0,141.0,36.81714285714286
021720508,2020,upstream,249.0,181.0,108.0,34.098571428571425
021720508,2021,upstream,217.0,180.0,118.0,33.25857142857143
021720508,2022,upstream,243.0,158.0,123.0,34.49285714285714
021720508,2023,upstream,235.0,160.0,98.0,34.41571428571429
021720508,2024,upstream,238.0,175.0,124.0,33.95857142857143
02172053,1985,tailwater,232.0,181.0,101.0,34.83571428571428
02172053,1986,tailwater,212.0,164.0,125.0,36.80428571428571
02172053,1987,tailwater,189.0,141.0,115.0,34.544285714285714
02172053,1988,tailwater,205.0,151.0,108.0,34.13857142857143
02172053,1989,tailwater,201.0,149.0,103.0,34.29857142857143
02172053,1990,tailwater,196.0,153.0,102.0,35.36571428571428
02172053,1991,tailwater,216.0,160.0,112.0,34.08142857142857
02172053,1992,tailwater,174.0,108.0,70.0,35.37428571428571
02172053,1993,tailwater,,,,35.90571428571429
02172053,1994,tailwater,231.0,173.0,104.0,33.511428571428574
02172053,1995,tailwater,,,,35.744285714285716
02172053,1996,tailwater,200.0,152.0,114.0,33.76714285714286
02172053,1997,tailwater,236.0,160.0,99.0,33.85857142857143
02172053,1998,tailwater,246.0,171.0,137.0,36.19714285714286
02172053,1999,tailwater,226.0,169.0,105.0,37.25285714285714
02172053,2000,tailwater,236.0,159.0,115.0,35.24
02172053,2001,tailwater,235.0,157.0,112.0,34.04142857142857
02172053,2002,tailwater,208.0,154.0,110.0,35.24142857142857
02172053,2003,tailwater,228.0,173.0,95.0,32.95857142857143
02172053,2004,tailwater,222.0,182.0,126.0,33.70142857142857
02172053,2005,tailwater,221.0,169.0,125.0,34.59142857142857
02172053,2006,tailwater,218.0,188.0,127.0,35.33142857142857
02172053,2007,tailwater,226.0,183.0,118.0,36.04
02172053,2008,tailwater,208.0,170.0,114.0,35.08142857142857
02172053,2009,tailwater,219.0,168.0,115.0,34.417142857142856
02172053,2010,tailwater,203.0,174.0,125.0,35.02285714285714
02172053,2011,tailwater,214.0,177.0,119.0,36.30428571428571
02172053,2012,tailwater,236.0,187.0,134.0,35.457142857142856
02172053,2013,tailwater,215.0,166.0,112.0,33.357142857142854
02172053,2014,tailwater,213.0,177.0,122.0,34.98285714285714
02172053,2015,tailwater,236.0,162.0,133.0,36.20714285714286
02172053,2016,tailwater,,,,35.848571428571425
02172053,2017,tailwater,222.0,186.0,135.0,34.66857142857143
02172053,2018,tailwater,222.0,179.0,153.0,35.20714285714286
02172053,2019,tailwater,196.0,169.0,122.0,36.82142857142857
02172053,2020,tailwater,250.0,182.0,109.0,34.09428571428572
02172053,2021,tailwater,220.0,184.0,124.0,33.22428571428571
02172053,2022,tailwater,239.0,160.0,126.0,34.470000000000006
02172053,2023,tailwater,246.0,172.0,99.0,34.41142857142857
02172053,2024,tailwater,230.0,168.0,120.0,33.96142857142857
021720698,1997,upstream,,,,33.737142857142864
021720698,1998,upstream,252.0,166.0,134.0,36.0
021720698,1999,upstream,,,,37.11
021720698,2000,upstream,233.0,159.0,123.0,35.06142857142857
021720698,2001,upstream,236.0,167.0,109.0,33.88857142857143
021720698,2002,upstream,247.0,197.0,142.0,34.98571428571428
021720698,2003,upstream,240.0,175.0,97.0,32.84428571428571
021720698,2004,upstream,,,,33.324285714285715
021720698,2005,upstream,219.0,163.0,117.0,34.385714285714286
021720698,2006,upstream,209.0,175.0,125.0,34.892857142857146
021720698,2007,upstream,227.0,183.0,124.0,35.53857142857143
021720698,2008,upstream,204.0,164.0,105.0,34.857142857142854
021720698,2009,upstream,,,,34.19
021720698,2010,upstream,224.0,186.0,138.0,34.778571428571425
021720698,2011,upstream,214.0,174.0,119.0,36.23285714285715
021720698,2012,upstream,232.0,186.0,136.0,34.941428571428574
021720698,2013,upstream,213.0,168.0,120.0,33.33857142857143
021720698,2014,upstream,219.0,184.0,121.0,35.104285714285716
021720698,2015,upstream,214.0,153.0,114.0,35.75142857142857
021720698,2016,upstream,246.0,192.0,129.0,35.78142857142857
021720698,2017,upstream,229.0,192.0,137.0,34.65714285714286
021720698,2018,upstream,230.0,174.0,152.0,35.142857142857146
021720698,2019,upstream,220.0,196.0,148.0,36.75285714285714
021720698,2020,upstream,258.0,197.0,113.0,34.10857142857143
021720698,2021,upstream,224.0,184.0,130.0,33.075714285714284
021720698,2022,upstream,242.0,163.0,134.0,34.31142857142857
021720698,2023,upstream,254.0,173.0,101.0,34.40571428571429
021720698,2024,upstream,244.0,188.0,133.0,33.778571428571425
02212600,2012,reference,203.0,141.0,50.0,38.52285714285714
02212600,2013,reference,174.0,115.0,5.0,32.684285714285714
02212600,2014,reference,181.0,127.0,19.0,34.831428571428575
02212600,2015,reference,194.0,122.0,63.0,36.12714285714286
02212600,2016,reference,194.0,131.0,74.0,35.995714285714286
02212600,2017,reference,,,,34.55428571428571
02212600,2018,reference,183.0,137.0,3.0,34.43
02212600,2019,reference,206.0,160.0,84.0,36.44857142857143
02212600,2020,reference,,,,36.067142857142855
02266200,2002,reference,,,,34.44285714285714
02266200,2003,reference,253.0,183.0,69.0,33.902857142857144
02266200,2004,reference,240.0,175.0,85.0,35.23285714285714
02266200,2005,reference,,,,35.42142857142857
02266200,2006,reference,,,,34.73428571428572
02266200,2011,reference,,,,35.77428571428571
02266200,2012,reference,,,,34.62428571428571
02266200,2013,reference,308.0,198.0,97.0,34.46999999999999
02266200,2014,reference,297.0,199.0,115.0,35.76285714285714
02266200,2015,reference,314.0,259.0,134.0,35.87571428571429
02266200,2016,reference,307.0,223.0,131.0,36.10857142857143
02266200,2017,reference,,,,35.03000000000001
02266200,2018,reference,282.0,224.0,143.0,34.790000000000006
02266200,2019,reference,312.0,232.0,139.0,35.84142857142857
02266200,2020,reference,280.0,222.0,125.0,35.94285714285714
02266200,2021,reference,290.0,201.0,117.0,35.06857142857143
02266200,2022,reference,313.0,249.0,138.0,35.74285714285714
02266200,2023,reference,321.0,240.0,154.0,36.90714285714286
02266200,2024,reference,288.0,236.0,152.0,36.35285714285714
02313700,2003,reference,,,,33.39
02313700,2006,reference,,,,34.43571428571429
02313700,2007,reference,307.0,217.0,149.0,35.15428571428571
02313700,2008,reference,291.0,202.0,132.0,34.27571428571429
02313700,2009,reference,,,,35.46714285714286
02313700,2018,reference,,,,34.05571428571428
02313700,2019,reference,291.0,220.0,157.0,35.32142857142857
02313700,2020,reference,292.0,236.0,141.0,35.30428571428572
02313700,2021,reference,302.0,211.0,132.0,33.86571428571428
02313700,2022,reference,308.0,221.0,138.0,35.12285714285714
02313700,2023,reference,,,,36.02
02313700,2024,reference,270.0,201.0,147.0,35.01857142857143
02315550,2017,reference,,,,35.02285714285714
02315550,2018,reference,265.0,195.0,143.0,34.37571428571429
02315550,2019,reference,253.0,206.0,153.0,35.878571428571426
02315550,2020,reference,273.0,221.0,108.0,34.964285714285715
02315550,2021,reference,250.0,184.0,100.0,33.86857142857143
02315550,2022,reference,287.0,176.0,122.0,35.77
02315550,2023,reference,263.0,202.0,117.0,36.14857142857143
02315550,2024,reference,260.0,193.0,113.0,35.87714285714286
02322700,2017,reference,,,,34.61714285714286
02322700,2018,reference,356.0,274.0,0.0,34.15857142857143
02322700,2019,reference,350.0,274.0,0.0,35.777142857142856
02322700,2020,reference,366.0,311.0,0.0,34.68285714285714
02322700,2021,reference,365.0,287.0,0.0,33.558571428571426
02322700,2022,reference,354.0,304.0,0.0,35.33
02322700,2023,reference,362.0,307.0,0.0,36.18714285714286
02322700,2024,reference,362.0,298.0,0.0,35.401428571428575
02322800,2015,reference,,,,36.12
02322800,2016,reference,358.0,230.0,0.0,35.71142857142858
02322800,2017,reference,358.0,234.0,7.0,34.50857142857143
02322800,2018,reference,336.0,226.0,4.0,34.14142857142857
02322800,2019,reference,339.0,219.0,0.0,35.682857142857145
02322800,2020,reference,366.0,260.0,0.0,34.67714285714286
02322800,2021,reference,357.0,207.0,9.0,33.558571428571426
02322800,2022,reference,359.0,227.0,0.0,35.357142857142854
02322800,2023,reference,346.0,248.0,20.0,36.11714285714286
02322800,2024,reference,339.0,222.0,15.0,35.35857142857143
02335450,2004,upstream,,,,32.228571428571435
02335450,2005,upstream,49.0,5.0,0.0,33.81714285714286
02335450,2006,upstream,53.0,0.0,0.0,35.35142857142857
02335450,2011,upstream,,,,34.550000000000004
02335450,2012,upstream,72.0,2.0,0.0,37.18571428571429
02335450,2013,upstream,40.0,0.0,0.0,31.154285714285717
02335450,2014,upstream,24.0,0.0,0.0,33.15
02335450,2015,upstream,25.0,1.0,0.0,34.99857142857143
02335450,2016,upstream,60.0,0.0,0.0,34.70142857142857
02335450,2017,upstream,157.0,17.0,0.0,33.67
02335450,2018,upstream,66.0,3.0,0.0,32.965714285714284
02335450,2019,upstream,,,,35.385714285714286
02335450,2020,upstream,80.0,1.0,0.0,34.77571428571429
02335450,2021,upstream,29.0,2.0,0.0,33.62285714285714
02335450,2022,upstream,51.0,0.0,0.0,34.917142857142856
02335450,2023,upstream,71.0,3.0,0.0,35.05714285714286
02335450,2024,upstream,54.0,2.0,0.0,34.97428571428571
02338523,2015,reference,180.0,92.0,3.0,34.029999999999994
02338523,2016,reference,151.0,91.0,2.0,34.41857142857143
02338523,2017,reference,193.0,41.0,0.0,32.86142857142857
02338523,2018,reference,169.0,111.0,0.0,32.83857142857143
02338523,2019,reference,183.0,112.0,5.0,34.59571428571429
02338523,2020,reference,175.0,80.0,0.0,33.75
02338523,2021,reference,164.0,85.0,0.0,32.71571428571429
02338523,2022,reference,153.0,94.0,0.0,33.86714285714286
02338523,2023,reference,165.0,88.0,4.0,34.36142857142857
02338523,2024,reference,,,,34.38142857142857
023432415,2010,tailwater,,,,37.13285714285714
023432415,2011,tailwater,222.0,169.0,118.0,37.54
023432415,2012,tailwater,227.0,191.0,120.0,35.94
023432415,2013,tailwater,208.0,163.0,114.0,33.99714285714286
023432415,2014,tailwater,196.0,163.0,111.0,35.59571428571429
023432415,2015,tailwater,223.0,167.0,107.0,36.15857142857143
023432415,2016,tailwater,242.0,191.0,124.0,35.51857142857143
023432415,2017,tailwater,234.0,177.0,106.0,34.681428571428576
023432415,2018,tailwater,221.0,177.0,143.0,35.51428571428572
023432415,2019,tailwater,217.0,179.0,145.0,36.63285714285714
023432415,2020,tailwater,253.0,171.0,102.0,35.207142857142856
023432415,2021,tailwater,230.0,178.0,125.0,34.801428571428566
023432415,2022,tailwater,227.0,168.0,119.0,36.917142857142856
023432415,2023,tailwater,227.0,145.0,111.0,36.83571428571428
023432415,2024,tailwater,242.0,173.0,118.0,35.857142857142854
02357150,2017,tailwater,,,,35.03142857142857
02357150,2018,tailwater,267.0,170.0,3.0,35.41142857142857
02357150,2019,tailwater,282.0,183.0,38.0,36.25142857142857
02357150,2020,tailwater,274.0,186.0,10.0,35.44285714285714
02357150,2021,tailwater,270.0,171.0,38.0,34.74714285714286
02357150,2022,tailwater,296.0,158.0,5.0,36.82
02357150,2023,tailwater,280.0,167.0,58.0,36.972857142857144
02357150,2024,tailwater,272.0,170.0,34.0,35.31428571428572
02358000,2017,tailwater,,,,35.20428571428572
02358000,2018,tailwater,246.0,183.0,144.0,35.582857142857144
02358000,2019,tailwater,240.0,195.0,151.0,36.37571428571429
02358000,2020,tailwater,,,,35.52571428571428
02358000,2021,tailwater,240.0,183.0,137.0,34.97857142857143
02358000,2022,tailwater,,,,36.910000000000004
02358000,2023,tailwater,248.0,175.0,130.0,37.00857142857143
02358000,2024,tailwater,248.0,194.0,131.0,35.568571428571424
02450250,2012,reference,,,,37.45428571428572
02450250,2013,reference,158.0,98.0,14.0,32.027142857142856
02450250,2014,reference,161.0,118.0,34.0,33.10857142857143
02450250,2015,reference,161.0,106.0,56.0,33.82857142857143
02450250,2016,reference,174.0,131.0,76.0,34.64142857142857
02450250,2017,reference,178.0,114.0,34.0,33.510000000000005
02450250,2018,reference,164.0,143.0,61.0,33.56142857142857
02450250,2019,reference,161.0,139.0,79.0,35.44285714285714
02450250,2020,reference,158.0,118.0,53.0,33.68
02450250,2021,reference,153.0,83.0,20.0,33.46
02450250,2022,reference,166.0,127.0,68.0,34.92857142857143
02450250,2023,reference,158.0,116.0,58.0,34.707142857142856
02450250,2024,reference,175.0,98.0,60.0,35.339999999999996
02479155,1986,reference,,,,36.715714285714284
02479155,2012,reference,221.0,143.0,58.0,35.97714285714285
02479155,2013,reference,182.0,143.0,37.0,34.635714285714286
02479155,2014,reference,199.0,139.0,92.0,35.18857142857143
02479155,2015,reference,256.0,186.0,102.0,36.02857142857143
02479155,2016,reference,248.0,169.0,117.0,34.89142857142857
02479155,2017,reference,254.0,176.0,61.0,33.85142857142857
02479155,2018,reference,243.0,171.0,130.0,34.971428571428575
02479155,2019,reference,237.0,170.0,133.0,36.040000000000006
02479155,2020,reference,232.0,148.0,59.0,34.69428571428572
02479155,2021,reference,,,,35.04
02479155,2022,reference,231.0,152.0,69.0,36.785714285714285
02479155,2023,reference,210.0,130.0,80.0,38.92142857142857
02479155,2024,reference,224.0,170.0,84.0,36.472857142857144
03017500,2012,reference,,,,31.07
03017500,2013,reference,,,,31.09857142857143
03017500,2015,reference,100.0,50.0,18.0,30.224285714285713
03017500,2016,reference,,,,30.412857142857145
03017500,2017,reference,115.0,48.0,9.0,29.805714285714284
03017500,2018,reference,120.0,76.0,25.0,31.16142857142857
03017500,2019,reference,,,,29.677142857142858
03017500,2020,reference,120.0,91.0,49.0,32.21
03017500,2021,reference,130.0,51.0,5.0,30.367142857142856
03017500,2022,reference,114.0,89.0,44.0,30.29
03017500,2023,reference,137.0,98.0,32.0,29.531428571428574
03017500,2024,reference,142.0,93.0,39.0,31.697142857142858
03022540,2013,reference,,,,30.697142857142858
03022540,2014,reference,104.0,10.0,0.0,28.641428571428573
03022540,2015,reference,116.0,35.0,0.0,30.547142857142855
03022540,2016,reference,,,,29.807142857142853
03022540,2017,reference,108.0,33.0,1.0,30.357142857142858
03022540,2018,reference,130.0,67.0,1.0,31.09
03022540,2019,reference,122.0,39.0,0.0,29.575714285714287
03022540,2020,reference,111.0,62.0,5.0,31.58428571428571
03022540,2021,reference,128.0,42.0,1.0,30.184285714285714
03022540,2022,reference,124.0,57.0,0.0,29.37285714285714
03022540,2023,reference,114.0,39.0,0.0,28.957142857142856
03022540,2024,reference,133.0,59.0,2.0,31.25857142857143
03028000,2012,reference,105.0,47.0,7.0,30.60571428571429
03028000,2013,reference,81.0,17.0,0.0,30.487142857142857
03028000,2014,reference,38.0,1.0,0.0,27.63
03028000,2015,reference,90.0,22.0,0.0,29.490000000000002
03028000,2016,reference,109.0,55.0,4.0,30.262857142857143
03028000,2017,reference,80.0,9.0,0.0,29.211428571428574
03028000,2018,reference,88.0,27.0,0.0,30.11428571428571
03028000,2019,reference,82.0,20.0,0.0,29.052857142857142
03028000,2020,reference,104.0,58.0,6.0,31.532857142857146
03028000,2021,reference,89.0,11.0,0.0,29.702857142857145
03028000,2022,reference,105.0,63.0,2.0,29.915714285714284
03028000,2023,reference,101.0,30.0,0.0,29.01142857142857
03028000,2024,reference,117.0,46.0,2.0,31.197142857142858
03066000,2013,reference,,,,28.16
03066000,2014,reference,119.0,56.0,0.0,26.01571428571429
03066000,2015,reference,138.0,79.0,3.0,26.68
03066000,2016,reference,127.0,94.0,14.0,28.74142857142857
03066000,2017,reference,123.0,43.0,1.0,26.81
03066000,2018,reference,134.0,75.0,0.0,28.527142857142856
03066000,2019,reference,143.0,65.0,4.0,27.650000000000002
03066000,2020,reference,117.0,74.0,14.0,28.814285714285713
03066000,2021,reference,127.0,69.0,7.0,28.007142857142856
03066000,2022,reference,125.0,80.0,11.0,27.252857142857145
03066000,2023,reference,120.0,68.0,4.0,26.82
03066000,2024,reference,146.0,82.0,28.0,29.19
03069500,2012,reference,,,,32.87714285714286
03069500,2017,reference,147.0,80.0,17.0,30.79
03069500,2018,reference,135.0,76.0,16.0,31.34714285714286
03069500,2019,reference,146.0,92.0,28.0,31.745714285714286
03069500,2020,reference,134.0,79.0,35.0,32.16571428571429
03069500,2021,reference,141.0,94.0,36.0,31.080000000000002
03069500,2022,reference,134.0,86.0,22.0,30.349999999999998
03069500,2023,reference,133.0,87.0,21.0,30.137142857142855
03069500,2024,reference,154.0,119.0,68.0,33.23857142857143
03092090,2012,reference,130.0,79.0,11.0,33.18857142857143
03092090,2013,reference,108.0,12.0,0.0,31.735714285714284
03092090,2014,reference,110.0,21.0,0.0,29.96857142857143
03092090,2015,reference,136.0,66.0,1.0,31.274285714285718
03092090,2016,reference,136.0,88.0,8.0,31.99285714285714
03092090,2017,reference,128.0,60.0,3.0,31.31857142857143
03092090,2018,reference,148.0,65.0,1.0,31.729999999999997
03092090,2019,reference,135.0,72.0,2.0,30.777142857142856
03092090,2020,reference,120.0,73.0,11.0,32.582857142857144
03092090,2021,reference,142.0,75.0,4.0,30.941428571428567
03092090,2022,reference,,,,30.297142857142855
03092090,2023,reference,,,,29.369999999999997
03092090,2024,reference,142.0,51.0,0.0,32.167142857142856
03102950,2011,reference,122.0,68.0,11.0,33.62285714285714
03102950,2012,reference,130.0,70.0,2.0,31.985714285714284
03102950,2013,reference,136.0,56.0,4.0,31.064285714285713
03102950,2014,reference,126.0,53.0,2.0,29.259999999999998
03102950,2015,reference,100.0,53.0,2.0,31.22714285714286
03102950,2016,reference,129.0,88.0,1.0,31.22714285714286
03102950,2017,reference,137.0,57.0,5.0,30.632857142857144
03102950,2018,reference,154.0,92.0,3.0,31.41142857142857
03102950,2019,reference,144.0,64.0,8.0,29.937142857142856
03102950,2020,reference,125.0,67.0,2.0,31.981428571428573
03102950,2021,reference,138.0,83.0,7.0,30.56714285714286
03102950,2022,reference,141.0,72.0,1.0,30.194285714285712
03102950,2023,reference,126.0,41.0,0.0,29.131428571428568
03102950,2024,reference,147.0,72.0,4.0,31.722857142857144
03119341,2015,upstream,,,,31.28857142857143
03119341,2016,upstream,161.0,122.0,78.0,33.41857142857143
03119341,2017,upstream,165.0,107.0,41.0,31.812857142857144
03119341,2018,upstream,164.0,127.0,56.0,32.48714285714286
03119341,2019,upstream,145.0,98.0,18.0,31.014285714285716
03119341,2020,upstream,132.0,110.0,53.0,33.34285714285714
03119341,2021,upstream,160.0,110.0,33.0,31.334285714285716
03119341,2022,upstream,142.0,106.0,50.0,30.835714285714285
03119341,2023,upstream,159.0,101.0,18.0,29.849999999999998
03119341,2024,upstream,157.0,116.0,46.0,33.29714285714286
03119971,2015,tailwater,,,,31.34857142857143
03119971,2016,tailwater,142.0,113.0,46.0,33.27
03119971,2017,tailwater,141.0,66.0,3.0,31.807142857142853
03119971,2018,tailwater,147.0,80.0,19.0,32.455714285714286
03119971,2019,tailwater,134.0,82.0,3.0,31.011428571428574
03119971,2020,tailwater,130.0,94.0,34.0,33.362857142857145
03119971,2021,tailwater,147.0,87.0,13.0,31.337142857142858
03119971,2022,tailwater,130.0,68.0,3.0,30.849999999999998
03119971,2023,tailwater,141.0,58.0,5.0,29.807142857142857
03119971,2024,tailwater,152.0,92.0,22.0,33.004285714285714
03119979,2015,tailwater,,,,31.275714285714287
03119979,2016,tailwater,119.0,47.0,0.0,33.262857142857136
03119979,2017,tailwater,99.0,7.0,0.0,31.822857142857142
03119979,2018,tailwater,128.0,25.0,0.0,32.455714285714286
03119979,2019,tailwater,109.0,30.0,0.0,31.047142857142855
03119979,2020,tailwater,102.0,15.0,0.0,33.364285714285714
03119979,2021,tailwater,125.0,17.0,0.0,31.342857142857145
03119979,2022,tailwater,115.0,14.0,0.0,30.857142857142858
03119979,2023,tailwater,96.0,2.0,0.0,29.784285714285712
03119979,2024,tailwater,98.0,5.0,0.0,32.99285714285714
03120820,2015,tailwater,,,,31.36428571428571
03120820,2016,tailwater,134.0,118.0,72.0,33.19285714285714
03120820,2017,tailwater,138.0,70.0,22.0,31.81714285714286
03120820,2018,tailwater,144.0,72.0,26.0,32.45
03120820,2019,tailwater,134.0,83.0,23.0,31.050000000000004
03120820,2020,tailwater,129.0,96.0,57.0,33.3
03120820,2021,tailwater,144.0,105.0,51.0,31.395714285714284
03120820,2022,tailwater,129.0,99.0,41.0,30.842857142857145
03120820,2023,tailwater,142.0,89.0,34.0,29.771428571428572
03120820,2024,tailwater,143.0,100.0,53.0,32.91285714285714
03120869,2015,tailwater,,,,31.344285714285714
03120869,2016,tailwater,133.0,93.0,23.0,33.145714285714284
03120869,2017,tailwater,122.0,23.0,0.0,31.834285714285716
03120869,2018,tailwater,133.0,49.0,0.0,32.440000000000005
03120869,2019,tailwater,123.0,34.0,0.0,31.07
03120869,2020,tailwater,118.0,69.0,4.0,33.30571428571428
03120869,2021,tailwater,140.0,62.0,1.0,31.41857142857143
03120869,2022,tailwater,131.0,42.0,0.0,30.830000000000002
03120869,2023,tailwater,128.0,43.0,0.0,29.73714285714286
03120869,2024,tailwater,141.0,55.0,0.0,32.854285714285716
03120961,2015,tailwater,,,,31.321428571428573
03120961,2016,tailwater,136.0,89.0,9.0,33.16857142857143
03120961,2017,tailwater,134.0,40.0,3.0,31.86142857142857
03120961,2018,tailwater,139.0,58.0,4.0,32.457142857142856
03120961,2019,tailwater,131.0,51.0,0.0,31.104285714285716
03120961,2020,tailwater,,,,33.27428571428571
03120961,2021,tailwater,142.0,64.0,5.0,31.46
03120961,2022,tailwater,,,,30.812857142857144
03120961,2023,tailwater,136.0,48.0,1.0,29.744285714285713
03120961,2024,tailwater,144.0,65.0,9.0,32.94857142857143
03125338,2015,upstream,,,,31.01142857142857
03125338,2016,upstream,146.0,112.0,31.0,33.385714285714286
03125338,2017,upstream,147.0,67.0,2.0,31.291428571428572
03125338,2018,upstream,158.0,106.0,14.0,32.542857142857144
03125338,2019,upstream,151.0,89.0,4.0,31.185714285714287
03125338,2020,upstream,123.0,87.0,11.0,33.30571428571428
03125338,2021,upstream,142.0,81.0,1.0,31.512857142857143
03125338,2022,upstream,138.0,70.0,0.0,30.69142857142857
03125338,2023,upstream,121.0,47.0,1.0,29.827142857142857
03125338,2024,upstream,156.0,80.0,7.0,34.18714285714286
03126395,2015,upstream,,,,31.147142857142857
03126395,2016,upstream,130.0,100.0,31.0,33.48714285714286
03126395,2017,upstream,141.0,58.0,3.0,31.52857142857143
03126395,2018,upstream,154.0,98.0,12.0,32.58857142857143
03126395,2019,upstream,148.0,76.0,2.0,31.13714285714286
03126395,2020,upstream,123.0,89.0,17.0,33.317142857142855
03126395,2021,upstream,145.0,87.0,7.0,31.495714285714286
03126395,2022,upstream,136.0,65.0,0.0,30.775714285714287
03126395,2023,upstream,122.0,57.0,1.0,29.811428571428568
03126395,2024,upstream,157.0,84.0,9.0,33.99285714285715
03127980,2015,upstream,,,,31.138571428571428
03127980,2016,upstream,142.0,113.0,53.0,33.45285714285714
03127980,2017,upstream,142.0,65.0,4.0,31.568571428571428
03127980,2018,upstream,155.0,106.0,31.0,32.54
03127980,2019,upstream,150.0,84.0,6.0,31.02857142857143
03127980,2020,upstream,121.0,98.0,26.0,33.35857142857143
03127980,2021,upstream,149.0,99.0,19.0,31.38714285714286
03127980,2022,upstream,135.0,81.0,11.0,30.782857142857146
03127980,2023,upstream,147.0,81.0,15.0,29.841428571428573
03127980,2024,upstream,145.0,95.0,34.0,33.778571428571425
03127986,2015,upstream,,,,31.22714285714286
03127986,2016,upstream,143.0,106.0,42.0,33.43
03127986,2017,upstream,142.0,56.0,1.0,31.57857142857143
03127986,2018,upstream,155.0,93.0,24.0,32.57
03127986,2019,upstream,152.0,85.0,3.0,31.072857142857142
03127986,2020,upstream,130.0,97.0,19.0,33.322857142857146
03127986,2021,upstream,143.0,82.0,7.0,31.467142857142857
03127986,2022,upstream,111.0,49.0,3.0,30.79714285714286
03127986,2023,upstream,134.0,66.0,3.0,29.824285714285715
03127986,2024,upstream,151.0,78.0,6.0,33.817142857142855
03127989,2015,upstream,,,,31.172857142857143
03127989,2016,upstream,144.0,101.0,31.0,33.46571428571429
03127989,2017,upstream,143.0,80.0,10.0,31.607142857142858
03127989,2018,upstream,155.0,116.0,31.0,32.55142857142857
03127989,2019,upstream,143.0,81.0,9.0,31.047142857142855
03127989,2020,upstream,121.0,88.0,22.0,33.34142857142857
03127989,2021,upstream,147.0,85.0,7.0,31.40857142857143
03127989,2022,upstream,136.0,79.0,9.0,30.792857142857144
03127989,2023,upstream,143.0,75.0,4.0,29.842857142857145
03127989,2024,upstream,141.0,87.0,16.0,33.769999999999996
03140853,2015,upstream,,,,31.025714285714287
03140853,2016,upstream,138.0,117.0,65.0,33.228571428571435
03140853,2017,upstream,153.0,86.0,12.0,31.33857142857143
03140853,2018,upstream,141.0,75.0,15.0,32.60857142857143
03140853,2019,upstream,151.0,92.0,17.0,31.447142857142858
03140853,2020,upstream,131.0,94.0,39.0,33.33142857142857
03140853,2021,upstream,146.0,105.0,23.0,32.010000000000005
03140853,2022,upstream,139.0,80.0,6.0,30.78
03140853,2023,upstream,138.0,81.0,4.0,30.1
03140853,2024,upstream,,,,34.471428571428575
03140900,2015,upstream,,,,31.065714285714286
03140900,2016,upstream,155.0,130.0,100.0,33.238571428571426
03140900,2017,upstream,163.0,127.0,54.0,31.361428571428572
03140900,2018,upstream,160.0,105.0,64.0,32.64
03140900,2019,upstream,157.0,117.0,61.0,31.47142857142857
03140900,2020,upstream,140.0,104.0,66.0,33.339999999999996
03140900,2021,upstream,155.0,116.0,73.0,32.035714285714285
03140900,2022,upstream,,,,30.79714285714286
03140900,2023,upstream,147.0,99.0,40.0,30.141428571428573
03140900,2024,upstream,,,,34.48142857142857
03140950,2015,upstream,,,,30.994285714285713
03140950,2016,upstream,158.0,116.0,58.0,33.26428571428572
03140950,2017,upstream,155.0,86.0,13.0,31.335714285714285
03140950,2018,upstream,161.0,106.0,12.0,32.565714285714286
03140950,2019,upstream,,,,31.40857142857143
03140950,2020,upstream,132.0,98.0,27.0,33.3
03140950,2021,upstream,152.0,103.0,20.0,31.924285714285713
03140950,2022,upstream,134.0,81.0,10.0,30.745714285714286
03140950,2023,upstream,138.0,78.0,3.0,30.03
03140950,2024,upstream,150.0,88.0,23.0,34.41285714285714
03302050,2009,reference,,,,32.18714285714286
03302050,2014,reference,,,,32.86142857142857
03302050,2015,reference,,,,33.53
03302050,2016,reference,152.0,90.0,0.0,33.41
03302050,2017,reference,167.0,47.0,0.0,33.26714285714286
03302050,2018,reference,165.0,133.0,2.0,33.681428571428576
03302050,2019,reference,,,,34.847142857142856
03302050,2020,reference,128.0,83.0,8.0,33.387142857142855
03302050,2021,reference,157.0,103.0,21.0,34.20428571428572
03302050,2022,reference,147.0,120.0,35.0,34.284285714285716
03302050,2023,reference,156.0,92.0,12.0,33.92142857142857
03302050,2024,reference,176.0,111.0,37.0,35.362857142857145
03324500,2003,tailwater,91.0,34.0,0.0,31.118571428571425
03324500,2004,tailwater,131.0,88.0,0.0,29.217142857142857
03324500,2005,tailwater,114.0,64.0,0.0,32.81285714285714
03324500,2006,tailwater,122.0,75.0,2.0,32.13285714285714
03324500,2007,tailwater,72.0,28.0,0.0,32.59285714285714
03324500,2008,tailwater,126.0,95.0,0.0,31.417142857142856
03324500,2009,tailwater,115.0,61.0,0.0,31.845714285714287
03324500,2010,tailwater,,,,31.858571428571427
03324500,2011,tailwater,104.0,53.0,0.0,35.051428571428566
03324500,2012,tailwater,130.0,82.0,5.0,35.86571428571428
03324500,2013,tailwater,126.0,47.0,1.0,31.95428571428571
03324500,2014,tailwater,114.0,65.0,0.0,29.672857142857143
03324500,2015,tailwater,109.0,49.0,0.0,31.68857142857143
03324500,2016,tailwater,,,,31.45285714285714
03324500,2017,tailwater,128.0,77.0,0.0,31.93
03324500,2018,tailwater,116.0,69.0,0.0,32.13142857142857
03324500,2019,tailwater,126.0,85.0,20.0,32.30285714285714
03324500,2020,tailwater,107.0,38.0,0.0,32.924285714285716
03324500,2021,tailwater,111.0,68.0,2.0,31.581428571428575
03324500,2022,tailwater,114.0,62.0,5.0,32.387142857142855
03324500,2023,tailwater,102.0,13.0,0.0,31.074285714285715
03324500,2024,tailwater,136.0,83.0,7.0,33.17714285714286
03327000,2003,tailwater,116.0,86.0,3.0,31.304285714285715
03327000,2004,tailwater,146.0,122.0,9.0,29.22
03327000,2005,tailwater,139.0,95.0,49.0,32.63142857142857
03327000,2006,tailwater,127.0,72.0,0.0,32.151428571428575
03327000,2007,tailwater,144.0,76.0,21.0,32.74714285714286
03327000,2008,tailwater,147.0,118.0,42.0,31.232857142857142
03327000,2009,tailwater,,,,31.75
03327000,2010,tailwater,,,,31.981428571428573
03327000,2011,tailwater,,,,34.85142857142857
03327000,2012,tailwater,161.0,121.0,70.0,35.9
03327000,2013,tailwater,,,,32.12714285714286
03327000,2014,tailwater,120.0,90.0,8.0,29.967142857142857
03327000,2015,tailwater,130.0,65.0,0.0,32.08428571428572
03327000,2016,tailwater,113.0,77.0,10.0,31.59142857142857
03327000,2024,tailwater,,,,33.12571428571429
03359000,1993,tailwater,,,,32.51285714285715
03359000,1994,tailwater,142.0,89.0,35.0,33.85142857142857
03359000,1995,tailwater,135.0,96.0,51.0,33.68
03359000,1999,tailwater,,,,34.104285714285716
03359000,2000,tailwater,,,,31.04714285714286
03359000,2001,tailwater,,,,31.662857142857142
03359000,2003,tailwater,137.0,96.0,20.0,32.91142857142857
03359000,2004,tailwater,163.0,114.0,22.0,29.81714285714286
03359000,2005,tailwater,150.0,114.0,72.0,33.09142857142857
03359000,2006,tailwater,131.0,93.0,27.0,32.51857142857143
03359000,2007,tailwater,156.0,113.0,14.0,34.034285714285716
03359000,2008,tailwater,128.0,66.0,0.0,31.237142857142857
03359000,2009,tailwater,115.0,88.0,0.0,31.80857142857143
03359000,2010,tailwater,172.0,99.0,58.0,33.785714285714285
03359000,2011,tailwater,96.0,67.0,28.0,34.395714285714284
03359000,2012,tailwater,,,,37.87142857142857
03359000,2013,tailwater,124.0,56.0,0.0,32.71857142857143
03359000,2014,tailwater,147.0,97.0,10.0,31.508571428571425
03359000,2015,tailwater,133.0,75.0,4.0,32.988571428571426
03359000,2016,tailwater,138.0,101.0,27.0,31.94
03359000,2017,tailwater,140.0,112.0,7.0,33.10285714285714
03359000,2024,tailwater,177.0,137.0,77.0,33.67857142857143
03373980,2001,upstream,164.0,125.0,67.0,32.59142857142857
03373980,2002,upstream,156.0,122.0,84.0,35.12714285714286
03373980,2003,upstream,149.0,94.0,45.0,33.59428571428571
03373980,2004,upstream,155.0,125.0,46.0,31.048571428571428
03373980,2005,upstream,170.0,122.0,75.0,34.26142857142857
03373980,2006,upstream,154.0,109.0,65.0,33.87714285714286
03373980,2007,upstream,180.0,146.0,113.0,35.458571428571425
03373980,2008,upstream,146.0,120.0,53.0,32.691428571428574
03373980,2009,upstream,150.0,119.0,20.0,33.33
03373980,2010,upstream,176.0,122.0,92.0,35.83857142857143
03373980,2011,upstream,162.0,109.0,66.0,34.92285714285715
03373980,2012,upstream,167.0,123.0,95.0,39.01
03373980,2013,upstream,156.0,130.0,61.0,33.62714285714286
03373980,2014,upstream,146.0,116.0,60.0,33.05285714285714
03373980,2015,upstream,157.0,117.0,50.0,33.60285714285714
03373980,2016,upstream,161.0,124.0,74.0,33.24571428571428
03373980,2017,upstream,179.0,129.0,54.0,33.43571428571429
03373980,2018,upstream,164.0,143.0,86.0,33.85857142857143
03373980,2019,upstream,155.0,123.0,72.0,33.488571428571426
03373980,2020,upstream,145.0,116.0,76.0,33.88285714285714
03373980,2021,upstream,158.0,129.0,55.0,34.034285714285716
03373980,2022,upstream,148.0,120.0,79.0,33.67857142857143
03373980,2023,upstream,158.0,138.0,82.0,34.19714285714286
03373980,2024,upstream,154.0,117.0,80.0,35.01428571428571
03460000,1985,reference,3.0,0.0,0.0,29.610000000000003
03460000,1986,reference,,,,30.720000000000002
03460000,2012,reference,55.0,0.0,0.0,32.53428571428571
03460000,2013,reference,4.0,0.0,0.0,27.827142857142857
03460000,2014,reference,34.0,0.0,0.0,28.555714285714288
03460000,2015,reference,73.0,0.0,0.0,29.505714285714287
03460000,2016,reference,105.0,0.0,0.0,30.562857142857144
03460000,2017,reference,45.0,0.0,0.0,30.062857142857144
03460000,2018,reference,28.0,0.0,0.0,29.231428571428573
03460000,2019,reference,75.0,0.0,0.0,29.79714285714286
03460000,2020,reference,48.0,0.0,0.0,29.827142857142857
03460000,2021,reference,50.0,0.0,0.0,29.59857142857143
03460000,2022,reference,73.0,0.0,0.0,29.29285714285714
03460000,2023,reference,60.0,0.0,0.0,30.06
03460000,2024,reference,79.0,0.0,0.0,29.854285714285712
03490000,2012,reference,,,,35.83714285714286
03490000,2013,reference,162.0,108.0,27.0,31.178571428571427
03490000,2014,reference,164.0,124.0,57.0,31.545714285714286
03490000,2015,reference,164.0,137.0,67.0,32.25142857142857
03490000,2016,reference,176.0,128.0,73.0,34.65714285714286
03490000,2017,reference,173.0,114.0,51.0,32.86857142857143
03490000,2018,reference,164.0,135.0,60.0,33.07142857142857
03490000,2019,reference,,,,33.65714285714286
03490000,2020,reference,146.0,107.0,65.0,34.072857142857146
03490000,2021,reference,172.0,126.0,73.0,32.75714285714285
03490000,2022,reference,157.0,131.0,67.0,32.31285714285714
03490000,2023,reference,164.0,131.0,51.0,31.98714285714286
03490000,2024,reference,170.0,132.0,75.0,33.817142857142855
03497300,2012,reference,,,,35.54857142857143
03497300,2013,reference,71.0,0.0,0.0,30.40142857142857
03497300,2014,reference,126.0,22.0,0.0,31.138571428571428
03497300,2015,reference,134.0,36.0,0.0,32.182857142857145
03497300,2016,reference,124.0,53.0,0.0,33.27285714285714
03497300,2017,reference,116.0,23.0,0.0,32.19714285714286
03497300,2018,reference,139.0,0.0,0.0,31.78142857142857
03497300,2019,reference,132.0,23.0,0.0,32.518571428571434
03497300,2020,reference,102.0,19.0,0.0,33.14
03497300,2021,reference,98.0,11.0,0.0,31.70285714285714
03497300,2022,reference,104.0,12.0,0.0,32.02571428571429
03497300,2023,reference,93.0,2.0,0.0,31.78857142857143
03497300,2024,reference,107.0,49.0,0.0,32.95857142857143
03544970,2012,reference,133.0,25.0,0.0,34.17857142857143
03544970,2013,reference,105.0,0.0,0.0,29.024285714285718
03544970,2014,reference,,,,29.677142857142858
03544970,2015,reference,125.0,36.0,0.0,31.452857142857145
03544970,2016,reference,138.0,88.0,0.0,31.442857142857143
03544970,2017,reference,133.0,12.0,0.0,31.065714285714282
03544970,2018,reference,130.0,1.0,0.0,30.40857142857143
03544970,2019,reference,137.0,44.0,0.0,31.65142857142857
03544970,2020,reference,,,,31.222857142857144
03604000,2014,reference,185.0,137.0,77.0,32.79
03604000,2015,reference,172.0,139.0,81.0,33.00571428571429
03604000,2016,reference,201.0,146.0,114.0,34.955714285714286
03604000,2017,reference,,,,34.138571428571424
03604000,2018,reference,169.0,151.0,97.0,33.76285714285714
03604000,2019,reference,178.0,143.0,86.0,35.26285714285714
03604000,2020,reference,172.0,118.0,60.0,33.637142857142855
03604000,2021,reference,176.0,124.0,50.0,33.62428571428571
03604000,2022,reference,178.0,138.0,84.0,35.16857142857143
03604000,2023,reference,170.0,134.0,70.0,35.019999999999996
03604000,2024,reference,203.0,150.0,91.0,36.44428571428571
04027000,2011,reference,,,,31.54
04027000,2012,reference,104.0,61.0,18.0,30.990000000000002
04027000,2013,reference,95.0,37.0,5.0,30.965714285714284
04027000,2014,reference,,,,27.084285714285716
04027000,2015,reference,107.0,51.0,12.0,29.785714285714285
04027000,2016,reference,,,,30.681428571428572
04027000,2017,reference,97.0,38.0,0.0,28.291428571428572
04027000,2018,reference,107.0,51.0,6.0,29.29285714285714
04027000,2019,reference,103.0,54.0,4.0,29.01571428571429
04027000,2020,reference,106.0,67.0,12.0,30.465714285714284
04027000,2021,reference,130.0,82.0,16.0,30.985714285714288
04027000,2022,reference,116.0,78.0,14.0,29.84857142857143
04027000,2023,reference,113.0,60.0,2.0,29.558571428571433
04027000,2024,reference,,,,29.560000000000002
04043150,2002,reference,,,,30.48428571428571
04043150,2003,reference,,,,29.40714285714285
04043150,2004,reference,50.0,0.0,0.0,25.50714285714286
04043150,2005,reference,,,,30.054285714285715
04043150,2006,reference,,,,30.41857142857143
04043150,2007,reference,,,,31.064285714285713
04043150,2008,reference,,,,27.857142857142858
04043150,2009,reference,,,,28.84714285714286
04043150,2010,reference,,,,30.01142857142857
04043150,2011,reference,,,,32.09428571428571
04043150,2012,reference,,,,30.231428571428573
04043150,2013,reference,,,,30.527142857142856
04043238,2005,reference,11.0,0.0,0.0,29.592857142857138
04043238,2006,reference,8.0,0.0,0.0,29.712857142857143
04043238,2007,reference,2.0,0.0,0.0,29.99857142857143
04043238,2008,reference,0.0,0.0,0.0,27.00142857142857
04043238,2009,reference,0.0,0.0,0.0,27.868571428571425
04043238,2010,reference,,,,28.627142857142854
04043238,2011,reference,9.0,0.0,0.0,30.952857142857145
04043238,2012,reference,10.0,0.0,0.0,29.215714285714284
04043238,2013,reference,12.0,0.0,0.0,29.901428571428568
04043238,2014,reference,7.0,0.0,0.0,25.634285714285713
04043238,2015,reference,1.0,0.0,0.0,28.87142857142857
04043238,2016,reference,6.0,0.0,0.0,29.465714285714284
04043238,2017,reference,0.0,0.0,0.0,26.868571428571425
04043238,2018,reference,0.0,0.0,0.0,29.44142857142857
04043238,2019,reference,0.0,0.0,0.0,27.68
04043238,2020,reference,7.0,0.0,0.0,30.077142857142857
04043238,2021,reference,5.0,0.0,0.0,30.007142857142856
04043238,2022,reference,10.0,0.0,0.0,28.505714285714287
04043238,2023,reference,0.0,0.0,0.0,28.395714285714288
04043238,2024,reference,0.0,0.0,0.0,29.10571428571429
04043244,2006,reference,1.0,0.0,0.0,29.701428571428572
04043244,2007,reference,0.0,0.0,0.0,30.008571428571425
04043244,2008,reference,0.0,0.0,0.0,27.042857142857144
04043244,2009,reference,2.0,0.0,0.0,27.868571428571432
04043244,2010,reference,11.0,0.0,0.0,28.62142857142857
04043244,2011,reference,10.0,0.0,0.0,30.908571428571427
04043244,2012,reference,12.0,0.0,0.0,29.21285714285714
04043244,2013,reference,6.0,0.0,0.0,29.88714285714286
04043244,2014,reference,2.0,0.0,0.0,25.66857142857143
04043244,2015,reference,0.0,0.0,0.0,28.87857142857143
04043244,2016,reference,9.0,0.0,0.0,29.47714285714286
04043244,2017,reference,1.0,0.0,0.0,26.82857142857143
04043244,2018,reference,11.0,0.0,0.0,29.41857142857143
04043244,2019,reference,4.0,0.0,0.0,27.677142857142858
04043244,2020,reference,15.0,0.0,0.0,30.01142857142857
04043244,2021,reference,7.0,0.0,0.0,30.065714285714286
04043244,2022,reference,5.0,0.0,0.0,28.511428571428574
04043244,2023,reference,0.0,0.0,0.0,28.377142857142854
04043244,2024,reference,1.0,0.0,0.0,29.092857142857145
04043275,2005,reference,87.0,21.0,0.0,29.827142857142857
04043275,2006,reference,82.0,12.0,0.0,29.601428571428567
04043275,2007,reference,83.0,30.0,0.0,29.858571428571427
04043275,2008,reference,72.0,1.0,0.0,26.455714285714286
04043275,2009,reference,48.0,9.0,0.0,27.694285714285712
04043275,2010,reference,79.0,24.0,0.0,28.57857142857143
04043275,2011,reference,78.0,26.0,0.0,31.06714285714286
04043275,2012,reference,95.0,36.0,2.0,29.32
04043275,2013,reference,,,,30.009999999999998
04043275,2014,reference,70.0,7.0,0.0,25.25857142857143
04043275,2015,reference,70.0,14.0,0.0,28.784285714285716
04043275,2016,reference,77.0,14.0,0.0,29.325714285714287
04059500,2011,reference,,,,31.18857142857143
04059500,2012,reference,,,,31.142857142857142
04059500,2013,reference,,,,30.93
04059500,2014,reference,,,,26.68
04059500,2015,reference,,,,29.62285714285714
04059500,2016,reference,,,,29.948571428571427
04059500,2017,reference,,,,27.11285714285714
04059500,2018,reference,,,,29.158571428571427
04059500,2019,reference,,,,27.979999999999997
04059500,2020,reference,,,,30.537142857142857
04059500,2021,reference,,,,29.0
04059500,2022,reference,,,,29.051428571428573
04059500,2023,reference,,,,27.595714285714283
04059500,2024,reference,,,,28.38
04063700,2002,reference,,,,30.094285714285714
04063700,2003,reference,,,,29.03857142857143
04063700,2004,reference,,,,25.819999999999997
04063700,2012,reference,122.0,73.0,24.0,30.87285714285714
04063700,2013,reference,100.0,49.0,13.0,30.597142857142853
04063700,2014,reference,102.0,44.0,1.0,27.259999999999998
04063700,2015,reference,113.0,32.0,3.0,28.594285714285714
04063700,2016,reference,105.0,52.0,5.0,30.77
04063700,2017,reference,82.0,12.0,0.0,27.985714285714288
04063700,2018,reference,116.0,56.0,10.0,30.628571428571426
04063700,2019,reference,84.0,41.0,3.0,28.609999999999996
04063700,2020,reference,89.0,37.0,2.0,31.037142857142857
04063700,2021,reference,113.0,72.0,7.0,31.30857142857143
04063700,2022,reference,114.0,65.0,8.0,28.91428571428571
04063700,2023,reference,113.0,59.0,5.0,29.16857142857143
04063700,2024,reference,114.0,41.0,5.0,29.114285714285717
04085119,1991,reference,,,,30.404285714285717
04085119,1992,reference,117.0,44.0,3.0,25.958571428571425
04085119,1993,reference,94.0,32.0,0.0,28.275714285714283
04085119,1994,reference,120.0,38.0,5.0,29.944285714285712
04085119,1995,reference,,,,31.60857142857143
04085119,1996,reference,,,,28.889999999999997
04085119,1997,reference,,,,29.534285714285716
04085119,2007,reference,144.0,99.0,25.0,30.925714285714285
04085119,2008,reference,,,,28.517142857142858
04124000,1997,reference,41.0,1.0,0.0,30.12857142857143
04124000,1998,reference,84.0,4.0,0.0,29.777142857142856
04124000,1999,reference,80.0,11.0,0.0,30.187142857142856
04124000,2000,reference,70.0,0.0,0.0,27.290000000000003
04124000,2001,reference,73.0,12.0,0.0,33.32714285714285
04124000,2002,reference,80.0,19.0,0.0,30.639999999999997
04124000,2003,reference,74.0,1.0,0.0,30.13714285714286
04124000,2004,reference,52.0,0.0,0.0,27.58857142857143
04124000,2005,reference,81.0,19.0,0.0,31.53
04124000,2006,reference,76.0,8.0,0.0,31.63285714285714
04124000,2007,reference,88.0,6.0,0.0,31.81714285714286
04124000,2008,reference,62.0,0.0,0.0,29.47142857142857
04124000,2009,reference,41.0,4.0,0.0,30.532857142857143
04124000,2010,reference,90.0,12.0,0.0,30.26
04124000,2011,reference,72.0,14.0,0.0,31.901428571428575
04124000,2012,reference,88.0,19.0,0.0,32.809999999999995
04124000,2013,reference,,,,32.705714285714286
04124000,2014,reference,58.0,0.0,0.0,27.368571428571425
04124000,2015,reference,70.0,1.0,0.0,30.43
04124000,2016,reference,95.0,8.0,0.0,30.434285714285714
04124000,2017,reference,80.0,0.0,0.0,31.71
04124000,2018,reference,92.0,9.0,0.0,32.63142857142857
04124000,2019,reference,65.0,2.0,0.0,29.747142857142858
04124000,2020,reference,84.0,10.0,0.0,32.417142857142856
04124000,2021,reference,91.0,7.0,0.0,30.821428571428573
04124000,2022,reference,,,,30.40142857142857
04124000,2023,reference,69.0,0.0,0.0,30.414285714285715
04124000,2024,reference,80.0,7.0,0.0,29.56714285714286
04125460,1997,reference,7.0,0.0,0.0,30.00142857142857
04125460,1998,reference,5.0,0.0,0.0,30.0
04125460,1999,reference,22.0,0.0,0.0,30.252857142857145
04125460,2000,reference,1.0,0.0,0.0,27.352857142857143
04125460,2001,reference,8.0,0.0,0.0,33.24142857142857
04125460,2002,reference,15.0,0.0,0.0,30.735714285714284
04125460,2003,reference,1.0,0.0,0.0,30.232857142857142
04125460,2004,reference,1.0,0.0,0.0,27.842857142857145
04125460,2005,reference,6.0,0.0,0.0,32.09285714285714
04125460,2006,reference,13.0,0.0,0.0,31.602857142857143
04125460,2007,reference,3.0,0.0,0.0,31.80428571428572
04125460,2008,reference,2.0,0.0,0.0,29.365714285714287
04125460,2009,reference,3.0,0.0,0.0,30.562857142857144
04125460,2010,reference,14.0,0.0,0.0,30.495714285714286
04125460,2011,reference,9.0,0.0,0.0,31.717142857142857
04125460,2012,reference,17.0,0.0,0.0,33.22571428571428
04125460,2013,reference,5.0,0.0,0.0,32.83714285714286
04125460,2014,reference,2.0,0.0,0.0,27.58571428571429
04125460,2015,reference,1.0,0.0,0.0,30.262857142857143
04125460,2016,reference,7.0,0.0,0.0,30.244285714285716
04125460,2017,reference,3.0,0.0,0.0,31.677142857142858
04125460,2018,reference,14.0,0.0,0.0,32.392857142857146
04125460,2019,reference,4.0,0.0,0.0,30.111428571428572
04125460,2020,reference,15.0,0.0,0.0,32.58714285714286
04125460,2021,reference,21.0,0.0,0.0,30.66142857142857
04125460,2022,reference,6.0,0.0,0.0,29.865714285714287
04125460,2023,reference,4.0,0.0,0.0,30.599999999999998
04125460,2024,reference,13.0,0.0,0.0,29.25857142857143
04136000,1996,reference,,,,28.79714285714286
04136000,1997,reference,40.0,3.0,0.0,30.398571428571422
04136000,1998,reference,71.0,3.0,0.0,30.388571428571424
04136000,1999,reference,74.0,15.0,0.0,30.168571428571425
04136000,2000,reference,65.0,0.0,0.0,26.627142857142854
04136000,2001,reference,66.0,13.0,0.0,33.61
04136000,2002,reference,79.0,13.0,0.0,31.465714285714288
04136000,2003,reference,70.0,3.0,0.0,29.715714285714284
04136000,2004,reference,49.0,0.0,0.0,27.73
04136000,2005,reference,70.0,9.0,0.0,31.669999999999998
04136000,2006,reference,73.0,12.0,0.0,31.78142857142857
04136000,2007,reference,78.0,5.0,0.0,32.08428571428571
04136000,2008,reference,63.0,0.0,0.0,28.06
04136000,2009,reference,42.0,2.0,0.0,30.33285714285714
04136000,2010,reference,73.0,6.0,0.0,30.268571428571427
04136000,2011,reference,74.0,9.0,0.0,32.86714285714286
04136000,2012,reference,80.0,15.0,0.0,32.245714285714286
04136000,2013,reference,63.0,6.0,0.0,32.5
04136000,2014,reference,47.0,0.0,0.0,27.197142857142858
04136000,2015,reference,68.0,0.0,0.0,30.83285714285714
04136000,2016,reference,84.0,4.0,0.0,30.645714285714288
04136000,2017,reference,65.0,0.0,0.0,31.232857142857142
04136000,2018,reference,85.0,8.0,0.0,33.17
04136000,2019,reference,57.0,0.0,0.0,29.141428571428573
04136000,2020,reference,83.0,8.0,0.0,33.17714285714286
04136000,2021,reference,79.0,1.0,0.0,31.178571428571427
04136000,2022,reference,71.0,3.0,0.0,31.232857142857142
04136000,2023,reference,67.0,2.0,0.0,30.904285714285713
04136000,2024,reference,72.0,5.0,0.0,29.66
05014300,2012,reference,,,,28.134285714285717
05014300,2013,reference,,,,27.85571428571428
05014300,2014,reference,,,,27.568571428571428
05014300,2015,reference,,,,28.451428571428572
05014300,2016,reference,,,,25.604285714285712
05014300,2017,reference,,,,28.752857142857145
05014300,2018,reference,,,,27.75857142857143
05014300,2019,reference,,,,26.95714285714286
05014300,2020,reference,,,,28.947142857142858
05014300,2021,reference,,,,30.162857142857142
05057000,1997,reference,,,,30.029999999999998
05057000,1998,reference,,,,31.278571428571432
05057000,1999,reference,,,,31.224285714285713
05057000,2000,reference,,,,29.877142857142854
05057000,2001,reference,114.0,76.0,21.0,33.03285714285715
05057000,2002,reference,113.0,77.0,28.0,31.694285714285712
05057000,2003,reference,,,,33.378571428571426
05057000,2004,reference,88.0,24.0,1.0,28.762857142857143
05057000,2005,reference,113.0,52.0,17.0,30.240000000000002
05057000,2006,reference,114.0,83.0,20.0,33.87571428571429
05057000,2007,reference,110.0,67.0,26.0,31.199999999999996
05057000,2008,reference,94.0,66.0,4.0,29.305714285714284
05057000,2009,reference,113.0,53.0,2.0,29.548571428571428
05057000,2010,reference,107.0,70.0,16.0,30.141428571428573
05057000,2011,reference,102.0,58.0,7.0,30.194285714285716
05057000,2012,reference,111.0,78.0,28.0,31.31714285714286
05057000,2013,reference,104.0,66.0,19.0,31.972857142857144
05057000,2014,reference,,,,29.337142857142858
05057000,2015,reference,118.0,77.0,12.0,31.625714285714285
05057000,2016,reference,116.0,78.0,7.0,29.785714285714285
05057000,2017,reference,108.0,69.0,20.0,30.051428571428573
05057000,2018,reference,124.0,88.0,25.0,31.75857142857143
05057000,2019,reference,109.0,61.0,18.0,29.210000000000004
05057000,2020,reference,105.0,75.0,11.0,30.99285714285714
05057000,2021,reference,124.0,82.0,30.0,33.207142857142856
05057000,2022,reference,110.0,80.0,9.0,30.845714285714287
05057000,2023,reference,131.0,92.0,15.0,31.91142857142857
05057000,2024,reference,121.0,59.0,19.0,29.430000000000003
05057200,1998,reference,,,,31.177142857142854
05057200,1999,reference,,,,31.562857142857144
05057200,2000,reference,,,,29.958571428571428
05057200,2001,reference,,,,33.255714285714284
05057200,2012,reference,,,,31.58857142857143
05057200,2013,reference,,,,32.152857142857144
05057200,2014,reference,,,,29.43857142857143
05057200,2015,reference,,,,31.562857142857144
05057200,2016,reference,,,,30.19142857142857
05057200,2017,reference,,,,30.58857142857143
05412500,2012,reference,,,,35.84285714285714
05412500,2013,reference,,,,32.36
05412500,2014,reference,,,,29.10571428571429
05412500,2015,reference,,,,31.434285714285718
05412500,2016,reference,,,,30.37714285714286
05412500,2017,reference,,,,32.362857142857145
05412500,2018,reference,,,,31.94
05412500,2019,reference,,,,31.988571428571426
05412500,2023,reference,,,,33.684285714285714
05412500,2024,reference,,,,31.374285714285715
06036805,2007,reference,65.0,7.0,0.0,29.865714285714287
06036805,2008,reference,14.0,0.0,0.0,26.51142857142857
06036805,2009,reference,4.0,0.0,0.0,25.857142857142858
06036805,2010,reference,41.0,0.0,0.0,26.02285714285714
06036805,2011,reference,0.0,0.0,0.0,26.909999999999997
06036805,2012,reference,21.0,0.0,0.0,27.04571428571429
06036805,2013,reference,,,,28.53142857142857
06036805,2014,reference,23.0,0.0,0.0,26.365714285714287
06036805,2015,reference,61.0,6.0,0.0,28.375714285714285
06036805,2016,reference,62.0,1.0,0.0,27.46
06036805,2017,reference,7.0,0.0,0.0,27.27142857142857
06036805,2018,reference,9.0,0.0,0.0,28.177142857142858
06036805,2019,reference,19.0,0.0,0.0,26.54
06036805,2020,reference,41.0,0.0,0.0,27.53714285714286
06036805,2021,reference,57.0,1.0,0.0,28.02142857142857
06036805,2022,reference,44.0,0.0,0.0,28.70285714285714
06036805,2023,reference,19.0,0.0,0.0,27.139999999999997
06036805,2024,reference,32.0,0.0,0.0,28.364285714285717
06036905,2003,reference,141.0,78.0,34.0,30.37
06036905,2004,reference,146.0,67.0,19.0,26.692857142857143
06036905,2005,reference,127.0,77.0,26.0,26.607142857142858
06036905,2006,reference,138.0,80.0,22.0,28.835714285714285
06036905,2007,reference,154.0,91.0,42.0,30.115714285714287
06036905,2008,reference,126.0,61.0,8.0,26.664285714285715
06036905,2009,reference,128.0,75.0,6.0,26.045714285714286
06036905,2010,reference,137.0,74.0,24.0,26.27857142857143
06036905,2011,reference,117.0,52.0,1.0,27.29
06036905,2012,reference,144.0,76.0,19.0,27.435714285714287
06036905,2013,reference,142.0,95.0,38.0,28.742857142857144
06036905,2014,reference,140.0,73.0,21.0,26.704285714285714
06036905,2015,reference,175.0,101.0,36.0,28.88714285714286
06036905,2016,reference,157.0,93.0,36.0,27.802857142857142
06036905,2017,reference,122.0,79.0,16.0,27.782857142857143
06036905,2018,reference,126.0,65.0,12.0,28.481428571428573
06036905,2019,reference,123.0,72.0,14.0,26.685714285714283
06036905,2020,reference,140.0,69.0,5.0,27.774285714285714
06036905,2021,reference,147.0,99.0,49.0,28.381428571428568
06036905,2022,reference,153.0,88.0,52.0,29.06714285714286
06036905,2023,reference,153.0,78.0,28.0,27.517142857142858
06036905,2024,reference,158.0,85.0,25.0,28.767142857142858
06037100,2003,reference,85.0,38.0,0.0,31.948571428571427
06037100,2004,reference,84.0,30.0,0.0,28.211428571428574
06037100,2005,reference,73.0,24.0,0.0,28.014285714285712
06037100,2006,reference,94.0,30.0,0.0,30.34142857142857
06037100,2007,reference,111.0,52.0,3.0,31.535714285714285
06037100,2008,reference,70.0,9.0,0.0,28.04285714285714
06037100,2009,reference,84.0,15.0,0.0,27.31857142857143
06037100,2010,reference,77.0,31.0,0.0,27.638571428571428
06037100,2011,reference,75.0,3.0,0.0,28.71142857142857
06037100,2012,reference,,,,28.83142857142857
06037100,2013,reference,94.0,46.0,2.0,30.16142857142857
06037100,2014,reference,84.0,34.0,0.0,28.057142857142853
06037100,2015,reference,,,,30.318571428571428
06037500,1985,reference,84.0,27.0,0.0,29.75714285714286
06037500,1986,reference,,,,26.69
06037500,2014,reference,,,,28.430000000000003
06037500,2015,reference,112.0,59.0,8.0,31.08428571428572
06037500,2016,reference,109.0,56.0,0.0,30.03
06037500,2017,reference,93.0,35.0,0.0,30.044285714285714
06037500,2018,reference,87.0,38.0,0.0,30.512857142857143
06037500,2019,reference,90.0,38.0,0.0,28.879999999999995
06037500,2020,reference,94.0,47.0,0.0,29.821428571428573
06037500,2021,reference,111.0,63.0,3.0,30.31
06037500,2022,reference,96.0,63.0,3.0,30.81714285714285
06037500,2023,reference,99.0,46.0,0.0,29.487142857142857
06037500,2024,reference,105.0,47.0,0.0,30.955714285714286
06073500,1994,reference,94.0,39.0,2.0,33.21714285714285
06073500,1995,reference,54.0,10.0,0.0,30.622857142857146
06073500,1996,reference,67.0,26.0,0.0,32.99
06073500,1997,reference,60.0,11.0,0.0,30.41857142857143
06073500,1998,reference,67.0,25.0,0.0,34.06142857142857
06073500,1999,reference,69.0,26.0,0.0,31.708571428571428
06073500,2000,reference,93.0,56.0,15.0,35.57285714285714
06073500,2001,reference,94.0,48.0,1.0,32.221428571428575
06073500,2002,reference,66.0,17.0,0.0,36.12428571428571
06073500,2003,reference,87.0,59.0,21.0,36.66285714285714
06073500,2004,reference,,,,33.137142857142855
06073500,2005,reference,,,,32.00857142857142
06073500,2006,reference,,,,35.23571428571428
06073500,2007,reference,,,,35.36142857142857
06073500,2008,reference,,,,30.877142857142854
06073500,2009,reference,,,,31.84
06073500,2010,reference,,,,30.251428571428573
06073500,2011,reference,,,,32.58142857142857
06073500,2012,reference,,,,33.27428571428572
06073500,2013,reference,,,,32.362857142857145
06073500,2014,reference,,,,31.327142857142857
06073500,2015,reference,,,,33.494285714285716
06073500,2016,reference,,,,31.412857142857142
06073500,2017,reference,,,,34.23571428571429
06073500,2019,reference,,,,32.402857142857144
06073500,2020,reference,,,,33.21285714285714
06073500,2021,reference,,,,33.78571428571429
06073500,2022,reference,,,,34.22857142857143
06073500,2023,reference,,,,33.144285714285715
06073500,2024,reference,,,,34.712857142857146
06187915,2003,reference,,,,29.457142857142856
06187915,2004,reference,0.0,0.0,0.0,25.997142857142858
06187915,2005,reference,0.0,0.0,0.0,26.237142857142857
06187915,2006,reference,0.0,0.0,0.0,28.04
06187915,2007,reference,0.0,0.0,0.0,29.994285714285713
06187915,2008,reference,0.0,0.0,0.0,26.198571428571427
06187915,2009,reference,0.0,0.0,0.0,24.835714285714285
06187915,2010,reference,,,,25.564285714285713
06188000,2014,reference,,,,29.475714285714286
06188000,2015,reference,34.0,0.0,0.0,31.412857142857145
06188000,2016,reference,25.0,0.0,0.0,30.50714285714286
06188000,2017,reference,,,,30.735714285714284
06188000,2018,reference,12.0,0.0,0.0,31.244285714285716
06188000,2019,reference,17.0,0.0,0.0,29.315714285714282
06188000,2020,reference,25.0,0.0,0.0,31.045714285714286
06188000,2021,reference,,,,31.381428571428568
06188000,2022,reference,,,,32.44571428571429
06188000,2023,reference,23.0,0.0,0.0,29.74285714285714
06188000,2024,reference,33.0,0.0,0.0,31.231428571428573
06191500,2001,reference,,,,34.07714285714286
06191500,2002,reference,,,,35.64857142857143
06191500,2016,reference,,,,32.83142857142857
06191500,2017,reference,54.0,0.0,0.0,32.81857142857143
06191500,2018,reference,36.0,0.0,0.0,33.37571428571429
06191500,2019,reference,41.0,0.0,0.0,31.16714285714286
06191500,2020,reference,47.0,0.0,0.0,32.029999999999994
06191500,2021,reference,50.0,1.0,0.0,32.708571428571425
06191500,2022,reference,50.0,0.0,0.0,33.822857142857146
06191500,2023,reference,,,,31.645714285714288
06191500,2024,reference,,,,33.21
06623800,2012,reference,,,,27.092857142857138
06623800,2013,reference,33.0,0.0,0.0,26.36285714285714
06623800,2014,reference,11.0,0.0,0.0,25.91
06623800,2015,reference,18.0,0.0,0.0,25.254285714285714
06623800,2016,reference,18.0,0.0,0.0,26.062857142857144
06623800,2017,reference,18.0,0.0,0.0,26.692857142857143
06623800,2018,reference,37.0,0.0,0.0,27.725714285714282
06623800,2019,reference,10.0,0.0,0.0,25.92142857142857
06623800,2020,reference,31.0,0.0,0.0,27.46142857142857
06623800,2021,reference,34.0,1.0,0.0,27.75857142857143
06623800,2022,reference,39.0,0.0,0.0,27.274285714285718
06623800,2023,reference,,,,26.57428571428571
06623800,2024,reference,20.0,0.0,0.0,27.638571428571428
06914990,2010,reference,,,,36.84571428571428
06914990,2011,reference,147.0,108.0,68.0,38.277142857142856
06914990,2012,reference,,,,38.69714285714286
06914990,2018,reference,,,,35.068571428571424
06914990,2019,reference,160.0,125.0,52.0,32.97571428571429
06914990,2020,reference,146.0,99.0,23.0,33.66571428571429
06914990,2021,reference,156.0,109.0,28.0,35.22
06914990,2024,reference,,,,34.80142857142857
07014000,2011,reference,,,,36.65428571428571
07014000,2012,reference,171.0,115.0,42.0,39.09571428571428
07014000,2013,reference,134.0,95.0,10.0,34.41428571428572
07014000,2014,reference,162.0,108.0,22.0,35.972857142857144
07014000,2015,reference,164.0,95.0,8.0,32.955714285714286
07014000,2016,reference,170.0,109.0,15.0,34.37
07014000,2017,reference,,,,35.754285714285714
07014000,2018,reference,159.0,113.0,26.0,34.82
07014000,2019,reference,152.0,103.0,7.0,33.34428571428571
07014000,2020,reference,141.0,92.0,17.0,33.40857142857143
07014000,2021,reference,131.0,71.0,3.0,34.64142857142857
07014000,2022,reference,144.0,96.0,17.0,37.15714285714286
07014000,2023,reference,155.0,87.0,6.0,36.137142857142855
07014000,2024,reference,174.0,112.0,25.0,33.89714285714286
07056515,1999,reference,,,,37.57
07056515,2000,reference,187.0,111.0,59.0,40.902857142857144
07056515,2001,reference,172.0,116.0,28.0,35.589999999999996
07056515,2002,reference,88.0,4.0,0.0,34.71857142857142
07056515,2003,reference,69.0,0.0,0.0,36.02428571428572
07056515,2004,reference,105.0,20.0,0.0,32.58142857142857
07056515,2005,reference,12.0,0.0,0.0,36.621428571428574
07056515,2006,reference,,,,37.19428571428572
07056515,2007,reference,109.0,8.0,0.0,38.64857142857143
07056515,2008,reference,162.0,38.0,0.0,35.75285714285714
07056515,2009,reference,151.0,57.0,0.0,35.25
07056515,2010,reference,166.0,29.0,1.0,37.25142857142857
07056515,2011,reference,93.0,5.0,0.0,40.01571428571429
07056515,2012,reference,73.0,0.0,0.0,39.63285714285714
07056515,2013,reference,157.0,20.0,0.0,34.432857142857145
07056515,2014,reference,144.0,33.0,0.0,35.832857142857144
07056515,2015,reference,133.0,47.0,1.0,34.23857142857143
07061270,2006,reference,166.0,139.0,104.0,34.885714285714286
07061270,2007,reference,174.0,141.0,94.0,38.614285714285714
07061270,2008,reference,164.0,128.0,82.0,33.15428571428572
07061270,2009,reference,152.0,116.0,74.0,34.332857142857144
07061270,2010,reference,184.0,132.0,92.0,35.93142857142857
07061270,2011,reference,168.0,126.0,93.0,36.779999999999994
07061270,2012,reference,190.0,145.0,102.0,38.91428571428571
07061270,2013,reference,164.0,131.0,76.0,33.32714285714286
07061270,2014,reference,170.0,131.0,94.0,36.25857142857143
07061270,2015,reference,179.0,124.0,63.0,32.79142857142857
07061270,2016,reference,165.0,87.0,29.0,34.08857142857143
07061270,2017,reference,,,,35.52571428571428
07061270,2018,reference,163.0,145.0,95.0,34.17
07061270,2019,reference,,,,32.73142857142857
07061270,2020,reference,154.0,119.0,76.0,33.292857142857144
07061270,2021,reference,136.0,106.0,61.0,33.98428571428572
07061270,2022,reference,,,,36.46
07061270,2023,reference,170.0,135.0,76.0,35.51428571428571
07061270,2024,reference,,,,33.69571428571429
07099400,2009,upstream,79.0,0.0,0.0,36.862857142857145
07099400,2010,upstream,82.0,1.0,0.0,38.11571428571428
07099400,2011,upstream,95.0,1.0,0.0,37.27571428571428
07099400,2012,upstream,4.0,0.0,0.0,39.77285714285715
07099400,2013,upstream,91.0,13.0,0.0,36.36142857142857
07099400,2014,upstream,88.0,0.0,0.0,36.402857142857144
07099400,2015,upstream,99.0,0.0,0.0,35.68714285714286
07099400,2016,upstream,81.0,0.0,0.0,37.72428571428571
07099400,2017,upstream,63.0,0.0,0.0,35.88428571428571
07099400,2018,upstream,6.0,0.0,0.0,37.01142857142857
07099400,2019,upstream,65.0,0.0,0.0,37.809999999999995
07099400,2020,upstream,75.0,0.0,0.0,37.74571428571429
07099400,2021,upstream,61.0,0.0,0.0,36.779999999999994
07099400,2022,upstream,60.0,0.0,0.0,38.041428571428575
07099400,2023,upstream,70.0,0.0,0.0,37.96714285714285
07099400,2024,upstream,98.0,0.0,0.0,37.728571428571435
07144780,1999,reference,,,,37.48714285714285
07144780,2000,reference,195.0,160.0,125.0,40.037142857142854
07144780,2001,reference,201.0,159.0,116.0,40.32
07144780,2002,reference,181.0,156.0,120.0,36.537142857142854
07144780,2003,reference,169.0,130.0,89.0,39.34428571428571
07144780,2004,reference,198.0,154.0,119.0,35.04571428571428
07144780,2005,reference,195.0,165.0,129.0,36.63428571428572
07144780,2006,reference,185.0,166.0,130.0,40.238571428571426
07144780,2007,reference,201.0,158.0,117.0,37.74285714285715
07144780,2008,reference,188.0,148.0,108.0,36.51
07144780,2009,reference,171.0,134.0,103.0,36.537142857142854
07144780,2010,reference,201.0,166.0,118.0,39.68428571428571
07144780,2011,reference,196.0,165.0,128.0,41.32
07144780,2012,reference,,,,40.23428571428571
07144780,2013,reference,182.0,160.0,117.0,37.800000000000004
07144780,2014,reference,192.0,163.0,128.0,37.66571428571429
07144780,2015,reference,,,,36.917142857142856
07144780,2016,reference,,,,37.91428571428571
07144780,2017,reference,186.0,146.0,118.0,38.67714285714286
07144780,2018,reference,,,,36.17857142857143
07144780,2019,reference,182.0,145.0,116.0,36.67857142857143
07144780,2020,reference,193.0,164.0,129.0,35.230000000000004
07144780,2021,reference,192.0,164.0,136.0,37.75714285714286
07144780,2022,reference,198.0,168.0,136.0,39.12428571428571
07144780,2023,reference,210.0,180.0,144.0,40.269999999999996
07144780,2024,reference,225.0,178.0,147.0,37.64857142857143
07191222,2005,reference,,,,36.25857142857143
07191222,2006,reference,,,,37.62571428571429
07191222,2007,reference,166.0,104.0,18.0,37.89714285714285
07191222,2008,reference,158.0,80.0,7.0,35.88142857142857
07191222,2009,reference,143.0,90.0,13.0,35.62
07191222,2010,reference,166.0,117.0,45.0,38.23571428571428
07191222,2011,reference,155.0,108.0,61.0,41.67
07191222,2012,reference,185.0,127.0,55.0,41.50714285714286
07191222,2013,reference,156.0,115.0,2.0,35.03142857142858
07191222,2014,reference,,,,35.832857142857144
07191222,2015,reference,,,,34.67
07191222,2016,reference,181.0,123.0,32.0,35.652857142857144
07191222,2017,reference,,,,35.160000000000004
07191222,2018,reference,170.0,135.0,37.0,35.620000000000005
07191222,2019,reference,129.0,104.0,7.0,33.76714285714286
07191222,2020,reference,138.0,95.0,8.0,33.85857142857143
07191222,2021,reference,148.0,109.0,14.0,35.05428571428571
07191222,2022,reference,166.0,108.0,46.0,39.52571428571429
07191222,2023,reference,,,,36.980000000000004
07280010,2017,tailwater,203.0,155.0,78.0,35.160000000000004
07280010,2018,tailwater,,,,34.81285714285714
07280010,2019,tailwater,184.0,147.0,108.0,36.38428571428572
07280010,2020,tailwater,198.0,132.0,96.0,34.997142857142855
07280010,2021,tailwater,190.0,146.0,49.0,35.47857142857143
07280010,2022,tailwater,203.0,139.0,78.0,35.92
07280010,2023,tailwater,,,,38.16142857142857
07280010,2024,tailwater,,,,36.54714285714285
07337000,1998,tailwater,215.0,171.0,136.0,40.64142857142857
07337000,1999,tailwater,233.0,193.0,141.0,38.787142857142854
07337000,2000,tailwater,222.0,185.0,140.0,41.61571428571428
07337000,2001,tailwater,231.0,176.0,121.0,36.76
07337000,2002,tailwater,193.0,161.0,128.0,36.787142857142854
07337000,2003,tailwater,233.0,203.0,157.0,36.83857142857143
07337000,2004,tailwater,230.0,190.0,137.0,34.309999999999995
07337000,2005,tailwater,,,,38.118571428571435
07337000,2006,tailwater,,,,38.87428571428571
07337000,2007,tailwater,226.0,178.0,115.0,37.65571428571428
07337000,2008,tailwater,202.0,155.0,118.0,37.951428571428565
07337000,2009,tailwater,,,,36.81714285714286
07337000,2010,tailwater,,,,38.604285714285716
07337000,2012,tailwater,,,,38.660000000000004
07337000,2013,tailwater,,,,36.91857142857143
07337000,2014,tailwater,,,,35.097142857142856
07337000,2015,tailwater,,,,38.96142857142858
07337000,2016,tailwater,218.0,168.0,107.0,37.39571428571429
07337000,2017,tailwater,,,,35.04
07337000,2018,tailwater,,,,37.48857142857143
07337000,2019,tailwater,,,,37.097142857142856
07337000,2020,tailwater,190.0,153.0,101.0,34.37571428571429
07337000,2021,tailwater,219.0,162.0,111.0,35.65142857142857
07337000,2022,tailwater,218.0,170.0,135.0,38.39857142857143
07337000,2023,tailwater,189.0,162.0,134.0,39.03285714285715
07337000,2024,tailwater,231.0,186.0,118.0,36.80285714285714
08048000,2010,tailwater,,,,39.784285714285716
08048000,2011,tailwater,221.0,173.0,107.0,42.30285714285714
08048000,2012,tailwater,225.0,178.0,116.0,41.21714285714285
08048000,2013,tailwater,207.0,162.0,114.0,39.46
08048000,2014,tailwater,207.0,176.0,116.0,38.67142857142857
08048000,2015,tailwater,228.0,160.0,103.0,40.160000000000004
08048000,2016,tailwater,229.0,177.0,103.0,39.401428571428575
08048000,2017,tailwater,215.0,176.0,116.0,36.86428571428571
08048000,2018,tailwater,188.0,153.0,119.0,42.135714285714286
08048000,2019,tailwater,191.0,143.0,121.0,38.848571428571425
08048000,2020,tailwater,199.0,170.0,106.0,39.61857142857143
08048000,2021,tailwater,,,,37.769999999999996
08048000,2022,tailwater,,,,40.832857142857144
08048000,2023,tailwater,222.0,168.0,140.0,41.762857142857136
08048000,2024,tailwater,238.0,182.0,129.0,39.878571428571426
08049500,1985,tailwater,261.0,199.0,128.0,39.205714285714286
08049500,1986,tailwater,,,,39.755714285714284
08049500,1987,tailwater,228.0,198.0,133.0,38.80571428571428
08049500,1988,tailwater,250.0,198.0,133.0,39.28142857142858
08049500,1989,tailwater,,,,37.261428571428574
08049500,1992,tailwater,208.0,169.0,103.0,35.61142857142857
08049500,1993,tailwater,,,,38.832857142857144
08049500,1994,tailwater,224.0,172.0,123.0,36.91857142857143
08049500,1995,tailwater,239.0,169.0,116.0,37.79714285714285
08049500,1996,tailwater,250.0,186.0,139.0,40.15571428571429
08049500,1997,tailwater,202.0,155.0,121.0,37.80428571428571
08049500,1998,tailwater,245.0,190.0,149.0,40.99428571428571
08049500,1999,tailwater,267.0,207.0,141.0,40.012857142857136
08049500,2000,tailwater,257.0,190.0,129.0,41.784285714285716
08049500,2001,tailwater,240.0,190.0,133.0,37.74857142857143
08049500,2002,tailwater,226.0,175.0,134.0,36.73571428571428
08049500,2003,tailwater,,,,38.26714285714286
08049500,2004,tailwater,,,,35.37714285714286
08049500,2005,tailwater,265.0,202.0,142.0,38.13428571428572
08049500,2006,tailwater,267.0,208.0,154.0,39.91571428571428
08049500,2007,tailwater,264.0,191.0,133.0,37.60142857142857
08049500,2008,tailwater,252.0,187.0,137.0,39.019999999999996
08049500,2009,tailwater,251.0,167.0,122.0,39.86
08049500,2010,tailwater,233.0,187.0,126.0,39.83428571428571
08049500,2011,tailwater,261.0,206.0,135.0,42.074285714285715
08049500,2012,tailwater,256.0,193.0,130.0,40.7
08049500,2013,tailwater,252.0,183.0,140.0,39.20428571428572
08049500,2014,tailwater,256.0,200.0,144.0,37.847142857142856
08049500,2015,tailwater,242.0,183.0,124.0,39.72428571428571
08049500,2016,tailwater,261.0,190.0,118.0,38.73571428571428
08049500,2017,tailwater,268.0,210.0,144.0,36.87428571428571
08049500,2018,tailwater,220.0,171.0,141.0,41.98142857142857
08049500,2019,tailwater,,,,38.494285714285716
08049500,2020,tailwater,244.0,182.0,126.0,39.08142857142857
08049500,2021,tailwater,240.0,163.0,121.0,37.68857142857143
08049500,2022,tailwater,220.0,171.0,123.0,40.60285714285714
08049500,2023,tailwater,251.0,192.0,149.0,41.76714285714286
08049500,2024,tailwater,280.0,209.0,149.0,39.48714285714285
08052700,2010,tailwater,,,,39.394285714285715
08052700,2011,tailwater,207.0,146.0,79.0,41.75142857142857
08052700,2012,tailwater,237.0,194.0,113.0,40.48714285714285
08052700,2013,tailwater,,,,38.971428571428575
08052700,2014,tailwater,217.0,175.0,108.0,36.26428571428572
08052700,2015,tailwater,210.0,134.0,75.0,39.048571428571435
08052700,2016,tailwater,242.0,174.0,104.0,38.174285714285716
08052700,2017,tailwater,237.0,182.0,103.0,36.18142857142857
08052700,2018,tailwater,201.0,158.0,124.0,41.574285714285715
08052700,2019,tailwater,200.0,161.0,129.0,37.44571428571429
08052700,2020,tailwater,201.0,174.0,127.0,38.212857142857146
08052700,2021,tailwater,,,,36.55428571428571
08052700,2022,tailwater,,,,39.951428571428565
08052700,2023,tailwater,198.0,158.0,120.0,41.237142857142864
08052700,2024,tailwater,245.0,195.0,128.0,39.06
08052745,2010,tailwater,,,,39.40571428571428
08052745,2011,tailwater,214.0,157.0,97.0,41.70428571428572
08052745,2012,tailwater,238.0,161.0,99.0,40.50142857142857
08052745,2013,tailwater,196.0,154.0,110.0,39.03857142857142
08052745,2014,tailwater,198.0,153.0,100.0,36.31428571428571
08052745,2015,tailwater,229.0,159.0,84.0,39.10142857142858
08052745,2016,tailwater,,,,38.25285714285714
08052745,2017,tailwater,232.0,166.0,99.0,36.18
08052745,2018,tailwater,194.0,153.0,117.0,41.52571428571429
08052745,2019,tailwater,191.0,152.0,104.0,37.50571428571429
08052745,2020,tailwater,,,,38.33
08052745,2021,tailwater,,,,36.565714285714286
08052745,2022,tailwater,,,,40.00571428571429
08052745,2023,tailwater,206.0,163.0,113.0,41.18714285714286
08052745,2024,tailwater,223.0,159.0,107.0,39.16142857142857
08057000,2015,tailwater,,,,39.68
08057000,2016,tailwater,242.0,187.0,118.0,38.855714285714285
08057000,2017,tailwater,265.0,201.0,135.0,36.84142857142857
08057000,2018,tailwater,,,,41.97428571428571
08057000,2020,tailwater,232.0,174.0,113.0,39.00285714285714
08057000,2021,tailwater,,,,37.41571428571429
08057000,2022,tailwater,,,,40.537142857142854
08057000,2023,tailwater,251.0,191.0,153.0,41.81
08057000,2024,tailwater,278.0,202.0,144.0,39.4
08057055,2001,tailwater,224.0,177.0,115.0,37.98714285714285
08057055,2002,tailwater,,,,36.78857142857142
08057055,2003,tailwater,233.0,196.0,117.0,38.17857142857143
08057055,2004,tailwater,245.0,200.0,127.0,35.558571428571426
08057055,2005,tailwater,245.0,192.0,146.0,38.347142857142856
08057055,2006,tailwater,274.0,210.0,156.0,40.00428571428571
08057055,2007,tailwater,261.0,189.0,115.0,37.620000000000005
08057055,2008,tailwater,244.0,179.0,140.0,39.06571428571429
08057055,2009,tailwater,246.0,164.0,107.0,39.4
08057055,2010,tailwater,226.0,185.0,123.0,39.83571428571428
08057055,2011,tailwater,280.0,209.0,129.0,42.08857142857143
08057055,2012,tailwater,276.0,197.0,144.0,40.49428571428571
08057055,2013,tailwater,256.0,180.0,133.0,39.46
08057055,2014,tailwater,265.0,198.0,138.0,37.51285714285715
08057410,2015,tailwater,,,,39.56142857142857
08057410,2016,tailwater,249.0,191.0,127.0,38.902857142857144
08057410,2017,tailwater,255.0,183.0,135.0,36.74285714285714
08057410,2018,tailwater,,,,41.958571428571425
08057410,2019,tailwater,,,,38.41571428571428
08057410,2022,tailwater,234.0,182.0,122.0,40.55142857142857
08057410,2023,tailwater,247.0,185.0,146.0,41.75714285714286
08057410,2024,tailwater,258.0,193.0,137.0,39.387142857142855
08062500,1985,tailwater,240.0,177.0,117.0,38.965714285714284
08062500,1986,tailwater,251.0,181.0,119.0,38.857142857142854
08062500,1987,tailwater,,,,38.57714285714285
08062500,1988,tailwater,,,,38.644285714285715
08062500,1989,tailwater,,,,37.06857142857143
08062500,1990,tailwater,,,,39.01142857142857
08062500,1991,tailwater,,,,36.55428571428571
08062500,1992,tailwater,,,,34.957142857142856
08062500,1993,tailwater,,,,38.50857142857143
08062500,1995,tailwater,192.0,159.0,107.0,37.604285714285716
08062500,1996,tailwater,225.0,173.0,122.0,38.87571428571429
08062500,1997,tailwater,196.0,152.0,113.0,37.635714285714286
08062500,1998,tailwater,227.0,173.0,141.0,40.64142857142857
08062500,1999,tailwater,219.0,177.0,108.0,39.47142857142857
08062500,2000,tailwater,220.0,168.0,109.0,41.76571428571429
08062500,2001,tailwater,215.0,163.0,117.0,38.25714285714286
08062500,2002,tailwater,,,,36.74142857142857
08062500,2003,tailwater,235.0,201.0,121.0,37.784285714285716
08062500,2004,tailwater,238.0,191.0,120.0,35.22857142857143
08062500,2005,tailwater,237.0,191.0,139.0,38.52285714285714
08062500,2006,tailwater,255.0,195.0,148.0,39.948571428571434
08062500,2007,tailwater,250.0,179.0,116.0,37.12714285714286
08062500,2008,tailwater,209.0,166.0,128.0,39.10000000000001
08062500,2009,tailwater,232.0,159.0,109.0,38.17
08062500,2010,tailwater,224.0,186.0,126.0,39.23714285714285
08062500,2011,tailwater,256.0,194.0,127.0,41.68857142857143
08062500,2012,tailwater,249.0,183.0,139.0,39.715714285714284
08062500,2013,tailwater,236.0,170.0,132.0,39.26428571428572
08062500,2014,tailwater,224.0,189.0,138.0,37.16571428571429
08062500,2015,tailwater,,,,39.297142857142866
08062500,2016,tailwater,,,,38.957142857142856
08062500,2017,tailwater,247.0,194.0,129.0,36.45285714285715
08062500,2018,tailwater,,,,41.381428571428565
08062500,2019,tailwater,,,,38.209999999999994
08062500,2020,tailwater,228.0,174.0,109.0,38.56
08062500,2021,tailwater,221.0,146.0,96.0,36.28285714285714
08062500,2022,tailwater,221.0,172.0,114.0,40.55714285714286
08062500,2023,tailwater,236.0,184.0,146.0,41.71
08062500,2024,tailwater,254.0,190.0,130.0,39.09571428571429
08065350,1985,tailwater,,,,38.59571428571429
08065350,1986,tailwater,,,,39.11571428571428
08065350,1987,tailwater,218.0,182.0,128.0,37.61714285714286
08065350,1988,tailwater,233.0,191.0,142.0,37.567142857142855
08065350,1989,tailwater,223.0,175.0,114.0,36.69
08065350,1990,tailwater,209.0,148.0,130.0,38.87571428571429
08065350,1991,tailwater,191.0,159.0,105.0,35.738571428571426
08065350,1992,tailwater,,,,36.03000000000001
08065350,1993,tailwater,,,,38.20428571428572
08065350,1994,tailwater,220.0,159.0,110.0,37.034285714285716
08065350,1995,tailwater,225.0,169.0,127.0,37.34142857142857
08065350,1996,tailwater,226.0,190.0,141.0,38.478571428571435
08065350,1997,tailwater,183.0,142.0,108.0,36.96999999999999
08065350,1998,tailwater,,,,40.61857142857143
08065350,1999,tailwater,241.0,186.0,122.0,38.269999999999996
08065350,2000,tailwater,251.0,194.0,132.0,42.207142857142856
08065350,2001,tailwater,219.0,161.0,117.0,36.548571428571435
08065350,2002,tailwater,207.0,179.0,126.0,36.06285714285714
08065350,2003,tailwater,210.0,179.0,112.0,36.40428571428571
08065350,2004,tailwater,232.0,182.0,130.0,35.589999999999996
08065350,2005,tailwater,223.0,179.0,146.0,37.81
08065350,2006,tailwater,237.0,197.0,146.0,38.44
08065350,2007,tailwater,222.0,159.0,117.0,37.660000000000004
08065350,2008,tailwater,228.0,169.0,122.0,38.97714285714286
08065350,2009,tailwater,206.0,162.0,112.0,39.19857142857143
08065350,2010,tailwater,213.0,179.0,136.0,38.25714285714286
08065350,2011,tailwater,,,,41.074285714285715
08065350,2012,tailwater,230.0,193.0,144.0,38.12571428571429
08065350,2013,tailwater,223.0,166.0,133.0,39.01714285714286
08065350,2014,tailwater,215.0,179.0,131.0,36.47714285714286
08065350,2015,tailwater,231.0,187.0,126.0,39.544285714285714
08065350,2016,tailwater,243.0,201.0,122.0,38.24
08065350,2017,tailwater,253.0,206.0,141.0,36.66571428571428
08065350,2018,tailwater,,,,38.940000000000005
08065350,2019,tailwater,,,,37.35285714285715
08065350,2020,tailwater,227.0,174.0,106.0,38.26857142857143
08065350,2021,tailwater,,,,35.75714285714286
08065350,2022,tailwater,236.0,187.0,142.0,39.52285714285714
08065350,2023,tailwater,,,,41.300000000000004
08065350,2024,tailwater,,,,37.047142857142866
08067074,2012,tailwater,,,,36.28142857142857
08067074,2013,tailwater,254.0,196.0,150.0,35.645714285714284
08067074,2014,tailwater,232.0,198.0,156.0,35.06142857142857
08067074,2015,tailwater,253.0,210.0,144.0,37.294285714285714
08067074,2016,tailwater,275.0,209.0,148.0,36.135714285714286
08067074,2017,tailwater,297.0,226.0,147.0,35.15
08067074,2018,tailwater,245.0,182.0,164.0,35.83428571428571
08067074,2019,tailwater,224.0,177.0,142.0,36.32857142857143
08067074,2020,tailwater,254.0,197.0,131.0,35.83428571428571
08067074,2021,tailwater,,,,35.114285714285714
08068000,2014,tailwater,,,,36.32
08068000,2015,tailwater,259.0,194.0,133.0,38.76428571428572
08068000,2016,tailwater,292.0,215.0,144.0,37.84428571428572
08068000,2017,tailwater,300.0,232.0,146.0,36.43857142857143
08068000,2018,tailwater,244.0,174.0,148.0,37.36857142857143
08068000,2019,tailwater,259.0,190.0,144.0,37.854285714285716
08068000,2020,tailwater,278.0,222.0,149.0,37.79571428571428
08068000,2021,tailwater,290.0,205.0,137.0,36.097142857142856
08068000,2022,tailwater,263.0,217.0,158.0,39.76428571428571
08068000,2023,tailwater,283.0,215.0,140.0,40.81428571428571
08068000,2024,tailwater,282.0,240.0,146.0,37.65
08068400,1999,tailwater,,,,37.72857142857142
08068400,2000,tailwater,318.0,270.0,171.0,41.74571428571429
08068400,2001,tailwater,280.0,231.0,139.0,36.15857142857143
08068400,2002,tailwater,292.0,213.0,172.0,35.63285714285714
08068400,2003,tailwater,288.0,226.0,173.0,36.91285714285714
08068400,2004,tailwater,291.0,226.0,159.0,35.76714285714286
08068400,2005,tailwater,329.0,271.0,181.0,37.99714285714286
08068400,2006,tailwater,341.0,277.0,176.0,36.58857142857143
08068400,2007,tailwater,314.0,258.0,178.0,36.855714285714285
08068400,2008,tailwater,336.0,255.0,155.0,37.10857142857143
08068400,2009,tailwater,333.0,252.0,161.0,38.629999999999995
08068400,2010,tailwater,316.0,263.0,184.0,37.42142857142857
08068400,2011,tailwater,330.0,282.0,202.0,40.19285714285714
08068400,2012,tailwater,339.0,291.0,198.0,37.037142857142854
08068400,2013,tailwater,332.0,255.0,157.0,37.62428571428571
08068400,2014,tailwater,321.0,242.0,173.0,36.18714285714286
08068400,2015,tailwater,,,,38.607142857142854
08069500,2010,tailwater,,,,36.90857142857143
08069500,2011,tailwater,275.0,229.0,167.0,39.33714285714286
08069500,2012,tailwater,286.0,227.0,171.0,36.91857142857143
08069500,2013,tailwater,268.0,200.0,144.0,36.94
08069500,2014,tailwater,248.0,203.0,149.0,35.71857142857143
08069500,2015,tailwater,259.0,206.0,141.0,38.16428571428572
08069500,2016,tailwater,271.0,199.0,134.0,37.228571428571435
08069500,2017,tailwater,304.0,227.0,168.0,35.91571428571429
08069500,2018,tailwater,259.0,198.0,154.0,36.84285714285714
08069500,2019,tailwater,250.0,201.0,145.0,37.30285714285714
08069500,2020,tailwater,287.0,229.0,159.0,37.05285714285714
08069500,2021,tailwater,290.0,209.0,142.0,35.81142857142857
08069500,2022,tailwater,271.0,220.0,168.0,38.58
08069500,2023,tailwater,282.0,224.0,143.0,40.09285714285714
08069500,2024,tailwater,,,,37.32
08070200,1996,tailwater,,,,36.67
08070200,1997,tailwater,229.0,166.0,101.0,36.35857142857143
08070200,1998,tailwater,246.0,173.0,141.0,38.62571428571429
08070200,1999,tailwater,247.0,186.0,120.0,37.27571428571429
08070200,2000,tailwater,,,,41.32285714285714
08070200,2006,tailwater,249.0,204.0,144.0,35.88285714285714
08070200,2007,tailwater,252.0,185.0,121.0,36.74571428571428
08070200,2008,tailwater,236.0,187.0,116.0,36.529999999999994
08070200,2009,tailwater,241.0,176.0,128.0,38.12285714285714
08070200,2010,tailwater,232.0,182.0,137.0,36.93285714285714
08070200,2011,tailwater,265.0,211.0,148.0,39.097142857142856
08070200,2012,tailwater,260.0,206.0,134.0,36.705714285714286
08070200,2013,tailwater,240.0,178.0,131.0,36.815714285714286
08070200,2014,tailwater,229.0,174.0,111.0,35.33714285714286
08070200,2015,tailwater,247.0,182.0,108.0,38.027142857142856
08070200,2016,tailwater,273.0,188.0,111.0,37.08571428571428
08070200,2017,tailwater,277.0,210.0,117.0,35.50714285714286
08070200,2018,tailwater,249.0,168.0,143.0,36.862857142857145
08070200,2019,tailwater,221.0,168.0,128.0,37.174285714285716
08070200,2020,tailwater,222.0,180.0,103.0,37.08428571428572
08070200,2021,tailwater,246.0,179.0,99.0,35.72142857142857
08070200,2022,tailwater,252.0,198.0,141.0,38.43714285714286
08070200,2023,tailwater,250.0,181.0,127.0,40.269999999999996
08070200,2024,tailwater,,,,37.089999999999996
08074710,1986,tailwater,,,,37.19714285714286
08074710,1987,tailwater,243.0,177.0,120.0,35.97142857142857
08074710,1988,tailwater,274.0,215.0,168.0,35.83
08074710,1989,tailwater,300.0,227.0,158.0,34.839999999999996
08074710,1990,tailwater,324.0,246.0,160.0,36.60285714285714
08074710,1991,tailwater,292.0,220.0,172.0,34.90571428571429
08074710,1992,tailwater,278.0,220.0,164.0,34.39142857142857
08074710,1993,tailwater,301.0,195.0,148.0,36.30571428571429
08074710,1994,tailwater,309.0,232.0,157.0,35.668571428571425
08074710,1995,tailwater,308.0,227.0,162.0,36.05571428571428
08074710,1996,tailwater,307.0,238.0,169.0,35.61714285714286
08074710,1997,tailwater,297.0,203.0,145.0,35.959999999999994
08074710,1998,tailwater,302.0,218.0,155.0,37.59142857142857
08074710,1999,tailwater,354.0,270.0,178.0,36.885714285714286
08074710,2000,tailwater,305.0,250.0,174.0,40.97428571428571
08074710,2001,tailwater,290.0,225.0,147.0,35.07571428571429
08074710,2002,tailwater,286.0,215.0,170.0,35.10142857142857
08074710,2003,tailwater,275.0,221.0,157.0,35.925714285714285
08074710,2004,tailwater,290.0,233.0,162.0,35.65428571428571
08074710,2005,tailwater,,,,36.818571428571424
08123800,1985,tailwater,229.0,174.0,113.0,38.81571428571429
08123800,1986,tailwater,221.0,170.0,104.0,39.478571428571435
08123800,1987,tailwater,207.0,167.0,109.0,37.98571428571428
08123800,1988,tailwater,233.0,162.0,87.0,37.65714285714286
08123800,1989,tailwater,214.0,154.0,104.0,38.80142857142857
08123800,1990,tailwater,,,,39.46
08123800,1991,tailwater,226.0,171.0,120.0,36.45714285714286
08123800,1992,tailwater,235.0,188.0,131.0,36.78285714285715
08123800,1993,tailwater,212.0,188.0,127.0,38.089999999999996
08123800,1994,tailwater,239.0,191.0,144.0,42.19142857142857
08123800,1995,tailwater,223.0,164.0,107.0,40.472857142857144
08123800,1996,tailwater,211.0,171.0,112.0,38.39857142857143
08123800,1997,tailwater,221.0,185.0,140.0,37.604285714285716
08123800,1998,tailwater,,,,40.11857142857143
08123800,2000,tailwater,,,,40.05285714285714
08123800,2003,tailwater,,,,39.455714285714286
08123800,2004,tailwater,,,,36.65857142857143
08123800,2005,tailwater,197.0,148.0,108.0,38.15571428571429
08123800,2006,tailwater,,,,38.75
08123800,2007,tailwater,222.0,183.0,144.0,35.53142857142857
08123800,2008,tailwater,,,,38.93
08123800,2010,tailwater,,,,38.38142857142857
08123850,1985,upstream,236.0,198.0,131.0,38.64142857142857
08123850,1986,upstream,,,,39.42857142857143
08123850,1987,upstream,,,,37.68142857142857
08123850,1988,upstream,,,,37.71285714285714
08123850,1989,upstream,,,,39.00285714285714
08123850,1990,upstream,,,,39.269999999999996
08123850,1991,upstream,211.0,184.0,126.0,36.565714285714286
08123850,1992,upstream,231.0,172.0,127.0,36.54142857142857
08123850,1993,upstream,,,,38.230000000000004
08123850,1994,upstream,227.0,173.0,110.0,42.027142857142856
08123850,1995,upstream,213.0,163.0,91.0,40.24571428571429
08123850,1996,upstream,209.0,164.0,118.0,38.51285714285715
08123850,1997,upstream,217.0,170.0,125.0,37.388571428571424
08123850,1998,upstream,,,,40.00714285714286
08123850,1999,upstream,224.0,174.0,124.0,39.15714285714286
08123850,2000,upstream,228.0,175.0,141.0,40.08857142857143
08123850,2001,upstream,,,,39.82571428571429
08123850,2002,upstream,,,,38.394285714285715
08123850,2003,upstream,212.0,174.0,114.0,39.45714285714286
08123850,2004,upstream,206.0,162.0,108.0,36.41285714285714
08123850,2005,upstream,202.0,143.0,107.0,38.17285714285714
08123850,2006,upstream,,,,38.825714285714284
08123850,2007,upstream,244.0,189.0,142.0,35.81
08123850,2008,upstream,204.0,161.0,95.0,38.527142857142856
08123850,2009,upstream,,,,38.83714285714286
08123850,2010,upstream,202.0,157.0,108.0,38.34571428571429
08123850,2011,upstream,,,,40.96857142857142
08123850,2012,upstream,,,,39.778571428571425
08123850,2013,upstream,,,,38.06857142857143
08123850,2014,upstream,,,,37.28142857142857
08123850,2015,upstream,237.0,193.0,141.0,39.24857142857143
08123850,2016,upstream,220.0,166.0,110.0,38.25428571428572
08123850,2017,upstream,,,,37.85857142857143
08123850,2018,upstream,,,,41.261428571428574
08123850,2019,upstream,211.0,176.0,127.0,40.33714285714286
08123850,2020,upstream,182.0,141.0,86.0,41.325714285714284
08123850,2021,upstream,220.0,173.0,108.0,37.10285714285714
08123850,2022,upstream,,,,39.68857142857143
08123850,2023,upstream,,,,42.12142857142857
08211200,2009,tailwater,291.0,233.0,166.0,38.57857142857143
08211200,2010,tailwater,274.0,215.0,162.0,37.68
08211200,2011,tailwater,299.0,241.0,177.0,38.55714285714286
08211200,2012,tailwater,309.0,245.0,191.0,38.46857142857142
08211200,2013,tailwater,283.0,223.0,156.0,37.57857142857143
08211200,2014,tailwater,284.0,216.0,161.0,37.48285714285714
08211200,2015,tailwater,288.0,236.0,171.0,37.48571428571428
08211200,2016,tailwater,308.0,251.0,184.0,38.184285714285714
08211200,2017,tailwater,325.0,254.0,176.0,37.56285714285714
08211200,2018,tailwater,272.0,229.0,168.0,37.05142857142857
08211200,2019,tailwater,269.0,211.0,163.0,38.07285714285714
08211200,2020,tailwater,305.0,245.0,175.0,37.16142857142857
08211200,2021,tailwater,317.0,235.0,169.0,36.392857142857146
08211200,2022,tailwater,271.0,227.0,179.0,38.32285714285714
08211200,2023,tailwater,298.0,233.0,165.0,39.06857142857143
08211200,2024,tailwater,294.0,244.0,183.0,38.455714285714286
08211503,2004,tailwater,,,,36.42857142857143
08211503,2005,tailwater,312.0,258.0,208.0,38.33428571428571
08211503,2006,tailwater,325.0,275.0,218.0,36.54142857142857
08211503,2007,tailwater,,,,35.002857142857145
08211503,2008,tailwater,326.0,275.0,197.0,36.021428571428565
08211503,2009,tailwater,318.0,272.0,176.0,37.75857142857143
08211503,2010,tailwater,308.0,253.0,206.0,37.46
08211503,2011,tailwater,309.0,266.0,207.0,38.31428571428571
08211503,2012,tailwater,321.0,277.0,217.0,37.74142857142857
08211503,2013,tailwater,316.0,255.0,184.0,36.47142857142857
08211503,2014,tailwater,310.0,247.0,186.0,36.77142857142858
08211503,2015,tailwater,313.0,272.0,194.0,36.98857142857143
08211503,2016,tailwater,319.0,284.0,208.0,37.32714285714285
08211503,2017,tailwater,331.0,288.0,212.0,36.86428571428571
08211503,2018,tailwater,295.0,246.0,202.0,36.32857142857143
08211503,2019,tailwater,,,,37.19428571428572
08377900,2012,reference,0.0,0.0,0.0,30.60857142857143
08377900,2013,reference,0.0,0.0,0.0,28.485714285714284
08377900,2014,reference,,,,27.36285714285714
08377900,2015,reference,0.0,0.0,0.0,27.681428571428572
08377900,2016,reference,0.0,0.0,0.0,29.614285714285717
08377900,2017,reference,0.0,0.0,0.0,29.351428571428574
08377900,2018,reference,0.0,0.0,0.0,29.945714285714285
08377900,2019,reference,0.0,0.0,0.0,28.798571428571428
08377900,2020,reference,,,,30.78
08377900,2024,reference,,,,28.747142857142858
09071750,1996,upstream,31.0,0.0,0.0,34.08142857142857
09071750,1997,upstream,19.0,0.0,0.0,31.891428571428573
09071750,1998,upstream,57.0,0.0,0.0,35.16571428571429
09071750,1999,upstream,29.0,0.0,0.0,33.04714285714286
09071750,2000,upstream,62.0,0.0,0.0,34.27571428571429
09071750,2001,upstream,59.0,1.0,0.0,34.74142857142857
09071750,2002,upstream,87.0,6.0,0.0,36.65
09071750,2003,upstream,60.0,9.0,0.0,36.431428571428576
09071750,2004,upstream,42.0,3.0,0.0,33.41428571428571
09071750,2005,upstream,46.0,0.0,0.0,35.68
09071750,2006,upstream,54.0,5.0,0.0,34.18571428571428
09071750,2007,upstream,70.0,0.0,0.0,34.955714285714286
09071750,2008,upstream,34.0,0.0,0.0,33.957142857142856
09071750,2009,upstream,25.0,0.0,0.0,32.892857142857146
09071750,2010,upstream,53.0,3.0,0.0,34.917142857142856
09071750,2011,upstream,16.0,0.0,0.0,32.769999999999996
09071750,2012,upstream,81.0,0.0,0.0,34.27142857142858
09071750,2013,upstream,65.0,5.0,0.0,33.59571428571429
09071750,2014,upstream,28.0,0.0,0.0,33.14
09071750,2015,upstream,34.0,0.0,0.0,33.47142857142857
09071750,2016,upstream,34.0,0.0,0.0,33.94428571428572
09071750,2017,upstream,44.0,0.0,0.0,33.434285714285714
09071750,2018,upstream,57.0,2.0,0.0,34.92
09071750,2019,upstream,13.0,0.0,0.0,33.12571428571429
09071750,2020,upstream,60.0,0.0,0.0,34.675714285714285
09071750,2021,upstream,74.0,15.0,0.0,35.434285714285714
09071750,2022,upstream,71.0,8.0,0.0,34.65857142857143
09071750,2023,upstream,52.0,0.0,0.0,34.48714285714286
09071750,2024,upstream,55.0,0.0,0.0,34.215714285714284
09085150,2006,upstream,,,,34.575714285714284
09085150,2007,upstream,65.0,0.0,0.0,35.205714285714286
09085150,2008,upstream,21.0,0.0,0.0,34.279999999999994
09085150,2009,upstream,24.0,0.0,0.0,33.19285714285714
09085150,2010,upstream,43.0,1.0,0.0,35.09142857142857
09085150,2011,upstream,19.0,0.0,0.0,32.94571428571429
09085150,2012,upstream,89.0,4.0,0.0,34.48571428571429
09085150,2013,upstream,62.0,9.0,0.0,33.839999999999996
09085150,2014,upstream,28.0,0.0,0.0,33.35857142857143
09085150,2015,upstream,35.0,0.0,0.0,33.76714285714286
09085150,2016,upstream,40.0,0.0,0.0,34.254285714285714
09085150,2017,upstream,44.0,0.0,0.0,33.81428571428572
09085150,2018,upstream,73.0,12.0,0.0,35.04714285714285
09085150,2019,upstream,24.0,0.0,0.0,33.34142857142857
09085150,2020,upstream,62.0,0.0,0.0,34.978571428571435
09085150,2021,upstream,73.0,14.0,0.0,35.65
09085150,2022,upstream,69.0,12.0,0.0,34.93
09085150,2023,upstream,47.0,0.0,0.0,34.800000000000004
09085150,2024,upstream,56.0,0.0,0.0,34.488571428571426
09136100,2009,upstream,,,,36.22571428571428
09136100,2010,upstream,108.0,61.0,14.0,37.87428571428571
09136100,2011,upstream,77.0,40.0,0.0,35.59571428571429
09136100,2012,upstream,141.0,96.0,29.0,36.87714285714286
09136100,2013,upstream,98.0,74.0,21.0,37.69857142857143
09136100,2014,upstream,94.0,49.0,3.0,35.924285714285716
09136100,2015,upstream,105.0,51.0,0.0,36.769999999999996
09136100,2016,upstream,85.0,44.0,5.0,36.902857142857144
09136100,2017,upstream,89.0,65.0,7.0,37.701428571428565
09136100,2018,upstream,131.0,97.0,24.0,37.544285714285714
09136100,2019,upstream,81.0,45.0,0.0,37.199999999999996
09136100,2020,upstream,109.0,78.0,18.0,37.91428571428572
09136100,2021,upstream,131.0,90.0,36.0,39.10285714285715
09136100,2022,upstream,103.0,77.0,33.0,39.048571428571435
09136100,2023,upstream,80.0,53.0,9.0,38.604285714285716
09136100,2024,upstream,101.0,59.0,18.0,37.82
09196500,1989,reference,,,,29.117142857142856
09196500,1990,reference,1.0,0.0,0.0,28.56
09196500,1991,reference,,,,26.434285714285714
09196500,1992,reference,1.0,0.0,0.0,27.124285714285715
09196500,1993,reference,,,,22.922857142857143
09196500,1994,reference,46.0,22.0,0.0,27.41857142857143
09196500,1995,reference,,,,25.728571428571428
09196500,1996,reference,,,,26.921428571428574
09196500,2012,reference,,,,27.155714285714286
09196500,2013,reference,30.0,0.0,0.0,28.062857142857144
09196500,2014,reference,0.0,0.0,0.0,26.76571428571429
09196500,2015,reference,4.0,0.0,0.0,28.002857142857145
09196500,2016,reference,10.0,0.0,0.0,27.65571428571429
09196500,2017,reference,0.0,0.0,0.0,27.310000000000002
09196500,2018,reference,6.0,0.0,0.0,28.118571428571425
09196500,2019,reference,0.0,0.0,0.0,26.798571428571428
09196500,2020,reference,,,,27.8
09196500,2021,reference,25.0,0.0,0.0,28.201428571428572
09196500,2022,reference,4.0,0.0,0.0,28.75857142857143
09196500,2023,reference,7.0,0.0,0.0,27.06142857142857
09196500,2024,reference,9.0,0.0,0.0,28.48857142857143
09352900,2012,reference,,,,28.728571428571428
09352900,2013,reference,,,,28.02285714285714
09352900,2014,reference,,,,27.76285714285714
09352900,2015,reference,,,,27.594285714285714
09352900,2016,reference,,,,28.357142857142858
09352900,2017,reference,,,,28.967142857142857
09352900,2018,reference,,,,28.301428571428573
09352900,2019,reference,,,,27.954285714285714
09352900,2020,reference,,,,29.114285714285717
09352900,2021,reference,,,,30.114285714285717
09352900,2022,reference,,,,28.487142857142857
09352900,2023,reference,,,,30.165714285714284
09352900,2024,reference,,,,28.907142857142855
09371520,1994,upstream,136.0,84.0,0.0,36.402857142857144
09371520,1995,upstream,107.0,57.0,0.0,35.53714285714286
09371520,1996,upstream,133.0,67.0,2.0,35.46142857142858
09371520,1997,upstream,119.0,52.0,0.0,34.222857142857144
09371520,1998,upstream,121.0,49.0,0.0,36.23857142857143
09371520,1999,upstream,121.0,56.0,0.0,34.424285714285716
09371520,2000,upstream,145.0,72.0,0.0,35.40714285714286
09371520,2001,upstream,139.0,64.0,2.0,35.73714285714286
09371520,2002,upstream,147.0,91.0,13.0,36.458571428571425
09371520,2003,upstream,123.0,96.0,14.0,37.57285714285714
09371520,2004,upstream,130.0,58.0,8.0,34.42857142857143
09371520,2005,upstream,115.0,57.0,0.0,36.94714285714286
09371520,2006,upstream,124.0,32.0,3.0,35.747142857142855
09371520,2007,upstream,,,,35.760000000000005
09371520,2008,upstream,,,,35.04571428571428
09371520,2009,upstream,,,,35.248571428571424
09371520,2010,upstream,,,,36.74428571428571
09371520,2011,upstream,120.0,69.0,0.0,35.33857142857143
09371520,2012,upstream,140.0,83.0,2.0,35.6
09371520,2013,upstream,138.0,86.0,12.0,36.462857142857146
09371520,2014,upstream,132.0,54.0,4.0,35.18857142857143
09371520,2015,upstream,117.0,57.0,7.0,35.357142857142854
09371520,2016,upstream,121.0,58.0,0.0,36.08714285714286
09371520,2017,upstream,125.0,63.0,1.0,36.26714285714286
09371520,2018,upstream,146.0,77.0,4.0,36.27285714285715
09371520,2019,upstream,116.0,50.0,0.0,35.52571428571429
09371520,2020,upstream,137.0,79.0,0.0,36.48285714285714
09371520,2021,upstream,139.0,75.0,8.0,37.32285714285714
09371520,2022,upstream,135.0,86.0,25.0,37.49285714285714
09371520,2023,upstream,114.0,57.0,3.0,36.93857142857143
09371520,2024,upstream,137.0,77.0,8.0,36.355714285714285
09505800,2012,reference,,,,38.895714285714284
09505800,2013,reference,,,,39.631428571428565
09505800,2014,reference,,,,37.22714285714285
09505800,2016,reference,111.0,22.0,0.0,39.645714285714284
09505800,2017,reference,117.0,19.0,0.0,41.63857142857143
09505800,2018,reference,137.0,41.0,0.0,38.970000000000006
09505800,2019,reference,129.0,73.0,0.0,38.387142857142855
09505800,2020,reference,164.0,85.0,0.0,40.46857142857143
09505800,2021,reference,145.0,84.0,1.0,41.44571428571429
09505800,2022,reference,151.0,87.0,0.0,39.635714285714286
09505800,2023,reference,,,,41.61714285714286
09505800,2024,reference,152.0,89.0,0.0,40.46
10133980,2007,upstream,,,,32.354285714285716
10133980,2008,upstream,85.0,46.0,0.0,32.1
10133980,2009,upstream,84.0,31.0,0.0,32.01714285714286
10133980,2010,upstream,87.0,35.0,0.0,31.34857142857143
10133980,2011,upstream,59.0,2.0,0.0,32.22571428571428
10133980,2012,upstream,108.0,59.0,0.0,32.607142857142854
10133980,2013,upstream,108.0,62.0,9.0,34.308571428571426
10133980,2014,upstream,114.0,47.0,3.0,31.950000000000006
10133980,2015,upstream,116.0,63.0,8.0,33.17142857142857
10133980,2016,upstream,105.0,54.0,1.0,32.91285714285714
10133980,2017,upstream,95.0,49.0,0.0,32.70285714285714
10133980,2018,upstream,116.0,67.0,6.0,32.90571428571428
10133980,2019,upstream,75.0,31.0,0.0,31.76571428571429
10133980,2020,upstream,94.0,62.0,0.0,33.74714285714286
10133980,2021,upstream,113.0,61.0,13.0,33.848571428571425
10133980,2022,upstream,99.0,65.0,2.0,33.83
10133980,2023,upstream,73.0,20.0,0.0,32.57
10133980,2024,upstream,95.0,38.0,0.0,33.07714285714285
10172200,1999,reference,0.0,0.0,0.0,31.17571428571429
10172200,2000,reference,0.0,0.0,0.0,34.90714285714286
10172200,2001,reference,0.0,0.0,0.0,34.58714285714286
10172200,2002,reference,,,,35.19285714285714
10172200,2012,reference,0.0,0.0,0.0,32.714285714285715
10172200,2013,reference,0.0,0.0,0.0,34.23142857142857
10172200,2014,reference,2.0,0.0,0.0,32.589999999999996
10172200,2015,reference,0.0,0.0,0.0,33.84285714285714
10172200,2016,reference,0.0,0.0,0.0,33.54
10172200,2017,reference,0.0,0.0,0.0,33.89142857142857
10172200,2018,reference,11.0,0.0,0.0,33.16571428571429
10172200,2019,reference,0.0,0.0,0.0,32.34142857142857
10172200,2020,reference,0.0,0.0,0.0,34.394285714285715
10172200,2021,reference,22.0,0.0,0.0,34.58428571428571
10172200,2022,reference,0.0,0.0,0.0,34.58857142857143
10172200,2023,reference,0.0,0.0,0.0,33.66428571428572
10172200,2024,reference,0.0,0.0,0.0,34.33571428571429
10249300,2012,reference,3.0,0.0,0.0,32.44714285714286
10249300,2013,reference,4.0,0.0,0.0,34.22714285714286
10249300,2014,reference,2.0,0.0,0.0,32.08428571428571
10249300,2015,reference,0.0,0.0,0.0,32.440000000000005
10249300,2016,reference,0.0,0.0,0.0,33.720000000000006
10249300,2017,reference,0.0,0.0,0.0,32.294285714285714
10249300,2018,reference,0.0,0.0,0.0,32.98428571428571
10249300,2019,reference,0.0,0.0,0.0,31.428571428571423
10249300,2020,reference,0.0,0.0,0.0,33.13142857142857
10249300,2021,reference,1.0,0.0,0.0,34.787142857142854
10249300,2022,reference,29.0,0.0,0.0,33.02285714285714
10249300,2023,reference,,,,33.43285714285714
10249300,2024,reference,0.0,0.0,0.0,35.07714285714286
10313400,1992,reference,114.0,56.0,20.0,32.41
10313400,1993,reference,72.0,13.0,0.0,29.34
10313400,1994,reference,,,,33.47714285714285
10313400,1995,reference,,,,30.65142857142857
10313400,1996,reference,,,,32.15714285714286
10313400,1997,reference,83.0,44.0,0.0,29.334285714285716
10313400,1998,reference,72.0,43.0,1.0,33.948571428571434
10313400,1999,reference,85.0,39.0,0.0,30.669999999999998
10313400,2000,reference,,,,34.67
10313400,2001,reference,,,,33.244285714285716
10313400,2002,reference,65.0,50.0,6.0,35.63857142857143
10313400,2003,reference,,,,34.511428571428574
10313400,2004,reference,79.0,36.0,1.0,31.608571428571427
10313400,2005,reference,,,,32.04571428571428
10313400,2006,reference,,,,34.08714285714286
10313400,2007,reference,,,,33.96
10313400,2008,reference,,,,30.94
10313400,2009,reference,69.0,16.0,0.0,32.037142857142854
10313400,2010,reference,,,,31.238571428571426
10313400,2011,reference,,,,31.768571428571427
10336645,2015,reference,47.0,0.0,0.0,28.20714285714286
10336645,2016,reference,51.0,0.0,0.0,29.474285714285713
10336645,2017,reference,2.0,0.0,0.0,28.287142857142857
10336645,2018,reference,51.0,0.0,0.0,28.847142857142853
10336645,2019,reference,6.0,0.0,0.0,26.504285714285714
10336645,2020,reference,62.0,0.0,0.0,28.82
10336645,2021,reference,64.0,20.0,0.0,31.057142857142857
10336645,2022,reference,57.0,0.0,0.0,30.568571428571428
10336645,2023,reference,3.0,0.0,0.0,29.592857142857145
10336645,2024,reference,37.0,0.0,0.0,31.162857142857142
10336660,2015,reference,87.0,19.0,0.0,28.257142857142856
10336660,2016,reference,63.0,6.0,0.0,29.497142857142858
10336660,2017,reference,,,,28.542857142857144
10336660,2018,reference,67.0,17.0,0.0,28.948571428571427
10336660,2019,reference,30.0,0.0,0.0,26.622857142857146
10336660,2020,reference,76.0,24.0,0.0,28.92428571428571
10336660,2021,reference,78.0,45.0,2.0,31.042857142857144
10336660,2022,reference,75.0,20.0,0.0,30.805714285714284
10336660,2023,reference,17.0,0.0,0.0,29.562857142857144
10336660,2024,reference,66.0,4.0,0.0,31.214285714285715
10336676,2015,reference,,,,28.724285714285713
10336676,2016,reference,53.0,2.0,0.0,29.927142857142858
10336676,2017,reference,3.0,0.0,0.0,28.91
10336676,2018,reference,47.0,0.0,0.0,29.33142857142857
10336676,2019,reference,1.0,0.0,0.0,27.06714285714286
10336676,2020,reference,,,,29.26571428571429
10336676,2021,reference,,,,31.431428571428572
10336676,2022,reference,55.0,5.0,0.0,31.211428571428574
10336676,2023,reference,4.0,0.0,0.0,29.962857142857143
10336676,2024,reference,60.0,3.0,0.0,31.521428571428572
10343500,2001,reference,8.0,0.0,0.0,30.25857142857143
10343500,2002,reference,18.0,0.0,0.0,31.921428571428574
10343500,2003,reference,12.0,0.0,0.0,31.548571428571428
10343500,2004,reference,20.0,0.0,0.0,29.58857142857143
10343500,2005,reference,2.0,0.0,0.0,31.33857142857143
10343500,2006,reference,0.0,0.0,0.0,30.23
10343500,2007,reference,9.0,0.0,0.0,31.111428571428572
10343500,2008,reference,6.0,0.0,0.0,30.614285714285717
10343500,2009,reference,8.0,0.0,0.0,29.975714285714286
10343500,2010,reference,2.0,0.0,0.0,28.728571428571428
10343500,2011,reference,0.0,0.0,0.0,27.06
10343500,2012,reference,3.0,0.0,0.0,29.965714285714284
10343500,2013,reference,14.0,0.0,0.0,30.798571428571424
10343500,2014,reference,14.0,0.0,0.0,30.132857142857144
10343500,2015,reference,6.0,0.0,0.0,29.17142857142857
10343500,2016,reference,1.0,0.0,0.0,30.361428571428572
10343500,2017,reference,0.0,0.0,0.0,30.087142857142855
10343500,2018,reference,1.0,0.0,0.0,30.35571428571429
10343500,2019,reference,0.0,0.0,0.0,28.080000000000002
10343500,2020,reference,2.0,0.0,0.0,30.162857142857142
10343500,2021,reference,27.0,0.0,0.0,31.537142857142857
10343500,2022,reference,3.0,0.0,0.0,30.81
10343500,2023,reference,0.0,0.0,0.0,29.878571428571426
10343500,2024,reference,0.0,0.0,0.0,32.221428571428575
10396000,2011,reference,35.0,0.0,0.0,34.98428571428572
10396000,2012,reference,,,,35.90857142857143
10396000,2013,reference,86.0,54.0,5.0,37.012857142857136
10396000,2014,reference,93.0,48.0,4.0,35.97571428571429
10396000,2015,reference,101.0,63.0,8.0,37.84428571428571
10396000,2016,reference,83.0,47.0,5.0,37.09285714285714
10396000,2017,reference,77.0,52.0,0.0,37.348571428571425
10396000,2018,reference,90.0,50.0,17.0,36.73142857142857
10396000,2019,reference,65.0,22.0,0.0,34.862857142857145
10396000,2020,reference,78.0,46.0,0.0,36.67714285714286
10396000,2021,reference,92.0,51.0,7.0,37.529999999999994
10396000,2022,reference,83.0,60.0,6.0,38.379999999999995
10396000,2023,reference,72.0,32.0,0.0,36.90857142857143
10396000,2024,reference,75.0,28.0,0.0,38.27428571428572
11172945,2009,upstream,129.0,5.0,0.0,34.58142857142857
11172945,2010,upstream,95.0,0.0,0.0,33.55
11172945,2011,upstream,98.0,0.0,0.0,32.48428571428571
11172945,2012,upstream,98.0,0.0,0.0,33.660000000000004
11172945,2013,upstream,,,,35.058571428571426
11172945,2014,upstream,,,,33.104285714285716
11172945,2015,upstream,,,,33.69428571428572
11172945,2016,upstream,123.0,4.0,0.0,34.52571428571429
11172945,2017,upstream,122.0,41.0,0.0,35.94857142857143
11172945,2018,upstream,113.0,44.0,0.0,31.84
11172945,2019,upstream,124.0,14.0,0.0,32.89714285714286
11172945,2020,upstream,,,,36.00714285714286
11172945,2021,upstream,,,,32.247142857142855
11172945,2022,upstream,,,,38.370000000000005
11172945,2023,upstream,,,,33.29571428571428
11173200,2008,reference,,,,33.955714285714286
11173200,2009,reference,119.0,31.0,0.0,34.23142857142857
11173200,2010,reference,104.0,0.0,0.0,33.392857142857146
11173200,2011,reference,,,,32.325714285714284
11173200,2012,reference,99.0,0.0,0.0,33.11
11173200,2013,reference,117.0,14.0,0.0,34.54714285714285
11173200,2014,reference,125.0,21.0,0.0,32.67142857142857
11173200,2015,reference,114.0,10.0,0.0,33.50285714285714
11173200,2016,reference,95.0,0.0,0.0,34.26
11173200,2017,reference,115.0,6.0,0.0,35.75857142857143
11173200,2018,reference,112.0,29.0,0.0,31.759999999999998
11173200,2019,reference,115.0,16.0,0.0,32.83857142857143
11173200,2020,reference,132.0,8.0,0.0,35.978571428571435
11173200,2021,reference,114.0,34.0,0.0,31.94142857142857
11173200,2022,reference,114.0,9.0,0.0,38.08714285714286
11173200,2023,reference,,,,32.902857142857144
11173575,2008,tailwater,122.0,11.0,0.0,34.01285714285715
11173575,2009,tailwater,152.0,5.0,0.0,34.135714285714286
11173575,2010,tailwater,120.0,14.0,0.0,33.80142857142857
11173575,2011,tailwater,126.0,21.0,0.0,32.45714285714286
11173575,2012,tailwater,149.0,8.0,0.0,32.87714285714286
11173575,2013,tailwater,144.0,3.0,0.0,34.77428571428571
11173575,2014,tailwater,172.0,15.0,0.0,32.784285714285716
11173575,2015,tailwater,158.0,3.0,0.0,33.94571428571428
11173575,2016,tailwater,,,,33.76857142857143
11173575,2017,tailwater,133.0,60.0,0.0,35.51
11173575,2018,tailwater,138.0,30.0,0.0,31.155714285714286
11173575,2019,tailwater,106.0,0.0,0.0,33.15714285714286
11173575,2020,tailwater,,,,36.021428571428565
11173575,2021,tailwater,151.0,35.0,0.0,31.964285714285715
11173575,2022,tailwater,152.0,34.0,0.0,38.45428571428572
11173575,2023,tailwater,,,,32.70142857142857
11203580,2006,reference,39.0,0.0,0.0,37.15857142857143
11203580,2007,reference,,,,36.287142857142854
11203580,2008,reference,,,,35.050000000000004
11203580,2009,reference,57.0,0.0,0.0,36.51285714285714
11203580,2010,reference,33.0,0.0,0.0,34.387142857142855
11203580,2011,reference,27.0,0.0,0.0,34.47714285714285
11203580,2012,reference,61.0,0.0,0.0,36.34142857142857
11203580,2013,reference,82.0,0.0,0.0,36.48285714285714
11203580,2014,reference,81.0,0.0,0.0,35.29
11203580,2015,reference,42.0,0.0,0.0,34.29714285714286
11203580,2016,reference,68.0,0.0,0.0,36.26571428571429
11203580,2017,reference,60.0,0.0,0.0,35.61857142857143
11203580,2018,reference,74.0,0.0,0.0,35.07714285714285
11203580,2019,reference,29.0,0.0,0.0,33.021428571428565
11203580,2020,reference,76.0,0.0,0.0,36.26857142857143
11203580,2021,reference,89.0,0.0,0.0,37.19857142857143
11203580,2022,reference,91.0,1.0,0.0,36.62428571428571
11203580,2023,reference,,,,36.28
11203580,2024,reference,,,,38.23142857142857
11204100,2006,reference,129.0,91.0,28.0,42.52571428571429
11204100,2007,reference,,,,40.112857142857145
11204100,2008,reference,141.0,112.0,64.0,39.37571428571429
11204100,2009,reference,149.0,102.0,45.0,41.21714285714285
11204100,2010,reference,119.0,67.0,4.0,38.53142857142858
11204100,2011,reference,118.0,74.0,0.0,38.385714285714286
11204100,2012,reference,153.0,100.0,19.0,41.3
11204100,2013,reference,153.0,107.0,24.0,40.43428571428571
11204100,2014,reference,,,,39.36
11204100,2015,reference,,,,38.39857142857143
11204100,2016,reference,146.0,112.0,61.0,40.49142857142857
11204100,2017,reference,114.0,81.0,15.0,40.44428571428572
11204100,2018,reference,163.0,112.0,69.0,39.22571428571428
11204100,2019,reference,87.0,50.0,0.0,38.029999999999994
11204100,2020,reference,178.0,117.0,71.0,40.17285714285715
11204100,2021,reference,,,,41.459999999999994
11204100,2022,reference,176.0,134.0,83.0,41.38
11204100,2023,reference,,,,40.13428571428572
11204100,2024,reference,157.0,110.0,47.0,42.69714285714286
11206820,2014,upstream,0.0,0.0,0.0,27.601428571428567
11206820,2015,upstream,0.0,0.0,0.0,27.16142857142857
11206820,2016,upstream,,,,28.972857142857144
11206820,2017,upstream,,,,27.830000000000002
11206820,2018,upstream,0.0,0.0,0.0,27.337142857142858
11206820,2019,upstream,0.0,0.0,0.0,25.58285714285714
11206820,2020,upstream,0.0,0.0,0.0,29.577142857142857
11206820,2021,upstream,2.0,0.0,0.0,30.195714285714285
11206820,2022,upstream,0.0,0.0,0.0,30.192857142857143
11206820,2023,upstream,0.0,0.0,0.0,28.359999999999996
11206820,2024,upstream,0.0,0.0,0.0,30.337142857142858
11264500,1985,reference,,,,33.42142857142857
11264500,1986,reference,0.0,0.0,0.0,33.15571428571428
11264500,1987,reference,4.0,0.0,0.0,33.87
11264500,1988,reference,9.0,0.0,0.0,35.394285714285715
11264500,1989,reference,5.0,0.0,0.0,33.31285714285715
11264500,1990,reference,,,,33.691428571428574
11264500,1991,reference,,,,34.051428571428566
11264500,1992,reference,2.0,0.0,0.0,33.38428571428572
11264500,1993,reference,,,,33.50857142857143
11264500,2012,reference,,,,35.74428571428571
11264500,2013,reference,14.0,0.0,0.0,35.89714285714286
11264500,2014,reference,8.0,0.0,0.0,33.722857142857144
11264500,2015,reference,5.0,0.0,0.0,34.31285714285714
11264500,2016,reference,5.0,0.0,0.0,35.964285714285715
11264500,2017,reference,2.0,0.0,0.0,34.244285714285716
11264500,2018,reference,16.0,0.0,0.0,33.58857142857143
11264500,2019,reference,5.0,0.0,0.0,32.317142857142855
11264500,2020,reference,11.0,0.0,0.0,35.47
11264500,2021,reference,19.0,0.0,0.0,37.037142857142854
11264500,2022,reference,,,,36.550000000000004
11274790,2007,upstream,82.0,26.0,0.0,35.36714285714286
11274790,2008,upstream,84.0,15.0,0.0,34.32857142857143
11274790,2009,upstream,75.0,0.0,0.0,34.51571428571429
11274790,2010,upstream,52.0,0.0,0.0,33.19
11274790,2011,upstream,11.0,0.0,0.0,31.95
11274790,2012,upstream,106.0,13.0,0.0,35.11714285714286
11274790,2013,upstream,81.0,7.0,0.0,35.36857142857143
11274790,2014,upstream,92.0,3.0,0.0,33.37285714285714
11274790,2015,upstream,91.0,14.0,0.0,33.76571428571428
11274790,2016,upstream,,,,35.37714285714286
11274790,2017,upstream,14.0,0.0,0.0,33.94714285714286
11274790,2018,upstream,78.0,1.0,0.0,33.534285714285716
11274790,2019,upstream,42.0,0.0,0.0,31.944285714285716
11274790,2020,upstream,84.0,24.0,0.0,34.88
11274790,2021,upstream,107.0,37.0,0.0,36.55142857142857
11274790,2022,upstream,,,,35.97571428571428
11276600,1987,upstream,,,,36.30857142857143
11276600,1988,upstream,84.0,11.0,0.0,37.21857142857143
11276600,1989,upstream,,,,35.34571428571429
11276600,1990,upstream,,,,36.12857142857143
11276600,1991,upstream,59.0,0.0,0.0,36.24857142857143
11276600,1992,upstream,130.0,19.0,0.0,36.01285714285714
11276600,1993,upstream,50.0,0.0,0.0,35.470000000000006
11276600,1994,upstream,,,,36.534285714285716
11276600,1995,upstream,,,,36.082857142857144
11276600,1996,upstream,54.0,5.0,0.0,37.62571428571429
11276600,1997,upstream,69.0,0.0,0.0,37.32142857142857
11276600,1998,upstream,53.0,0.0,0.0,36.378571428571426
11276600,1999,upstream,50.0,0.0,0.0,33.62714285714286
11276600,2000,upstream,68.0,0.0,0.0,36.18714285714286
11276600,2001,upstream,113.0,2.0,0.0,35.76714285714286
11276600,2002,upstream,70.0,7.0,0.0,37.29142857142857
11276600,2003,upstream,87.0,12.0,0.0,36.81142857142857
11276600,2004,upstream,99.0,9.0,0.0,36.892857142857146
11276600,2005,upstream,,,,37.458571428571425
11276600,2006,upstream,58.0,2.0,0.0,38.44571428571429
11276600,2007,upstream,112.0,41.0,0.0,37.28000000000001
11276600,2008,upstream,89.0,12.0,0.0,37.0
11276600,2009,upstream,64.0,22.0,0.0,37.16857142857143
11276600,2010,upstream,56.0,0.0,0.0,35.55285714285714
11276600,2011,upstream,63.0,0.0,0.0,34.50571428571429
11276600,2012,upstream,110.0,0.0,0.0,37.728571428571435
11276600,2013,upstream,102.0,16.0,0.0,37.925714285714285
11276600,2014,upstream,163.0,80.0,5.0,35.95428571428571
11276600,2015,upstream,162.0,69.0,0.0,35.855714285714285
11276600,2016,upstream,78.0,0.0,0.0,37.65571428571429
11276600,2017,upstream,60.0,0.0,0.0,37.214285714285715
11276600,2018,upstream,90.0,21.0,0.0,36.027142857142856
11276600,2019,upstream,62.0,0.0,0.0,34.885714285714286
11276600,2020,upstream,134.0,63.0,0.0,37.48285714285714
11276600,2021,upstream,166.0,89.0,1.0,38.87142857142857
11276600,2022,upstream,110.0,4.0,0.0,38.27285714285714
11289650,1985,tailwater,,,,38.70714285714286
11289650,1986,tailwater,,,,38.75285714285714
11289650,1987,tailwater,,,,39.37142857142857
11289650,1988,tailwater,,,,40.35142857142857
11289650,1989,tailwater,0.0,0.0,0.0,38.91857142857143
11289650,1990,tailwater,,,,40.49857142857143
11289650,1991,tailwater,74.0,0.0,0.0,40.56142857142857
11289650,1992,tailwater,88.0,4.0,0.0,40.794285714285714
11289650,1993,tailwater,,,,39.10142857142857
11289650,1994,tailwater,42.0,0.0,0.0,39.68142857142857
11289650,1995,tailwater,0.0,0.0,0.0,40.24285714285714
11289650,1996,tailwater,0.0,0.0,0.0,42.50142857142857
11289650,1997,tailwater,,,,40.457142857142856
11289650,1998,tailwater,0.0,0.0,0.0,40.56
11289650,1999,tailwater,0.0,0.0,0.0,38.604285714285716
11289650,2000,tailwater,0.0,0.0,0.0,39.63
11289650,2001,tailwater,,,,39.36857142857143
11289650,2002,tailwater,0.0,0.0,0.0,40.73142857142857
11289650,2003,tailwater,0.0,0.0,0.0,40.728571428571435
11289650,2004,tailwater,0.0,0.0,0.0,38.40428571428571
11289650,2005,tailwater,0.0,0.0,0.0,41.145714285714284
11289650,2006,tailwater,,,,43.86714285714286
11289650,2007,tailwater,0.0,0.0,0.0,39.93142857142857
11289650,2008,tailwater,0.0,0.0,0.0,39.57714285714286
11289650,2009,tailwater,0.0,0.0,0.0,40.78142857142858
11289650,2010,tailwater,0.0,0.0,0.0,38.964285714285715
11289650,2011,tailwater,0.0,0.0,0.0,39.047142857142866
11289650,2012,tailwater,0.0,0.0,0.0,40.91857142857143
11289650,2013,tailwater,0.0,0.0,0.0,41.38428571428572
11289650,2014,tailwater,0.0,0.0,0.0,39.47714285714286
11289650,2015,tailwater,6.0,0.0,0.0,39.04714285714285
11289650,2016,tailwater,0.0,0.0,0.0,40.74571428571429
11289650,2017,tailwater,0.0,0.0,0.0,40.81142857142857
11289650,2018,tailwater,0.0,0.0,0.0,38.77285714285714
11289650,2019,tailwater,0.0,0.0,0.0,38.847142857142856
11289650,2020,tailwater,0.0,0.0,0.0,40.45428571428572
11289650,2021,tailwater,0.0,0.0,0.0,40.22571428571428
11289650,2022,tailwater,0.0,0.0,0.0,41.92
11303000,1985,tailwater,,,,38.57285714285714
11303000,1986,tailwater,75.0,0.0,0.0,37.21999999999999
11303000,1987,tailwater,168.0,25.0,0.0,37.847142857142856
11303000,1988,tailwater,116.0,12.0,0.0,39.13857142857143
11303000,1989,tailwater,,,,37.31
11303000,1995,tailwater,112.0,56.0,0.0,38.24714285714286
11303000,1996,tailwater,97.0,1.0,0.0,40.73428571428571
11303000,1997,tailwater,,,,37.925714285714285
11303000,1998,tailwater,0.0,0.0,0.0,38.70428571428572
11303000,1999,tailwater,93.0,0.0,0.0,37.91857142857143
11303000,2000,tailwater,,,,37.83857142857143
11303000,2001,tailwater,153.0,55.0,0.0,38.26285714285715
11303000,2002,tailwater,,,,38.699999999999996
11303000,2003,tailwater,,,,39.39
11303000,2004,tailwater,145.0,49.0,0.0,37.029999999999994
11303000,2005,tailwater,128.0,75.0,3.0,39.728571428571435
11303000,2006,tailwater,,,,42.932857142857145
11303000,2007,tailwater,113.0,79.0,0.0,39.13571428571429
11303000,2008,tailwater,133.0,78.0,0.0,38.269999999999996
11303000,2009,tailwater,112.0,73.0,0.0,39.26571428571429
11303000,2010,tailwater,137.0,93.0,0.0,36.965714285714284
11303000,2011,tailwater,14.0,0.0,0.0,38.044285714285714
11303000,2012,tailwater,117.0,44.0,0.0,38.88142857142857
11303000,2013,tailwater,147.0,101.0,2.0,40.69714285714286
11303000,2014,tailwater,157.0,116.0,13.0,38.379999999999995
11303000,2015,tailwater,200.0,156.0,89.0,37.51
11303000,2016,tailwater,145.0,98.0,5.0,39.730000000000004
11303000,2017,tailwater,8.0,0.0,0.0,40.6
11303000,2018,tailwater,116.0,70.0,7.0,38.175714285714285
11303000,2019,tailwater,65.0,0.0,0.0,38.035714285714285
11303000,2020,tailwater,129.0,77.0,39.0,40.58714285714286
11303000,2021,tailwater,81.0,6.0,0.0,37.66142857142857
11303000,2022,tailwater,158.0,83.0,20.0,41.87571428571429
11355500,2016,reference,,,,35.38857142857143
11355500,2017,reference,0.0,0.0,0.0,36.01
11355500,2018,reference,0.0,0.0,0.0,34.35142857142857
11355500,2019,reference,0.0,0.0,0.0,32.247142857142855
11355500,2020,reference,0.0,0.0,0.0,35.01
11355500,2021,reference,0.0,0.0,0.0,36.39714285714286
11355500,2022,reference,0.0,0.0,0.0,35.99428571428571
11355500,2023,reference,0.0,0.0,0.0,34.635714285714286
11355500,2024,reference,,,,37.521428571428565
11381500,1999,reference,102.0,13.0,0.0,38.98142857142857
11381500,2000,reference,103.0,43.0,0.0,39.230000000000004
11381500,2001,reference,145.0,80.0,2.0,38.38285714285714
11381500,2002,reference,121.0,60.0,5.0,40.34571428571429
11381500,2003,reference,101.0,30.0,0.0,40.89857142857143
11381500,2004,reference,105.0,45.0,0.0,39.098571428571425
11381500,2005,reference,96.0,52.0,2.0,41.35
11381500,2006,reference,85.0,13.0,0.0,42.85857142857143
11381500,2007,reference,120.0,78.0,6.0,39.94285714285714
11381500,2008,reference,112.0,67.0,0.0,40.83428571428571
11381500,2009,reference,117.0,51.0,0.0,40.51
11381500,2010,reference,83.0,24.0,0.0,39.24428571428571
11381500,2011,reference,68.0,0.0,0.0,38.519999999999996
11381500,2012,reference,117.0,49.0,0.0,41.05571428571428
11381500,2013,reference,113.0,55.0,2.0,42.89142857142857
11381500,2014,reference,134.0,85.0,4.0,39.82857142857143
11381500,2015,reference,148.0,89.0,11.0,39.62428571428571
11381500,2016,reference,116.0,55.0,0.0,40.81285714285714
11381500,2017,reference,93.0,39.0,0.0,42.50285714285714
11381500,2018,reference,111.0,59.0,7.0,39.78857142857142
11381500,2019,reference,83.0,25.0,0.0,38.80428571428571
11381500,2020,reference,124.0,79.0,5.0,39.868571428571435
11381500,2021,reference,135.0,76.0,8.0,41.134285714285724
11381500,2022,reference,123.0,78.0,0.0,43.15714285714286
11381500,2023,reference,91.0,30.0,0.0,40.83
11381500,2024,reference,114.0,45.0,0.0,43.96285714285714
11383500,1999,reference,116.0,38.0,0.0,38.347142857142856
11383500,2000,reference,118.0,63.0,3.0,38.69571428571429
11383500,2001,reference,150.0,95.0,11.0,37.98714285714285
11383500,2002,reference,132.0,93.0,18.0,39.79714285714285
11383500,2003,reference,132.0,73.0,10.0,40.38285714285714
11383500,2004,reference,125.0,81.0,8.0,38.68714285714286
11383500,2005,reference,111.0,62.0,12.0,40.879999999999995
11383500,2006,reference,105.0,47.0,2.0,42.42714285714286
11383500,2007,reference,134.0,93.0,8.0,39.45285714285715
11383500,2008,reference,130.0,82.0,2.0,40.13142857142857
11383500,2009,reference,137.0,79.0,13.0,40.02142857142858
11383500,2010,reference,110.0,59.0,6.0,38.75571428571429
11383500,2011,reference,97.0,20.0,0.0,38.01857142857143
11383500,2012,reference,133.0,68.0,0.0,40.59285714285715
11383500,2013,reference,133.0,84.0,14.0,42.098571428571425
11383500,2014,reference,143.0,97.0,19.0,39.33
11383500,2015,reference,,,,39.08857142857143
11383500,2016,reference,115.0,74.0,3.0,40.24142857142857
11383500,2017,reference,102.0,74.0,0.0,41.69857142857143
11383500,2018,reference,128.0,76.0,12.0,39.37714285714286
11383500,2019,reference,108.0,58.0,0.0,38.31285714285714
11383500,2020,reference,145.0,89.0,24.0,39.271428571428565
11383500,2021,reference,150.0,90.0,26.0,40.64714285714286
11383500,2022,reference,144.0,88.0,15.0,42.63142857142857
11383500,2023,reference,106.0,52.0,0.0,40.230000000000004
11383500,2024,reference,135.0,76.0,9.0,43.33428571428572
11446220,1999,tailwater,0.0,0.0,0.0,37.50428571428572
11446220,2000,tailwater,1.0,0.0,0.0,38.660000000000004
11446220,2001,tailwater,74.0,0.0,0.0,38.885714285714286
11446220,2002,tailwater,39.0,0.0,0.0,39.78857142857144
11446220,2003,tailwater,0.0,0.0,0.0,40.66857142857143
11446220,2004,tailwater,72.0,0.0,0.0,38.07714285714286
11446220,2005,tailwater,0.0,0.0,0.0,40.379999999999995
11446220,2006,tailwater,0.0,0.0,0.0,42.870000000000005
11446220,2007,tailwater,61.0,0.0,0.0,39.00428571428571
11446220,2008,tailwater,103.0,0.0,0.0,38.278571428571425
11446220,2009,tailwater,,,,40.12571428571429
11446220,2010,tailwater,1.0,0.0,0.0,38.09428571428572
11446220,2011,tailwater,0.0,0.0,0.0,37.53000000000001
11446220,2012,tailwater,13.0,0.0,0.0,40.38428571428572
11446220,2013,tailwater,65.0,0.0,0.0,41.66571428571429
11446220,2014,tailwater,105.0,0.0,0.0,39.297142857142866
11446220,2015,tailwater,123.0,2.0,0.0,38.76428571428572
11446220,2016,tailwater,54.0,1.0,0.0,40.49857142857143
11446220,2017,tailwater,,,,40.82142857142857
11446220,2018,tailwater,16.0,0.0,0.0,38.75714285714286
11446220,2019,tailwater,2.0,0.0,0.0,38.40857142857143
11446220,2020,tailwater,89.0,0.0,0.0,40.61857142857143
11446220,2021,tailwater,114.0,0.0,0.0,39.730000000000004
11446220,2022,tailwater,52.0,0.0,0.0,42.541428571428575
11446220,2023,tailwater,,,,39.870000000000005
11446500,1999,tailwater,21.0,0.0,0.0,37.59142857142857
11446500,2000,tailwater,67.0,0.0,0.0,38.71142857142858
11446500,2001,tailwater,108.0,0.0,0.0,38.75857142857143
11446500,2002,tailwater,33.0,0.0,0.0,39.80428571428571
11446500,2003,tailwater,0.0,0.0,0.0,40.61
11446500,2004,tailwater,89.0,0.0,0.0,37.90428571428571
11446500,2005,tailwater,0.0,0.0,0.0,40.33571428571429
11446500,2006,tailwater,0.0,0.0,0.0,42.66142857142857
11446500,2007,tailwater,78.0,0.0,0.0,39.035714285714285
11446500,2008,tailwater,104.0,0.0,0.0,38.13142857142857
11446500,2009,tailwater,44.0,0.0,0.0,40.01428571428572
11446500,2010,tailwater,1.0,0.0,0.0,37.94142857142857
11446500,2011,tailwater,0.0,0.0,0.0,37.71714285714285
11446500,2012,tailwater,4.0,0.0,0.0,40.291428571428575
11446500,2013,tailwater,77.0,0.0,0.0,41.84142857142857
11446500,2014,tailwater,118.0,0.0,0.0,39.21142857142858
11446500,2015,tailwater,130.0,7.0,0.0,38.73857142857143
11446500,2016,tailwater,83.0,0.0,0.0,40.510000000000005
11446500,2017,tailwater,,,,40.78142857142857
11446500,2018,tailwater,25.0,0.0,0.0,38.69857142857143
11446500,2019,tailwater,0.0,0.0,0.0,38.66571428571429
11446500,2020,tailwater,114.0,0.0,0.0,40.99857142857143
11446500,2021,tailwater,163.0,21.0,0.0,39.449999999999996
11446500,2022,tailwater,86.0,0.0,0.0,42.77142857142858
11446700,2001,tailwater,165.0,23.0,0.0,38.16428571428572
11446700,2002,tailwater,133.0,0.0,0.0,39.371428571428574
11446700,2003,tailwater,123.0,0.0,0.0,40.00857142857143
11446700,2004,tailwater,163.0,0.0,0.0,37.628571428571426
11446700,2005,tailwater,87.0,0.0,0.0,39.84285714285714
11446700,2006,tailwater,75.0,0.0,0.0,41.910000000000004
11446700,2007,tailwater,165.0,0.0,0.0,38.771428571428565
11446700,2008,tailwater,155.0,44.0,0.0,37.80142857142857
11446700,2009,tailwater,99.0,0.0,0.0,39.41285714285714
11446700,2010,tailwater,86.0,0.0,0.0,37.355714285714285
11446700,2011,tailwater,28.0,0.0,0.0,37.57714285714285
11446700,2012,tailwater,101.0,0.0,0.0,39.771428571428565
11446700,2013,tailwater,175.0,0.0,0.0,41.52428571428572
11446700,2014,tailwater,168.0,14.0,0.0,38.79714285714285
11446700,2015,tailwater,183.0,81.0,0.0,38.22571428571428
11446700,2016,tailwater,117.0,0.0,0.0,40.16285714285714
11446700,2017,tailwater,98.0,0.0,0.0,40.534285714285716
11446700,2018,tailwater,125.0,0.0,0.0,38.27285714285715
11446700,2019,tailwater,79.0,0.0,0.0,38.51
11446700,2020,tailwater,173.0,0.0,0.0,41.16285714285714
11446700,2021,tailwater,170.0,117.0,0.0,38.91428571428572
11446700,2022,tailwater,147.0,0.0,0.0,42.94714285714286
11446700,2023,tailwater,,,,39.37571428571429
11446980,1999,tailwater,116.0,0.0,0.0,37.332857142857144
11446980,2000,tailwater,149.0,0.0,0.0,38.04714285714285
11446980,2001,tailwater,176.0,34.0,0.0,37.94857142857143
11446980,2002,tailwater,149.0,0.0,0.0,39.05857142857143
11446980,2003,tailwater,133.0,0.0,0.0,39.65714285714286
11446980,2004,tailwater,172.0,8.0,0.0,37.44428571428572
11446980,2005,tailwater,110.0,0.0,0.0,39.62
11446980,2006,tailwater,105.0,0.0,0.0,41.69285714285714
11446980,2007,tailwater,164.0,3.0,0.0,38.597142857142856
11446980,2008,tailwater,158.0,52.0,0.0,37.681428571428576
11446980,2009,tailwater,127.0,0.0,0.0,39.151428571428575
11446980,2010,tailwater,101.0,0.0,0.0,37.03142857142857
11446980,2011,tailwater,71.0,0.0,0.0,37.45285714285715
11446980,2012,tailwater,128.0,0.0,0.0,39.49285714285714
11446980,2013,tailwater,178.0,12.0,0.0,41.3
11446980,2014,tailwater,190.0,46.0,0.0,38.589999999999996
11446980,2015,tailwater,190.0,101.0,0.0,37.92857142857143
11446980,2016,tailwater,127.0,0.0,0.0,39.964285714285715
11446980,2017,tailwater,116.0,0.0,0.0,40.43714285714286
11446980,2018,tailwater,133.0,0.0,0.0,38.07714285714285
11446980,2019,tailwater,81.0,0.0,0.0,38.33714285714286
11446980,2020,tailwater,174.0,7.0,0.0,41.089999999999996
11446980,2021,tailwater,176.0,120.0,0.0,38.59571428571429
11446980,2022,tailwater,160.0,1.0,0.0,42.98285714285714
11467000,2002,tailwater,,,,33.75857142857143
11467000,2003,tailwater,156.0,93.0,0.0,33.81428571428572
11467000,2004,tailwater,175.0,109.0,3.0,35.097142857142856
11467000,2005,tailwater,146.0,68.0,0.0,32.114285714285714
11467000,2006,tailwater,151.0,91.0,5.0,34.761428571428574
11467000,2007,tailwater,157.0,100.0,6.0,33.284285714285716
11467000,2008,tailwater,152.0,93.0,0.0,32.53142857142857
11467000,2009,tailwater,160.0,100.0,0.0,30.294285714285714
11467000,2010,tailwater,141.0,73.0,0.0,32.18714285714286
11467000,2011,tailwater,132.0,71.0,0.0,31.344285714285714
11467000,2012,tailwater,168.0,73.0,0.0,30.189999999999998
11467000,2013,tailwater,151.0,71.0,6.0,32.504285714285714
11467000,2014,tailwater,178.0,81.0,0.0,32.02285714285714
11467000,2015,tailwater,194.0,86.0,0.0,32.66571428571429
11467000,2016,tailwater,159.0,95.0,0.0,30.732857142857142
11467000,2017,tailwater,147.0,89.0,6.0,34.59571428571429
11467000,2018,tailwater,164.0,81.0,0.0,30.93
11467000,2019,tailwater,142.0,91.0,2.0,31.44857142857143
11467000,2020,tailwater,177.0,106.0,3.0,33.96714285714285
11467000,2021,tailwater,178.0,85.0,0.0,29.358571428571427
11467000,2022,tailwater,178.0,111.0,0.0,36.74285714285714
11467000,2023,tailwater,145.0,60.0,0.0,29.717142857142854
11467000,2024,tailwater,165.0,90.0,4.0,35.862857142857145
11468900,2001,reference,,,,28.555714285714284
11468900,2002,reference,134.0,89.0,6.0,32.19571428571428
11468900,2003,reference,133.0,75.0,9.0,31.074285714285715
11468900,2004,reference,139.0,89.0,22.0,31.34857142857143
11468900,2005,reference,84.0,41.0,0.0,30.745714285714286
11468900,2006,reference,,,,33.17
11468900,2007,reference,,,,31.235714285714288
11468900,2008,reference,117.0,63.0,0.0,32.77571428571428
11468900,2009,reference,114.0,61.0,5.0,32.92714285714286
11468900,2010,reference,95.0,39.0,0.0,29.900000000000002
11468900,2011,reference,100.0,40.0,0.0,31.592857142857145
11468900,2012,reference,111.0,53.0,0.0,33.04571428571428
11468900,2013,reference,107.0,80.0,1.0,30.954285714285714
11468900,2014,reference,128.0,73.0,8.0,31.7
11468900,2015,reference,134.0,89.0,12.0,31.615714285714287
11468900,2016,reference,111.0,67.0,8.0,31.51
11468900,2017,reference,92.0,37.0,0.0,33.748571428571424
11468900,2018,reference,,,,30.485714285714288
11468900,2019,reference,108.0,58.0,0.0,30.48428571428571
11468900,2020,reference,111.0,61.0,0.0,32.31
11468900,2021,reference,134.0,88.0,23.0,31.27857142857143
11468900,2022,reference,102.0,56.0,0.0,31.867142857142856
11468900,2023,reference,101.0,61.0,4.0,32.73142857142857
11468900,2024,reference,128.0,56.0,8.0,35.04571428571428
11475560,2012,reference,,,,31.614285714285717
11475560,2013,reference,41.0,0.0,0.0,30.274285714285718
11475560,2014,reference,44.0,0.0,0.0,31.835714285714285
11475560,2015,reference,54.0,0.0,0.0,30.96142857142857
11475560,2016,reference,30.0,0.0,0.0,31.422857142857143
11475560,2017,reference,57.0,0.0,0.0,33.83571428571428
11475560,2018,reference,35.0,0.0,0.0,30.982857142857146
11475560,2019,reference,30.0,0.0,0.0,29.742857142857144
11475560,2020,reference,52.0,0.0,0.0,32.29714285714286
11475560,2021,reference,82.0,4.0,0.0,30.701428571428576
11475560,2022,reference,28.0,0.0,0.0,31.951428571428572
11475560,2023,reference,47.0,0.0,0.0,30.987142857142857
11475560,2024,reference,45.0,0.0,0.0,34.567142857142855
11509370,1992,upstream,,,,35.09571428571429
11509370,1994,upstream,,,,34.97
11509370,1995,upstream,,,,31.944285714285712
11509370,1996,upstream,,,,34.97
11509370,1997,upstream,,,,32.82285714285714
11509370,1998,upstream,,,,35.26714285714286
11509370,1999,upstream,,,,32.9
11509370,2000,upstream,,,,33.03857142857142
11509370,2001,upstream,,,,33.832857142857144
11509370,2002,upstream,,,,34.82714285714285
11509370,2003,upstream,,,,34.794285714285714
11509370,2004,upstream,96.0,58.0,1.0,33.47857142857143
11509370,2005,upstream,86.0,61.0,2.0,33.4
11509370,2006,upstream,103.0,55.0,3.0,34.48285714285715
11509370,2007,upstream,124.0,60.0,0.0,33.17142857142857
11509370,2008,upstream,107.0,60.0,0.0,33.598571428571425
11509370,2009,upstream,131.0,48.0,7.0,34.47857142857143
11509370,2010,upstream,97.0,49.0,0.0,31.71285714285714
11509370,2011,upstream,107.0,51.0,0.0,31.045714285714286
11509370,2012,upstream,120.0,49.0,0.0,34.37
11509370,2013,upstream,118.0,63.0,3.0,34.4
11509370,2014,upstream,121.0,56.0,6.0,34.294285714285714
11509370,2015,upstream,115.0,75.0,7.0,34.98142857142857
11509370,2016,upstream,110.0,63.0,1.0,34.27857142857143
11509370,2017,upstream,112.0,83.0,5.0,35.50142857142857
11509370,2018,upstream,119.0,49.0,0.0,33.784285714285716
11509370,2019,upstream,116.0,68.0,1.0,31.692857142857147
11509370,2020,upstream,122.0,67.0,0.0,34.51142857142857
11509370,2021,upstream,122.0,67.0,9.0,35.83857142857143
11509370,2022,upstream,114.0,77.0,11.0,37.714285714285715
11509370,2023,upstream,130.0,72.0,7.0,33.348571428571425
11509370,2024,upstream,126.0,63.0,5.0,36.597142857142856
12056500,1990,reference,51.0,37.0,14.0,27.41857142857143
12056500,1991,reference,,,,26.131428571428575
12056500,1992,reference,,,,27.921428571428574
12056500,1993,reference,0.0,0.0,0.0,27.208571428571428
12056500,1994,reference,0.0,0.0,0.0,27.917142857142856
12056500,1995,reference,0.0,0.0,0.0,27.601428571428574
12056500,1996,reference,,,,28.34142857142857
12056500,2000,reference,0.0,0.0,0.0,24.818571428571428
12056500,2001,reference,0.0,0.0,0.0,26.28142857142857
12056500,2002,reference,0.0,0.0,0.0,26.48
12056500,2003,reference,0.0,0.0,0.0,27.184285714285714
12056500,2004,reference,0.0,0.0,0.0,28.262857142857143
12056500,2005,reference,0.0,0.0,0.0,26.240000000000002
12056500,2006,reference,,,,29.928571428571423
12056500,2012,reference,0.0,0.0,0.0,27.735714285714288
12056500,2013,reference,0.0,0.0,0.0,25.648571428571426
12056500,2014,reference,0.0,0.0,0.0,27.865714285714287
12056500,2015,reference,,,,29.824285714285715
12056500,2016,reference,0.0,0.0,0.0,27.965714285714284
12056500,2017,reference,,,,29.24857142857143
12056500,2018,reference,0.0,0.0,0.0,28.145714285714284
12056500,2019,reference,0.0,0.0,0.0,25.17285714285714
12056500,2020,reference,0.0,0.0,0.0,27.121428571428574
12056500,2021,reference,0.0,0.0,0.0,31.362857142857145
12056500,2022,reference,0.0,0.0,0.0,30.93571428571429
12056500,2023,reference,0.0,0.0,0.0,29.995714285714286
12056500,2024,reference,0.0,0.0,0.0,30.447142857142858
12098700,2010,upstream,,,,30.361428571428572
12098700,2011,upstream,0.0,0.0,0.0,28.705714285714286
12098700,2012,upstream,0.0,0.0,0.0,30.821428571428573
12098700,2013,upstream,0.0,0.0,0.0,29.011428571428574
12098700,2014,upstream,,,,30.487142857142857
12098700,2015,upstream,,,,32.92142857142857
12098700,2016,upstream,0.0,0.0,0.0,30.247142857142858
12098700,2017,upstream,0.0,0.0,0.0,32.72428571428571
12098700,2018,upstream,,,,32.53285714285715
12098700,2019,upstream,0.0,0.0,0.0,28.684285714285718
12098700,2020,upstream,0.0,0.0,0.0,30.447142857142858
12098700,2021,upstream,4.0,0.0,0.0,34.098571428571425
12098700,2022,upstream,,,,35.01
12098700,2023,upstream,,,,33.01285714285715
12098700,2024,upstream,,,,32.95428571428572
12100490,2010,tailwater,,,,30.321428571428573
12100490,2011,tailwater,2.0,0.0,0.0,28.09857142857143
12100490,2012,tailwater,10.0,0.0,0.0,30.064285714285713
12100490,2013,tailwater,23.0,0.0,0.0,28.887142857142855
12100490,2014,tailwater,29.0,0.0,0.0,30.129999999999995
12100490,2015,tailwater,57.0,9.0,0.0,32.25142857142857
12100490,2016,tailwater,30.0,0.0,0.0,29.98714285714286
12100490,2017,tailwater,29.0,0.0,0.0,31.22714285714286
12100490,2018,tailwater,29.0,0.0,0.0,32.214285714285715
12100490,2019,tailwater,32.0,0.0,0.0,28.41
12100490,2020,tailwater,24.0,0.0,0.0,29.851428571428567
12100490,2021,tailwater,31.0,0.0,0.0,33.86714285714286
12100490,2022,tailwater,33.0,0.0,0.0,33.93857142857143
12100490,2023,tailwater,,,,32.067142857142855
12100490,2024,tailwater,40.0,0.0,0.0,32.72714285714285
12101100,2010,tailwater,,,,30.284285714285716
12101100,2011,tailwater,0.0,0.0,0.0,28.065714285714286
12101100,2012,tailwater,0.0,0.0,0.0,30.017142857142858
12101100,2013,tailwater,2.0,0.0,0.0,28.915714285714284
12101100,2014,tailwater,45.0,17.0,4.0,30.118571428571432
12101100,2015,tailwater,43.0,22.0,0.0,32.26714285714286
12101100,2016,tailwater,41.0,7.0,0.0,29.99
12101100,2017,tailwater,3.0,1.0,0.0,31.291428571428572
12101100,2018,tailwater,0.0,0.0,0.0,32.21714285714285
12101100,2019,tailwater,0.0,0.0,0.0,28.467142857142857
12101100,2020,tailwater,0.0,0.0,0.0,29.87857142857143
12101100,2021,tailwater,0.0,0.0,0.0,33.80714285714286
12101100,2022,tailwater,,,,33.96
12101100,2023,tailwater,0.0,0.0,0.0,32.03714285714286
12101100,2024,tailwater,0.0,0.0,0.0,32.72428571428571
12101102,2016,tailwater,,,,30.29285714285714
12101102,2017,tailwater,33.0,0.0,0.0,31.51285714285714
12101102,2018,tailwater,37.0,0.0,0.0,32.57
12101102,2019,tailwater,40.0,0.0,0.0,28.778571428571432
12101102,2020,tailwater,33.0,0.0,0.0,30.12857142857143
12101102,2021,tailwater,35.0,0.0,0.0,34.04285714285714
12101102,2022,tailwater,36.0,0.0,0.0,34.19285714285714
12101102,2023,tailwater,59.0,2.0,0.0,32.28285714285715
12101102,2024,tailwater,47.0,0.0,0.0,33.028571428571425
12115000,1998,reference,0.0,0.0,0.0,28.075714285714287
12115000,1999,reference,,,,24.419999999999998
12115000,2000,reference,0.0,0.0,0.0,24.014285714285712
12115000,2001,reference,0.0,0.0,0.0,26.359999999999996
12115000,2002,reference,0.0,0.0,0.0,24.905714285714286
12115000,2003,reference,0.0,0.0,0.0,26.875714285714285
12115000,2004,reference,0.0,0.0,0.0,28.15142857142857
12115000,2005,reference,0.0,0.0,0.0,25.382857142857144
12115000,2006,reference,0.0,0.0,0.0,28.875714285714285
12115000,2007,reference,0.0,0.0,0.0,25.364285714285717
12115000,2008,reference,0.0,0.0,0.0,25.54
12115000,2009,reference,0.0,0.0,0.0,30.25714285714286
12115000,2010,reference,0.0,0.0,0.0,25.927142857142858
12115000,2011,reference,,,,26.139999999999997
12115000,2013,reference,0.0,0.0,0.0,24.785714285714285
12115000,2014,reference,0.0,0.0,0.0,26.562857142857144
12115000,2015,reference,0.0,0.0,0.0,28.081428571428575
12115000,2016,reference,0.0,0.0,0.0,24.99571428571429
12115000,2017,reference,0.0,0.0,0.0,28.194285714285712
12115000,2018,reference,0.0,0.0,0.0,27.46
12115000,2019,reference,0.0,0.0,0.0,23.585714285714285
12115000,2020,reference,0.0,0.0,0.0,26.599999999999998
12115000,2021,reference,0.0,0.0,0.0,30.759999999999998
12115000,2022,reference,,,,30.668571428571425
12115000,2023,reference,0.0,0.0,0.0,27.891428571428573
12115000,2024,reference,0.0,0.0,0.0,28.03
12137290,2010,reference,0.0,0.0,0.0,28.321428571428573
12137290,2011,reference,0.0,0.0,0.0,27.25857142857143
12137290,2012,reference,,,,28.705714285714286
12137290,2013,reference,0.0,0.0,0.0,26.36428571428571
12137290,2014,reference,0.0,0.0,0.0,28.797142857142855
12137290,2015,reference,10.0,0.0,0.0,30.592857142857145
12137290,2016,reference,0.0,0.0,0.0,27.601428571428574
12137290,2017,reference,0.0,0.0,0.0,29.351428571428574
12137290,2018,reference,0.0,0.0,0.0,29.764285714285716
12137290,2019,reference,0.0,0.0,0.0,26.400000000000002
12137290,2020,reference,0.0,0.0,0.0,28.47714285714286
12137290,2021,reference,0.0,0.0,0.0,32.82285714285714
12137290,2022,reference,0.0,0.0,0.0,32.56142857142857
12137290,2023,reference,0.0,0.0,0.0,30.065714285714286
12137290,2024,reference,0.0,0.0,0.0,30.259999999999998
12147470,2016,upstream,0.0,0.0,0.0,27.972857142857144
12147470,2017,upstream,0.0,0.0,0.0,29.73142857142857
12147470,2018,upstream,0.0,0.0,0.0,30.080000000000002
12147470,2019,upstream,0.0,0.0,0.0,26.374285714285715
12147470,2020,upstream,0.0,0.0,0.0,28.642857142857142
12147470,2021,upstream,0.0,0.0,0.0,32.80714285714286
12147470,2022,upstream,0.0,0.0,0.0,32.762857142857136
12147470,2023,upstream,0.0,0.0,0.0,30.685714285714283
12147470,2024,upstream,0.0,0.0,0.0,30.91
12147500,1995,reference,,,,27.970000000000002
12147500,1996,reference,0.0,0.0,0.0,30.13
12147500,1997,reference,,,,28.01571428571429
12147500,1999,reference,,,,25.467142857142854
12147500,2000,reference,0.0,0.0,0.0,26.43285714285714
12147500,2001,reference,,,,27.889999999999997
12147500,2002,reference,0.0,0.0,0.0,27.295714285714286
12147500,2003,reference,0.0,0.0,0.0,29.00857142857143
12147500,2004,reference,0.0,0.0,0.0,29.735714285714288
12147500,2005,reference,0.0,0.0,0.0,27.721428571428568
12147500,2006,reference,0.0,0.0,0.0,30.87285714285714
12147500,2007,reference,0.0,0.0,0.0,28.114285714285717
12147500,2008,reference,0.0,0.0,0.0,27.552857142857142
12147500,2009,reference,0.0,0.0,0.0,33.104285714285716
12147500,2010,reference,0.0,0.0,0.0,28.632857142857144
12147500,2011,reference,0.0,0.0,0.0,27.35
12147500,2012,reference,,,,28.74857142857143
12147500,2013,reference,0.0,0.0,0.0,26.897142857142853
12147500,2014,reference,0.0,0.0,0.0,28.887142857142855
12147500,2015,reference,0.0,0.0,0.0,31.015714285714285
12147500,2016,reference,0.0,0.0,0.0,28.24142857142857
12147500,2017,reference,0.0,0.0,0.0,29.824285714285715
12147500,2018,reference,0.0,0.0,0.0,30.28142857142857
12147500,2019,reference,0.0,0.0,0.0,26.564285714285713
12147500,2020,reference,0.0,0.0,0.0,28.737142857142857
12147500,2021,reference,0.0,0.0,0.0,32.925714285714285
12147500,2022,reference,0.0,0.0,0.0,32.88285714285714
12147500,2023,reference,0.0,0.0,0.0,30.881428571428575
12147500,2024,reference,0.0,0.0,0.0,31.08857142857143
12147600,1995,reference,,,,26.951428571428572
12147600,1997,reference,0.0,0.0,0.0,26.575714285714287
12147600,1998,reference,2.0,0.0,0.0,29.67142857142857
12147600,1999,reference,0.0,0.0,0.0,24.919999999999998
12147600,2000,reference,0.0,0.0,0.0,25.531428571428574
12147600,2001,reference,0.0,0.0,0.0,27.502857142857145
12147600,2002,reference,0.0,0.0,0.0,26.412857142857142
12147600,2003,reference,0.0,0.0,0.0,28.107142857142858
12147600,2004,reference,0.0,0.0,0.0,29.26285714285714
12147600,2005,reference,0.0,0.0,0.0,26.87
12147600,2006,reference,0.0,0.0,0.0,30.214285714285715
12147600,2007,reference,,,,27.284285714285716
12147600,2008,reference,0.0,0.0,0.0,26.98
12147600,2009,reference,,,,31.978571428571428
12147600,2010,reference,0.0,0.0,0.0,27.42428571428572
12147600,2011,reference,0.0,0.0,0.0,26.93285714285714
12147600,2012,reference,0.0,0.0,0.0,28.048571428571428
12147600,2013,reference,0.0,0.0,0.0,25.99142857142857
12147600,2014,reference,0.0,0.0,0.0,27.949999999999996
12147600,2015,reference,9.0,0.0,0.0,30.119999999999997
12147600,2016,reference,0.0,0.0,0.0,26.87142857142857
12147600,2017,reference,0.0,0.0,0.0,29.282857142857146
12147600,2018,reference,0.0,0.0,0.0,29.21
12147600,2019,reference,0.0,0.0,0.0,25.59857142857143
12147600,2020,reference,,,,28.181428571428572
12147600,2021,reference,0.0,0.0,0.0,32.145714285714284
12147600,2022,reference,0.0,0.0,0.0,32.13
12147600,2023,reference,0.0,0.0,0.0,29.822857142857142
12147600,2024,reference,0.0,0.0,0.0,30.194285714285716
12179900,2017,reference,0.0,0.0,0.0,30.99
12179900,2018,reference,0.0,0.0,0.0,32.93142857142857
12179900,2019,reference,,,,29.63714285714286
12179900,2020,reference,0.0,0.0,0.0,31.292857142857144
12179900,2021,reference,0.0,0.0,0.0,35.83571428571428
12179900,2022,reference,0.0,0.0,0.0,35.19285714285714
12179900,2023,reference,0.0,0.0,0.0,32.86571428571428
12179900,2024,reference,0.0,0.0,0.0,32.40428571428571
12181000,1986,tailwater,,,,31.109999999999996
12181000,1987,tailwater,0.0,0.0,0.0,31.065714285714282
12181000,1988,tailwater,0.0,0.0,0.0,31.077142857142857
12181000,1989,tailwater,0.0,0.0,0.0,28.521428571428572
12181000,1990,tailwater,0.0,0.0,0.0,32.43
12181000,1991,tailwater,0.0,0.0,0.0,31.40142857142857
12181000,1994,tailwater,0.0,0.0,0.0,33.49571428571429
12181000,1995,tailwater,,,,31.770000000000003
12181000,1996,tailwater,0.0,0.0,0.0,32.82
12181000,1997,tailwater,0.0,0.0,0.0,30.95714285714286
12181000,1998,tailwater,0.0,0.0,0.0,32.74571428571429
12181000,1999,tailwater,,,,28.018571428571427
12181000,2002,tailwater,0.0,0.0,0.0,29.851428571428567
12181000,2003,tailwater,0.0,0.0,0.0,31.78714285714286
12181000,2004,tailwater,0.0,0.0,0.0,32.93571428571429
12181000,2005,tailwater,0.0,0.0,0.0,29.867142857142856
12181000,2006,tailwater,0.0,0.0,0.0,32.862857142857145
12181000,2007,tailwater,0.0,0.0,0.0,30.86285714285714
12181000,2008,tailwater,0.0,0.0,0.0,31.204285714285714
12181000,2009,tailwater,0.0,0.0,0.0,34.57857142857143
12181000,2010,tailwater,0.0,0.0,0.0,32.518571428571434
12181000,2011,tailwater,0.0,0.0,0.0,30.708571428571428
12181000,2012,tailwater,0.0,0.0,0.0,31.974285714285713
12181000,2013,tailwater,0.0,0.0,0.0,29.518571428571427
12181000,2014,tailwater,0.0,0.0,0.0,31.34714285714286
12181000,2015,tailwater,0.0,0.0,0.0,33.97
12181000,2016,tailwater,0.0,0.0,0.0,31.52857142857143
12181000,2017,tailwater,0.0,0.0,0.0,31.454285714285714
12181000,2018,tailwater,0.0,0.0,0.0,33.31142857142857
12181000,2019,tailwater,0.0,0.0,0.0,30.102857142857143
12181000,2020,tailwater,0.0,0.0,0.0,31.678571428571427
12181000,2021,tailwater,0.0,0.0,0.0,36.137142857142855
12181000,2022,tailwater,0.0,0.0,0.0,35.70285714285715
12181000,2023,tailwater,0.0,0.0,0.0,33.49714285714286
12181000,2024,tailwater,0.0,0.0,0.0,32.89714285714286
12182500,2017,reference,0.0,0.0,0.0,31.451428571428572
12182500,2018,reference,0.0,0.0,0.0,33.31
12182500,2019,reference,0.0,0.0,0.0,30.09142857142857
12182500,2020,reference,0.0,0.0,0.0,31.7
12182500,2021,reference,0.0,0.0,0.0,36.13857142857143
12182500,2022,reference,0.0,0.0,0.0,35.71857142857143
12182500,2023,reference,0.0,0.0,0.0,33.50714285714286
12182500,2024,reference,0.0,0.0,0.0,32.91285714285714
12186000,2017,reference,7.0,0.0,0.0,30.68857142857143
12186000,2018,reference,5.0,0.0,0.0,31.752857142857142
12186000,2019,reference,20.0,0.0,0.0,28.61714285714286
12186000,2020,reference,1.0,0.0,0.0,30.722857142857144
12186000,2021,reference,12.0,0.0,0.0,34.66285714285714
12186000,2022,reference,2.0,0.0,0.0,34.61142857142857
12186000,2023,reference,25.0,0.0,0.0,32.09571428571429
12186000,2024,reference,11.0,0.0,0.0,32.01285714285714
12209490,2008,reference,,,,27.157142857142855
12209490,2009,reference,6.0,0.0,0.0,31.564285714285717
12209490,2010,reference,0.0,0.0,0.0,28.794285714285714
12209490,2011,reference,0.0,0.0,0.0,27.142857142857142
12209490,2012,reference,0.0,0.0,0.0,28.074285714285715
12209490,2013,reference,,,,26.177142857142854
12209490,2014,reference,0.0,0.0,0.0,28.244285714285716
12209490,2015,reference,14.0,0.0,0.0,29.602857142857143
12209490,2016,reference,0.0,0.0,0.0,28.13714285714286
12209490,2017,reference,0.0,0.0,0.0,28.2
12209490,2018,reference,1.0,0.0,0.0,29.608571428571427
12209490,2019,reference,0.0,0.0,0.0,26.58857142857143
12209490,2020,reference,0.0,0.0,0.0,27.58857142857143
12209490,2021,reference,0.0,0.0,0.0,31.765714285714285
12209490,2022,reference,0.0,0.0,0.0,31.44142857142857
12209490,2023,reference,4.0,0.0,0.0,29.584285714285716
12209490,2024,reference,0.0,0.0,0.0,29.282857142857143
12210000,2009,reference,46.0,9.0,0.0,31.66142857142857
12210000,2010,reference,25.0,0.0,0.0,28.99142857142857
12210000,2011,reference,0.0,0.0,0.0,27.214285714285715
12210000,2012,reference,13.0,0.0,0.0,28.224285714285713
12210000,2013,reference,38.0,0.0,0.0,26.33285714285714
12210000,2014,reference,40.0,0.0,0.0,28.35571428571429
12210000,2015,reference,80.0,19.0,0.0,29.75142857142857
12210000,2016,reference,40.0,1.0,0.0,28.342857142857145
12210000,2018,reference,40.0,4.0,0.0,29.752857142857142
12210000,2019,reference,53.0,0.0,0.0,26.810000000000002
12210000,2020,reference,24.0,0.0,0.0,27.66428571428571
12210000,2021,reference,41.0,1.0,0.0,31.817142857142862
12210000,2022,reference,49.0,5.0,0.0,31.54
12210000,2023,reference,63.0,7.0,0.0,29.744285714285713
12210000,2024,reference,49.0,0.0,0.0,29.425714285714285
12210700,1996,reference,,,,29.352857142857143
12210700,1997,reference,0.0,0.0,0.0,28.515714285714285
12210700,1998,reference,,,,29.034285714285712
12210700,2008,reference,,,,27.777142857142856
12210700,2009,reference,13.0,0.0,0.0,31.732857142857142
12210700,2010,reference,0.0,0.0,0.0,29.35857142857143
12210700,2011,reference,0.0,0.0,0.0,27.517142857142854
12210700,2012,reference,0.0,0.0,0.0,28.388571428571428
12210700,2013,reference,0.0,0.0,0.0,26.50857142857143
12210700,2014,reference,4.0,0.0,0.0,28.54
12210700,2015,reference,42.0,0.0,0.0,30.15142857142857
12210700,2016,reference,22.0,0.0,0.0,28.990000000000002
12210700,2017,reference,5.0,0.0,0.0,28.964285714285715
12210700,2018,reference,17.0,0.0,0.0,30.312857142857144
12210700,2019,reference,15.0,0.0,0.0,27.045714285714286
12210700,2020,reference,9.0,0.0,0.0,27.79
12210700,2021,reference,7.0,0.0,0.0,32.55
12210700,2022,reference,,,,31.695714285714285
12210700,2023,reference,20.0,0.0,0.0,29.83857142857143
12210700,2024,reference,28.0,0.0,0.0,29.36285714285714
12413360,2000,reference,,,,30.975714285714286
12413360,2001,reference,0.0,0.0,0.0,31.601428571428574
12413360,2002,reference,,,,32.98571428571428
12413360,2003,reference,0.0,0.0,0.0,33.68714285714286
12413360,2004,reference,0.0,0.0,0.0,32.70428571428572
12413360,2005,reference,0.0,0.0,0.0,31.368571428571425
12413360,2006,reference,0.0,0.0,0.0,34.07857142857143
12413360,2007,reference,0.0,0.0,0.0,33.71714285714286
12413360,2008,reference,0.0,0.0,0.0,32.08714285714286
12413360,2009,reference,0.0,0.0,0.0,31.631428571428575
12413360,2010,reference,0.0,0.0,0.0,29.71142857142857
12413360,2011,reference,0.0,0.0,0.0,30.81714285714286
12413360,2012,reference,0.0,0.0,0.0,32.470000000000006
12413360,2013,reference,,,,31.89428571428571
12447390,2011,reference,,,,28.32
12447390,2012,reference,0.0,0.0,0.0,28.185714285714287
12447390,2013,reference,,,,28.41142857142857
12447390,2014,reference,,,,29.62857142857143
12447390,2015,reference,3.0,0.0,0.0,28.86428571428571
12447390,2016,reference,0.0,0.0,0.0,26.937142857142856
12447390,2017,reference,0.0,0.0,0.0,28.502857142857145
12447390,2018,reference,0.0,0.0,0.0,28.32714285714286
12447390,2019,reference,0.0,0.0,0.0,26.375714285714285
12447390,2020,reference,0.0,0.0,0.0,28.457142857142856
12447390,2021,reference,3.0,0.0,0.0,32.17714285714286
12447390,2022,reference,,,,30.30142857142857
12447390,2023,reference,0.0,0.0,0.0,28.361428571428572
12447390,2024,reference,0.0,0.0,0.0,29.557142857142853
13018300,2012,reference,,,,28.525714285714287
13018300,2013,reference,0.0,0.0,0.0,29.385714285714283
13018300,2014,reference,0.0,0.0,0.0,27.72142857142857
13018300,2015,reference,0.0,0.0,0.0,29.077142857142857
13018300,2016,reference,0.0,0.0,0.0,28.56142857142857
13018300,2017,reference,0.0,0.0,0.0,28.525714285714287
13018300,2018,reference,0.0,0.0,0.0,29.132857142857144
13018300,2019,reference,0.0,0.0,0.0,27.645714285714288
13018300,2020,reference,0.0,0.0,0.0,29.324285714285715
13018300,2021,reference,0.0,0.0,0.0,29.572857142857142
13018300,2022,reference,0.0,0.0,0.0,30.192857142857147
13018300,2023,reference,0.0,0.0,0.0,28.63
13018300,2024,reference,0.0,0.0,0.0,29.745714285714286
13211210,2016,upstream,91.0,15.0,0.0,37.660000000000004
13211210,2017,upstream,75.0,12.0,0.0,38.30142857142857
13211210,2018,upstream,86.0,37.0,0.0,37.722857142857144
13211210,2019,upstream,83.0,10.0,0.0,36.137142857142855
13211210,2020,upstream,113.0,30.0,0.0,37.33285714285715
13211210,2021,upstream,119.0,60.0,0.0,39.43571428571429
13211210,2022,upstream,110.0,26.0,0.0,40.120000000000005
13211210,2023,upstream,85.0,36.0,0.0,37.43857142857143
13211210,2024,upstream,95.0,38.0,0.0,39.21142857142858
13331500,1985,reference,,,,34.59142857142857
13331500,2012,reference,61.0,26.0,0.0,35.114285714285714
13331500,2013,reference,72.0,49.0,0.0,34.26285714285714
13331500,2014,reference,66.0,19.0,0.0,35.34571428571429
13331500,2015,reference,86.0,49.0,2.0,37.715714285714284
13331500,2016,reference,61.0,30.0,0.0,35.39
13331500,2017,reference,63.0,34.0,0.0,37.14571428571429
13331500,2018,reference,65.0,39.0,1.0,36.651428571428575
13331500,2019,reference,58.0,32.0,0.0,35.098571428571425
13331500,2020,reference,49.0,19.0,0.0,36.66142857142857
13331500,2021,reference,80.0,45.0,6.0,39.527142857142856
13331500,2022,reference,62.0,33.0,0.0,38.73142857142857
13331500,2023,reference,75.0,43.0,3.0,37.18571428571429
13331500,2024,reference,,,,37.40714285714285
13340000,1994,reference,91.0,53.0,22.0,39.417142857142856
13340000,1995,reference,74.0,27.0,1.0,34.21
13340000,1996,reference,71.0,37.0,0.0,38.325714285714284
13340000,1997,reference,,,,34.635714285714286
13340000,1999,reference,75.0,38.0,4.0,35.917142857142856
13340000,2000,reference,80.0,51.0,22.0,37.105714285714285
13340000,2001,reference,94.0,58.0,11.0,37.61571428571428
13340000,2002,reference,71.0,41.0,0.0,38.074285714285715
13340000,2003,reference,80.0,63.0,17.0,38.480000000000004
13340000,2004,reference,75.0,43.0,18.0,36.762857142857136
13340000,2005,reference,83.0,51.0,19.0,37.394285714285715
13340000,2006,reference,82.0,56.0,11.0,39.31857142857143
13340000,2007,reference,87.0,61.0,25.0,38.09285714285714
13340000,2008,reference,66.0,18.0,0.0,37.478571428571435
13340000,2009,reference,83.0,40.0,0.0,37.74857142857143
13340000,2010,reference,71.0,31.0,0.0,34.70142857142857
13340000,2011,reference,60.0,17.0,0.0,36.69571428571429
13340000,2012,reference,67.0,43.0,0.0,36.58428571428571
13340000,2013,reference,86.0,80.0,13.0,37.27571428571429
13340000,2014,reference,77.0,37.0,0.0,38.30428571428571
13340000,2015,reference,98.0,55.0,17.0,39.52571428571429
13340000,2016,reference,80.0,50.0,9.0,36.33428571428571
13340000,2017,reference,82.0,63.0,7.0,38.067142857142855
13340000,2018,reference,70.0,45.0,1.0,37.65714285714286
13340000,2019,reference,83.0,54.0,6.0,36.39714285714286
13340000,2020,reference,68.0,36.0,1.0,36.832857142857144
13340000,2021,reference,86.0,55.0,7.0,40.94857142857143
13340000,2022,reference,,,,39.62428571428571
13340000,2023,reference,,,,38.202857142857134
13340000,2024,reference,82.0,52.0,7.0,39.230000000000004
13340600,1987,reference,41.0,3.0,0.0,33.17857142857143
13340600,1988,reference,49.0,0.0,0.0,34.47428571428572
13340600,1989,reference,37.0,0.0,0.0,33.528571428571425
13340600,1990,reference,,,,35.864285714285714
13340600,1991,reference,35.0,0.0,0.0,34.15
13340600,1992,reference,54.0,6.0,0.0,35.60142857142857
13340600,1993,reference,18.0,0.0,0.0,31.240000000000002
13340600,1994,reference,53.0,15.0,0.0,37.74857142857143
13340600,1995,reference,26.0,0.0,0.0,31.795714285714286
13340600,1996,reference,31.0,0.0,0.0,35.470000000000006
13340600,1997,reference,11.0,0.0,0.0,33.42
13340600,1998,reference,,,,35.98285714285714
13340600,1999,reference,16.0,0.0,0.0,33.91285714285714
13340600,2000,reference,,,,36.01428571428571
13340600,2001,reference,58.0,0.0,0.0,35.50857142857143
13340600,2002,reference,20.0,0.0,0.0,36.362857142857145
13340600,2003,reference,51.0,0.0,0.0,37.38142857142857
13340600,2004,reference,40.0,0.0,0.0,35.83571428571428
13340600,2005,reference,45.0,0.0,0.0,36.254285714285714
13340600,2006,reference,41.0,3.0,0.0,37.88142857142857
13340600,2007,reference,54.0,19.0,0.0,36.86571428571428
13340600,2008,reference,10.0,0.0,0.0,35.13857142857143
13340600,2009,reference,36.0,0.0,0.0,34.74571428571429
13340600,2010,reference,36.0,0.0,0.0,33.92285714285714
13340600,2011,reference,8.0,0.0,0.0,35.228571428571435
13340600,2012,reference,36.0,0.0,0.0,35.855714285714285
13340600,2013,reference,72.0,0.0,0.0,36.25714285714286
13340600,2014,reference,40.0,0.0,0.0,37.06285714285714
13340600,2015,reference,67.0,10.0,0.0,38.73428571428571
13340600,2016,reference,42.0,2.0,0.0,34.309999999999995
13340600,2017,reference,65.0,2.0,0.0,37.291428571428575
13340600,2018,reference,43.0,0.0,0.0,37.32571428571429
13340600,2019,reference,56.0,2.0,0.0,36.05714285714286
13340600,2020,reference,34.0,0.0,0.0,36.45285714285715
13340600,2021,reference,53.0,2.0,0.0,40.027142857142856
13340600,2022,reference,47.0,4.0,0.0,38.941428571428574
13340600,2023,reference,62.0,2.0,0.0,36.48285714285714
13340600,2024,reference,53.0,7.0,0.0,37.91857142857143
14034470,2009,upstream,,,,36.63
14034470,2010,upstream,62.0,14.0,0.0,32.34285714285714
14034470,2011,upstream,80.0,15.0,0.0,32.712857142857146
14034470,2012,upstream,,,,34.08428571428571
14034470,2013,upstream,,,,35.08428571428571
14034470,2014,upstream,94.0,39.0,1.0,35.597142857142856
14034470,2015,upstream,108.0,30.0,0.0,37.074285714285715
14034470,2016,upstream,80.0,9.0,0.0,33.74142857142857
14034470,2017,upstream,102.0,27.0,0.0,34.69714285714286
14034470,2018,upstream,105.0,41.0,3.0,35.15857142857143
14034470,2019,upstream,88.0,4.0,0.0,32.61285714285714
14034470,2020,upstream,82.0,29.0,0.0,35.005714285714284
14034470,2021,upstream,,,,37.980000000000004
14034470,2022,upstream,,,,38.17
14034470,2023,upstream,,,,34.32
14034470,2024,upstream,85.0,33.0,0.0,36.66571428571428
14046890,2004,reference,85.0,0.0,0.0,36.66142857142857
14046890,2005,reference,,,,36.38857142857143
14046890,2006,reference,89.0,21.0,0.0,39.354285714285716
14046890,2007,reference,98.0,19.0,0.0,37.674285714285716
14046890,2008,reference,19.0,0.0,0.0,37.037142857142854
14046890,2009,reference,95.0,0.0,0.0,40.08571428571428
14046890,2010,reference,21.0,0.0,0.0,34.84428571428571
14046890,2011,reference,20.0,0.0,0.0,34.98142857142857
14046890,2012,reference,54.0,0.0,0.0,36.4
14046890,2013,reference,4.0,0.0,0.0,37.457142857142856
14046890,2014,reference,0.0,0.0,0.0,38.12571428571429
14046890,2015,reference,0.0,0.0,0.0,39.89714285714285
14046890,2016,reference,0.0,0.0,0.0,37.05285714285714
14046890,2017,reference,0.0,0.0,0.0,37.88142857142857
14046890,2018,reference,4.0,0.0,0.0,38.49142857142857
14046890,2019,reference,0.0,0.0,0.0,35.80428571428571
14046890,2020,reference,83.0,3.0,0.0,38.27428571428572
14046890,2021,reference,4.0,0.0,0.0,41.387142857142855
14046890,2022,reference,,,,42.480000000000004
14138870,1985,reference,,,,29.622857142857146
14138870,1986,reference,0.0,0.0,0.0,29.479999999999997
14138870,1987,reference,0.0,0.0,0.0,30.714285714285715
14138870,1988,reference,0.0,0.0,0.0,29.82428571428571
14138870,1989,reference,0.0,0.0,0.0,26.381428571428575
14138870,1990,reference,0.0,0.0,0.0,31.345714285714287
14138870,1991,reference,0.0,0.0,0.0,29.158571428571427
14138870,1992,reference,0.0,0.0,0.0,30.84857142857143
14138870,1993,reference,0.0,0.0,0.0,29.967142857142854
14138870,1994,reference,0.0,0.0,0.0,30.914285714285715
14138870,1995,reference,0.0,0.0,0.0,28.292857142857144
14138870,1996,reference,,,,31.24
14138870,1997,reference,0.0,0.0,0.0,27.65857142857143
14138870,1998,reference,0.0,0.0,0.0,30.451428571428576
14138870,1999,reference,0.0,0.0,0.0,27.572857142857142
14138870,2000,reference,0.0,0.0,0.0,26.88714285714286
14138870,2001,reference,0.0,0.0,0.0,28.958571428571425
14138870,2002,reference,0.0,0.0,0.0,29.092857142857145
14138870,2003,reference,0.0,0.0,0.0,30.66714285714286
14138870,2004,reference,0.0,0.0,0.0,30.382857142857144
14138870,2005,reference,0.0,0.0,0.0,29.094285714285714
14138870,2006,reference,0.0,0.0,0.0,31.735714285714284
14138870,2007,reference,0.0,0.0,0.0,28.462857142857143
14138870,2008,reference,0.0,0.0,0.0,29.63
14138870,2009,reference,0.0,0.0,0.0,32.754285714285714
14138870,2010,reference,0.0,0.0,0.0,28.65857142857143
14138870,2011,reference,0.0,0.0,0.0,29.40142857142857
14138870,2012,reference,0.0,0.0,0.0,30.465714285714284
14138870,2013,reference,0.0,0.0,0.0,27.565714285714286
14138870,2014,reference,0.0,0.0,0.0,28.481428571428573
14138870,2015,reference,0.0,0.0,0.0,30.62857142857143
14138870,2016,reference,0.0,0.0,0.0,28.14714285714286
14138870,2017,reference,0.0,0.0,0.0,31.942857142857143
14138870,2018,reference,0.0,0.0,0.0,30.645714285714284
14138870,2019,reference,0.0,0.0,0.0,26.369999999999997
14138870,2020,reference,0.0,0.0,0.0,29.114285714285717
14138870,2021,reference,0.0,0.0,0.0,32.09142857142857
14138870,2022,reference,0.0,0.0,0.0,33.18714285714286
14138870,2023,reference,0.0,0.0,0.0,31.111428571428572
14138870,2024,reference,0.0,0.0,0.0,31.770000000000003
14138900,1985,reference,0.0,0.0,0.0,30.891428571428573
14138900,1986,reference,,,,30.8
14138900,1987,reference,0.0,0.0,0.0,31.99142857142857
14138900,1988,reference,0.0,0.0,0.0,31.212857142857143
14138900,1989,reference,0.0,0.0,0.0,27.927142857142858
14138900,1990,reference,0.0,0.0,0.0,32.26857142857143
14138900,1991,reference,0.0,0.0,0.0,29.87
14138900,1992,reference,0.0,0.0,0.0,31.984285714285715
14138900,1993,reference,,,,30.945714285714285
14138900,1994,reference,0.0,0.0,0.0,32.44714285714286
14138900,1995,reference,0.0,0.0,0.0,29.795714285714286
14138900,1996,reference,0.0,0.0,0.0,32.527142857142856
14138900,1997,reference,0.0,0.0,0.0,29.157142857142855
14138900,1998,reference,0.0,0.0,0.0,31.368571428571432
14138900,1999,reference,0.0,0.0,0.0,28.997142857142855
14138900,2000,reference,0.0,0.0,0.0,28.552857142857142
14138900,2001,reference,0.0,0.0,0.0,30.23428571428571
14138900,2002,reference,0.0,0.0,0.0,30.514285714285712
14138900,2003,reference,0.0,0.0,0.0,31.83857142857143
14138900,2004,reference,0.0,0.0,0.0,31.134285714285713
14138900,2005,reference,0.0,0.0,0.0,30.201428571428576
14138900,2006,reference,0.0,0.0,0.0,33.308571428571426
14138900,2007,reference,,,,30.382857142857144
14138900,2008,reference,0.0,0.0,0.0,31.46857142857143
14138900,2009,reference,0.0,0.0,0.0,34.24142857142857
14138900,2010,reference,0.0,0.0,0.0,30.392857142857142
14138900,2011,reference,0.0,0.0,0.0,30.375714285714288
14138900,2012,reference,0.0,0.0,0.0,31.775714285714287
14138900,2013,reference,0.0,0.0,0.0,28.96142857142857
14138900,2014,reference,0.0,0.0,0.0,29.377142857142854
14138900,2015,reference,0.0,0.0,0.0,32.075714285714284
14138900,2016,reference,0.0,0.0,0.0,29.792857142857144
14138900,2017,reference,0.0,0.0,0.0,33.35857142857143
14138900,2018,reference,0.0,0.0,0.0,32.362857142857145
14138900,2019,reference,0.0,0.0,0.0,28.011428571428574
14138900,2020,reference,0.0,0.0,0.0,30.43285714285714
14138900,2021,reference,0.0,0.0,0.0,33.644285714285715
14138900,2022,reference,0.0,0.0,0.0,33.88285714285714
14138900,2023,reference,0.0,0.0,0.0,32.887142857142855
14138900,2024,reference,0.0,0.0,0.0,33.137142857142855
14139800,1985,reference,0.0,0.0,0.0,30.437142857142856
14139800,1986,reference,0.0,0.0,0.0,30.315714285714286
14139800,1987,reference,0.0,0.0,0.0,31.447142857142858
14139800,1988,reference,0.0,0.0,0.0,30.747142857142855
14139800,1989,reference,0.0,0.0,0.0,27.52285714285714
14139800,1990,reference,0.0,0.0,0.0,31.917142857142856
14139800,1991,reference,0.0,0.0,0.0,29.580000000000002
14139800,1992,reference,2.0,0.0,0.0,31.681428571428572
14139800,1993,reference,0.0,0.0,0.0,30.777142857142856
14139800,1994,reference,0.0,0.0,0.0,31.98428571428571
14139800,1995,reference,0.0,0.0,0.0,29.482857142857142
14139800,1996,reference,0.0,0.0,0.0,32.09571428571429
14139800,1997,reference,0.0,0.0,0.0,28.761428571428574
14139800,1998,reference,0.0,0.0,0.0,31.08857142857143
14139800,1999,reference,0.0,0.0,0.0,28.407142857142855
14139800,2000,reference,0.0,0.0,0.0,27.708571428571428
14139800,2001,reference,0.0,0.0,0.0,29.424285714285713
14139800,2002,reference,0.0,0.0,0.0,29.904285714285717
14139800,2003,reference,0.0,0.0,0.0,31.181428571428572
14139800,2004,reference,0.0,0.0,0.0,30.83857142857143
14139800,2005,reference,0.0,0.0,0.0,29.509999999999998
14139800,2006,reference,0.0,0.0,0.0,32.54571428571428
14139800,2007,reference,0.0,0.0,0.0,29.404285714285717
14139800,2008,reference,0.0,0.0,0.0,30.622857142857146
14139800,2009,reference,0.0,0.0,0.0,33.65857142857143
14139800,2010,reference,0.0,0.0,0.0,29.75714285714286
14139800,2011,reference,0.0,0.0,0.0,30.109999999999996
14139800,2012,reference,0.0,0.0,0.0,31.325714285714287
14139800,2013,reference,0.0,0.0,0.0,28.277142857142856
14139800,2014,reference,0.0,0.0,0.0,29.062857142857144
14139800,2015,reference,8.0,0.0,0.0,31.527142857142852
14139800,2016,reference,0.0,0.0,0.0,29.291428571428572
14139800,2017,reference,0.0,0.0,0.0,33.0
14139800,2018,reference,0.0,0.0,0.0,31.814285714285717
14139800,2019,reference,0.0,0.0,0.0,27.45
14139800,2020,reference,0.0,0.0,0.0,30.014285714285716
14139800,2021,reference,2.0,0.0,0.0,33.105714285714285
14139800,2022,reference,0.0,0.0,0.0,33.79714285714285
14139800,2023,reference,0.0,0.0,0.0,32.254285714285714
14139800,2024,reference,1.0,0.0,0.0,32.667142857142856
14141500,2006,reference,,,,33.14
14141500,2007,reference,18.0,0.0,0.0,30.155714285714286
14141500,2008,reference,3.0,0.0,0.0,31.43
14141500,2009,reference,,,,34.47428571428571
14141500,2010,reference,20.0,0.0,0.0,30.58857142857143
14141500,2011,reference,0.0,0.0,0.0,30.62714285714286
14141500,2012,reference,9.0,0.0,0.0,31.937142857142856
14141500,2013,reference,21.0,0.0,0.0,28.837142857142855
14141500,2014,reference,26.0,0.0,0.0,29.490000000000002
14141500,2015,reference,47.0,4.0,0.0,32.19571428571429
14141500,2016,reference,18.0,0.0,0.0,30.118571428571432
14141500,2017,reference,26.0,0.0,0.0,33.73428571428571
14141500,2018,reference,33.0,0.0,0.0,32.651428571428575
14141500,2019,reference,11.0,0.0,0.0,28.398571428571426
14141500,2020,reference,13.0,0.0,0.0,30.794285714285714
14141500,2021,reference,46.0,3.0,0.0,33.940000000000005
14141500,2022,reference,19.0,0.0,0.0,34.362857142857145
14141500,2023,reference,33.0,0.0,0.0,33.174285714285716
14141500,2024,reference,23.0,0.0,0.0,33.41428571428571
14144800,1985,reference,14.0,0.0,0.0,33.730000000000004
14144800,1986,reference,,,,33.31
14144800,1987,reference,,,,33.16428571428572
14144800,2010,reference,,,,33.11571428571428
14144800,2011,reference,0.0,0.0,0.0,32.714285714285715
14144800,2012,reference,0.0,0.0,0.0,33.65
14144800,2013,reference,5.0,0.0,0.0,32.480000000000004
14144800,2014,reference,6.0,0.0,0.0,32.0
14144800,2015,reference,,,,33.99
14144800,2016,reference,,,,34.25857142857142
14144800,2017,reference,,,,35.628571428571426
14144800,2018,reference,1.0,0.0,0.0,34.01
14144800,2019,reference,4.0,0.0,0.0,31.201428571428572
14144800,2020,reference,12.0,0.0,0.0,33.03285714285714
14144800,2021,reference,33.0,0.0,0.0,35.46857142857143
14144800,2022,reference,7.0,0.0,0.0,36.74
14144800,2023,reference,9.0,0.0,0.0,34.832857142857144
14144800,2024,reference,6.0,0.0,0.0,37.037142857142854
14144900,2010,reference,,,,32.18714285714286
14144900,2011,reference,0.0,0.0,0.0,31.844285714285718
14144900,2012,reference,0.0,0.0,0.0,32.69714285714286
14144900,2013,reference,7.0,0.0,0.0,31.405714285714286
14144900,2014,reference,10.0,0.0,0.0,30.95
14144900,2015,reference,14.0,0.0,0.0,33.104285714285716
14144900,2016,reference,0.0,0.0,0.0,33.362857142857145
14144900,2017,reference,0.0,0.0,0.0,34.660000000000004
14144900,2018,reference,2.0,0.0,0.0,33.45428571428572
14144900,2019,reference,0.0,0.0,0.0,30.485714285714288
14144900,2020,reference,0.0,0.0,0.0,32.08857142857143
14144900,2021,reference,13.0,0.0,0.0,35.00428571428572
14144900,2022,reference,6.0,0.0,0.0,35.86
14144900,2023,reference,2.0,0.0,0.0,33.91428571428572
14144900,2024,reference,1.0,0.0,0.0,36.19
14145500,1985,upstream,,,,34.6
14145500,1986,upstream,,,,33.85285714285715
14145500,1987,upstream,0.0,0.0,0.0,33.80714285714286
14145500,1988,upstream,0.0,0.0,0.0,34.59428571428571
14145500,1989,upstream,,,,30.54
14145500,1990,upstream,,,,33.684285714285714
14145500,1991,upstream,0.0,0.0,0.0,31.5
14145500,1992,upstream,1.0,0.0,0.0,34.29857142857143
14145500,1993,upstream,0.0,0.0,0.0,32.010000000000005
14145500,1994,upstream,0.0,0.0,0.0,33.51428571428571
14145500,1995,upstream,,,,31.782857142857146
14145500,1996,upstream,0.0,0.0,0.0,35.13428571428572
14145500,1997,upstream,,,,32.90714285714286
14145500,2009,upstream,0.0,0.0,0.0,35.40571428571429
14145500,2010,upstream,0.0,0.0,0.0,32.52571428571429
14145500,2011,upstream,0.0,0.0,0.0,32.04714285714285
14145500,2012,upstream,0.0,0.0,0.0,32.98285714285714
14145500,2013,upstream,0.0,0.0,0.0,32.02142857142857
14145500,2014,upstream,0.0,0.0,0.0,31.488571428571426
14145500,2015,upstream,4.0,0.0,0.0,33.605714285714285
14145500,2016,upstream,1.0,0.0,0.0,33.82142857142858
14145500,2017,upstream,0.0,0.0,0.0,35.11571428571428
14145500,2018,upstream,0.0,0.0,0.0,33.98285714285714
14145500,2019,upstream,1.0,0.0,0.0,30.990000000000002
14145500,2020,upstream,0.0,0.0,0.0,32.56428571428571
14145500,2021,upstream,0.0,0.0,0.0,35.41142857142857
14145500,2022,upstream,0.0,0.0,0.0,36.09285714285714
14145500,2023,upstream,0.0,0.0,0.0,34.46714285714285
14145500,2024,upstream,0.0,0.0,0.0,36.534285714285716
14147500,2010,reference,,,,31.89428571428571
14147500,2011,reference,28.0,0.0,0.0,31.42571428571429
14147500,2012,reference,41.0,0.0,0.0,32.57857142857143
14147500,2013,reference,69.0,0.0,0.0,31.76571428571429
14147500,2014,reference,54.0,1.0,0.0,31.225714285714286
14147500,2015,reference,85.0,13.0,0.0,33.17428571428571
14147500,2016,reference,65.0,3.0,0.0,33.20142857142857
14147500,2017,reference,54.0,0.0,0.0,34.69571428571429
14147500,2018,reference,66.0,12.0,0.0,33.40714285714286
14147500,2019,reference,72.0,5.0,0.0,30.55
14147500,2020,reference,57.0,3.0,0.0,32.14142857142857
14147500,2021,reference,68.0,22.0,0.0,34.84571428571429
14147500,2022,reference,57.0,3.0,0.0,35.652857142857144
14147500,2023,reference,64.0,1.0,0.0,33.98714285714286
14147500,2024,reference,58.0,0.0,0.0,36.12285714285714
14150290,2010,upstream,,,,31.975714285714286
14150290,2011,upstream,34.0,0.0,0.0,31.047142857142855
14150290,2012,upstream,39.0,0.0,0.0,32.69571428571429
14150290,2013,upstream,76.0,2.0,0.0,32.17142857142857
14150290,2014,upstream,61.0,3.0,0.0,31.692857142857143
14150290,2015,upstream,89.0,19.0,0.0,33.49142857142857
14150290,2016,upstream,69.0,7.0,0.0,33.21571428571429
14150290,2017,upstream,82.0,9.0,0.0,34.980000000000004
14150290,2018,upstream,69.0,20.0,0.0,33.22
14150290,2019,upstream,89.0,19.0,0.0,30.59
14150290,2020,upstream,67.0,7.0,0.0,32.19142857142857
14150290,2021,upstream,81.0,48.0,1.0,35.175714285714285
14150290,2022,upstream,66.0,9.0,0.0,35.635714285714286
14150290,2023,upstream,101.0,28.0,0.0,33.862857142857145
14150290,2024,upstream,86.0,34.0,0.0,36.15428571428571
14150800,2009,reference,68.0,10.0,0.0,35.19714285714286
14150800,2010,reference,47.0,0.0,0.0,31.784285714285712
14150800,2011,reference,20.0,0.0,0.0,30.94
14150800,2012,reference,33.0,0.0,0.0,32.565714285714286
14150800,2013,reference,72.0,0.0,0.0,32.08
14150800,2014,reference,57.0,3.0,0.0,31.601428571428567
14150800,2015,reference,74.0,10.0,0.0,33.455714285714286
14150800,2016,reference,53.0,0.0,0.0,33.17285714285714
14150800,2017,reference,70.0,7.0,0.0,34.84571428571429
14150800,2018,reference,53.0,5.0,0.0,33.37428571428571
14150800,2019,reference,81.0,5.0,0.0,30.53857142857143
14150800,2020,reference,56.0,2.0,0.0,32.24142857142857
14150800,2021,reference,71.0,31.0,1.0,34.88428571428572
14150800,2022,reference,62.0,9.0,0.0,35.40857142857143
14150800,2023,reference,75.0,14.0,0.0,34.02428571428571
14150800,2024,reference,69.0,15.0,0.0,36.13285714285714
14152000,1985,tailwater,,,,33.05285714285714
14152000,1986,tailwater,,,,33.18571428571428
14152000,1987,tailwater,,,,33.57
14152000,2001,tailwater,,,,32.244285714285716
14152000,2002,tailwater,,,,34.84428571428571
14152000,2003,tailwater,,,,34.817142857142855
14152000,2004,tailwater,,,,34.47571428571429
14152000,2005,tailwater,,,,33.160000000000004
14152000,2006,tailwater,,,,36.12428571428571
14152000,2007,tailwater,70.0,0.0,0.0,31.274285714285718
14152000,2008,tailwater,0.0,0.0,0.0,32.885714285714286
14152000,2009,tailwater,8.0,0.0,0.0,35.752857142857145
14152000,2010,tailwater,58.0,0.0,0.0,32.18714285714286
14152000,2011,tailwater,5.0,0.0,0.0,31.381428571428575
14152000,2012,tailwater,32.0,0.0,0.0,32.87428571428571
14152000,2013,tailwater,37.0,0.0,0.0,32.58714285714286
14152000,2014,tailwater,46.0,0.0,0.0,32.33857142857143
14152000,2015,tailwater,114.0,15.0,0.0,34.17428571428571
14152000,2016,tailwater,89.0,9.0,0.0,33.621428571428574
14152000,2017,tailwater,31.0,0.0,0.0,35.28857142857142
14152000,2018,tailwater,73.0,0.0,0.0,34.142857142857146
14152000,2019,tailwater,43.0,0.0,0.0,30.845714285714287
14152000,2020,tailwater,30.0,4.0,0.0,32.9
14152000,2021,tailwater,97.0,0.0,0.0,34.924285714285716
14152000,2022,tailwater,22.0,0.0,0.0,35.40857142857143
14152000,2023,tailwater,91.0,0.0,0.0,34.87571428571429
14152000,2024,tailwater,,,,36.787142857142854
14152500,1985,reference,55.0,7.0,0.0,32.17714285714286
14152500,1986,reference,68.0,3.0,0.0,32.67857142857143
14152500,1987,reference,,,,32.887142857142855
14152500,2019,reference,,,,31.114285714285717
14152500,2020,reference,68.0,16.0,0.0,33.269999999999996
14152500,2021,reference,100.0,53.0,3.0,34.53857142857143
14152500,2022,reference,67.0,16.0,0.0,35.30285714285715
14152500,2023,reference,95.0,40.0,2.0,35.544285714285714
14152500,2024,reference,87.0,33.0,0.0,37.18285714285714
14154500,2009,upstream,,,,35.14
14154500,2010,upstream,55.0,13.0,0.0,31.551428571428573
14154500,2011,upstream,49.0,4.0,0.0,31.215714285714284
14154500,2012,upstream,,,,32.40571428571429
14154500,2013,upstream,,,,31.965714285714284
14154500,2014,upstream,,,,31.542857142857144
14154500,2015,upstream,,,,33.39714285714286
14154500,2016,upstream,61.0,12.0,0.0,33.02285714285714
14154500,2017,upstream,89.0,38.0,0.0,34.77571428571429
14154500,2018,upstream,86.0,44.0,0.0,33.62714285714286
14154500,2019,upstream,102.0,64.0,0.0,30.608571428571427
14154500,2020,upstream,69.0,29.0,0.0,32.42285714285715
14154500,2021,upstream,92.0,60.0,6.0,34.004285714285714
14154500,2022,upstream,72.0,36.0,0.0,34.972857142857144
14154500,2023,upstream,103.0,55.0,3.0,34.565714285714286
14154500,2024,upstream,91.0,40.0,1.0,36.33
14158500,2017,reference,,,,32.51571428571429
14158500,2018,reference,0.0,0.0,0.0,31.06142857142857
14158500,2019,reference,0.0,0.0,0.0,28.322857142857146
14158500,2020,reference,0.0,0.0,0.0,30.09
14158500,2021,reference,0.0,0.0,0.0,32.902857142857144
14158500,2022,reference,0.0,0.0,0.0,35.44857142857143
14158500,2023,reference,0.0,0.0,0.0,30.83142857142857
14158500,2024,reference,0.0,0.0,0.0,33.66428571428572
14158790,2017,upstream,,,,33.39714285714286
14158790,2018,upstream,16.0,0.0,0.0,31.66857142857143
14158790,2019,upstream,5.0,0.0,0.0,28.99285714285714
14158790,2020,upstream,1.0,0.0,0.0,30.625714285714285
14158790,2021,upstream,26.0,0.0,0.0,33.75571428571429
14158790,2022,upstream,6.0,0.0,0.0,36.11
14158790,2023,upstream,2.0,0.0,0.0,31.548571428571428
14158790,2024,upstream,8.0,0.0,0.0,34.41285714285714
14158798,2017,upstream,,,,35.028571428571425
14158798,2018,upstream,8.0,0.0,0.0,33.10285714285715
14158798,2019,upstream,2.0,0.0,0.0,30.557142857142857
14158798,2020,upstream,0.0,0.0,0.0,32.005714285714284
14158798,2021,upstream,0.0,0.0,0.0,35.489999999999995
14158798,2022,upstream,0.0,0.0,0.0,37.607142857142854
14158798,2023,upstream,0.0,0.0,0.0,32.895714285714284
14158798,2024,upstream,0.0,0.0,0.0,35.94714285714286
14159200,1985,upstream,,,,32.059999999999995
14159200,1986,upstream,,,,32.57142857142857
14159200,1987,upstream,,,,33.03285714285715
14159200,2001,upstream,0.0,0.0,0.0,32.44428571428572
14159200,2002,upstream,0.0,0.0,0.0,33.910000000000004
14159200,2003,upstream,0.0,0.0,0.0,34.54142857142857
14159200,2004,upstream,0.0,0.0,0.0,33.72428571428571
14159200,2005,upstream,0.0,0.0,0.0,32.15571428571429
14159200,2006,upstream,0.0,0.0,0.0,35.24285714285715
14159200,2007,upstream,0.0,0.0,0.0,30.854285714285712
14159200,2008,upstream,0.0,0.0,0.0,33.53142857142857
14159200,2009,upstream,0.0,0.0,0.0,35.20428571428572
14159200,2010,upstream,0.0,0.0,0.0,32.43857142857143
14159200,2011,upstream,0.0,0.0,0.0,31.775714285714287
14159200,2012,upstream,0.0,0.0,0.0,33.574285714285715
14159200,2013,upstream,0.0,0.0,0.0,32.06285714285714
14159200,2014,upstream,0.0,0.0,0.0,31.857142857142858
14159200,2015,upstream,0.0,0.0,0.0,33.61
14159200,2016,upstream,0.0,0.0,0.0,33.019999999999996
14159200,2017,upstream,0.0,0.0,0.0,35.26571428571429
14159200,2018,upstream,0.0,0.0,0.0,32.410000000000004
14159200,2019,upstream,0.0,0.0,0.0,31.462857142857143
14159200,2020,upstream,0.0,0.0,0.0,32.05285714285714
14159200,2021,upstream,0.0,0.0,0.0,36.02428571428571
14159200,2022,upstream,0.0,0.0,0.0,37.135714285714286
14159200,2023,upstream,0.0,0.0,0.0,33.12285714285714
14159200,2024,upstream,0.0,0.0,0.0,36.15428571428571
14161100,1985,reference,,,,32.902857142857144
14161100,1986,reference,,,,33.51
14161100,1987,reference,,,,33.91
14161100,2009,reference,,,,36.19
14161100,2010,reference,9.0,0.0,0.0,33.59285714285714
14161100,2011,reference,4.0,0.0,0.0,32.66142857142857
14161100,2012,reference,9.0,0.0,0.0,34.612857142857145
14161100,2013,reference,15.0,0.0,0.0,33.245714285714286
14161100,2014,reference,25.0,0.0,0.0,33.0
14161100,2015,reference,53.0,0.0,0.0,34.87571428571429
14161100,2016,reference,19.0,0.0,0.0,34.14714285714286
14161100,2017,reference,19.0,0.0,0.0,36.56285714285714
14161100,2018,reference,34.0,0.0,0.0,33.498571428571424
14161100,2019,reference,50.0,0.0,0.0,32.425714285714285
14161100,2020,reference,17.0,0.0,0.0,33.07285714285714
14161100,2021,reference,57.0,0.0,0.0,37.19571428571429
14161100,2022,reference,23.0,0.0,0.0,38.208571428571425
14161100,2023,reference,22.0,0.0,0.0,34.18
14161100,2024,reference,31.0,0.0,0.0,37.11571428571428
14161500,2012,reference,,,,34.70142857142857
14161500,2013,reference,23.0,0.0,0.0,33.31
14161500,2014,reference,32.0,0.0,0.0,33.07142857142857
14161500,2015,reference,59.0,0.0,0.0,34.958571428571425
14161500,2016,reference,23.0,0.0,0.0,34.23714285714286
14161500,2017,reference,21.0,0.0,0.0,36.645714285714284
14161500,2018,reference,36.0,0.0,0.0,33.54857142857143
14161500,2019,reference,27.0,0.0,0.0,32.565714285714286
14161500,2020,reference,14.0,0.0,0.0,33.15
14161500,2021,reference,56.0,0.0,0.0,37.30571428571428
14161500,2022,reference,8.0,0.0,0.0,38.308571428571426
14161500,2023,reference,15.0,0.0,0.0,34.21857142857143
14161500,2024,reference,31.0,0.0,0.0,37.18571428571429
14164700,2017,tailwater,,,,35.43571428571429
14164700,2018,tailwater,76.0,28.0,0.0,34.28857142857142
14164700,2019,tailwater,98.0,29.0,0.0,30.964285714285715
14164700,2020,tailwater,65.0,8.0,0.0,33.02428571428572
14164700,2021,tailwater,93.0,48.0,0.0,35.15
14164700,2022,tailwater,69.0,12.0,0.0,35.63428571428572
14164700,2023,tailwater,100.0,49.0,0.0,35.042857142857144
14164700,2024,tailwater,80.0,33.0,0.0,36.98142857142857
14179000,1985,upstream,,,,31.608571428571427
14179000,1986,upstream,,,,31.509999999999998
14179000,1987,upstream,,,,31.72142857142857
14179000,1999,upstream,0.0,0.0,0.0,30.13
14179000,2000,upstream,0.0,0.0,0.0,30.635714285714283
14179000,2001,upstream,0.0,0.0,0.0,31.47142857142857
14179000,2002,upstream,0.0,0.0,0.0,32.31428571428571
14179000,2003,upstream,0.0,0.0,0.0,33.701428571428565
14179000,2004,upstream,0.0,0.0,0.0,33.19
14179000,2005,upstream,0.0,0.0,0.0,31.704285714285714
14179000,2006,upstream,0.0,0.0,0.0,34.26428571428571
14179000,2007,upstream,0.0,0.0,0.0,30.641428571428573
14179000,2008,upstream,0.0,0.0,0.0,32.471428571428575
14179000,2009,upstream,0.0,0.0,0.0,35.01571428571428
14179000,2010,upstream,0.0,0.0,0.0,31.04285714285714
14179000,2011,upstream,0.0,0.0,0.0,31.50857142857143
14179000,2012,upstream,0.0,0.0,0.0,32.67142857142857
14179000,2013,upstream,0.0,0.0,0.0,31.28857142857143
14179000,2014,upstream,0.0,0.0,0.0,31.632857142857144
14179000,2015,upstream,0.0,0.0,0.0,33.33428571428571
14179000,2016,upstream,0.0,0.0,0.0,31.58285714285714
14179000,2017,upstream,,,,33.77571428571429
14179000,2018,upstream,0.0,0.0,0.0,32.824285714285715
14179000,2019,upstream,0.0,0.0,0.0,28.87142857142857
14179000,2020,upstream,0.0,0.0,0.0,32.010000000000005
14179000,2021,upstream,2.0,0.0,0.0,34.607142857142854
14179000,2022,upstream,0.0,0.0,0.0,35.824285714285715
14179000,2023,upstream,,,,33.142857142857146
14179000,2024,upstream,0.0,0.0,0.0,34.65714285714286
14180300,1999,reference,25.0,0.0,0.0,30.28857142857143
14180300,2000,reference,28.0,0.0,0.0,30.907142857142862
14180300,2001,reference,42.0,0.0,0.0,31.762857142857143
14180300,2002,reference,45.0,0.0,0.0,32.43714285714285
14180300,2003,reference,65.0,1.0,0.0,33.792857142857144
14180300,2004,reference,37.0,0.0,0.0,33.339999999999996
14180300,2005,reference,38.0,0.0,0.0,31.888571428571428
14180300,2006,reference,43.0,0.0,0.0,34.49285714285714
14180300,2007,reference,53.0,0.0,0.0,30.701428571428572
14180300,2008,reference,5.0,0.0,0.0,32.287142857142854
14180300,2009,reference,39.0,2.0,0.0,34.90857142857143
14180300,2010,reference,16.0,0.0,0.0,30.91142857142857
14180300,2011,reference,3.0,0.0,0.0,31.381428571428568
14180300,2012,reference,11.0,0.0,0.0,32.82857142857143
14180300,2013,reference,60.0,0.0,0.0,31.602857142857147
14180300,2014,reference,36.0,0.0,0.0,31.66142857142857
14180300,2015,reference,57.0,0.0,0.0,33.33
14180300,2016,reference,28.0,0.0,0.0,31.622857142857146
14180300,2017,reference,23.0,0.0,0.0,33.871428571428574
14180300,2018,reference,40.0,0.0,0.0,32.917142857142856
14180300,2019,reference,25.0,0.0,0.0,28.984285714285715
14180300,2020,reference,3.0,0.0,0.0,32.128571428571426
14180300,2021,reference,51.0,0.0,0.0,34.56428571428571
14180300,2022,reference,10.0,0.0,0.0,35.971428571428575
14180300,2023,reference,22.0,0.0,0.0,32.978571428571435
14180300,2024,reference,26.0,0.0,0.0,34.86714285714286
14182500,1985,reference,,,,31.648571428571433
14182500,1986,reference,,,,31.462857142857143
14182500,2000,reference,,,,29.997142857142858
14182500,2001,reference,84.0,32.0,0.0,30.55142857142857
14182500,2002,reference,68.0,37.0,0.0,32.315714285714286
14182500,2003,reference,74.0,51.0,3.0,33.12285714285714
14182500,2004,reference,59.0,41.0,9.0,32.962857142857146
14182500,2005,reference,67.0,39.0,0.0,31.744285714285713
14182500,2006,reference,81.0,50.0,5.0,34.60142857142857
14182500,2007,reference,90.0,42.0,1.0,30.91
14182500,2008,reference,55.0,9.0,1.0,31.908571428571427
14182500,2009,reference,90.0,39.0,9.0,35.20857142857143
14182500,2010,reference,70.0,33.0,0.0,31.71142857142857
14182500,2011,reference,66.0,22.0,0.0,31.08142857142857
14182500,2012,reference,73.0,25.0,0.0,32.09857142857143
14182500,2013,reference,83.0,48.0,0.0,30.881428571428568
14182500,2014,reference,87.0,42.0,0.0,31.445714285714285
14182500,2015,reference,106.0,72.0,18.0,33.71714285714285
14182500,2021,reference,,,,34.714285714285715
14182500,2022,reference,103.0,61.0,10.0,35.252857142857145
14182500,2023,reference,106.0,80.0,30.0,34.480000000000004
14182500,2024,reference,102.0,63.0,23.0,35.41142857142857
14185000,1985,reference,,,,32.504285714285714
14185000,1986,reference,,,,32.33428571428571
14185000,1987,reference,,,,32.84571428571429
14185000,2009,reference,68.0,21.0,1.0,35.56428571428571
14185000,2010,reference,44.0,2.0,0.0,33.25857142857143
14185000,2011,reference,36.0,0.0,0.0,32.08571428571428
14185000,2012,reference,37.0,1.0,0.0,33.81
14185000,2013,reference,71.0,8.0,0.0,33.17857142857143
14185000,2014,reference,59.0,8.0,0.0,32.645714285714284
14185000,2015,reference,87.0,38.0,0.0,34.64142857142857
14185000,2016,reference,61.0,13.0,0.0,34.128571428571426
14185000,2017,reference,75.0,16.0,0.0,36.43571428571428
14185000,2018,reference,70.0,25.0,0.0,34.31857142857143
14185000,2019,reference,80.0,22.0,0.0,31.388571428571428
14185000,2020,reference,56.0,5.0,0.0,32.80285714285714
14185000,2021,reference,83.0,51.0,0.0,36.354285714285716
14185000,2022,reference,47.0,11.0,0.0,36.8
14185000,2023,reference,75.0,29.0,0.0,34.97
14185000,2024,reference,63.0,18.0,0.0,36.962857142857146
14185900,1985,reference,54.0,11.0,0.0,31.57
14185900,1986,reference,78.0,1.0,0.0,31.06857142857143
14185900,1987,reference,,,,31.585714285714285
14185900,2009,reference,72.0,15.0,0.0,34.92285714285715
14185900,2010,reference,48.0,0.0,0.0,31.934285714285718
14185900,2011,reference,45.0,0.0,0.0,31.444285714285712
14185900,2012,reference,41.0,0.0,0.0,32.95428571428572
14185900,2013,reference,74.0,0.0,0.0,31.891428571428573
14185900,2014,reference,57.0,3.0,0.0,31.57
14185900,2015,reference,89.0,24.0,0.0,33.605714285714285
14185900,2016,reference,59.0,5.0,0.0,32.66428571428572
14185900,2017,reference,78.0,6.0,0.0,34.95
14185900,2018,reference,78.0,20.0,0.0,33.52571428571429
14185900,2019,reference,76.0,4.0,0.0,29.715714285714284
14185900,2020,reference,50.0,0.0,0.0,32.00857142857143
14185900,2021,reference,,,,34.76285714285714
14185900,2022,reference,60.0,6.0,0.0,35.73857142857143
14185900,2023,reference,81.0,14.0,0.0,34.03285714285714
14185900,2024,reference,62.0,3.0,0.0,35.69857142857143
14186200,2008,tailwater,,,,32.137142857142855
14186200,2009,tailwater,,,,35.43714285714286
14186200,2010,tailwater,0.0,0.0,0.0,32.94428571428572
14186200,2011,tailwater,0.0,0.0,0.0,31.925714285714285
14186200,2012,tailwater,0.0,0.0,0.0,33.37285714285714
14186200,2013,tailwater,0.0,0.0,0.0,32.63285714285714
14186200,2014,tailwater,0.0,0.0,0.0,32.175714285714285
14186200,2015,tailwater,0.0,0.0,0.0,34.22428571428571
14186200,2016,tailwater,0.0,0.0,0.0,33.66285714285714
14186200,2017,tailwater,0.0,0.0,0.0,35.91428571428572
14186200,2018,tailwater,0.0,0.0,0.0,34.097142857142856
14186200,2019,tailwater,0.0,0.0,0.0,30.717142857142857
14186200,2020,tailwater,0.0,0.0,0.0,32.392857142857146
14186200,2021,tailwater,0.0,0.0,0.0,35.66857142857143
14186200,2022,tailwater,0.0,0.0,0.0,36.11857142857143
14186200,2023,tailwater,4.0,0.0,0.0,34.705714285714286
14186200,2024,tailwater,10.0,0.0,0.0,36.458571428571425
14197900,2002,tailwater,90.0,29.0,0.0,33.38428571428572
14197900,2003,tailwater,98.0,53.0,0.0,33.941428571428574
14197900,2004,tailwater,93.0,43.0,0.0,34.38428571428572
14197900,2005,tailwater,84.0,34.0,0.0,33.01714285714286
14197900,2006,tailwater,85.0,25.0,0.0,36.137142857142855
14197900,2007,tailwater,100.0,24.0,0.0,32.17285714285715
14197900,2008,tailwater,77.0,7.0,0.0,33.402857142857144
14197900,2009,tailwater,99.0,26.0,2.0,37.11857142857143
14197900,2010,tailwater,77.0,11.0,0.0,33.03857142857142
14197900,2011,tailwater,73.0,8.0,0.0,33.058571428571426
14197900,2012,tailwater,,,,34.16857142857143
14197900,2013,tailwater,97.0,33.0,0.0,31.33428571428571
14197900,2014,tailwater,106.0,44.0,0.0,33.364285714285714
14197900,2015,tailwater,119.0,75.0,4.0,35.00285714285714
14197900,2016,tailwater,105.0,45.0,0.0,33.98571428571428
14197900,2017,tailwater,90.0,29.0,0.0,35.70857142857143
14197900,2018,tailwater,,,,34.642857142857146
14197900,2021,tailwater,,,,36.69428571428572
14197900,2022,tailwater,78.0,38.0,0.0,36.70428571428572
14197900,2023,tailwater,104.0,47.0,0.0,36.002857142857145
14197900,2024,tailwater,94.0,30.0,0.0,36.512857142857136
14202980,2002,tailwater,,,,32.05
14202980,2003,tailwater,,,,31.942857142857147
14202980,2004,tailwater,,,,33.034285714285716
14202980,2005,tailwater,2.0,2.0,0.0,31.547142857142855
14202980,2006,tailwater,6.0,1.0,0.0,34.58
14202980,2007,tailwater,10.0,0.0,0.0,31.10571428571429
14202980,2008,tailwater,2.0,0.0,0.0,31.335714285714285
14202980,2009,tailwater,0.0,0.0,0.0,34.69857142857143
14202980,2010,tailwater,0.0,0.0,0.0,31.60571428571428
14202980,2011,tailwater,0.0,0.0,0.0,31.98428571428571
14202980,2012,tailwater,0.0,0.0,0.0,32.74428571428571
14202980,2013,tailwater,0.0,0.0,0.0,29.545714285714286
14202980,2014,tailwater,6.0,0.0,0.0,31.408571428571427
14202980,2015,tailwater,37.0,0.0,0.0,32.607142857142854
14202980,2016,tailwater,22.0,1.0,0.0,31.689999999999998
14202980,2017,tailwater,0.0,0.0,0.0,33.74285714285714
14202980,2018,tailwater,4.0,0.0,0.0,32.32
14202980,2019,tailwater,1.0,0.0,0.0,29.020000000000003
14202980,2020,tailwater,1.0,0.0,0.0,31.854285714285712
14202980,2021,tailwater,30.0,0.0,0.0,34.72857142857143
14202980,2022,tailwater,10.0,0.0,0.0,34.71714285714285
14202980,2023,tailwater,21.0,0.0,0.0,34.24857142857143
14202980,2024,tailwater,2.0,0.0,0.0,34.721428571428575
14316495,1999,reference,,,,32.72428571428571
14316495,2000,reference,,,,33.83714285714286
14316495,2001,reference,42.0,0.0,0.0,34.690000000000005
14316495,2002,reference,37.0,1.0,0.0,36.075714285714284
14316495,2003,reference,66.0,1.0,0.0,36.709999999999994
14316495,2004,reference,39.0,0.0,0.0,35.745714285714286
14316495,2005,reference,48.0,0.0,0.0,34.06857142857143
14316495,2006,reference,58.0,4.0,0.0,36.207142857142856
14316495,2007,reference,60.0,2.0,0.0,32.855714285714285
14316495,2008,reference,27.0,0.0,0.0,35.76142857142857
14316495,2009,reference,48.0,8.0,0.0,36.75857142857143
14316495,2010,reference,47.0,0.0,0.0,34.42142857142857
14316495,2011,reference,,,,33.332857142857144
14316495,2012,reference,49.0,1.0,0.0,34.885714285714286
14316495,2013,reference,75.0,5.0,0.0,34.02571428571429
14316495,2014,reference,65.0,15.0,0.0,34.128571428571426
14316495,2015,reference,86.0,15.0,0.0,35.714285714285715
14316495,2016,reference,,,,35.40428571428571
14316500,2000,upstream,,,,33.96142857142857
14316500,2001,upstream,,,,34.832857142857144
14316500,2002,upstream,,,,36.18285714285714
14316500,2003,upstream,,,,36.81
14316500,2004,upstream,,,,35.85
14316500,2005,upstream,0.0,0.0,0.0,34.17857142857143
14316500,2006,upstream,0.0,0.0,0.0,36.26428571428571
14316500,2007,upstream,0.0,0.0,0.0,32.934285714285714
14316500,2008,upstream,0.0,0.0,0.0,35.895714285714284
14316500,2009,upstream,0.0,0.0,0.0,36.895714285714284
14316500,2010,upstream,0.0,0.0,0.0,34.575714285714284
14316500,2011,upstream,0.0,0.0,0.0,33.44571428571429
14316500,2012,upstream,0.0,0.0,0.0,35.034285714285716
14316500,2013,upstream,0.0,0.0,0.0,34.135714285714286
14316500,2014,upstream,0.0,0.0,0.0,34.30285714285714
14316500,2015,upstream,0.0,0.0,0.0,35.85142857142857
14316500,2016,upstream,0.0,0.0,0.0,35.535714285714285
14316500,2017,upstream,0.0,0.0,0.0,37.21999999999999
14316500,2018,upstream,0.0,0.0,0.0,34.76428571428571
14316500,2019,upstream,0.0,0.0,0.0,32.84428571428571
14316500,2020,upstream,0.0,0.0,0.0,34.5
14316500,2021,upstream,0.0,0.0,0.0,36.68857142857143
14316500,2022,upstream,0.0,0.0,0.0,38.62714285714286
14316500,2023,upstream,0.0,0.0,0.0,36.17857142857143
14316500,2024,upstream,0.0,0.0,0.0,38.607142857142854
14318000,1999,reference,,,,33.04142857142857
14318000,2000,reference,77.0,11.0,0.0,33.50285714285714
14318000,2001,reference,86.0,20.0,0.0,34.160000000000004
14318000,2002,reference,86.0,25.0,0.0,36.21
14318000,2003,reference,90.0,37.0,0.0,36.66714285714285
14318000,2004,reference,75.0,30.0,0.0,35.57857142857143
14318000,2005,reference,68.0,23.0,0.0,34.73142857142857
14318000,2006,reference,74.0,13.0,1.0,37.28857142857142
14318000,2007,reference,84.0,12.0,0.0,33.57714285714285
14318000,2008,reference,64.0,6.0,0.0,35.395714285714284
14318000,2009,reference,96.0,27.0,0.0,37.815714285714286
14318000,2010,reference,56.0,7.0,0.0,34.465714285714284
14318000,2011,reference,50.0,0.0,0.0,34.14714285714286
14318000,2012,reference,48.0,0.0,0.0,35.27142857142858
14318000,2013,reference,90.0,19.0,0.0,35.45
14318000,2014,reference,86.0,34.0,0.0,34.79285714285714
14318000,2015,reference,98.0,42.0,0.0,36.92714285714286
14318000,2016,reference,85.0,18.0,0.0,36.541428571428575
14318000,2017,reference,87.0,21.0,0.0,38.16285714285715
14318000,2018,reference,80.0,26.0,0.0,36.41285714285714
14318000,2019,reference,97.0,28.0,0.0,33.46857142857142
14318000,2020,reference,69.0,10.0,0.0,35.90857142857143
14318000,2021,reference,88.0,52.0,3.0,37.42714285714286
14318000,2022,reference,72.0,14.0,0.0,37.99571428571429
14318000,2023,reference,94.0,44.0,0.0,37.64142857142857
14318000,2024,reference,88.0,26.0,0.0,38.19857142857143
14337800,1985,reference,,,,34.30285714285714
14337800,1986,reference,100.0,58.0,1.0,34.86714285714286
14337800,1987,reference,100.0,43.0,8.0,35.511428571428574
14337800,1988,reference,76.0,42.0,0.0,37.43714285714286
14337800,1989,reference,64.0,20.0,0.0,31.498571428571427
14337800,1990,reference,98.0,47.0,9.0,37.58428571428572
14337800,1991,reference,78.0,33.0,0.0,34.01428571428572
14337800,1992,reference,,,,37.98857142857143
14337800,1993,reference,,,,34.747142857142855
14337800,1994,reference,,,,36.941428571428574
14337800,1995,reference,,,,34.565714285714286
14337800,1996,reference,,,,38.04571428571428
14337800,1997,reference,75.0,29.0,0.0,34.237142857142864
14337800,1998,reference,,,,38.67857142857143
14337870,1985,reference,58.0,0.0,0.0,33.91571428571428
14337870,1986,reference,,,,34.487142857142864
14337870,1987,reference,69.0,7.0,0.0,35.16571428571429
14337870,1988,reference,76.0,7.0,0.0,36.91571428571429
14337870,1989,reference,44.0,0.0,0.0,31.115714285714287
14337870,1990,reference,68.0,23.0,0.0,37.25857142857143
14337870,1991,reference,67.0,2.0,0.0,33.68285714285714
14337870,1992,reference,95.0,38.0,4.0,37.60857142857143
14337870,1993,reference,26.0,0.0,0.0,34.511428571428574
14337870,1994,reference,95.0,37.0,1.0,36.79571428571428
14337870,1995,reference,47.0,0.0,0.0,34.07142857142857
14337870,1996,reference,47.0,2.0,0.0,37.612857142857145
14337870,1997,reference,40.0,0.0,0.0,33.79571428571428
14337870,1998,reference,52.0,0.0,0.0,38.10285714285715
14337870,1999,reference,,,,35.14142857142857
14337870,2000,reference,,,,35.89857142857143
15056210,2004,reference,0.0,0.0,0.0,28.721428571428568
15056210,2005,reference,0.0,0.0,0.0,25.821428571428573
15056210,2006,reference,0.0,0.0,0.0,23.231428571428573
15056210,2007,reference,0.0,0.0,0.0,23.604285714285712
15056210,2008,reference,,,,21.552857142857142
15056210,2013,reference,0.0,0.0,0.0,26.547142857142855
15056210,2014,reference,0.0,0.0,0.0,21.687142857142856
15056210,2015,reference,0.0,0.0,0.0,24.018571428571427
15056210,2016,reference,0.0,0.0,0.0,23.50714285714286
15056210,2017,reference,,,,24.737142857142857
15056210,2018,reference,0.0,0.0,0.0,25.13571428571429
15056210,2019,reference,0.0,0.0,0.0,26.970000000000002
15056210,2020,reference,0.0,0.0,0.0,22.381428571428575
15056210,2021,reference,0.0,0.0,0.0,23.41857142857143
15056210,2022,reference,0.0,0.0,0.0,26.242857142857144
15056210,2023,reference,0.0,0.0,0.0,22.945714285714285
15056210,2024,reference,0.0,0.0,0.0,24.542857142857144
15085100,2004,reference,1.0,0.0,0.0,26.59714285714286
15085100,2005,reference,0.0,0.0,0.0,23.371428571428574
15085100,2006,reference,0.0,0.0,0.0,20.412857142857145
15085100,2007,reference,0.0,0.0,0.0,21.535714285714285
15085100,2008,reference,0.0,0.0,0.0,20.035714285714285
15085100,2009,reference,5.0,0.0,0.0,26.12
15085100,2010,reference,,,,23.334285714285716
15085100,2011,reference,0.0,0.0,0.0,20.982857142857142
15085100,2012,reference,0.0,0.0,0.0,21.174285714285713
15085100,2013,reference,,,,24.57714285714286
15085100,2014,reference,2.0,0.0,0.0,23.625714285714285
15085100,2015,reference,1.0,0.0,0.0,24.608571428571427
15085100,2016,reference,2.0,0.0,0.0,21.37
15085100,2017,reference,0.0,0.0,0.0,23.19857142857143
15085100,2018,reference,22.0,0.0,0.0,24.507142857142856
15085100,2019,reference,,,,21.222857142857144
15129500,2015,reference,3.0,0.0,0.0,21.860000000000003
15129500,2016,reference,7.0,0.0,0.0,21.867142857142856
15129500,2017,reference,0.0,0.0,0.0,19.52285714285714
15129500,2018,reference,2.0,0.0,0.0,21.151428571428568
15129500,2019,reference,11.0,0.0,0.0,22.275714285714283
15129500,2020,reference,3.0,0.0,0.0,19.43
15129500,2021,reference,0.0,0.0,0.0,20.122857142857146
15129500,2022,reference,11.0,0.0,0.0,23.740000000000002
15129500,2023,reference,1.0,0.0,0.0,20.052857142857142
15129500,2024,reference,3.0,0.0,0.0,19.897142857142857
15200280,2014,reference,,,,22.12
15200280,2015,reference,,,,26.020000000000003
15200280,2016,reference,,,,25.869999999999997
15200280,2017,reference,,,,24.964285714285715
15200280,2018,reference,4.0,0.0,0.0,25.775714285714287
15200280,2019,reference,34.0,7.0,0.0,29.325714285714287
15200280,2020,reference,,,,22.634285714285713
15200280,2021,reference,,,,25.288571428571426
15200280,2022,reference,,,,27.50428571428571
15200280,2023,reference,22.0,0.0,0.0,26.635714285714283
15200280,2024,reference,,,,25.802857142857142
15236900,2016,reference,,,,22.034285714285716
15236900,2017,reference,,,,17.295714285714286
15236900,2018,reference,,,,20.04714285714286
15236900,2019,reference,,,,23.485714285714288
15236900,2020,reference,,,,19.648571428571426
15236900,2021,reference,,,,18.97142857142857
15236900,2022,reference,,,,20.28
15236900,2023,reference,,,,18.56857142857143
15266300,1999,reference,0.0,0.0,0.0,22.32428571428571
15266300,2000,reference,0.0,0.0,0.0,21.905714285714286
15266300,2001,reference,,,,23.124285714285715
15266300,2014,reference,,,,21.444285714285712
15266300,2015,reference,0.0,0.0,0.0,25.889999999999997
15266300,2016,reference,0.0,0.0,0.0,24.104285714285712
15266300,2017,reference,0.0,0.0,0.0,20.074285714285715
15266300,2018,reference,0.0,0.0,0.0,23.93
15266300,2019,reference,5.0,0.0,0.0,27.740000000000002
15266300,2020,reference,0.0,0.0,0.0,21.474285714285713
15266300,2021,reference,0.0,0.0,0.0,22.285714285714285
15266300,2022,reference,0.0,0.0,0.0,23.83571428571429
15266300,2023,reference,0.0,0.0,0.0,20.752857142857145
15266300,2024,reference,0.0,0.0,0.0,21.54
15272380,2003,reference,0.0,0.0,0.0,23.167142857142856
15272380,2004,reference,,,,24.744285714285716
15272380,2006,reference,0.0,0.0,0.0,20.81142857142857
15272380,2007,reference,0.0,0.0,0.0,21.244285714285716
15272380,2008,reference,0.0,0.0,0.0,18.33857142857143
15272380,2009,reference,0.0,0.0,0.0,23.41857142857143
15272380,2010,reference,0.0,0.0,0.0,19.59857142857143
15272380,2011,reference,,,,19.66
15283700,2011,reference,0.0,0.0,0.0,21.525714285714283
15283700,2012,reference,,,,21.487142857142857
15283700,2013,reference,0.0,0.0,0.0,25.39428571428571
15283700,2014,reference,0.0,0.0,0.0,21.35571428571429
15283700,2015,reference,0.0,0.0,0.0,26.452857142857145
15283700,2016,reference,0.0,0.0,0.0,24.12857142857143
15283700,2017,reference,0.0,0.0,0.0,21.201428571428572
15283700,2018,reference,0.0,0.0,0.0,24.50714285714286
15283700,2019,reference,0.0,0.0,0.0,28.897142857142857
15283700,2020,reference,0.0,0.0,0.0,21.915714285714284
15283700,2021,reference,0.0,0.0,0.0,22.82
15283700,2022,reference,0.0,0.0,0.0,24.62
15283700,2023,reference,0.0,0.0,0.0,22.009999999999998
15283700,2024,reference,0.0,0.0,0.0,22.857142857142858
15284000,2015,reference,,,,27.157142857142855
15284000,2016,reference,,,,25.087142857142858
15284000,2017,reference,,,,21.955714285714286
15284000,2018,reference,0.0,0.0,0.0,25.535714285714285
15284000,2019,reference,0.0,0.0,0.0,29.684285714285714
15284000,2020,reference,0.0,0.0,0.0,22.720000000000002
15284000,2021,reference,,,,23.638571428571428
15284000,2022,reference,,,,25.572857142857142
15284000,2023,reference,,,,22.56
15284000,2024,reference,,,,23.517142857142858
15290000,2015,reference,,,,25.954285714285714
15290000,2016,reference,0.0,0.0,0.0,23.124285714285712
15290000,2017,reference,0.0,0.0,0.0,20.512857142857143
15290000,2018,reference,,,,23.63
15290000,2019,reference,0.0,0.0,0.0,28.400000000000002
15290000,2020,reference,0.0,0.0,0.0,21.254285714285714
15290000,2021,reference,,,,22.024285714285714
15290000,2022,reference,0.0,0.0,0.0,23.597142857142853
15290000,2023,reference,0.0,0.0,0.0,21.110000000000003
15290000,2024,reference,0.0,0.0,0.0,22.00857142857143
15292700,2012,reference,0.0,0.0,0.0,23.645714285714288
15292700,2013,reference,0.0,0.0,0.0,28.52285714285714
15292700,2014,reference,0.0,0.0,0.0,23.445714285714285
15292700,2015,reference,0.0,0.0,0.0,27.678571428571427
15292700,2016,reference,0.0,0.0,0.0,25.492857142857144
15292700,2017,reference,0.0,0.0,0.0,22.618571428571425
15292700,2018,reference,0.0,0.0,0.0,25.414285714285715
15292700,2019,reference,0.0,0.0,0.0,30.59857142857143
15292700,2020,reference,0.0,0.0,0.0,22.795714285714286
15292700,2021,reference,0.0,0.0,0.0,24.458571428571428
15292700,2022,reference,0.0,0.0,0.0,25.54714285714286
15292700,2023,reference,0.0,0.0,0.0,23.122857142857146
15292700,2024,reference,0.0,0.0,0.0,24.419999999999998
15294005,1985,reference,,,,22.217142857142857
15294005,1986,reference,,,,24.247142857142855
15294005,1987,reference,,,,24.03
15294005,2014,reference,,,,23.844285714285714
15294005,2015,reference,0.0,0.0,0.0,27.91142857142857
15294005,2016,reference,0.0,0.0,0.0,25.511428571428574
15294005,2017,reference,0.0,0.0,0.0,22.395714285714288
15294005,2018,reference,0.0,0.0,0.0,25.908571428571427
15294005,2019,reference,6.0,0.0,0.0,30.952857142857145
15294005,2020,reference,0.0,0.0,0.0,23.371428571428574
15294005,2021,reference,0.0,0.0,0.0,24.53857142857143
15294005,2022,reference,,,,26.101428571428574
15294005,2023,reference,0.0,0.0,0.0,22.988571428571426
15294005,2024,reference,0.0,0.0,0.0,24.23857142857143
15297610,1999,reference,0.0,0.0,0.0,14.997142857142858
15297610,2000,reference,0.0,0.0,0.0,15.824285714285713
15297610,2001,reference,,,,18.701428571428572
15297610,2003,reference,0.0,0.0,0.0,17.544285714285714
15297610,2004,reference,0.0,0.0,0.0,17.14142857142857
15297610,2005,reference,0.0,0.0,0.0,15.945714285714285
15297610,2006,reference,0.0,0.0,0.0,15.634285714285713
15297610,2007,reference,0.0,0.0,0.0,17.90142857142857
15297610,2008,reference,0.0,0.0,0.0,13.794285714285712
15297610,2009,reference,0.0,0.0,0.0,15.204285714285716
15297610,2010,reference,0.0,0.0,0.0,14.457142857142857
15297610,2011,reference,0.0,0.0,0.0,17.012857142857143
15297610,2012,reference,0.0,0.0,0.0,15.535714285714286
15297610,2013,reference,0.0,0.0,0.0,17.235714285714284
15297610,2014,reference,0.0,0.0,0.0,17.875714285714288
15297610,2015,reference,0.0,0.0,0.0,16.19857142857143
15297610,2016,reference,0.0,0.0,0.0,18.117142857142856
15297610,2017,reference,0.0,0.0,0.0,15.700000000000001
15297610,2018,reference,0.0,0.0,0.0,17.252857142857142
15297610,2019,reference,1.0,0.0,0.0,19.54714285714286
15297610,2020,reference,0.0,0.0,0.0,15.605714285714285
15297610,2021,reference,0.0,0.0,0.0,16.11
15297610,2022,reference,0.0,0.0,0.0,15.209999999999999
15297610,2023,reference,0.0,0.0,0.0,15.195714285714285
15297610,2024,reference,0.0,0.0,0.0,16.194285714285716
15300250,2006,reference,,,,24.654285714285713
15300250,2007,reference,0.0,0.0,0.0,23.004285714285714
15300250,2008,reference,0.0,0.0,0.0,20.222857142857144
15300250,2009,reference,,,,25.17142857142857
15300250,2010,reference,0.0,0.0,0.0,19.12857142857143
15300250,2011,reference,0.0,0.0,0.0,18.214285714285715
15300250,2012,reference,0.0,0.0,0.0,20.434285714285714
15300250,2013,reference,0.0,0.0,0.0,27.034285714285716
15300250,2014,reference,0.0,0.0,0.0,22.69142857142857
15300250,2015,reference,0.0,0.0,0.0,27.560000000000002
15300250,2016,reference,,,,24.204285714285714
15300300,2014,reference,0.0,0.0,0.0,22.09714285714286
15300300,2015,reference,0.0,0.0,0.0,26.56857142857143
15300300,2016,reference,0.0,0.0,0.0,23.935714285714287
15300300,2017,reference,0.0,0.0,0.0,21.224285714285713
15300300,2018,reference,0.0,0.0,0.0,23.07428571428571
15300300,2019,reference,0.0,0.0,0.0,28.444285714285716
15300300,2020,reference,0.0,0.0,0.0,22.237142857142857
15300300,2021,reference,,,,22.30428571428572
15300300,2022,reference,0.0,0.0,0.0,23.538571428571426
15300300,2023,reference,0.0,0.0,0.0,21.872857142857146
15300300,2024,reference,0.0,0.0,0.0,23.24857142857143
15302000,2014,reference,,,,21.488571428571426
15302000,2015,reference,7.0,0.0,0.0,26.307142857142857
15302000,2016,reference,11.0,0.0,0.0,23.25857142857143
15302000,2017,reference,3.0,0.0,0.0,20.98857142857143
15302000,2018,reference,0.0,0.0,0.0,20.87
15302000,2019,reference,34.0,0.0,0.0,28.66142857142857
15302000,2020,reference,22.0,0.0,0.0,21.885714285714283
15302000,2021,reference,,,,20.844285714285714
15302000,2022,reference,0.0,0.0,0.0,23.93285714285714
15302000,2023,reference,,,,20.945714285714285
15302000,2024,reference,0.0,0.0,0.0,23.942857142857143
15302200,2006,reference,,,,25.072857142857146
15302200,2007,reference,0.0,0.0,0.0,23.16857142857143
15302200,2008,reference,0.0,0.0,0.0,19.404285714285717
15302200,2009,reference,,,,24.944285714285716
15302200,2010,reference,0.0,0.0,0.0,18.385714285714283
15302200,2011,reference,0.0,0.0,0.0,17.358571428571427
15302200,2012,reference,0.0,0.0,0.0,20.11285714285714
15302200,2013,reference,0.0,0.0,0.0,26.73
15302200,2014,reference,0.0,0.0,0.0,22.189999999999998
15302200,2015,reference,,,,27.24142857142857
15302200,2017,reference,,,,20.584285714285716
15302200,2018,reference,0.0,0.0,0.0,22.022857142857145
15302200,2019,reference,5.0,0.0,0.0,30.282857142857143
15302200,2020,reference,0.0,0.0,0.0,22.16142857142857
15302200,2021,reference,0.0,0.0,0.0,21.958571428571428
15302200,2022,reference,,,,24.138571428571428
15302250,2007,reference,,,,22.897142857142857
15302250,2008,reference,0.0,0.0,0.0,19.92142857142857
15302250,2009,reference,6.0,0.0,0.0,25.224285714285713
15302250,2010,reference,0.0,0.0,0.0,19.205714285714286
15302250,2011,reference,,,,17.744285714285713
15302250,2012,reference,0.0,0.0,0.0,20.77
15302250,2013,reference,7.0,0.0,0.0,27.3
15302250,2014,reference,0.0,0.0,0.0,22.627142857142854
15302250,2015,reference,,,,27.877142857142854
15302250,2018,reference,,,,22.46857142857143
15302250,2019,reference,23.0,3.0,0.0,30.73571428571429
15302250,2020,reference,2.0,0.0,0.0,22.728571428571428
15302250,2021,reference,,,,22.34142857142857
15302250,2022,reference,,,,24.524285714285714
15484000,2015,reference,,,,28.08142857142857
15484000,2016,reference,0.0,0.0,0.0,26.771428571428572
15484000,2017,reference,0.0,0.0,0.0,25.905714285714286
15484000,2018,reference,0.0,0.0,0.0,28.551428571428573
15484000,2019,reference,5.0,0.0,0.0,27.805714285714284
15484000,2020,reference,0.0,0.0,0.0,24.132857142857144
15484000,2021,reference,3.0,0.0,0.0,27.638571428571428
15484000,2022,reference,0.0,0.0,0.0,28.732857142857142
15484000,2023,reference,0.0,0.0,0.0,29.205714285714286
15484000,2024,reference,,,,28.351428571428578
15493000,2014,reference,0.0,0.0,0.0,25.398571428571426
15493000,2015,reference,,,,27.58142857142857
15493000,2016,reference,0.0,0.0,0.0,26.99142857142857
15493000,2017,reference,0.0,0.0,0.0,26.83285714285714
15493000,2018,reference,0.0,0.0,0.0,28.962857142857143
15493000,2019,reference,,,,27.654285714285717
15493000,2020,reference,,,,23.667142857142856
15493000,2021,reference,,,,27.00142857142857
15493000,2022,reference,,,,28.697142857142858
15493000,2023,reference,0.0,0.0,0.0,29.69142857142857
15493000,2024,reference,,,,28.964285714285715
15564879,1998,reference,,,,24.919999999999998
15564879,1999,reference,,,,27.56714285714286
15564879,2000,reference,,,,24.324285714285715
15564879,2002,reference,,,,26.41428571428571
15564879,2005,reference,,,,26.504285714285714
15564879,2006,reference,,,,21.707142857142856
15564879,2007,reference,,,,27.55857142857143
15564879,2008,reference,,,,24.64428571428571
15564879,2009,reference,,,,24.91
15564879,2010,reference,,,,24.164285714285715
15564879,2011,reference,,,,23.90857142857143
15564879,2012,reference,,,,24.220000000000002
15564879,2013,reference,,,,26.449999999999996
15564879,2014,reference,,,,23.642857142857142
15564879,2015,reference,,,,27.267142857142858
15564879,2016,reference,,,,25.482857142857142
15564879,2017,reference,,,,25.262857142857143
15564879,2018,reference,0.0,0.0,0.0,24.937142857142856
15564879,2019,reference,0.0,0.0,0.0,27.367142857142856
15564879,2023,reference,,,,26.797142857142855
15564879,2024,reference,,,,26.618571428571432
15803000,2006,reference,,,,14.315714285714288
15803000,2007,reference,,,,16.068571428571428
15803000,2008,reference,,,,14.092857142857143
15803000,2014,reference,,,,12.345714285714283
15803000,2015,reference,,,,18.671428571428574
15803000,2016,reference,,,,17.928571428571427
15803000,2017,reference,,,,16.942857142857143
15803000,2018,reference,,,,16.12857142857143
15803000,2019,reference,,,,16.791428571428572
15803000,2021,reference,,,,15.228571428571428
16618000,2012,reference,333.0,5.0,0.0,28.534285714285716
16618000,2013,reference,,,,29.115714285714287
16618000,2017,reference,,,,30.03142857142857
16618000,2018,reference,315.0,89.0,0.0,29.601428571428574
16618000,2019,reference,346.0,109.0,0.0,30.560000000000002
16618000,2020,reference,352.0,93.0,0.0,30.43857142857143
16618000,2021,reference,363.0,63.0,0.0,29.345714285714283
16618000,2022,reference,365.0,58.0,0.0,29.622857142857146
16618000,2023,reference,358.0,100.0,0.0,29.007142857142856
16618000,2024,reference,363.0,77.0,0.0,29.208571428571425
402114105350101,2002,reference,,,,29.195714285714285
402114105350101,2012,reference,,,,29.46
402114105350101,2013,reference,,,,26.68142857142857
402114105350101,2014,reference,,,,27.375714285714285
402114105350101,2015,reference,,,,27.048571428571428
402114105350101,2016,reference,,,,27.91
402114105350101,2017,reference,,,,26.77285714285714
402114105350101,2018,reference,,,,27.84714285714286
402114105350101,2019,reference,,,,27.137142857142855
402114105350101,2020,reference,,,,28.164285714285715
402114105350101,2021,reference,,,,28.958571428571428
402114105350101,2022,reference,,,,28.087142857142858
402114105350101,2023,reference,,,,27.68142857142857
402114105350101,2024,reference,,,,29.212857142857143
404417108524900,2002,upstream,,,,38.934285714285714
404417108524900,2003,upstream,87.0,46.0,0.0,38.262857142857136
404417108524900,2004,upstream,106.0,28.0,0.0,34.82
404417108524900,2005,upstream,,,,36.87285714285714
404417108524900,2006,upstream,94.0,40.0,3.0,36.885714285714286
404417108524900,2007,upstream,108.0,56.0,0.0,36.49857142857143
404417108524900,2008,upstream,,,,35.06142857142857
404417108524900,2009,upstream,,,,34.57857142857143
404417108524900,2010,upstream,80.0,6.0,0.0,35.26428571428571
404417108524900,2011,upstream,52.0,0.0,0.0,35.050000000000004
404417108524900,2012,upstream,95.0,8.0,0.0,35.81857142857143
404417108524900,2013,upstream,97.0,20.0,0.0,36.498571428571424
404417108524900,2014,upstream,67.0,1.0,0.0,35.322857142857146
404417108524900,2015,upstream,94.0,8.0,0.0,35.23428571428571
404417108524900,2016,upstream,61.0,0.0,0.0,35.505714285714284
404417108524900,2017,upstream,,,,35.33428571428571
404417108524900,2018,upstream,75.0,0.0,0.0,36.21714285714285
404417108524900,2019,upstream,71.0,2.0,0.0,35.02285714285714
404417108524900,2020,upstream,77.0,5.0,0.0,35.71
404417108524900,2021,upstream,94.0,30.0,0.0,36.355714285714285
404417108524900,2022,upstream,90.0,21.0,0.0,36.36571428571428
404417108524900,2023,upstream,94.0,11.0,0.0,35.45
404417108524900,2024,upstream,97.0,20.0,0.0,36.142857142857146
420741121554001,2003,upstream,,,,34.794285714285714
420741121554001,2004,upstream,,,,33.47857142857143
420741121554001,2005,upstream,,,,33.4
420741121554001,2006,upstream,,,,34.48285714285715
420741121554001,2007,upstream,,,,33.17142857142857
420741121554001,2008,upstream,94.0,23.0,0.0,33.598571428571425
420741121554001,2009,upstream,119.0,23.0,0.0,34.47857142857143
420741121554001,2010,upstream,70.0,23.0,0.0,31.71285714285714
420741121554001,2011,upstream,102.0,20.0,0.0,31.045714285714286
420741121554001,2012,upstream,102.0,29.0,0.0,34.37
420741121554001,2013,upstream,99.0,23.0,0.0,34.4
420741121554001,2014,upstream,108.0,32.0,0.0,34.294285714285714
420741121554001,2015,upstream,96.0,26.0,0.0,34.98142857142857
420741121554001,2016,upstream,88.0,25.0,0.0,34.27857142857143
420741121554001,2017,upstream,110.0,46.0,0.0,35.50142857142857
420741121554001,2018,upstream,110.0,21.0,0.0,33.784285714285716
420741121554001,2019,upstream,111.0,22.0,0.0,31.692857142857147
420741121554001,2020,upstream,103.0,27.0,0.0,34.51142857142857
420741121554001,2021,upstream,103.0,42.0,0.0,35.83857142857143
420741121554001,2022,upstream,90.0,41.0,0.0,37.714285714285715
420741121554001,2023,upstream,126.0,47.0,0.0,33.348571428571425
420741121554001,2024,upstream,101.0,38.0,0.0,36.597142857142856
453004122510301,2001,tailwater,,,,31.93857142857143
453004122510301,2002,tailwater,,,,32.76571428571429
453004122510301,2003,tailwater,,,,33.20142857142857
453004122510301,2004,tailwater,117.0,57.0,1.0,33.97428571428571
453004122510301,2005,tailwater,99.0,39.0,0.0,32.10142857142857
453004122510301,2006,tailwater,112.0,36.0,3.0,35.41857142857143
453004122510301,2007,tailwater,112.0,22.0,0.0,31.84142857142857
453004122510301,2008,tailwater,92.0,22.0,0.0,32.99142857142857
453004122510301,2009,tailwater,116.0,25.0,0.0,36.87
453004122510301,2010,tailwater,78.0,12.0,0.0,32.88428571428572
453004122510301,2011,tailwater,93.0,5.0,0.0,32.66571428571429
453004122510301,2012,tailwater,100.0,20.0,0.0,33.80428571428571
453004122510301,2013,tailwater,116.0,17.0,0.0,30.91714285714286
453004122510301,2014,tailwater,120.0,36.0,0.0,32.46
453004122510301,2015,tailwater,110.0,34.0,0.0,34.59571428571429
453004122510301,2016,tailwater,112.0,14.0,0.0,33.215714285714284
453004122510301,2017,tailwater,119.0,42.0,0.0,35.09285714285714
453004122510301,2018,tailwater,120.0,32.0,0.0,34.47714285714286
453004122510301,2019,tailwater,128.0,21.0,0.0,30.15857142857143
453004122510301,2020,tailwater,112.0,31.0,0.0,33.105714285714285
453004122510301,2021,tailwater,123.0,59.0,5.0,36.534285714285716
453004122510301,2022,tailwater,115.0,61.0,13.0,36.56142857142857
453004122510301,2023,tailwater,141.0,84.0,5.0,35.604285714285716
453004122510301,2024,tailwater,124.0,59.0,5.0,36.02571428571429
453040123065201,2001,tailwater,,,,32.49142857142857
453040123065201,2002,tailwater,,,,33.28714285714286
453040123065201,2003,tailwater,,,,33.62571428571429
453040123065201,2004,tailwater,,,,34.61714285714286
453040123065201,2005,tailwater,,,,33.06142857142857
453040123065201,2006,tailwater,,,,36.04714285714286
453040123065201,2007,tailwater,,,,31.861428571428572
453040123065201,2008,tailwater,84.0,22.0,0.0,32.77
453040123065201,2009,tailwater,85.0,28.0,7.0,36.72571428571428
453040123065201,2010,tailwater,59.0,6.0,0.0,32.70714285714286
453040123065201,2011,tailwater,66.0,1.0,0.0,33.324285714285715
453040123065201,2012,tailwater,68.0,18.0,0.0,33.99142857142858
453040123065201,2013,tailwater,83.0,13.0,0.0,30.638571428571428
453040123065201,2014,tailwater,82.0,29.0,0.0,32.73714285714285
453040123065201,2015,tailwater,103.0,43.0,0.0,34.387142857142855
453040123065201,2016,tailwater,88.0,24.0,0.0,33.348571428571425
453040123065201,2017,tailwater,91.0,30.0,0.0,35.065714285714286
453040123065201,2018,tailwater,86.0,33.0,0.0,34.36142857142857
453040123065201,2019,tailwater,93.0,23.0,0.0,30.094285714285714
453040123065201,2020,tailwater,84.0,22.0,0.0,32.917142857142856
453040123065201,2021,tailwater,92.0,48.0,5.0,36.277142857142856
453040123065201,2022,tailwater,74.0,20.0,0.0,36.56428571428572
453040123065201,2023,tailwater,99.0,31.0,0.0,35.24857142857143
453040123065201,2024,tailwater,84.0,29.0,0.0,35.74285714285715
453113123003501,2001,tailwater,,,,32.34428571428571
453113123003501,2002,tailwater,,,,33.128571428571426
453113123003501,2003,tailwater,,,,33.59428571428571
453113123003501,2004,tailwater,,,,34.45285714285715
453113123003501,2005,tailwater,56.0,0.0,0.0,32.72857142857143
453113123003501,2006,tailwater,69.0,6.0,0.0,35.862857142857145
453113123003501,2007,tailwater,63.0,4.0,0.0,31.99142857142857
453113123003501,2008,tailwater,58.0,5.0,0.0,32.97428571428571
453113123003501,2009,tailwater,63.0,10.0,0.0,37.06714285714286
453113123003501,2010,tailwater,35.0,0.0,0.0,32.99142857142857
453113123003501,2011,tailwater,40.0,0.0,0.0,33.15
453113123003501,2012,tailwater,,,,33.988571428571426
